x	y	top_z	substrate_z	normalized_height	slope1	slope4	slope8	dx4	dy4	substrate	visible
0	0	12	12	1.000000	26.565	7.125	10.620	-0.125	0.000	minecraft:grass_block[snowy=false]	minecraft:grass_block[snowy=false]
1	0	11	11	0.857143	26.565	7.125	7.956	0.000	0.125	minecraft:grass_block[snowy=false]	minecraft:grass_block[snowy=false]
2	0	11	11	0.857143	0.000	10.025	11.180	-0.125	0.125	minecraft:dirt	minecraft:dirt
3	0	11	11	0.857143	0.000	14.036	11.180	-0.250	0.000	minecraft:dirt	minecraft:dirt
4	0	11	11	0.857143	0.000	20.556	14.450	-0.375	0.000	minecraft:dirt	minecraft:dirt
5	0	11	11	0.857143	26.565	14.036	14.036	-0.250	0.000	minecraft:grass_block[snowy=false]	minecraft:grass_block[snowy=false]
6	0	10	10	0.714286	45.000	21.568	11.180	-0.375	0.125	minecraft:dirt	minecraft:dirt
7	0	9	9	0.571429	35.264	24.261	7.956	-0.375	0.250	minecraft:coarse_dirt	minecraft:coarse_dirt
8	0	9	9	0.571429	0.000	27.266	12.699	-0.500	0.125	minecraft:coarse_dirt	minecraft:coarse_dirt
9	0	9	9	0.571429	26.565	27.266	7.956	-0.500	0.125	minecraft:dirt	minecraft:dirt
10	0	9	8	0.428571	26.565	21.568	7.956	-0.375	0.125	minecraft:dirt	minecraft:water[level=2]
11	0	9	8	0.428571	26.565	10.025	5.051	-0.125	0.125	minecraft:dirt	minecraft:water[level=3]
12	0	9	7	0.285714	26.565	7.125	7.956	0.000	0.125	minecraft:dirt	minecraft:water[level=3]
13	0	9	7	0.285714	0.000	0.000	5.051	0.000	0.000	minecraft:dirt	minecraft:water[level=4]
14	0	9	7	0.285714	26.565	14.036	3.576	0.250	0.000	minecraft:dirt	minecraft:water[level=5]
15	0	9	8	0.428571	48.190	19.471	5.051	0.250	-0.250	minecraft:dirt	minecraft:granite_slab[type=bottom, waterlogged=false]
16	0	9	9	0.571429	35.264	24.261	11.180	0.375	-0.250	minecraft:dirt	minecraft:dirt
17	0	9	9	0.571429	26.565	24.261	11.180	0.375	-0.250	minecraft:grass_block[snowy=false]	minecraft:grass_block[snowy=false]
18	0	10	10	0.714286	35.264	24.261	15.616	0.375	-0.250	minecraft:grass_block[snowy=false]	minecraft:grass_block[snowy=false]
19	0	10	10	0.714286	0.000	19.471	12.699	0.250	-0.250	minecraft:grass_block[snowy=false]	minecraft:grass_block[snowy=false]
20	0	11	10	0.714286	0.000	10.025	14.851	0.125	-0.125	minecraft:grass_block[snowy=false]	minecraft:fern
21	0	11	10	0.714286	0.000	10.025	14.851	0.125	-0.125	minecraft:grass_block[snowy=false]	minecraft:short_grass
22	0	10	10	0.714286	0.000	7.125	14.851	0.000	-0.125	minecraft:grass_block[snowy=false]	minecraft:grass_block[snowy=false]
23	0	10	10	0.714286	0.000	7.125	10.025	0.000	-0.125	minecraft:grass_block[snowy=false]	minecraft:grass_block[snowy=false]
24	0	12	10	0.714286	0.000	0.000	7.956	0.000	0.000	minecraft:grass_block[snowy=false]	minecraft:spruce_leaves[distance=7, persistent=true, waterlogged=false]
25	0	11	10	0.714286	0.000	0.000	5.051	0.000	0.000	minecraft:grass_block[snowy=false]	minecraft:short_grass
26	0	11	10	0.714286	0.000	0.000	3.576	0.000	0.000	minecraft:podzol[snowy=false]	minecraft:short_grass
27	0	10	10	0.714286	45.000	0.000	3.576	0.000	0.000	minecraft:coarse_dirt	minecraft:coarse_dirt
28	0	11	10	0.714286	0.000	0.000	3.576	0.000	0.000	minecraft:podzol[snowy=false]	minecraft:short_grass
29	0	10	10	0.714286	0.000	0.000	3.576	0.000	0.000	minecraft:grass_block[snowy=false]	minecraft:grass_block[snowy=false]
30	0	10	10	0.714286	0.000	0.000	3.576	0.000	0.000	minecraft:grass_block[snowy=false]	minecraft:grass_block[snowy=false]
31	0	10	10	0.714286	0.000	0.000	3.576	0.000	0.000	minecraft:grass_block[snowy=false]	minecraft:grass_block[snowy=false]
32	0	12	10	0.714286	0.000	0.000	3.576	0.000	0.000	minecraft:grass_block[snowy=false]	minecraft:large_fern[half=upper]
33	0	10	10	0.714286	0.000	0.000	3.576	0.000	0.000	minecraft:grass_block[snowy=false]	minecraft:grass_block[snowy=false]
34	0	10	10	0.714286	0.000	0.000	3.576	0.000	0.000	minecraft:grass_block[snowy=false]	minecraft:grass_block[snowy=false]
35	0	10	10	0.714286	0.000	0.000	7.956	0.000	0.000	minecraft:grass_block[snowy=false]	minecraft:grass_block[snowy=false]
36	0	10	10	0.714286	0.000	0.000	3.576	0.000	0.000	minecraft:grass_block[snowy=false]	minecraft:grass_block[snowy=false]
37	0	11	10	0.714286	0.000	0.000	3.576	0.000	0.000	minecraft:grass_block[snowy=false]	minecraft:short_grass
38	0	10	10	0.714286	0.000	0.000	3.576	0.000	0.000	minecraft:grass_block[snowy=false]	minecraft:grass_block[snowy=false]
39	0	10	10	0.714286	0.000	15.616	7.125	0.250	0.125	minecraft:grass_block[snowy=false]	minecraft:grass_block[snowy=false]
40	0	11	10	0.714286	0.000	0.000	7.125	0.000	0.000	minecraft:grass_block[snowy=false]	minecraft:short_grass
41	0	10	10	0.714286	0.000	0.000	7.125	0.000	0.000	minecraft:grass_block[snowy=false]	minecraft:grass_block[snowy=false]
42	0	11	10	0.714286	54.736	0.000	3.576	0.000	0.000	minecraft:grass_block[snowy=false]	minecraft:oak_leaves[distance=7, persistent=true, waterlogged=false]
43	0	12	12	1.000000	0.000	14.036	10.620	0.000	-0.250	minecraft:stone	minecraft:stone
44	0	10	10	0.714286	48.190	0.000	5.051	0.000	0.000	minecraft:grass_block[snowy=false]	minecraft:grass_block[snowy=false]
45	0	11	10	0.714286	0.000	0.000	5.051	0.000	0.000	minecraft:grass_block[snowy=false]	minecraft:short_grass
46	0	11	10	0.714286	0.000	7.125	5.051	0.000	-0.125	minecraft:grass_block[snowy=false]	minecraft:short_grass
47	0	11	10	0.714286	0.000	15.616	5.051	-0.250	-0.125	minecraft:grass_block[snowy=false]	minecraft:short_grass
48	0	11	10	0.714286	0.000	10.025	5.051	-0.125	-0.125	minecraft:grass_block[snowy=false]	minecraft:fern
49	0	11	10	0.714286	26.565	10.025	5.051	-0.125	-0.125	minecraft:grass_block[snowy=false]	minecraft:short_grass
50	0	11	10	0.714286	26.565	10.025	5.051	-0.125	-0.125	minecraft:grass_block[snowy=false]	minecraft:short_grass
51	0	10	10	0.714286	35.264	10.025	11.180	-0.125	-0.125	minecraft:grass_block[snowy=false]	minecraft:grass_block[snowy=false]
52	0	9	9	0.571429	26.565	7.125	3.576	-0.125	0.000	minecraft:grass_block[snowy=false]	minecraft:grass_block[snowy=false]
53	0	9	9	0.571429	0.000	7.125	3.576	-0.125	0.000	minecraft:grass_block[snowy=false]	minecraft:grass_block[snowy=false]
54	0	9	9	0.571429	0.000	7.125	3.576	-0.125	0.000	minecraft:grass_block[snowy=false]	minecraft:grass_block[snowy=false]
55	0	9	9	0.571429	0.000	7.125	3.576	-0.125	0.000	minecraft:grass_block[snowy=false]	minecraft:grass_block[snowy=false]
56	0	9	9	0.571429	0.000	0.000	3.576	0.000	0.000	minecraft:grass_block[snowy=false]	minecraft:grass_block[snowy=false]
57	0	10	9	0.571429	0.000	0.000	3.576	0.000	0.000	minecraft:grass_block[snowy=false]	minecraft:fern
58	0	9	9	0.571429	0.000	0.000	3.576	0.000	0.000	minecraft:grass_block[snowy=false]	minecraft:grass_block[snowy=false]
59	0	9	9	0.571429	0.000	7.125	5.051	0.000	-0.125	minecraft:grass_block[snowy=false]	minecraft:grass_block[snowy=false]
60	0	10	9	0.571429	0.000	7.125	3.576	0.000	-0.125	minecraft:grass_block[snowy=false]	minecraft:tall_grass[half=lower]
61	0	9	9	0.571429	0.000	7.125	3.576	0.000	-0.125	minecraft:grass_block[snowy=false]	minecraft:grass_block[snowy=false]
62	0	10	9	0.571429	0.000	7.125	3.576	0.000	-0.125	minecraft:grass_block[snowy=false]	minecraft:fern
0	1	12	12	1.000000	26.565	7.125	10.620	-0.125	0.000	minecraft:grass_block[snowy=false]	minecraft:grass_block[snowy=false]
1	1	11	11	0.857143	35.264	7.125	7.956	0.000	0.125	minecraft:grass_block[snowy=false]	minecraft:grass_block[snowy=false]
2	1	11	11	0.857143	0.000	10.025	11.180	-0.125	0.125	minecraft:dirt	minecraft:dirt
3	1	11	11	0.857143	0.000	7.125	11.180	-0.125	0.000	minecraft:dirt	minecraft:dirt
4	1	11	11	0.857143	0.000	20.556	14.450	-0.375	0.000	minecraft:dirt	minecraft:dirt
5	1	11	11	0.857143	26.565	14.036	14.036	-0.250	0.000	minecraft:dirt	minecraft:dirt
6	1	10	10	0.714286	35.264	21.568	11.180	-0.375	0.125	minecraft:dirt	minecraft:dirt
7	1	10	10	0.714286	35.264	21.568	11.180	-0.375	0.125	minecraft:grass_block[snowy=false]	minecraft:grass_block[snowy=false]
8	1	9	9	0.571429	35.264	29.206	15.616	-0.500	0.250	minecraft:coarse_dirt	minecraft:coarse_dirt
9	1	9	9	0.571429	26.565	27.266	7.956	-0.500	0.125	minecraft:coarse_dirt	minecraft:coarse_dirt
10	1	9	8	0.428571	26.565	21.568	10.025	-0.375	0.125	minecraft:dirt	minecraft:granite_stairs[facing=west, half=bottom, shape=straight, waterlogged=false]
11	1	9	8	0.428571	26.565	21.568	7.956	-0.375	0.125	minecraft:andesite	minecraft:water[level=4]
12	1	9	7	0.285714	26.565	10.025	7.956	-0.125	0.125	minecraft:dirt	minecraft:water[level=4]
13	1	9	7	0.285714	0.000	0.000	5.051	0.000	0.000	minecraft:dirt	minecraft:water[level=5]
14	1	9	7	0.285714	0.000	7.125	3.576	0.125	0.000	minecraft:dirt	minecraft:water[level=6]
15	1	8	7	0.285714	35.264	15.616	0.000	0.250	-0.125	minecraft:dirt	minecraft:water[level=0]
16	1	8	8	0.428571	54.736	24.261	7.956	0.375	-0.250	minecraft:dirt	minecraft:dirt
17	1	9	9	0.571429	35.264	24.261	11.180	0.375	-0.250	minecraft:dirt	minecraft:dirt
18	1	9	9	0.571429	35.264	24.261	12.699	0.375	-0.250	minecraft:dirt	minecraft:dirt
19	1	10	10	0.714286	35.264	24.261	19.471	0.375	-0.250	minecraft:grass_block[snowy=false]	minecraft:grass_block[snowy=false]
20	1	10	10	0.714286	26.565	15.616	14.851	0.250	-0.125	minecraft:grass_block[snowy=false]	minecraft:grass_block[snowy=false]
21	1	11	10	0.714286	0.000	10.025	14.851	0.125	-0.125	minecraft:grass_block[snowy=false]	minecraft:fern
22	1	10	10	0.714286	0.000	10.025	14.851	0.125	-0.125	minecraft:grass_block[snowy=false]	minecraft:grass_block[snowy=false]
23	1	10	10	0.714286	0.000	15.616	14.851	0.250	-0.125	minecraft:grass_block[snowy=false]	minecraft:grass_block[snowy=false]
24	1	12	10	0.714286	0.000	7.125	10.025	0.000	-0.125	minecraft:grass_block[snowy=false]	minecraft:large_fern[half=upper]
25	1	10	10	0.714286	0.000	0.000	7.956	0.000	0.000	minecraft:podzol[snowy=false]	minecraft:podzol[snowy=false]
26	1	11	10	0.714286	45.000	0.000	5.051	0.000	0.000	minecraft:dirt	minecraft:dark_oak_stairs[facing=east, half=bottom, shape=straight, waterlogged=false]
27	1	12	12	1.000000	0.000	14.036	10.620	0.000	-0.250	minecraft:dark_oak_log[axis=y]	minecraft:dark_oak_log[axis=y]
28	1	10	10	0.714286	45.000	0.000	3.576	0.000	0.000	minecraft:podzol[snowy=false]	minecraft:podzol[snowy=false]
29	1	10	10	0.714286	0.000	0.000	3.576	0.000	0.000	minecraft:coarse_dirt	minecraft:coarse_dirt
30	1	11	10	0.714286	0.000	7.125	3.576	0.000	-0.125	minecraft:grass_block[snowy=false]	minecraft:short_grass
31	1	10	10	0.714286	0.000	15.616	3.576	-0.250	-0.125	minecraft:grass_block[snowy=false]	minecraft:grass_block[snowy=false]
32	1	10	10	0.714286	0.000	7.125	3.576	0.000	-0.125	minecraft:grass_block[snowy=false]	minecraft:grass_block[snowy=false]
33	1	11	10	0.714286	0.000	0.000	3.576	0.000	0.000	minecraft:grass_block[snowy=false]	minecraft:short_grass
34	1	10	10	0.714286	0.000	0.000	7.956	0.000	0.000	minecraft:grass_block[snowy=false]	minecraft:grass_block[snowy=false]
35	1	10	10	0.714286	0.000	0.000	3.576	0.000	0.000	minecraft:grass_block[snowy=false]	minecraft:grass_block[snowy=false]
36	1	10	10	0.714286	0.000	0.000	5.051	0.000	0.000	minecraft:grass_block[snowy=false]	minecraft:grass_block[snowy=false]
37	1	10	10	0.714286	0.000	7.125	3.576	0.000	-0.125	minecraft:grass_block[snowy=false]	minecraft:grass_block[snowy=false]
38	1	11	10	0.714286	0.000	15.616	3.576	0.250	-0.125	minecraft:grass_block[snowy=false]	minecraft:short_grass
39	1	10	10	0.714286	0.000	14.036	3.576	0.250	0.000	minecraft:grass_block[snowy=false]	minecraft:grass_block[snowy=false]
40	1	11	10	0.714286	0.000	7.125	7.125	0.125	0.000	minecraft:grass_block[snowy=false]	minecraft:short_grass
41	1	10	10	0.714286	45.000	0.000	5.051	0.000	0.000	minecraft:grass_block[snowy=false]	minecraft:grass_block[snowy=false]
42	1	12	12	1.000000	45.000	14.036	11.180	0.000	-0.250	minecraft:stone	minecraft:stone
43	1	12	12	1.000000	26.565	14.036	11.180	0.000	-0.250	minecraft:stone	minecraft:stone
44	1	12	11	0.857143	45.000	14.036	7.956	0.000	-0.250	minecraft:stone	minecraft:stone_slab[type=bottom, waterlogged=false]
45	1	10	10	0.714286	26.565	10.025	5.051	-0.125	-0.125	minecraft:grass_block[snowy=false]	minecraft:grass_block[snowy=false]
46	1	10	10	0.714286	0.000	21.568	5.051	-0.375	-0.125	minecraft:grass_block[snowy=false]	minecraft:grass_block[snowy=false]
47	1	10	10	0.714286	0.000	21.568	5.051	-0.375	-0.125	minecraft:grass_block[snowy=false]	minecraft:grass_block[snowy=false]
48	1	10	10	0.714286	35.264	15.616	5.051	-0.250	-0.125	minecraft:grass_block[snowy=false]	minecraft:grass_block[snowy=false]
49	1	9	9	0.571429	35.264	7.125	3.576	-0.125	0.000	minecraft:grass_block[snowy=false]	minecraft:grass_block[snowy=false]
50	1	9	9	0.571429	26.565	7.125	10.620	-0.125	0.000	minecraft:grass_block[snowy=false]	minecraft:grass_block[snowy=false]
51	1	9	9	0.571429	26.565	7.125	10.620	-0.125	0.000	minecraft:grass_block[snowy=false]	minecraft:grass_block[snowy=false]
52	1	10	9	0.571429	0.000	7.125	7.125	-0.125	0.000	minecraft:grass_block[snowy=false]	minecraft:short_grass
53	1	9	9	0.571429	0.000	0.000	3.576	0.000	0.000	minecraft:grass_block[snowy=false]	minecraft:grass_block[snowy=false]
54	1	9	9	0.571429	0.000	0.000	3.576	0.000	0.000	minecraft:grass_block[snowy=false]	minecraft:grass_block[snowy=false]
55	1	9	9	0.571429	0.000	0.000	3.576	0.000	0.000	minecraft:grass_block[snowy=false]	minecraft:grass_block[snowy=false]
56	1	10	9	0.571429	0.000	0.000	3.576	0.000	0.000	minecraft:grass_block[snowy=false]	minecraft:short_grass
57	1	10	9	0.571429	0.000	0.000	0.000	0.000	0.000	minecraft:grass_block[snowy=false]	minecraft:fern
58	1	10	9	0.571429	0.000	0.000	0.000	0.000	0.000	minecraft:grass_block[snowy=false]	minecraft:fern
59	1	9	9	0.571429	0.000	7.125	3.576	0.000	-0.125	minecraft:grass_block[snowy=false]	minecraft:grass_block[snowy=false]
60	1	10	9	0.571429	26.565	7.125	3.576	0.000	-0.125	minecraft:grass_block[snowy=false]	minecraft:short_grass
61	1	9	9	0.571429	26.565	7.125	3.576	0.000	-0.125	minecraft:grass_block[snowy=false]	minecraft:grass_block[snowy=false]
62	1	10	9	0.571429	26.565	7.125	3.576	0.000	-0.125	minecraft:grass_block[snowy=false]	minecraft:short_grass
0	2	12	12	1.000000	0.000	7.125	7.125	-0.125	0.000	minecraft:grass_block[snowy=false]	minecraft:grass_block[snowy=false]
1	2	12	12	1.000000	35.264	7.125	10.620	-0.125	0.000	minecraft:grass_block[snowy=false]	minecraft:grass_block[snowy=false]
2	2	11	11	0.857143	26.565	7.125	11.180	0.000	0.125	minecraft:grass_block[snowy=false]	minecraft:grass_block[snowy=false]
3	2	11	11	0.857143	0.000	10.025	11.180	-0.125	0.125	minecraft:dirt	minecraft:dirt
4	2	11	11	0.857143	0.000	14.036	14.450	-0.250	0.000	minecraft:dirt	minecraft:dirt
5	2	11	11	0.857143	0.000	20.556	14.450	-0.375	0.000	minecraft:dirt	minecraft:dirt
6	2	11	11	0.857143	35.264	20.556	14.036	-0.375	0.000	minecraft:grass_block[snowy=false]	minecraft:grass_block[snowy=false]
7	2	10	10	0.714286	35.264	21.568	11.180	-0.375	0.125	minecraft:grass_block[snowy=false]	minecraft:grass_block[snowy=false]
8	2	10	10	0.714286	35.264	27.266	17.354	-0.500	0.125	minecraft:grass_block[snowy=false]	minecraft:grass_block[snowy=false]
9	2	9	9	0.571429	45.000	27.266	14.450	-0.500	0.125	minecraft:coarse_dirt	minecraft:coarse_dirt
10	2	9	8	0.428571	35.264	29.206	10.025	-0.500	0.250	minecraft:dirt	minecraft:mossy_cobblestone_slab[type=bottom, waterlogged=false]
11	2	9	8	0.428571	26.565	21.568	10.025	-0.375	0.125	minecraft:dirt	minecraft:water[level=5]
12	2	9	7	0.285714	26.565	24.261	10.025	-0.375	0.250	minecraft:dirt	minecraft:water[level=5]
13	2	9	7	0.285714	0.000	10.025	7.956	-0.125	0.125	minecraft:dirt	minecraft:water[level=6]
14	2	9	7	0.285714	0.000	7.125	5.051	0.125	0.000	minecraft:dirt	minecraft:water[level=7]
15	2	8	7	0.285714	0.000	10.025	0.000	0.125	-0.125	minecraft:dirt	minecraft:water[level=0]
16	2	8	7	0.285714	35.264	15.616	0.000	0.250	-0.125	minecraft:dirt	minecraft:granite_stairs[facing=east, half=bottom, shape=straight, waterlogged=true]
17	2	8	8	0.428571	48.190	24.261	7.956	0.375	-0.250	minecraft:dirt	minecraft:dirt
18	2	9	9	0.571429	35.264	24.261	12.699	0.375	-0.250	minecraft:dirt	minecraft:dirt
19	2	9	9	0.571429	26.565	21.568	10.025	0.375	-0.125	minecraft:dirt	minecraft:dirt
20	2	9	9	0.571429	35.264	21.568	12.699	0.375	-0.125	minecraft:dirt	minecraft:dirt
21	2	11	10	0.714286	35.264	19.471	14.851	0.250	-0.250	minecraft:grass_block[snowy=false]	minecraft:short_grass
22	2	11	10	0.714286	26.565	10.025	17.354	0.125	-0.125	minecraft:grass_block[snowy=false]	minecraft:short_grass
23	2	10	10	0.714286	0.000	10.025	14.851	0.125	-0.125	minecraft:grass_block[snowy=false]	minecraft:grass_block[snowy=false]
24	2	10	10	0.714286	0.000	10.025	12.699	0.125	-0.125	minecraft:grass_block[snowy=false]	minecraft:grass_block[snowy=false]
25	2	10	10	0.714286	0.000	7.125	10.025	0.000	-0.125	minecraft:podzol[snowy=false]	minecraft:podzol[snowy=false]
26	2	10	10	0.714286	0.000	0.000	7.956	0.000	0.000	minecraft:podzol[snowy=false]	minecraft:podzol[snowy=false]
27	2	11	10	0.714286	45.000	7.125	5.051	0.000	-0.125	minecraft:podzol[snowy=false]	minecraft:short_grass
28	2	10	10	0.714286	0.000	7.125	5.051	0.000	-0.125	minecraft:podzol[snowy=false]	minecraft:podzol[snowy=false]
29	2	11	10	0.714286	0.000	7.125	3.576	0.000	-0.125	minecraft:podzol[snowy=false]	minecraft:short_grass
30	2	10	10	0.714286	0.000	7.125	3.576	0.000	-0.125	minecraft:grass_block[snowy=false]	minecraft:grass_block[snowy=false]
31	2	10	10	0.714286	0.000	7.125	3.576	0.000	-0.125	minecraft:grass_block[snowy=false]	minecraft:grass_block[snowy=false]
32	2	11	10	0.714286	0.000	7.125	3.576	0.000	-0.125	minecraft:grass_block[snowy=false]	minecraft:short_grass
33	2	10	10	0.714286	0.000	7.125	3.576	0.000	-0.125	minecraft:grass_block[snowy=false]	minecraft:grass_block[snowy=false]
34	2	10	10	0.714286	0.000	7.125	3.576	0.000	-0.125	minecraft:grass_block[snowy=false]	minecraft:grass_block[snowy=false]
35	2	10	10	0.714286	0.000	7.125	7.956	0.000	-0.125	minecraft:grass_block[snowy=false]	minecraft:grass_block[snowy=false]
36	2	11	10	0.714286	0.000	0.000	3.576	0.000	0.000	minecraft:grass_block[snowy=false]	minecraft:short_grass
37	2	10	10	0.714286	0.000	0.000	3.576	0.000	0.000	minecraft:grass_block[snowy=false]	minecraft:grass_block[snowy=false]
38	2	10	10	0.714286	26.565	7.125	3.576	0.000	-0.125	minecraft:grass_block[snowy=false]	minecraft:grass_block[snowy=false]
39	2	10	10	0.714286	45.000	15.616	3.576	0.250	-0.125	minecraft:grass_block[snowy=false]	minecraft:grass_block[snowy=false]
40	2	10	10	0.714286	0.000	7.125	5.051	0.000	-0.125	minecraft:grass_block[snowy=false]	minecraft:grass_block[snowy=false]
41	2	10	10	0.714286	0.000	14.036	5.051	0.000	0.250	minecraft:grass_block[snowy=false]	minecraft:grass_block[snowy=false]
42	2	12	10	0.714286	54.736	0.000	5.051	0.000	0.000	minecraft:grass_block[snowy=false]	minecraft:stone_slab[type=bottom, waterlogged=false]
43	2	12	12	1.000000	45.000	20.556	11.180	0.000	-0.375	minecraft:stone	minecraft:stone
44	2	11	10	0.714286	48.190	10.025	5.051	-0.125	-0.125	minecraft:grass_block[snowy=false]	minecraft:oak_leaves[distance=7, persistent=true, waterlogged=false]
45	2	10	10	0.714286	0.000	10.025	5.051	-0.125	-0.125	minecraft:grass_block[snowy=false]	minecraft:grass_block[snowy=false]
46	2	10	10	0.714286	26.565	10.025	5.051	-0.125	-0.125	minecraft:grass_block[snowy=false]	minecraft:grass_block[snowy=false]
47	2	10	10	0.714286	35.264	21.568	5.051	-0.375	-0.125	minecraft:grass_block[snowy=false]	minecraft:grass_block[snowy=false]
48	2	9	9	0.571429	35.264	7.125	3.576	-0.125	0.000	minecraft:grass_block[snowy=false]	minecraft:grass_block[snowy=false]
49	2	9	9	0.571429	0.000	7.125	3.576	-0.125	0.000	minecraft:grass_block[snowy=false]	minecraft:grass_block[snowy=false]
50	2	10	9	0.571429	0.000	7.125	3.576	-0.125	0.000	minecraft:grass_block[snowy=false]	minecraft:fern
51	2	9	9	0.571429	0.000	7.125	10.620	-0.125	0.000	minecraft:grass_block[snowy=false]	minecraft:grass_block[snowy=false]
52	2	10	9	0.571429	0.000	0.000	7.125	0.000	0.000	minecraft:grass_block[snowy=false]	minecraft:tall_grass[half=lower]
53	2	9	9	0.571429	0.000	0.000	7.125	0.000	0.000	minecraft:grass_block[snowy=false]	minecraft:grass_block[snowy=false]
54	2	10	9	0.571429	0.000	0.000	7.125	0.000	0.000	minecraft:grass_block[snowy=false]	minecraft:short_grass
55	2	9	9	0.571429	0.000	0.000	3.576	0.000	0.000	minecraft:grass_block[snowy=false]	minecraft:grass_block[snowy=false]
56	2	10	9	0.571429	0.000	7.125	0.000	-0.125	0.000	minecraft:grass_block[snowy=false]	minecraft:fern
57	2	9	9	0.571429	0.000	7.125	0.000	-0.125	0.000	minecraft:grass_block[snowy=false]	minecraft:grass_block[snowy=false]
58	2	10	9	0.571429	0.000	7.125	3.576	-0.125	0.000	minecraft:grass_block[snowy=false]	minecraft:large_fern[half=upper]
59	2	9	9	0.571429	26.565	7.125	3.576	0.000	-0.125	minecraft:grass_block[snowy=false]	minecraft:grass_block[snowy=false]
60	2	8	8	0.428571	35.264	7.125	3.576	-0.125	0.000	minecraft:grass_block[snowy=false]	minecraft:grass_block[snowy=false]
61	2	10	8	0.428571	26.565	7.125	3.576	-0.125	0.000	minecraft:grass_block[snowy=false]	minecraft:tall_grass[half=upper]
62	2	9	8	0.428571	26.565	7.125	3.576	-0.125	0.000	minecraft:grass_block[snowy=false]	minecraft:fern
0	3	12	12	1.000000	0.000	7.125	7.125	-0.125	0.000	minecraft:grass_block[snowy=false]	minecraft:grass_block[snowy=false]
1	3	12	12	1.000000	26.565	7.125	10.620	-0.125	0.000	minecraft:grass_block[snowy=false]	minecraft:grass_block[snowy=false]
2	3	11	11	0.857143	35.264	7.125	7.956	0.000	0.125	minecraft:dirt	minecraft:dirt
3	3	11	11	0.857143	0.000	7.125	11.180	0.000	0.125	minecraft:dirt	minecraft:dirt
4	3	11	11	0.857143	0.000	14.036	14.450	-0.250	0.000	minecraft:dirt	minecraft:dirt
5	3	11	11	0.857143	0.000	20.556	14.450	-0.375	0.000	minecraft:dirt	minecraft:dirt
6	3	11	11	0.857143	0.000	14.036	14.036	-0.250	0.000	minecraft:grass_block[snowy=false]	minecraft:grass_block[snowy=false]
7	3	11	11	0.857143	35.264	20.556	14.036	-0.375	0.000	minecraft:grass_block[snowy=false]	minecraft:grass_block[snowy=false]
8	3	10	10	0.714286	45.000	27.266	17.354	-0.500	0.125	minecraft:grass_block[snowy=false]	minecraft:grass_block[snowy=false]
9	3	9	9	0.571429	35.264	27.266	14.450	-0.500	0.125	minecraft:coarse_dirt	minecraft:coarse_dirt
10	3	9	9	0.571429	35.264	27.266	11.180	-0.500	0.125	minecraft:coarse_dirt	minecraft:coarse_dirt
11	3	9	8	0.428571	48.190	27.266	10.025	-0.500	0.125	minecraft:dirt	minecraft:granite_stairs[facing=west, half=bottom, shape=straight, waterlogged=false]
12	3	9	7	0.285714	35.264	24.261	10.025	-0.375	0.250	minecraft:dirt	minecraft:water[level=6]
13	3	9	7	0.285714	0.000	10.025	7.956	-0.125	0.125	minecraft:dirt	minecraft:water[level=7]
14	3	8	7	0.285714	0.000	7.125	7.956	-0.125	0.000	minecraft:dirt	minecraft:water[level=0]
15	3	8	7	0.285714	26.565	10.025	3.576	0.125	-0.125	minecraft:dirt	minecraft:water[level=0]
16	3	8	7	0.285714	26.565	15.616	0.000	0.250	-0.125	minecraft:dirt	minecraft:water[level=0]
17	3	8	8	0.428571	35.264	19.471	5.051	0.250	-0.250	minecraft:dirt	minecraft:dirt
18	3	8	8	0.428571	35.264	19.471	5.051	0.250	-0.250	minecraft:dirt	minecraft:dirt
19	3	9	9	0.571429	35.264	24.261	10.025	0.375	-0.250	minecraft:dirt	minecraft:dirt
20	3	10	9	0.571429	0.000	24.261	14.851	0.375	-0.250	minecraft:grass_block[snowy=false]	minecraft:short_grass
21	3	9	9	0.571429	26.565	19.471	14.851	0.250	-0.250	minecraft:grass_block[snowy=false]	minecraft:grass_block[snowy=false]
22	3	9	9	0.571429	35.264	15.616	14.851	0.250	-0.125	minecraft:grass_block[snowy=false]	minecraft:grass_block[snowy=false]
23	3	10	10	0.714286	35.264	15.616	14.851	0.125	-0.250	minecraft:grass_block[snowy=false]	minecraft:grass_block[snowy=false]
24	3	10	10	0.714286	0.000	10.025	14.851	0.125	-0.125	minecraft:grass_block[snowy=false]	minecraft:grass_block[snowy=false]
25	3	12	10	0.714286	0.000	10.025	10.025	0.125	-0.125	minecraft:podzol[snowy=false]	minecraft:spruce_leaves[distance=7, persistent=true, waterlogged=false]
26	3	10	10	0.714286	0.000	10.025	10.025	0.125	-0.125	minecraft:podzol[snowy=false]	minecraft:podzol[snowy=false]
27	3	10	10	0.714286	0.000	7.125	5.051	0.000	-0.125	minecraft:podzol[snowy=false]	minecraft:podzol[snowy=false]
28	3	10	10	0.714286	0.000	7.125	5.051	0.000	-0.125	minecraft:coarse_dirt	minecraft:coarse_dirt
29	3	11	10	0.714286	0.000	7.125	5.051	0.000	-0.125	minecraft:coarse_dirt	minecraft:fern
30	3	10	10	0.714286	0.000	7.125	7.956	0.000	-0.125	minecraft:grass_block[snowy=false]	minecraft:grass_block[snowy=false]
31	3	10	10	0.714286	0.000	7.125	7.956	0.000	-0.125	minecraft:grass_block[snowy=false]	minecraft:grass_block[snowy=false]
32	3	11	10	0.714286	0.000	7.125	3.576	0.000	-0.125	minecraft:grass_block[snowy=false]	minecraft:short_grass
33	3	10	10	0.714286	0.000	7.125	3.576	0.000	-0.125	minecraft:grass_block[snowy=false]	minecraft:grass_block[snowy=false]
34	3	10	10	0.714286	0.000	10.025	7.125	0.125	-0.125	minecraft:grass_block[snowy=false]	minecraft:grass_block[snowy=false]
35	3	10	10	0.714286	0.000	15.616	0.000	0.250	-0.125	minecraft:grass_block[snowy=false]	minecraft:grass_block[snowy=false]
36	3	11	10	0.714286	0.000	7.125	3.576	0.000	-0.125	minecraft:grass_block[snowy=false]	minecraft:fern
37	3	11	10	0.714286	26.565	7.125	3.576	0.000	-0.125	minecraft:grass_block[snowy=false]	minecraft:fern
38	3	11	11	0.857143	45.000	7.125	7.956	0.000	-0.125	minecraft:stone	minecraft:stone
39	3	12	12	1.000000	35.264	20.556	11.180	0.000	-0.375	minecraft:stone	minecraft:stone
40	3	11	10	0.714286	45.000	14.036	5.051	0.000	0.250	minecraft:grass_block[snowy=false]	minecraft:short_grass
41	3	10	10	0.714286	0.000	14.036	5.051	0.000	0.250	minecraft:grass_block[snowy=false]	minecraft:grass_block[snowy=false]
42	3	10	10	0.714286	0.000	19.471	5.051	-0.250	0.250	minecraft:grass_block[snowy=false]	minecraft:grass_block[snowy=false]
43	3	12	10	0.714286	45.000	21.568	5.051	-0.375	-0.125	minecraft:grass_block[snowy=false]	minecraft:oak_leaves[distance=7, persistent=true, waterlogged=false]
44	3	10	10	0.714286	0.000	10.025	5.051	-0.125	-0.125	minecraft:grass_block[snowy=false]	minecraft:grass_block[snowy=false]
45	3	11	10	0.714286	26.565	10.025	5.051	-0.125	-0.125	minecraft:grass_block[snowy=false]	minecraft:short_grass
46	3	10	9	0.571429	35.264	7.125	7.125	-0.125	0.000	minecraft:grass_block[snowy=false]	minecraft:short_grass
47	3	10	9	0.571429	26.565	7.125	10.620	-0.125	0.000	minecraft:grass_block[snowy=false]	minecraft:short_grass
48	3	10	9	0.571429	0.000	7.125	3.576	-0.125	0.000	minecraft:grass_block[snowy=false]	minecraft:short_grass
49	3	10	9	0.571429	0.000	7.125	3.576	-0.125	0.000	minecraft:grass_block[snowy=false]	minecraft:fern
50	3	10	9	0.571429	0.000	0.000	3.576	0.000	0.000	minecraft:grass_block[snowy=false]	minecraft:short_grass
51	3	10	9	0.571429	0.000	0.000	3.576	0.000	0.000	minecraft:grass_block[snowy=false]	minecraft:fern
52	3	10	9	0.571429	0.000	0.000	7.125	0.000	0.000	minecraft:grass_block[snowy=false]	minecraft:tall_grass[half=lower]
53	3	10	9	0.571429	0.000	0.000	7.125	0.000	0.000	minecraft:grass_block[snowy=false]	minecraft:tall_grass[half=lower]
54	3	10	9	0.571429	0.000	0.000	3.576	0.000	0.000	minecraft:grass_block[snowy=false]	minecraft:fern
55	3	10	9	0.571429	0.000	0.000	0.000	0.000	0.000	minecraft:grass_block[snowy=false]	minecraft:fern
56	3	9	9	0.571429	0.000	7.125	0.000	-0.125	0.000	minecraft:grass_block[snowy=false]	minecraft:grass_block[snowy=false]
57	3	9	9	0.571429	0.000	7.125	0.000	-0.125	0.000	minecraft:grass_block[snowy=false]	minecraft:grass_block[snowy=false]
58	3	9	9	0.571429	0.000	7.125	3.576	-0.125	0.000	minecraft:grass_block[snowy=false]	minecraft:grass_block[snowy=false]
59	3	9	9	0.571429	35.264	7.125	3.576	0.000	-0.125	minecraft:grass_block[snowy=false]	minecraft:grass_block[snowy=false]
60	3	10	8	0.428571	26.565	7.125	3.576	-0.125	0.000	minecraft:grass_block[snowy=false]	minecraft:tall_grass[half=upper]
61	3	9	8	0.428571	0.000	7.125	3.576	-0.125	0.000	minecraft:grass_block[snowy=false]	minecraft:tall_grass[half=upper]
62	3	10	8	0.428571	0.000	7.125	3.576	-0.125	0.000	minecraft:grass_block[snowy=false]	minecraft:tall_grass[half=upper]
0	4	12	12	1.000000	0.000	7.125	7.125	-0.125	0.000	minecraft:podzol[snowy=false]	minecraft:podzol[snowy=false]
1	4	12	12	1.000000	0.000	10.025	7.125	-0.125	0.125	minecraft:podzol[snowy=false]	minecraft:podzol[snowy=false]
2	4	12	12	1.000000	35.264	10.025	10.620	-0.125	0.125	minecraft:grass_block[snowy=false]	minecraft:grass_block[snowy=false]
3	4	11	11	0.857143	26.565	7.125	7.956	0.000	0.125	minecraft:dirt	minecraft:dirt
4	4	11	11	0.857143	0.000	15.616	11.180	-0.250	0.125	minecraft:dirt	minecraft:dirt
5	4	11	11	0.857143	0.000	14.036	14.036	-0.250	0.000	minecraft:dirt	minecraft:dirt
6	4	11	11	0.857143	0.000	21.568	14.036	-0.375	0.125	minecraft:grass_block[snowy=false]	minecraft:grass_block[snowy=false]
7	4	11	11	0.857143	26.565	19.471	17.354	-0.250	0.250	minecraft:grass_block[snowy=false]	minecraft:grass_block[snowy=false]
8	4	10	10	0.714286	35.264	24.261	17.354	-0.375	0.250	minecraft:grass_block[snowy=false]	minecraft:grass_block[snowy=false]
9	4	10	10	0.714286	35.264	27.266	17.354	-0.500	0.125	minecraft:dirt	minecraft:dirt
10	4	9	9	0.571429	26.565	29.206	14.450	-0.500	0.250	minecraft:coarse_dirt	minecraft:coarse_dirt
11	4	9	9	0.571429	35.264	32.513	11.180	-0.625	0.125	minecraft:dirt	minecraft:dirt
12	4	9	8	0.428571	48.190	24.261	7.956	-0.375	0.250	minecraft:dirt	minecraft:granite_slab[type=bottom, waterlogged=false]
13	4	8	7	0.285714	26.565	21.568	7.956	-0.375	0.125	minecraft:dirt	minecraft:granite_stairs[facing=west, half=bottom, shape=straight, waterlogged=true]
14	4	8	7	0.285714	26.565	10.025	7.956	-0.125	0.125	minecraft:dirt	minecraft:water[level=0]
15	4	8	6	0.142857	26.565	10.025	10.025	-0.125	-0.125	minecraft:dirt	minecraft:water[level=0]
16	4	8	7	0.285714	35.264	21.568	0.000	0.125	-0.375	minecraft:dirt	minecraft:water[level=0]
17	4	8	7	0.285714	35.264	24.261	0.000	0.250	-0.375	minecraft:dirt	minecraft:water[level=0]
18	4	8	8	0.428571	35.264	29.206	5.051	0.250	-0.500	minecraft:dirt	minecraft:dirt
19	4	8	8	0.428571	35.264	27.938	5.051	0.375	-0.375	minecraft:dirt	minecraft:dirt
20	4	9	9	0.571429	26.565	27.938	12.699	0.375	-0.375	minecraft:grass_block[snowy=false]	minecraft:grass_block[snowy=false]
21	4	9	9	0.571429	0.000	27.938	14.851	0.375	-0.375	minecraft:grass_block[snowy=false]	minecraft:grass_block[snowy=false]
22	4	9	9	0.571429	0.000	24.261	14.851	0.250	-0.375	minecraft:dirt	minecraft:dirt
23	4	9	9	0.571429	35.264	19.471	17.354	0.250	-0.250	minecraft:dirt	minecraft:dirt
24	4	10	10	0.714286	35.264	15.616	14.851	0.125	-0.250	minecraft:grass_block[snowy=false]	minecraft:grass_block[snowy=false]
25	4	11	10	0.714286	0.000	10.025	12.699	0.125	-0.125	minecraft:grass_block[snowy=false]	minecraft:short_grass
26	4	10	10	0.714286	0.000	10.025	10.025	0.125	-0.125	minecraft:podzol[snowy=false]	minecraft:podzol[snowy=false]
27	4	12	10	0.714286	0.000	10.025	10.025	0.125	-0.125	minecraft:coarse_dirt	minecraft:spruce_leaves[distance=7, persistent=true, waterlogged=false]
28	4	12	10	0.714286	0.000	7.125	7.956	0.000	-0.125	minecraft:podzol[snowy=false]	minecraft:spruce_leaves[distance=7, persistent=true, waterlogged=false]
29	4	10	10	0.714286	0.000	7.125	5.051	0.000	-0.125	minecraft:grass_block[snowy=false]	minecraft:grass_block[snowy=false]
30	4	10	10	0.714286	26.565	7.125	5.051	0.000	-0.125	minecraft:grass_block[snowy=false]	minecraft:grass_block[snowy=false]
31	4	10	10	0.714286	26.565	7.125	7.956	0.000	-0.125	minecraft:grass_block[snowy=false]	minecraft:grass_block[snowy=false]
32	4	11	10	0.714286	26.565	7.125	3.576	0.000	-0.125	minecraft:grass_block[snowy=false]	minecraft:short_grass
33	4	10	10	0.714286	0.000	7.125	3.576	0.000	-0.125	minecraft:grass_block[snowy=false]	minecraft:grass_block[snowy=false]
34	4	10	10	0.714286	0.000	7.125	3.576	0.000	-0.125	minecraft:grass_block[snowy=false]	minecraft:grass_block[snowy=false]
35	4	10	10	0.714286	0.000	10.025	3.576	0.125	-0.125	minecraft:grass_block[snowy=false]	minecraft:grass_block[snowy=false]
36	4	10	10	0.714286	0.000	7.125	3.576	0.000	-0.125	minecraft:grass_block[snowy=false]	minecraft:grass_block[snowy=false]
37	4	10	10	0.714286	26.565	7.125	3.576	0.000	-0.125	minecraft:grass_block[snowy=false]	minecraft:grass_block[snowy=false]
38	4	10	10	0.714286	48.190	7.125	5.051	0.000	-0.125	minecraft:grass_block[snowy=false]	minecraft:grass_block[snowy=false]
39	4	11	11	0.857143	45.000	14.036	7.956	0.000	0.250	minecraft:stone	minecraft:stone
40	4	10	10	0.714286	26.565	14.036	5.051	0.000	0.250	minecraft:grass_block[snowy=false]	minecraft:grass_block[snowy=false]
41	4	11	10	0.714286	0.000	14.036	5.051	0.000	0.250	minecraft:grass_block[snowy=false]	minecraft:fern
42	4	10	10	0.714286	0.000	10.025	5.051	-0.125	-0.125	minecraft:grass_block[snowy=false]	minecraft:grass_block[snowy=false]
43	4	10	10	0.714286	0.000	24.261	5.051	-0.250	-0.375	minecraft:grass_block[snowy=false]	minecraft:grass_block[snowy=false]
44	4	10	10	0.714286	26.565	10.025	5.051	-0.125	-0.125	minecraft:grass_block[snowy=false]	minecraft:grass_block[snowy=false]
45	4	10	10	0.714286	35.264	10.025	5.051	-0.125	-0.125	minecraft:grass_block[snowy=false]	minecraft:grass_block[snowy=false]
46	4	9	9	0.571429	26.565	10.025	3.576	-0.125	-0.125	minecraft:grass_block[snowy=false]	minecraft:grass_block[snowy=false]
47	4	9	9	0.571429	0.000	10.025	7.125	-0.125	-0.125	minecraft:grass_block[snowy=false]	minecraft:grass_block[snowy=false]
48	4	10	9	0.571429	0.000	10.025	3.576	-0.125	-0.125	minecraft:grass_block[snowy=false]	minecraft:tall_grass[half=lower]
49	4	10	9	0.571429	0.000	10.025	3.576	-0.125	-0.125	minecraft:grass_block[snowy=false]	minecraft:tall_grass[half=upper]
50	4	10	9	0.571429	0.000	7.125	3.576	0.000	-0.125	minecraft:grass_block[snowy=false]	minecraft:short_grass
51	4	10	9	0.571429	0.000	7.125	7.125	0.000	-0.125	minecraft:grass_block[snowy=false]	minecraft:tall_grass[half=lower]
52	4	9	9	0.571429	0.000	0.000	7.125	0.000	0.000	minecraft:grass_block[snowy=false]	minecraft:grass_block[snowy=false]
53	4	10	9	0.571429	0.000	0.000	7.125	0.000	0.000	minecraft:grass_block[snowy=false]	minecraft:fern
54	4	9	9	0.571429	0.000	0.000	3.576	0.000	0.000	minecraft:grass_block[snowy=false]	minecraft:grass_block[snowy=false]
55	4	10	9	0.571429	0.000	7.125	0.000	-0.125	0.000	minecraft:grass_block[snowy=false]	minecraft:tall_grass[half=lower]
56	4	9	9	0.571429	0.000	7.125	0.000	-0.125	0.000	minecraft:grass_block[snowy=false]	minecraft:grass_block[snowy=false]
57	4	9	9	0.571429	0.000	7.125	3.576	-0.125	0.000	minecraft:grass_block[snowy=false]	minecraft:grass_block[snowy=false]
58	4	9	9	0.571429	26.565	7.125	3.576	-0.125	0.000	minecraft:grass_block[snowy=false]	minecraft:grass_block[snowy=false]
59	4	8	8	0.428571	35.264	10.025	3.576	-0.125	-0.125	minecraft:grass_block[snowy=false]	minecraft:grass_block[snowy=false]
60	4	9	8	0.428571	0.000	10.025	3.576	-0.125	-0.125	minecraft:grass_block[snowy=false]	minecraft:tall_grass[half=lower]
61	4	9	8	0.428571	0.000	10.025	3.576	-0.125	-0.125	minecraft:grass_block[snowy=false]	minecraft:tall_grass[half=lower]
62	4	9	8	0.428571	0.000	10.025	3.576	-0.125	-0.125	minecraft:grass_block[snowy=false]	minecraft:fern
0	5	12	12	1.000000	0.000	7.125	3.576	-0.125	0.000	minecraft:coarse_dirt	minecraft:coarse_dirt
1	5	12	12	1.000000	0.000	10.025	7.125	-0.125	0.125	minecraft:podzol[snowy=false]	minecraft:podzol[snowy=false]
2	5	12	12	1.000000	26.565	10.025	10.620	-0.125	0.125	minecraft:coarse_dirt	minecraft:coarse_dirt
3	5	11	11	0.857143	35.264	7.125	7.956	0.000	0.125	minecraft:dirt	minecraft:dirt
4	5	11	11	0.857143	0.000	10.025	10.620	-0.125	0.125	minecraft:dirt	minecraft:dirt
5	5	11	11	0.857143	0.000	14.036	14.036	-0.250	0.000	minecraft:dirt	minecraft:dirt
6	5	11	11	0.857143	0.000	21.568	14.036	-0.375	0.125	minecraft:grass_block[snowy=false]	minecraft:grass_block[snowy=false]
7	5	12	11	0.857143	0.000	15.616	17.354	-0.250	0.125	minecraft:grass_block[snowy=false]	minecraft:short_grass
8	5	11	11	0.857143	35.264	24.261	20.815	-0.375	0.250	minecraft:grass_block[snowy=false]	minecraft:grass_block[snowy=false]
9	5	10	10	0.714286	45.000	27.266	17.354	-0.500	0.125	minecraft:dirt	minecraft:dirt
10	5	9	9	0.571429	35.264	29.206	17.676	-0.500	0.250	minecraft:coarse_dirt	minecraft:coarse_dirt
11	5	9	9	0.571429	26.565	33.946	10.620	-0.625	0.250	minecraft:coarse_dirt	minecraft:coarse_dirt
12	5	9	8	0.428571	48.190	33.946	7.956	-0.625	0.250	minecraft:dirt	minecraft:granite_slab[type=bottom, waterlogged=false]
13	5	8	7	0.285714	35.264	21.568	7.956	-0.375	0.125	minecraft:dirt	minecraft:granite_stairs[facing=west, half=bottom, shape=inner_left, waterlogged=true]
14	5	8	7	0.285714	26.565	15.616	7.956	-0.250	0.125	minecraft:dirt	minecraft:granite_stairs[facing=south, half=bottom, shape=outer_right, waterlogged=true]
15	5	8	6	0.142857	26.565	7.125	10.025	-0.125	0.000	minecraft:dirt	minecraft:water[level=0]
16	5	8	6	0.142857	35.264	15.616	7.956	0.125	-0.250	minecraft:dirt	minecraft:water[level=0]
17	5	8	7	0.285714	35.264	24.261	0.000	0.250	-0.375	minecraft:dirt	minecraft:water[level=0]
18	5	8	7	0.285714	35.264	24.261	3.576	0.250	-0.375	minecraft:dirt	minecraft:water[level=0]
19	5	8	8	0.428571	45.000	32.005	7.956	0.375	-0.500	minecraft:dirt	minecraft:dirt
20	5	9	9	0.571429	35.264	27.938	12.699	0.375	-0.375	minecraft:grass_block[snowy=false]	minecraft:grass_block[snowy=false]
21	5	9	9	0.571429	26.565	27.938	14.851	0.375	-0.375	minecraft:grass_block[snowy=false]	minecraft:grass_block[snowy=false]
22	5	9	9	0.571429	0.000	27.938	12.699	0.375	-0.375	minecraft:dirt	minecraft:dirt
23	5	9	9	0.571429	0.000	24.261	14.851	0.250	-0.375	minecraft:dirt	minecraft:dirt
24	5	9	9	0.571429	35.264	15.616	12.699	0.125	-0.250	minecraft:dirt	minecraft:dirt
25	5	11	10	0.714286	35.264	15.616	14.851	0.125	-0.250	minecraft:grass_block[snowy=false]	minecraft:fern
26	5	11	10	0.714286	0.000	7.125	12.699	0.000	-0.125	minecraft:grass_block[snowy=false]	minecraft:short_grass
27	5	10	10	0.714286	26.565	20.556	10.025	0.000	-0.375	minecraft:grass_block[snowy=false]	minecraft:grass_block[snowy=false]
28	5	10	10	0.714286	26.565	7.125	7.956	0.000	-0.125	minecraft:grass_block[snowy=false]	minecraft:grass_block[snowy=false]
29	5	10	10	0.714286	35.264	7.125	3.576	0.000	-0.125	minecraft:grass_block[snowy=false]	minecraft:grass_block[snowy=false]
30	5	10	9	0.571429	35.264	7.125	0.000	0.000	-0.125	minecraft:grass_block[snowy=false]	minecraft:short_grass
31	5	9	9	0.571429	26.565	7.125	3.576	0.000	-0.125	minecraft:grass_block[snowy=false]	minecraft:grass_block[snowy=false]
32	5	10	9	0.571429	35.264	7.125	3.576	0.000	-0.125	minecraft:grass_block[snowy=false]	minecraft:short_grass
33	5	10	10	0.714286	35.264	10.025	3.576	-0.125	-0.125	minecraft:grass_block[snowy=false]	minecraft:grass_block[snowy=false]
34	5	10	10	0.714286	26.565	7.125	3.576	0.000	-0.125	minecraft:grass_block[snowy=false]	minecraft:grass_block[snowy=false]
35	5	10	10	0.714286	26.565	10.025	3.576	0.125	-0.125	minecraft:grass_block[snowy=false]	minecraft:grass_block[snowy=false]
36	5	10	10	0.714286	26.565	10.025	5.051	0.125	-0.125	minecraft:grass_block[snowy=false]	minecraft:grass_block[snowy=false]
37	5	9	9	0.571429	26.565	7.125	3.576	0.000	-0.125	minecraft:grass_block[snowy=false]	minecraft:grass_block[snowy=false]
38	5	9	9	0.571429	35.264	7.125	0.000	0.000	-0.125	minecraft:grass_block[snowy=false]	minecraft:grass_block[snowy=false]
39	5	10	10	0.714286	48.190	7.125	3.576	0.000	0.125	minecraft:grass_block[snowy=false]	minecraft:grass_block[snowy=false]
40	5	10	10	0.714286	26.565	15.616	3.576	-0.125	0.250	minecraft:grass_block[snowy=false]	minecraft:grass_block[snowy=false]
41	5	11	10	0.714286	45.000	7.125	5.051	0.000	0.125	minecraft:grass_block[snowy=false]	minecraft:short_grass
42	5	11	10	0.714286	0.000	20.556	5.051	0.000	-0.375	minecraft:grass_block[snowy=false]	minecraft:oak_leaves[distance=7, persistent=true, waterlogged=false]
43	5	10	10	0.714286	35.264	21.568	5.051	-0.125	-0.375	minecraft:grass_block[snowy=false]	minecraft:grass_block[snowy=false]
44	5	11	9	0.571429	35.264	15.616	3.576	-0.125	-0.250	minecraft:grass_block[snowy=false]	minecraft:tall_grass[half=upper]
45	5	10	9	0.571429	26.565	10.025	0.000	-0.125	-0.125	minecraft:grass_block[snowy=false]	minecraft:tall_grass[half=lower]
46	5	10	9	0.571429	0.000	10.025	0.000	-0.125	-0.125	minecraft:grass_block[snowy=false]	minecraft:fern
47	5	9	9	0.571429	0.000	10.025	3.576	-0.125	-0.125	minecraft:grass_block[snowy=false]	minecraft:grass_block[snowy=false]
48	5	10	9	0.571429	0.000	7.125	3.576	0.000	-0.125	minecraft:grass_block[snowy=false]	minecraft:fern
49	5	9	9	0.571429	0.000	0.000	3.576	0.000	0.000	minecraft:grass_block[snowy=false]	minecraft:grass_block[snowy=false]
50	5	10	9	0.571429	0.000	0.000	3.576	0.000	0.000	minecraft:grass_block[snowy=false]	minecraft:short_grass
51	5	10	9	0.571429	0.000	0.000	7.125	0.000	0.000	minecraft:grass_block[snowy=false]	minecraft:tall_grass[half=lower]
52	5	10	9	0.571429	0.000	0.000	3.576	0.000	0.000	minecraft:grass_block[snowy=false]	minecraft:fern
53	5	9	9	0.571429	0.000	0.000	3.576	0.000	0.000	minecraft:grass_block[snowy=false]	minecraft:grass_block[snowy=false]
54	5	9	9	0.571429	0.000	0.000	3.576	0.000	0.000	minecraft:grass_block[snowy=false]	minecraft:grass_block[snowy=false]
55	5	10	9	0.571429	0.000	7.125	0.000	-0.125	0.000	minecraft:grass_block[snowy=false]	minecraft:fern
56	5	9	9	0.571429	0.000	7.125	0.000	-0.125	0.000	minecraft:grass_block[snowy=false]	minecraft:grass_block[snowy=false]
57	5	9	9	0.571429	0.000	7.125	3.576	-0.125	0.000	minecraft:grass_block[snowy=false]	minecraft:grass_block[snowy=false]
58	5	9	9	0.571429	26.565	7.125	3.576	-0.125	0.000	minecraft:grass_block[snowy=false]	minecraft:grass_block[snowy=false]
59	5	9	8	0.428571	26.565	10.025	3.576	-0.125	-0.125	minecraft:grass_block[snowy=false]	minecraft:fern
60	5	8	8	0.428571	0.000	10.025	3.576	-0.125	-0.125	minecraft:grass_block[snowy=false]	minecraft:grass_block[snowy=false]
61	5	8	8	0.428571	0.000	10.025	3.576	-0.125	-0.125	minecraft:grass_block[snowy=false]	minecraft:grass_block[snowy=false]
62	5	9	8	0.428571	0.000	10.025	3.576	-0.125	-0.125	minecraft:grass_block[snowy=false]	minecraft:fern
0	6	12	12	1.000000	0.000	7.125	5.051	-0.125	0.000	minecraft:podzol[snowy=false]	minecraft:podzol[snowy=false]
1	6	12	12	1.000000	0.000	7.125	7.125	-0.125	0.000	minecraft:dirt	minecraft:dirt
2	6	12	12	1.000000	0.000	10.025	7.956	-0.125	0.125	minecraft:coarse_dirt	minecraft:coarse_dirt
3	6	12	12	1.000000	35.264	10.025	11.180	-0.125	0.125	minecraft:grass_block[snowy=false]	minecraft:grass_block[snowy=false]
4	6	11	11	0.857143	26.565	10.025	7.125	-0.125	0.125	minecraft:grass_block[snowy=false]	minecraft:grass_block[snowy=false]
5	6	11	11	0.857143	0.000	15.616	10.620	-0.250	0.125	minecraft:dirt	minecraft:dirt
6	6	12	11	0.857143	0.000	14.036	14.036	-0.250	0.000	minecraft:grass_block[snowy=false]	minecraft:short_grass
7	6	12	11	0.857143	0.000	21.568	17.676	-0.375	0.125	minecraft:grass_block[snowy=false]	minecraft:short_grass
8	6	12	11	0.857143	26.565	14.036	20.815	-0.250	0.000	minecraft:grass_block[snowy=false]	minecraft:short_grass
9	6	10	10	0.714286	26.565	21.568	20.815	-0.375	0.125	minecraft:dirt	minecraft:dirt
10	6	10	10	0.714286	35.264	29.206	17.676	-0.500	0.250	minecraft:grass_block[snowy=false]	minecraft:grass_block[snowy=false]
11	6	9	9	0.571429	26.565	33.946	14.036	-0.625	0.250	minecraft:coarse_dirt	minecraft:coarse_dirt
12	6	9	9	0.571429	35.264	33.946	10.620	-0.625	0.250	minecraft:dirt	minecraft:dirt
13	6	8	8	0.428571	48.190	29.206	11.180	-0.500	0.250	minecraft:dirt	minecraft:dirt
14	6	8	7	0.285714	45.000	21.568	7.956	-0.375	0.125	minecraft:dirt	minecraft:granite_stairs[facing=west, half=bottom, shape=straight, waterlogged=true]
15	6	8	6	0.142857	26.565	7.125	10.025	-0.125	0.000	minecraft:dirt	minecraft:water[level=0]
16	6	8	6	0.142857	0.000	7.125	10.025	-0.125	0.000	minecraft:dirt	minecraft:water[level=0]
17	6	8	6	0.142857	35.264	14.036	5.051	0.000	-0.250	minecraft:dirt	minecraft:water[level=0]
18	6	8	7	0.285714	48.190	24.261	0.000	0.250	-0.375	minecraft:dirt	minecraft:water[level=0]
19	6	8	8	0.428571	35.264	24.261	7.125	0.375	-0.250	minecraft:dirt	minecraft:dirt
20	6	8	8	0.428571	45.000	24.261	7.125	0.375	-0.250	minecraft:dirt	minecraft:dirt
21	6	8	8	0.428571	48.190	27.938	7.956	0.375	-0.375	minecraft:dirt	minecraft:dirt
22	6	10	9	0.571429	35.264	32.005	12.699	0.375	-0.500	minecraft:grass_block[snowy=false]	minecraft:short_grass
23	6	9	9	0.571429	26.565	21.568	14.851	0.125	-0.375	minecraft:grass_block[snowy=false]	minecraft:grass_block[snowy=false]
24	6	9	9	0.571429	0.000	15.616	11.180	0.125	-0.250	minecraft:dirt	minecraft:dirt
25	6	9	9	0.571429	35.264	15.616	12.699	0.125	-0.250	minecraft:dirt	minecraft:dirt
26	6	11	10	0.714286	26.565	14.036	12.699	0.000	-0.250	minecraft:grass_block[snowy=false]	minecraft:short_grass
27	6	10	9	0.571429	35.264	7.125	5.051	0.000	-0.125	minecraft:grass_block[snowy=false]	minecraft:short_grass
28	6	9	9	0.571429	26.565	7.125	7.956	0.000	-0.125	minecraft:grass_block[snowy=false]	minecraft:grass_block[snowy=false]
29	6	10	9	0.571429	26.565	7.125	7.125	0.000	-0.125	minecraft:grass_block[snowy=false]	minecraft:short_grass
30	6	9	9	0.571429	0.000	10.025	0.000	-0.125	-0.125	minecraft:grass_block[snowy=false]	minecraft:grass_block[snowy=false]
31	6	10	9	0.571429	0.000	7.125	0.000	0.000	-0.125	minecraft:grass_block[snowy=false]	minecraft:short_grass
32	6	9	9	0.571429	0.000	10.025	0.000	0.125	-0.125	minecraft:grass_block[snowy=false]	minecraft:grass_block[snowy=false]
33	6	9	9	0.571429	26.565	10.025	10.620	0.125	-0.125	minecraft:grass_block[snowy=false]	minecraft:grass_block[snowy=false]
34	6	9	9	0.571429	26.565	7.125	0.000	0.000	0.125	minecraft:grass_block[snowy=false]	minecraft:grass_block[snowy=false]
35	6	9	9	0.571429	35.264	7.125	0.000	0.000	-0.125	minecraft:grass_block[snowy=false]	minecraft:grass_block[snowy=false]
36	6	10	10	0.714286	35.264	7.125	3.576	0.000	-0.125	minecraft:grass_block[snowy=false]	minecraft:grass_block[snowy=false]
37	6	10	10	0.714286	26.565	21.568	3.576	0.375	-0.125	minecraft:grass_block[snowy=false]	minecraft:grass_block[snowy=false]
38	6	11	9	0.571429	35.264	10.025	0.000	0.125	-0.125	minecraft:grass_block[snowy=false]	minecraft:tall_grass[half=upper]
39	6	9	9	0.571429	26.565	7.125	0.000	0.000	-0.125	minecraft:grass_block[snowy=false]	minecraft:grass_block[snowy=false]
40	6	12	9	0.571429	60.983	10.025	0.000	-0.125	-0.125	minecraft:grass_block[snowy=false]	minecraft:stone_slab[type=top, waterlogged=false]
41	6	12	12	1.000000	48.190	10.025	10.620	-0.125	-0.125	minecraft:stone	minecraft:stone
42	6	10	10	0.714286	60.983	7.125	3.576	0.000	-0.125	minecraft:grass_block[snowy=false]	minecraft:grass_block[snowy=false]
43	6	9	9	0.571429	35.264	20.556	0.000	0.000	-0.375	minecraft:grass_block[snowy=false]	minecraft:grass_block[snowy=false]
44	6	9	9	0.571429	0.000	7.125	3.576	0.000	-0.125	minecraft:grass_block[snowy=false]	minecraft:grass_block[snowy=false]
45	6	10	9	0.571429	0.000	21.568	3.576	-0.375	-0.125	minecraft:grass_block[snowy=false]	minecraft:tall_grass[half=lower]
46	6	9	9	0.571429	0.000	10.025	0.000	-0.125	-0.125	minecraft:grass_block[snowy=false]	minecraft:grass_block[snowy=false]
47	6	9	9	0.571429	0.000	7.125	0.000	0.000	-0.125	minecraft:grass_block[snowy=false]	minecraft:grass_block[snowy=false]
48	6	10	9	0.571429	0.000	0.000	0.000	0.000	0.000	minecraft:grass_block[snowy=false]	minecraft:fern
49	6	9	9	0.571429	0.000	0.000	10.620	0.000	0.000	minecraft:grass_block[snowy=false]	minecraft:grass_block[snowy=false]
50	6	11	9	0.571429	0.000	0.000	3.576	0.000	0.000	minecraft:grass_block[snowy=false]	minecraft:large_fern[half=upper]
51	6	11	9	0.571429	0.000	0.000	3.576	0.000	0.000	minecraft:grass_block[snowy=false]	minecraft:large_fern[half=upper]
52	6	10	9	0.571429	0.000	0.000	3.576	0.000	0.000	minecraft:grass_block[snowy=false]	minecraft:fern
53	6	9	9	0.571429	0.000	0.000	3.576	0.000	0.000	minecraft:grass_block[snowy=false]	minecraft:grass_block[snowy=false]
54	6	9	9	0.571429	0.000	0.000	3.576	0.000	0.000	minecraft:grass_block[snowy=false]	minecraft:grass_block[snowy=false]
55	6	9	9	0.571429	0.000	7.125	0.000	-0.125	0.000	minecraft:grass_block[snowy=false]	minecraft:grass_block[snowy=false]
56	6	9	9	0.571429	0.000	7.125	3.576	-0.125	0.000	minecraft:grass_block[snowy=false]	minecraft:grass_block[snowy=false]
57	6	10	9	0.571429	0.000	7.125	3.576	-0.125	0.000	minecraft:grass_block[snowy=false]	minecraft:tall_grass[half=lower]
58	6	10	9	0.571429	26.565	10.025	3.576	-0.125	-0.125	minecraft:grass_block[snowy=false]	minecraft:short_grass
59	6	9	8	0.428571	26.565	10.025	3.576	-0.125	-0.125	minecraft:grass_block[snowy=false]	minecraft:fern
60	6	9	8	0.428571	0.000	7.125	3.576	-0.125	0.000	minecraft:grass_block[snowy=false]	minecraft:fern
61	6	9	8	0.428571	0.000	7.125	3.576	-0.125	0.000	minecraft:grass_block[snowy=false]	minecraft:tall_grass[half=upper]
62	6	8	8	0.428571	0.000	7.125	3.576	-0.125	0.000	minecraft:grass_block[snowy=false]	minecraft:grass_block[snowy=false]
0	7	12	12	1.000000	0.000	7.125	5.051	-0.125	0.000	minecraft:podzol[snowy=false]	minecraft:podzol[snowy=false]
1	7	12	12	1.000000	0.000	7.125	7.956	-0.125	0.000	minecraft:coarse_dirt	minecraft:coarse_dirt
2	7	12	12	1.000000	0.000	10.025	10.025	-0.125	0.125	minecraft:coarse_dirt	minecraft:coarse_dirt
3	7	12	12	1.000000	26.565	10.025	12.699	-0.125	0.125	minecraft:grass_block[snowy=false]	minecraft:grass_block[snowy=false]
4	7	11	11	0.857143	35.264	10.025	7.125	-0.125	0.125	minecraft:dirt	minecraft:dirt
5	7	11	11	0.857143	0.000	15.616	10.620	-0.250	0.125	minecraft:grass_block[snowy=false]	minecraft:grass_block[snowy=false]
6	7	12	11	0.857143	0.000	14.036	14.036	-0.250	0.000	minecraft:grass_block[snowy=false]	minecraft:short_grass
7	7	12	11	0.857143	0.000	20.556	17.676	-0.375	0.000	minecraft:grass_block[snowy=false]	minecraft:tall_grass[half=lower]
8	7	12	11	0.857143	26.565	14.036	20.815	-0.250	0.000	minecraft:grass_block[snowy=false]	minecraft:short_grass
9	7	10	10	0.714286	26.565	21.568	20.815	-0.375	0.125	minecraft:dirt	minecraft:dirt
10	7	10	10	0.714286	26.565	27.266	20.815	-0.500	0.125	minecraft:grass_block[snowy=false]	minecraft:grass_block[snowy=false]
11	7	9	9	0.571429	26.565	33.946	17.354	-0.625	0.250	minecraft:coarse_dirt	minecraft:coarse_dirt
12	7	9	9	0.571429	26.565	33.946	14.036	-0.625	0.250	minecraft:dirt	minecraft:dirt
13	7	8	8	0.428571	45.000	27.266	14.450	-0.500	0.125	minecraft:dirt	minecraft:dirt
14	7	8	7	0.285714	48.190	27.266	12.699	-0.500	0.125	minecraft:dirt	minecraft:granite_stairs[facing=south, half=bottom, shape=inner_right, waterlogged=true]
15	7	8	6	0.142857	35.264	14.036	12.699	-0.250	0.000	minecraft:dirt	minecraft:water[level=0]
16	7	8	6	0.142857	0.000	14.036	10.025	-0.250	0.000	minecraft:dirt	minecraft:water[level=0]
17	7	8	6	0.142857	0.000	10.025	7.956	-0.125	-0.125	minecraft:dirt	minecraft:water[level=0]
18	7	8	6	0.142857	35.264	10.025	5.051	0.125	-0.125	minecraft:dirt	minecraft:water[level=0]
19	7	8	7	0.285714	35.264	19.471	0.000	0.250	-0.250	minecraft:dirt	minecraft:water[level=1]
20	7	8	7	0.285714	26.565	27.938	3.576	0.375	-0.375	minecraft:dirt	minecraft:granite_stairs[facing=north, half=bottom, shape=straight, waterlogged=false]
21	7	8	7	0.285714	35.264	27.938	5.051	0.375	-0.375	minecraft:dirt	minecraft:granite_stairs[facing=east, half=bottom, shape=inner_left, waterlogged=false]
22	7	8	8	0.428571	48.190	27.938	10.025	0.375	-0.375	minecraft:dirt	minecraft:dirt
23	7	8	8	0.428571	35.264	24.261	12.699	0.250	-0.375	minecraft:dirt	minecraft:dirt
24	7	9	9	0.571429	35.264	24.261	11.180	0.250	-0.375	minecraft:dirt	minecraft:dirt
25	7	9	9	0.571429	0.000	19.471	12.699	0.250	-0.250	minecraft:dirt	minecraft:dirt
26	7	9	9	0.571429	26.565	15.616	12.699	0.125	-0.250	minecraft:dirt	minecraft:dirt
27	7	9	9	0.571429	0.000	10.025	7.956	0.125	-0.125	minecraft:grass_block[snowy=false]	minecraft:grass_block[snowy=false]
28	7	9	9	0.571429	0.000	7.125	7.956	0.000	-0.125	minecraft:grass_block[snowy=false]	minecraft:grass_block[snowy=false]
29	7	9	9	0.571429	0.000	7.125	7.125	0.000	-0.125	minecraft:grass_block[snowy=false]	minecraft:grass_block[snowy=false]
30	7	9	9	0.571429	0.000	7.125	7.125	0.000	-0.125	minecraft:grass_block[snowy=false]	minecraft:grass_block[snowy=false]
31	7	10	9	0.571429	0.000	7.125	3.576	0.000	-0.125	minecraft:grass_block[snowy=false]	minecraft:short_grass
32	7	9	9	0.571429	0.000	7.125	10.620	0.000	-0.125	minecraft:grass_block[snowy=false]	minecraft:grass_block[snowy=false]
33	7	9	9	0.571429	0.000	7.125	10.620	0.000	0.125	minecraft:grass_block[snowy=false]	minecraft:grass_block[snowy=false]
34	7	10	9	0.571429	0.000	15.616	10.620	0.125	0.250	minecraft:grass_block[snowy=false]	minecraft:fern
35	7	9	9	0.571429	0.000	0.000	0.000	0.000	0.000	minecraft:grass_block[snowy=false]	minecraft:grass_block[snowy=false]
36	7	9	9	0.571429	26.565	21.568	0.000	0.375	-0.125	minecraft:grass_block[snowy=false]	minecraft:grass_block[snowy=false]
37	7	9	9	0.571429	35.264	21.568	0.000	0.375	-0.125	minecraft:grass_block[snowy=false]	minecraft:grass_block[snowy=false]
38	7	10	10	0.714286	0.000	24.261	3.576	0.375	-0.250	minecraft:grass_block[snowy=false]	minecraft:grass_block[snowy=false]
39	7	11	9	0.571429	60.983	20.556	0.000	0.000	-0.375	minecraft:grass_block[snowy=false]	minecraft:oak_leaves[distance=7, persistent=true, waterlogged=false]
40	7	12	12	1.000000	64.761	7.125	10.620	0.000	-0.125	minecraft:stone	minecraft:stone
41	7	12	12	1.000000	0.000	7.125	10.620	0.000	-0.125	minecraft:stone	minecraft:stone
42	7	12	12	1.000000	57.688	10.025	10.620	-0.125	-0.125	minecraft:stone	minecraft:stone
43	7	9	9	0.571429	56.310	7.125	0.000	0.000	-0.125	minecraft:grass_block[snowy=false]	minecraft:grass_block[snowy=false]
44	7	9	9	0.571429	0.000	21.568	0.000	-0.375	-0.125	minecraft:grass_block[snowy=false]	minecraft:grass_block[snowy=false]
45	7	10	9	0.571429	0.000	21.568	0.000	-0.375	-0.125	minecraft:grass_block[snowy=false]	minecraft:fern
46	7	10	9	0.571429	0.000	20.556	3.576	-0.375	0.000	minecraft:grass_block[snowy=false]	minecraft:tall_grass[half=lower]
47	7	9	9	0.571429	0.000	0.000	0.000	0.000	0.000	minecraft:grass_block[snowy=false]	minecraft:grass_block[snowy=false]
48	7	10	9	0.571429	0.000	0.000	10.620	0.000	0.000	minecraft:grass_block[snowy=false]	minecraft:fern
49	7	9	9	0.571429	0.000	0.000	10.620	0.000	0.000	minecraft:grass_block[snowy=false]	minecraft:grass_block[snowy=false]
50	7	11	9	0.571429	0.000	0.000	10.620	0.000	0.000	minecraft:grass_block[snowy=false]	minecraft:large_fern[half=upper]
51	7	9	9	0.571429	0.000	0.000	3.576	0.000	0.000	minecraft:grass_block[snowy=false]	minecraft:grass_block[snowy=false]
52	7	9	9	0.571429	0.000	0.000	3.576	0.000	0.000	minecraft:grass_block[snowy=false]	minecraft:grass_block[snowy=false]
53	7	11	9	0.571429	0.000	0.000	3.576	0.000	0.000	minecraft:grass_block[snowy=false]	minecraft:tall_grass[half=upper]
54	7	10	9	0.571429	0.000	0.000	3.576	0.000	0.000	minecraft:grass_block[snowy=false]	minecraft:tall_grass[half=lower]
55	7	10	9	0.571429	0.000	7.125	3.576	-0.125	0.000	minecraft:grass_block[snowy=false]	minecraft:tall_grass[half=lower]
56	7	9	9	0.571429	0.000	7.125	3.576	-0.125	0.000	minecraft:grass_block[snowy=false]	minecraft:grass_block[snowy=false]
57	7	9	9	0.571429	0.000	7.125	3.576	-0.125	0.000	minecraft:grass_block[snowy=false]	minecraft:grass_block[snowy=false]
58	7	10	9	0.571429	26.565	10.025	3.576	-0.125	-0.125	minecraft:grass_block[snowy=false]	minecraft:fern
59	7	8	8	0.428571	26.565	10.025	3.576	-0.125	-0.125	minecraft:grass_block[snowy=false]	minecraft:grass_block[snowy=false]
60	7	8	8	0.428571	0.000	7.125	3.576	-0.125	0.000	minecraft:grass_block[snowy=false]	minecraft:grass_block[snowy=false]
61	7	8	8	0.428571	0.000	7.125	3.576	-0.125	0.000	minecraft:grass_block[snowy=false]	minecraft:grass_block[snowy=false]
62	7	9	8	0.428571	0.000	7.125	3.576	-0.125	0.000	minecraft:grass_block[snowy=false]	minecraft:fern
0	8	12	12	1.000000	0.000	0.000	3.576	0.000	0.000	minecraft:podzol[snowy=false]	minecraft:podzol[snowy=false]
1	8	12	12	1.000000	0.000	7.125	7.956	-0.125	0.000	minecraft:podzol[snowy=false]	minecraft:podzol[snowy=false]
2	8	12	12	1.000000	0.000	7.125	7.125	-0.125	0.000	minecraft:grass_block[snowy=false]	minecraft:grass_block[snowy=false]
3	8	12	12	1.000000	0.000	10.025	11.180	-0.125	0.125	minecraft:grass_block[snowy=false]	minecraft:grass_block[snowy=false]
4	8	12	12	1.000000	35.264	10.025	10.620	-0.125	0.125	minecraft:grass_block[snowy=false]	minecraft:grass_block[snowy=false]
5	8	11	11	0.857143	26.565	14.036	10.620	-0.250	0.000	minecraft:grass_block[snowy=false]	minecraft:grass_block[snowy=false]
6	8	12	11	0.857143	0.000	14.036	10.620	-0.250	0.000	minecraft:grass_block[snowy=false]	minecraft:short_grass
7	8	12	11	0.857143	0.000	20.556	14.450	-0.375	0.000	minecraft:grass_block[snowy=false]	minecraft:tall_grass[half=lower]
8	8	11	11	0.857143	26.565	20.556	20.815	-0.375	0.000	minecraft:grass_block[snowy=false]	minecraft:grass_block[snowy=false]
9	8	10	10	0.714286	26.565	20.556	20.815	-0.375	0.000	minecraft:dirt	minecraft:dirt
10	8	10	10	0.714286	26.565	21.568	20.815	-0.375	0.125	minecraft:grass_block[snowy=false]	minecraft:grass_block[snowy=false]
11	8	9	9	0.571429	35.264	27.266	17.676	-0.500	0.125	minecraft:coarse_dirt	minecraft:coarse_dirt
12	8	9	9	0.571429	26.565	32.513	18.602	-0.625	0.125	minecraft:coarse_dirt	minecraft:coarse_dirt
13	8	9	8	0.428571	26.565	27.266	15.616	-0.500	0.125	minecraft:dirt	minecraft:granite_slab[type=bottom, waterlogged=false]
14	8	8	8	0.428571	35.264	27.266	15.616	-0.500	0.125	minecraft:coarse_dirt	minecraft:coarse_dirt
15	8	8	7	0.285714	48.190	19.471	11.180	-0.250	0.250	minecraft:dirt	minecraft:water[level=1]
16	8	8	6	0.142857	26.565	14.036	11.180	-0.250	0.000	minecraft:dirt	minecraft:water[level=1]
17	8	8	6	0.142857	0.000	7.125	5.051	-0.125	0.000	minecraft:dirt	minecraft:water[level=1]
18	8	8	6	0.142857	26.565	10.025	11.180	-0.125	-0.125	minecraft:dirt	minecraft:water[level=1]
19	8	8	7	0.285714	35.264	10.025	10.620	0.125	-0.125	minecraft:dirt	minecraft:water[level=2]
20	8	8	7	0.285714	0.000	24.261	14.036	0.250	-0.375	minecraft:dirt	minecraft:water[level=3]
21	8	8	7	0.285714	0.000	27.938	14.450	0.375	-0.375	minecraft:dirt	minecraft:granite_slab[type=bottom, waterlogged=false]
22	8	8	7	0.285714	35.264	27.938	14.450	0.375	-0.375	minecraft:dirt	minecraft:granite_slab[type=bottom, waterlogged=false]
23	8	8	8	0.428571	35.264	24.261	15.616	0.250	-0.375	minecraft:dirt	minecraft:dirt
24	8	8	8	0.428571	35.264	24.261	17.354	0.250	-0.375	minecraft:dirt	minecraft:dirt
25	8	9	9	0.571429	35.264	19.471	14.851	0.250	-0.250	minecraft:dirt	minecraft:dirt
26	8	10	9	0.571429	0.000	19.471	14.851	0.250	-0.250	minecraft:grass_block[snowy=false]	minecraft:fern
27	8	10	9	0.571429	0.000	15.616	10.025	0.125	-0.250	minecraft:grass_block[snowy=false]	minecraft:short_grass
28	8	11	9	0.571429	0.000	15.616	10.025	0.125	-0.250	minecraft:grass_block[snowy=false]	minecraft:large_fern[half=upper]
29	8	9	9	0.571429	0.000	7.125	7.956	0.000	-0.125	minecraft:grass_block[snowy=false]	minecraft:grass_block[snowy=false]
30	8	10	9	0.571429	0.000	7.125	7.956	0.000	-0.125	minecraft:grass_block[snowy=false]	minecraft:short_grass
31	8	10	9	0.571429	0.000	7.125	14.450	0.000	-0.125	minecraft:grass_block[snowy=false]	minecraft:short_grass
32	8	9	9	0.571429	0.000	7.125	14.450	0.000	-0.125	minecraft:grass_block[snowy=false]	minecraft:grass_block[snowy=false]
33	8	9	9	0.571429	0.000	7.125	11.180	0.000	-0.125	minecraft:grass_block[snowy=false]	minecraft:grass_block[snowy=false]
34	8	10	9	0.571429	0.000	7.125	3.576	0.000	0.125	minecraft:grass_block[snowy=false]	minecraft:short_grass
35	8	9	9	0.571429	0.000	21.568	3.576	0.375	-0.125	minecraft:grass_block[snowy=false]	minecraft:grass_block[snowy=false]
36	8	9	9	0.571429	0.000	21.568	3.576	0.375	-0.125	minecraft:grass_block[snowy=false]	minecraft:grass_block[snowy=false]
37	8	9	9	0.571429	0.000	21.568	3.576	0.375	-0.125	minecraft:grass_block[snowy=false]	minecraft:grass_block[snowy=false]
38	8	9	9	0.571429	57.688	7.125	3.576	0.000	-0.125	minecraft:grass_block[snowy=false]	minecraft:grass_block[snowy=false]
39	8	12	12	1.000000	60.983	14.036	3.576	0.000	-0.250	minecraft:stone	minecraft:stone
40	8	12	12	1.000000	0.000	7.125	3.576	0.000	-0.125	minecraft:stone	minecraft:stone
41	8	12	12	1.000000	57.688	7.125	3.576	0.000	-0.125	minecraft:stone	minecraft:stone
42	8	12	9	0.571429	64.761	7.125	3.576	0.000	-0.125	minecraft:grass_block[snowy=false]	minecraft:stone_slab[type=bottom, waterlogged=false]
43	8	9	9	0.571429	0.000	21.568	10.620	-0.375	-0.125	minecraft:grass_block[snowy=false]	minecraft:grass_block[snowy=false]
44	8	9	9	0.571429	0.000	21.568	3.576	-0.375	-0.125	minecraft:grass_block[snowy=false]	minecraft:grass_block[snowy=false]
45	8	10	9	0.571429	0.000	21.568	3.576	-0.375	-0.125	minecraft:grass_block[snowy=false]	minecraft:tall_grass[half=lower]
46	8	10	9	0.571429	0.000	0.000	3.576	0.000	0.000	minecraft:grass_block[snowy=false]	minecraft:tall_grass[half=upper]
47	8	10	9	0.571429	0.000	0.000	11.180	0.000	0.000	minecraft:grass_block[snowy=false]	minecraft:fern
48	8	11	9	0.571429	0.000	0.000	11.180	0.000	0.000	minecraft:grass_block[snowy=false]	minecraft:large_fern[half=upper]
49	8	11	9	0.571429	0.000	0.000	11.180	0.000	0.000	minecraft:grass_block[snowy=false]	minecraft:large_fern[half=upper]
50	8	11	9	0.571429	0.000	0.000	3.576	0.000	0.000	minecraft:grass_block[snowy=false]	minecraft:large_fern[half=upper]
51	8	9	9	0.571429	0.000	0.000	5.051	0.000	0.000	minecraft:grass_block[snowy=false]	minecraft:grass_block[snowy=false]
52	8	9	9	0.571429	0.000	0.000	3.576	0.000	0.000	minecraft:grass_block[snowy=false]	minecraft:grass_block[snowy=false]
53	8	10	9	0.571429	0.000	0.000	5.051	0.000	0.000	minecraft:grass_block[snowy=false]	minecraft:fern
54	8	10	9	0.571429	0.000	0.000	5.051	0.000	0.000	minecraft:grass_block[snowy=false]	minecraft:short_grass
55	8	11	9	0.571429	0.000	7.125	3.576	-0.125	0.000	minecraft:grass_block[snowy=false]	minecraft:large_fern[half=upper]
56	8	10	9	0.571429	0.000	7.125	3.576	-0.125	0.000	minecraft:grass_block[snowy=false]	minecraft:short_grass
57	8	10	9	0.571429	0.000	10.025	3.576	-0.125	-0.125	minecraft:grass_block[snowy=false]	minecraft:short_grass
58	8	10	9	0.571429	26.565	10.025	3.576	-0.125	-0.125	minecraft:grass_block[snowy=false]	minecraft:tall_grass[half=lower]
59	8	9	8	0.428571	26.565	7.125	5.051	-0.125	0.000	minecraft:grass_block[snowy=false]	minecraft:fern
60	8	9	8	0.428571	0.000	7.125	5.051	-0.125	0.000	minecraft:grass_block[snowy=false]	minecraft:short_grass
61	8	9	8	0.428571	0.000	7.125	7.956	-0.125	0.000	minecraft:grass_block[snowy=false]	minecraft:tall_grass[half=lower]
62	8	9	8	0.428571	0.000	7.125	7.956	-0.125	0.000	minecraft:grass_block[snowy=false]	minecraft:short_grass
0	9	12	12	1.000000	0.000	0.000	3.576	0.000	0.000	minecraft:grass_block[snowy=false]	minecraft:grass_block[snowy=false]
1	9	12	12	1.000000	0.000	7.125	7.125	-0.125	0.000	minecraft:grass_block[snowy=false]	minecraft:grass_block[snowy=false]
2	9	12	12	1.000000	0.000	7.125	7.125	-0.125	0.000	minecraft:grass_block[snowy=false]	minecraft:grass_block[snowy=false]
3	9	12	12	1.000000	0.000	10.025	7.956	-0.125	0.125	minecraft:grass_block[snowy=false]	minecraft:grass_block[snowy=false]
4	9	12	12	1.000000	26.565	7.125	10.620	-0.125	0.000	minecraft:grass_block[snowy=false]	minecraft:grass_block[snowy=false]
5	9	11	11	0.857143	35.264	14.036	10.620	-0.250	0.000	minecraft:dirt	minecraft:dirt
6	9	12	11	0.857143	0.000	14.036	10.620	-0.250	0.000	minecraft:grass_block[snowy=false]	minecraft:short_grass
7	9	11	11	0.857143	0.000	14.036	14.036	-0.250	0.000	minecraft:grass_block[snowy=false]	minecraft:grass_block[snowy=false]
8	9	11	11	0.857143	35.264	21.568	20.815	-0.375	-0.125	minecraft:grass_block[snowy=false]	minecraft:grass_block[snowy=false]
9	9	10	10	0.714286	26.565	20.556	20.815	-0.375	0.000	minecraft:grass_block[snowy=false]	minecraft:grass_block[snowy=false]
10	9	10	10	0.714286	0.000	21.568	20.815	-0.375	0.125	minecraft:grass_block[snowy=false]	minecraft:grass_block[snowy=false]
11	9	10	10	0.714286	35.264	26.565	20.815	-0.500	0.000	minecraft:grass_block[snowy=false]	minecraft:grass_block[snowy=false]
12	9	9	9	0.571429	45.000	32.513	18.602	-0.625	0.125	minecraft:coarse_dirt	minecraft:coarse_dirt
13	9	9	8	0.428571	35.264	27.266	15.616	-0.500	0.125	minecraft:dirt	minecraft:granite_slab[type=bottom, waterlogged=false]
14	9	8	8	0.428571	26.565	27.266	15.616	-0.500	0.125	minecraft:coarse_dirt	minecraft:coarse_dirt
15	9	8	7	0.285714	45.000	29.206	15.616	-0.500	0.250	minecraft:dirt	minecraft:water[level=2]
16	9	8	6	0.142857	35.264	15.616	10.620	-0.250	0.125	minecraft:dirt	minecraft:water[level=2]
17	9	8	6	0.142857	0.000	7.125	7.956	-0.125	0.000	minecraft:dirt	minecraft:water[level=2]
18	9	8	6	0.142857	0.000	7.125	5.051	-0.125	0.000	minecraft:dirt	minecraft:water[level=2]
19	9	8	6	0.142857	26.565	14.036	11.180	0.000	-0.250	minecraft:dirt	minecraft:water[level=3]
20	9	8	7	0.285714	26.565	24.261	10.620	0.250	-0.375	minecraft:dirt	minecraft:water[level=4]
21	9	8	7	0.285714	0.000	24.261	14.450	0.250	-0.375	minecraft:dirt	minecraft:water[level=5]
22	9	8	7	0.285714	26.565	27.938	14.450	0.375	-0.375	minecraft:dirt	minecraft:granite_slab[type=bottom, waterlogged=false]
23	9	8	7	0.285714	35.264	27.938	15.616	0.375	-0.375	minecraft:dirt	minecraft:granite_slab[type=bottom, waterlogged=false]
24	9	8	8	0.428571	26.565	19.471	17.354	0.250	-0.250	minecraft:dirt	minecraft:dirt
25	9	9	8	0.428571	35.264	24.261	14.851	0.250	-0.375	minecraft:dirt	minecraft:granite_slab[type=bottom, waterlogged=false]
26	9	10	9	0.571429	35.264	19.471	14.851	0.250	-0.250	minecraft:grass_block[snowy=false]	minecraft:short_grass
27	9	10	9	0.571429	0.000	19.471	20.023	0.250	-0.250	minecraft:grass_block[snowy=false]	minecraft:short_grass
28	9	10	9	0.571429	0.000	15.616	10.025	0.125	-0.250	minecraft:grass_block[snowy=false]	minecraft:short_grass
29	9	10	9	0.571429	0.000	10.025	7.956	0.125	-0.125	minecraft:grass_block[snowy=false]	minecraft:short_grass
30	9	10	9	0.571429	0.000	0.000	7.956	0.000	0.000	minecraft:grass_block[snowy=false]	minecraft:short_grass
31	9	10	9	0.571429	0.000	0.000	14.450	0.000	0.000	minecraft:grass_block[snowy=false]	minecraft:short_grass
32	9	9	9	0.571429	0.000	0.000	14.450	0.000	0.000	minecraft:grass_block[snowy=false]	minecraft:grass_block[snowy=false]
33	9	9	9	0.571429	0.000	7.125	11.180	0.000	-0.125	minecraft:grass_block[snowy=false]	minecraft:grass_block[snowy=false]
34	9	10	9	0.571429	45.000	7.125	3.576	0.000	-0.125	minecraft:grass_block[snowy=false]	minecraft:short_grass
35	9	10	9	0.571429	0.000	15.616	3.576	0.250	-0.125	minecraft:grass_block[snowy=false]	minecraft:short_grass
36	9	9	9	0.571429	0.000	21.568	3.576	0.375	-0.125	minecraft:grass_block[snowy=false]	minecraft:grass_block[snowy=false]
37	9	9	9	0.571429	0.000	14.036	3.576	0.250	0.000	minecraft:grass_block[snowy=false]	minecraft:grass_block[snowy=false]
38	9	9	9	0.571429	45.000	0.000	3.576	0.000	0.000	minecraft:grass_block[snowy=false]	minecraft:grass_block[snowy=false]
39	9	11	11	0.857143	64.761	7.125	3.576	0.000	-0.125	minecraft:stone	minecraft:stone
40	9	12	12	1.000000	56.310	7.125	3.576	0.000	-0.125	minecraft:stone	minecraft:stone
41	9	12	11	0.857143	64.761	7.125	3.576	0.000	-0.125	minecraft:stone	minecraft:oak_leaves[distance=7, persistent=true, waterlogged=false]
42	9	10	9	0.571429	45.000	7.125	10.620	0.000	-0.125	minecraft:grass_block[snowy=false]	minecraft:fern
43	9	10	9	0.571429	0.000	15.616	10.620	-0.250	-0.125	minecraft:grass_block[snowy=false]	minecraft:tall_grass[half=lower]
44	9	10	9	0.571429	0.000	20.556	7.125	-0.375	0.000	minecraft:grass_block[snowy=false]	minecraft:tall_grass[half=lower]
45	9	10	9	0.571429	0.000	14.036	3.576	-0.250	0.000	minecraft:grass_block[snowy=false]	minecraft:fern
46	9	9	9	0.571429	0.000	0.000	3.576	0.000	0.000	minecraft:grass_block[snowy=false]	minecraft:grass_block[snowy=false]
47	9	11	9	0.571429	0.000	0.000	7.956	0.000	0.000	minecraft:grass_block[snowy=false]	minecraft:large_fern[half=upper]
48	9	9	9	0.571429	0.000	0.000	11.180	0.000	0.000	minecraft:grass_block[snowy=false]	minecraft:grass_block[snowy=false]
49	9	9	9	0.571429	0.000	0.000	7.125	0.000	0.000	minecraft:grass_block[snowy=false]	minecraft:grass_block[snowy=false]
50	9	9	9	0.571429	0.000	0.000	0.000	0.000	0.000	minecraft:grass_block[snowy=false]	minecraft:grass_block[snowy=false]
51	9	9	9	0.571429	0.000	0.000	3.576	0.000	0.000	minecraft:grass_block[snowy=false]	minecraft:grass_block[snowy=false]
52	9	9	9	0.571429	0.000	0.000	5.051	0.000	0.000	minecraft:grass_block[snowy=false]	minecraft:grass_block[snowy=false]
53	9	9	9	0.571429	0.000	0.000	5.051	0.000	0.000	minecraft:grass_block[snowy=false]	minecraft:grass_block[snowy=false]
54	9	9	9	0.571429	0.000	0.000	5.051	0.000	0.000	minecraft:grass_block[snowy=false]	minecraft:grass_block[snowy=false]
55	9	10	9	0.571429	0.000	7.125	3.576	-0.125	0.000	minecraft:grass_block[snowy=false]	minecraft:fern
56	9	9	9	0.571429	0.000	7.125	3.576	-0.125	0.000	minecraft:grass_block[snowy=false]	minecraft:grass_block[snowy=false]
57	9	10	9	0.571429	0.000	10.025	3.576	-0.125	-0.125	minecraft:grass_block[snowy=false]	minecraft:fern
58	9	10	9	0.571429	35.264	10.025	3.576	-0.125	-0.125	minecraft:grass_block[snowy=false]	minecraft:fern
59	9	8	8	0.428571	26.565	7.125	5.051	-0.125	0.000	minecraft:grass_block[snowy=false]	minecraft:grass_block[snowy=false]
60	9	9	8	0.428571	0.000	7.125	5.051	-0.125	0.000	minecraft:grass_block[snowy=false]	minecraft:short_grass
61	9	8	8	0.428571	0.000	7.125	7.956	-0.125	0.000	minecraft:grass_block[snowy=false]	minecraft:grass_block[snowy=false]
62	9	9	8	0.428571	0.000	7.125	7.956	-0.125	0.000	minecraft:grass_block[snowy=false]	minecraft:tall_grass[half=lower]
0	10	12	12	1.000000	0.000	7.125	7.125	0.000	-0.125	minecraft:grass_block[snowy=false]	minecraft:grass_block[snowy=false]
1	10	12	12	1.000000	0.000	0.000	7.125	0.000	0.000	minecraft:grass_block[snowy=false]	minecraft:grass_block[snowy=false]
2	10	12	12	1.000000	0.000	10.025	7.125	-0.125	-0.125	minecraft:grass_block[snowy=false]	minecraft:grass_block[snowy=false]
3	10	12	12	1.000000	0.000	10.025	7.956	-0.125	-0.125	minecraft:grass_block[snowy=false]	minecraft:grass_block[snowy=false]
4	10	12	12	1.000000	0.000	14.036	10.620	-0.250	0.000	minecraft:grass_block[snowy=false]	minecraft:grass_block[snowy=false]
5	10	12	12	1.000000	35.264	14.036	11.180	-0.250	0.000	minecraft:grass_block[snowy=false]	minecraft:grass_block[snowy=false]
6	10	11	11	0.857143	26.565	14.036	11.180	-0.250	0.000	minecraft:grass_block[snowy=false]	minecraft:grass_block[snowy=false]
7	10	12	11	0.857143	26.565	15.616	14.036	-0.250	-0.125	minecraft:grass_block[snowy=false]	minecraft:short_grass
8	10	10	10	0.714286	35.264	21.568	17.354	-0.375	-0.125	minecraft:grass_block[snowy=false]	minecraft:grass_block[snowy=false]
9	10	10	10	0.714286	0.000	21.568	20.815	-0.375	-0.125	minecraft:grass_block[snowy=false]	minecraft:grass_block[snowy=false]
10	10	10	10	0.714286	0.000	21.568	20.815	-0.375	-0.125	minecraft:grass_block[snowy=false]	minecraft:grass_block[snowy=false]
11	10	11	10	0.714286	26.565	26.565	17.676	-0.500	0.000	minecraft:grass_block[snowy=false]	minecraft:short_grass
12	10	9	9	0.571429	26.565	20.556	18.602	-0.375	0.000	minecraft:coarse_dirt	minecraft:coarse_dirt
13	10	10	9	0.571429	26.565	27.266	18.602	-0.500	0.125	minecraft:grass_block[snowy=false]	minecraft:short_grass
14	10	8	8	0.428571	45.000	27.266	18.602	-0.500	0.125	minecraft:coarse_dirt	minecraft:coarse_dirt
15	10	8	7	0.285714	26.565	24.261	15.616	-0.375	0.250	minecraft:dirt	minecraft:granite_slab[type=bottom, waterlogged=false]
16	10	8	7	0.285714	35.264	19.471	7.956	-0.250	0.250	minecraft:dirt	minecraft:water[level=3]
17	10	8	6	0.142857	35.264	15.616	7.125	-0.250	0.125	minecraft:dirt	minecraft:water[level=3]
18	10	8	6	0.142857	35.264	14.036	7.956	-0.250	0.000	minecraft:dirt	minecraft:water[level=3]
19	10	8	7	0.285714	35.264	14.036	7.956	0.000	-0.250	minecraft:dirt	minecraft:water[level=4]
20	10	8	7	0.285714	26.565	15.616	7.125	0.125	-0.250	minecraft:dirt	minecraft:water[level=5]
21	10	8	7	0.285714	35.264	19.471	14.036	0.250	-0.250	minecraft:dirt	minecraft:water[level=6]
22	10	8	6	0.142857	26.565	24.261	14.450	0.250	-0.375	minecraft:dirt	minecraft:water[level=7]
23	10	8	7	0.285714	45.000	24.261	15.616	0.250	-0.375	minecraft:dirt	minecraft:granite_slab[type=bottom, waterlogged=false]
24	10	8	8	0.428571	35.264	15.616	15.616	0.250	-0.125	minecraft:dirt	minecraft:dirt
25	10	8	8	0.428571	0.000	19.471	12.699	0.250	-0.250	minecraft:dirt	minecraft:dirt
26	10	9	8	0.428571	35.264	27.938	20.023	0.375	-0.375	minecraft:dirt	minecraft:granite_slab[type=bottom, waterlogged=false]
27	10	9	9	0.571429	26.565	15.616	12.699	0.250	-0.125	minecraft:grass_block[snowy=false]	minecraft:grass_block[snowy=false]
28	10	9	9	0.571429	0.000	10.025	10.025	0.125	-0.125	minecraft:grass_block[snowy=false]	minecraft:grass_block[snowy=false]
29	10	10	9	0.571429	0.000	7.125	7.956	0.125	0.000	minecraft:grass_block[snowy=false]	minecraft:short_grass
30	10	10	9	0.571429	0.000	20.556	11.180	0.375	0.000	minecraft:grass_block[snowy=false]	minecraft:short_grass
31	10	9	9	0.571429	0.000	0.000	7.956	0.000	0.000	minecraft:grass_block[snowy=false]	minecraft:grass_block[snowy=false]
32	10	10	9	0.571429	0.000	0.000	5.051	0.000	0.000	minecraft:grass_block[snowy=false]	minecraft:short_grass
33	10	10	9	0.571429	54.736	0.000	5.051	0.000	0.000	minecraft:grass_block[snowy=false]	minecraft:oak_leaves[distance=7, persistent=true, waterlogged=false]
34	10	12	11	0.857143	56.310	0.000	5.051	0.000	0.000	minecraft:stone	minecraft:stone_slab[type=top, waterlogged=false]
35	10	9	9	0.571429	48.190	0.000	3.576	0.000	0.000	minecraft:grass_block[snowy=false]	minecraft:grass_block[snowy=false]
36	10	9	9	0.571429	0.000	7.125	3.576	0.000	-0.125	minecraft:grass_block[snowy=false]	minecraft:grass_block[snowy=false]
37	10	9	9	0.571429	0.000	7.125	3.576	0.000	-0.125	minecraft:grass_block[snowy=false]	minecraft:grass_block[snowy=false]
38	10	9	9	0.571429	0.000	14.036	3.576	-0.250	0.000	minecraft:grass_block[snowy=false]	minecraft:grass_block[snowy=false]
39	10	9	9	0.571429	45.000	0.000	3.576	0.000	0.000	minecraft:grass_block[snowy=false]	minecraft:grass_block[snowy=false]
40	10	9	9	0.571429	56.310	0.000	3.576	0.000	0.000	minecraft:grass_block[snowy=false]	minecraft:grass_block[snowy=false]
41	10	10	9	0.571429	45.000	20.556	3.576	0.000	-0.375	minecraft:grass_block[snowy=false]	minecraft:fern
42	10	12	9	0.571429	0.000	7.125	7.956	0.000	-0.125	minecraft:grass_block[snowy=false]	minecraft:tall_grass[half=upper]
43	10	10	9	0.571429	0.000	0.000	10.620	0.000	0.000	minecraft:grass_block[snowy=false]	minecraft:tall_grass[half=lower]
44	10	9	9	0.571429	0.000	0.000	3.576	0.000	0.000	minecraft:grass_block[snowy=false]	minecraft:grass_block[snowy=false]
45	10	10	9	0.571429	0.000	0.000	3.576	0.000	0.000	minecraft:grass_block[snowy=false]	minecraft:tall_grass[half=upper]
46	10	10	9	0.571429	0.000	0.000	3.576	0.000	0.000	minecraft:grass_block[snowy=false]	minecraft:fern
47	10	9	9	0.571429	0.000	0.000	3.576	0.000	0.000	minecraft:grass_block[snowy=false]	minecraft:grass_block[snowy=false]
48	10	11	9	0.571429	0.000	0.000	0.000	0.000	0.000	minecraft:grass_block[snowy=false]	minecraft:large_fern[half=upper]
49	10	10	9	0.571429	0.000	0.000	0.000	0.000	0.000	minecraft:grass_block[snowy=false]	minecraft:fern
50	10	10	9	0.571429	0.000	0.000	3.576	0.000	0.000	minecraft:grass_block[snowy=false]	minecraft:fern
51	10	9	9	0.571429	0.000	0.000	5.051	0.000	0.000	minecraft:grass_block[snowy=false]	minecraft:grass_block[snowy=false]
52	10	9	9	0.571429	0.000	0.000	5.051	0.000	0.000	minecraft:grass_block[snowy=false]	minecraft:grass_block[snowy=false]
53	10	9	9	0.571429	0.000	0.000	5.051	0.000	0.000	minecraft:grass_block[snowy=false]	minecraft:grass_block[snowy=false]
54	10	9	9	0.571429	0.000	7.125	5.051	-0.125	0.000	minecraft:grass_block[snowy=false]	minecraft:grass_block[snowy=false]
55	10	10	9	0.571429	0.000	7.125	3.576	-0.125	0.000	minecraft:grass_block[snowy=false]	minecraft:tall_grass[half=lower]
56	10	11	9	0.571429	0.000	10.025	3.576	-0.125	-0.125	minecraft:grass_block[snowy=false]	minecraft:large_fern[half=upper]
57	10	9	9	0.571429	26.565	10.025	3.576	-0.125	-0.125	minecraft:grass_block[snowy=false]	minecraft:grass_block[snowy=false]
58	10	8	8	0.428571	35.264	10.025	5.051	-0.125	-0.125	minecraft:grass_block[snowy=false]	minecraft:grass_block[snowy=false]
59	10	8	8	0.428571	0.000	7.125	5.051	-0.125	0.000	minecraft:grass_block[snowy=false]	minecraft:grass_block[snowy=false]
60	10	8	8	0.428571	0.000	7.125	3.576	-0.125	0.000	minecraft:grass_block[snowy=false]	minecraft:grass_block[snowy=false]
61	10	8	8	0.428571	0.000	7.125	5.051	-0.125	0.000	minecraft:grass_block[snowy=false]	minecraft:grass_block[snowy=false]
62	10	8	8	0.428571	0.000	0.000	5.051	0.000	0.000	minecraft:grass_block[snowy=false]	minecraft:grass_block[snowy=false]
0	11	12	12	1.000000	0.000	7.125	7.125	0.000	-0.125	minecraft:grass_block[snowy=false]	minecraft:grass_block[snowy=false]
1	11	12	12	1.000000	0.000	7.125	7.956	0.000	-0.125	minecraft:grass_block[snowy=false]	minecraft:grass_block[snowy=false]
2	11	12	12	1.000000	0.000	15.616	7.125	-0.125	-0.250	minecraft:grass_block[snowy=false]	minecraft:grass_block[snowy=false]
3	11	12	12	1.000000	0.000	15.616	7.956	-0.125	-0.250	minecraft:grass_block[snowy=false]	minecraft:grass_block[snowy=false]
4	11	12	12	1.000000	0.000	14.036	12.699	-0.250	0.000	minecraft:grass_block[snowy=false]	minecraft:grass_block[snowy=false]
5	11	12	12	1.000000	35.264	14.036	14.450	-0.250	0.000	minecraft:grass_block[snowy=false]	minecraft:grass_block[snowy=false]
6	11	11	11	0.857143	26.565	14.036	11.180	-0.250	0.000	minecraft:grass_block[snowy=false]	minecraft:grass_block[snowy=false]
7	11	11	11	0.857143	26.565	15.616	14.450	-0.250	-0.125	minecraft:grass_block[snowy=false]	minecraft:grass_block[snowy=false]
8	11	10	10	0.714286	26.565	21.568	17.354	-0.375	-0.125	minecraft:grass_block[snowy=false]	minecraft:grass_block[snowy=false]
9	11	10	10	0.714286	0.000	27.266	17.354	-0.500	-0.125	minecraft:grass_block[snowy=false]	minecraft:grass_block[snowy=false]
10	11	11	10	0.714286	0.000	21.568	17.354	-0.375	-0.125	minecraft:grass_block[snowy=false]	minecraft:short_grass
11	11	10	10	0.714286	26.565	26.565	17.676	-0.500	0.000	minecraft:grass_block[snowy=false]	minecraft:grass_block[snowy=false]
12	11	9	9	0.571429	45.000	20.556	21.568	-0.375	0.000	minecraft:coarse_dirt	minecraft:coarse_dirt
13	11	9	8	0.428571	35.264	21.568	21.568	-0.375	0.125	minecraft:dirt	minecraft:granite_slab[type=bottom, waterlogged=false]
14	11	8	8	0.428571	26.565	24.261	18.602	-0.375	0.250	minecraft:coarse_dirt	minecraft:coarse_dirt
15	11	8	7	0.285714	35.264	24.261	14.450	-0.375	0.250	minecraft:dirt	minecraft:granite_slab[type=bottom, waterlogged=false]
16	11	8	7	0.285714	0.000	24.261	11.180	-0.375	0.250	minecraft:dirt	minecraft:water[level=4]
17	11	8	7	0.285714	26.565	19.471	7.125	-0.250	0.250	minecraft:dirt	minecraft:water[level=4]
18	11	8	7	0.285714	26.565	15.616	7.125	-0.250	0.125	minecraft:dirt	minecraft:water[level=4]
19	11	8	7	0.285714	26.565	0.000	7.956	0.000	0.000	minecraft:dirt	minecraft:water[level=5]
20	11	8	6	0.142857	35.264	7.125	7.125	0.000	-0.125	minecraft:dirt	minecraft:water[level=6]
21	11	8	6	0.142857	26.565	10.025	11.180	0.125	-0.125	minecraft:dirt	minecraft:water[level=7]
22	11	7	6	0.142857	26.565	15.616	11.180	0.125	-0.250	minecraft:dirt	minecraft:water[level=0]
23	11	7	7	0.285714	35.264	19.471	15.616	0.250	-0.250	minecraft:coarse_dirt	minecraft:coarse_dirt
24	11	8	7	0.285714	35.264	21.568	15.616	0.375	-0.125	minecraft:dirt	minecraft:granite_slab[type=bottom, waterlogged=false]
25	11	8	8	0.428571	26.565	24.261	19.471	0.375	-0.250	minecraft:dirt	minecraft:dirt
26	11	9	8	0.428571	26.565	24.261	18.602	0.375	-0.250	minecraft:dirt	minecraft:granite_slab[type=bottom, waterlogged=false]
27	11	10	9	0.571429	35.264	15.616	14.851	0.250	-0.125	minecraft:grass_block[snowy=false]	minecraft:short_grass
28	11	9	9	0.571429	26.565	15.616	12.699	0.250	-0.125	minecraft:grass_block[snowy=false]	minecraft:grass_block[snowy=false]
29	11	10	9	0.571429	0.000	20.556	11.180	0.375	0.000	minecraft:grass_block[snowy=false]	minecraft:short_grass
30	11	9	9	0.571429	0.000	26.565	11.180	0.500	0.000	minecraft:grass_block[snowy=false]	minecraft:grass_block[snowy=false]
31	11	9	9	0.571429	0.000	7.125	7.956	0.125	0.000	minecraft:grass_block[snowy=false]	minecraft:grass_block[snowy=false]
32	11	10	9	0.571429	45.000	0.000	7.956	0.000	0.000	minecraft:grass_block[snowy=false]	minecraft:short_grass
33	11	12	11	0.857143	56.310	0.000	5.051	0.000	0.000	minecraft:stone	minecraft:stone_slab[type=bottom, waterlogged=false]
34	11	12	12	1.000000	26.565	0.000	5.051	0.000	0.000	minecraft:stone	minecraft:stone
35	11	12	10	0.714286	56.310	0.000	3.576	0.000	0.000	minecraft:stone	minecraft:stone_slab[type=double, waterlogged=false]
36	11	9	9	0.571429	26.565	0.000	3.576	0.000	0.000	minecraft:grass_block[snowy=false]	minecraft:grass_block[snowy=false]
37	11	9	9	0.571429	0.000	14.036	3.576	-0.250	0.000	minecraft:grass_block[snowy=false]	minecraft:grass_block[snowy=false]
38	11	9	9	0.571429	0.000	21.568	7.125	-0.375	-0.125	minecraft:grass_block[snowy=false]	minecraft:grass_block[snowy=false]
39	11	9	9	0.571429	0.000	7.125	10.620	-0.125	0.000	minecraft:grass_block[snowy=false]	minecraft:grass_block[snowy=false]
40	11	9	9	0.571429	0.000	20.556	3.576	0.000	-0.375	minecraft:grass_block[snowy=false]	minecraft:grass_block[snowy=false]
41	11	10	9	0.571429	0.000	20.556	7.956	0.000	-0.375	minecraft:grass_block[snowy=false]	minecraft:tall_grass[half=lower]
42	11	10	9	0.571429	0.000	20.556	11.180	0.000	-0.375	minecraft:grass_block[snowy=false]	minecraft:fern
43	11	11	9	0.571429	0.000	0.000	5.051	0.000	0.000	minecraft:grass_block[snowy=false]	minecraft:tall_grass[half=upper]
44	11	10	9	0.571429	0.000	0.000	3.576	0.000	0.000	minecraft:grass_block[snowy=false]	minecraft:tall_grass[half=lower]
45	11	9	9	0.571429	0.000	0.000	3.576	0.000	0.000	minecraft:grass_block[snowy=false]	minecraft:grass_block[snowy=false]
46	11	10	9	0.571429	0.000	0.000	0.000	0.000	0.000	minecraft:grass_block[snowy=false]	minecraft:tall_grass[half=lower]
47	11	10	9	0.571429	0.000	0.000	0.000	0.000	0.000	minecraft:grass_block[snowy=false]	minecraft:tall_grass[half=lower]
48	11	10	9	0.571429	0.000	0.000	0.000	0.000	0.000	minecraft:grass_block[snowy=false]	minecraft:tall_grass[half=lower]
49	11	11	9	0.571429	0.000	0.000	3.576	0.000	0.000	minecraft:grass_block[snowy=false]	minecraft:large_fern[half=upper]
50	11	9	9	0.571429	0.000	0.000	5.051	0.000	0.000	minecraft:grass_block[snowy=false]	minecraft:grass_block[snowy=false]
51	11	9	9	0.571429	0.000	0.000	5.051	0.000	0.000	minecraft:grass_block[snowy=false]	minecraft:grass_block[snowy=false]
52	11	9	9	0.571429	0.000	0.000	5.051	0.000	0.000	minecraft:grass_block[snowy=false]	minecraft:grass_block[snowy=false]
53	11	9	9	0.571429	0.000	0.000	5.051	0.000	0.000	minecraft:grass_block[snowy=false]	minecraft:grass_block[snowy=false]
54	11	11	9	0.571429	0.000	7.125	5.051	-0.125	0.000	minecraft:grass_block[snowy=false]	minecraft:large_fern[half=upper]
55	11	9	9	0.571429	0.000	10.025	3.576	-0.125	-0.125	minecraft:grass_block[snowy=false]	minecraft:grass_block[snowy=false]
56	11	10	9	0.571429	0.000	10.025	3.576	-0.125	-0.125	minecraft:grass_block[snowy=false]	minecraft:fern
57	11	11	9	0.571429	35.264	10.025	3.576	-0.125	-0.125	minecraft:grass_block[snowy=false]	minecraft:large_fern[half=upper]
58	11	8	8	0.428571	26.565	10.025	5.051	-0.125	-0.125	minecraft:grass_block[snowy=false]	minecraft:grass_block[snowy=false]
59	11	9	8	0.428571	0.000	7.125	5.051	-0.125	0.000	minecraft:grass_block[snowy=false]	minecraft:short_grass
60	11	9	8	0.428571	0.000	7.125	5.051	-0.125	0.000	minecraft:grass_block[snowy=false]	minecraft:fern
61	11	8	8	0.428571	0.000	7.125	5.051	-0.125	0.000	minecraft:grass_block[snowy=false]	minecraft:grass_block[snowy=false]
62	11	9	8	0.428571	0.000	0.000	5.051	0.000	0.000	minecraft:grass_block[snowy=false]	minecraft:fern
0	12	12	12	1.000000	0.000	0.000	7.125	0.000	0.000	minecraft:grass_block[snowy=false]	minecraft:grass_block[snowy=false]
1	12	12	12	1.000000	0.000	7.125	7.956	-0.125	0.000	minecraft:grass_block[snowy=false]	minecraft:grass_block[snowy=false]
2	12	12	12	1.000000	0.000	10.025	7.956	-0.125	-0.125	minecraft:grass_block[snowy=false]	minecraft:grass_block[snowy=false]
3	12	12	12	1.000000	0.000	15.616	7.125	-0.125	-0.250	minecraft:grass_block[snowy=false]	minecraft:grass_block[snowy=false]
4	12	12	12	1.000000	35.264	15.616	12.699	-0.250	-0.125	minecraft:grass_block[snowy=false]	minecraft:grass_block[snowy=false]
5	12	12	11	0.857143	35.264	14.036	12.699	-0.250	0.000	minecraft:grass_block[snowy=false]	minecraft:short_grass
6	12	11	11	0.857143	0.000	15.616	11.180	-0.250	-0.125	minecraft:grass_block[snowy=false]	minecraft:grass_block[snowy=false]
7	12	11	11	0.857143	26.565	15.616	11.180	-0.250	-0.125	minecraft:grass_block[snowy=false]	minecraft:grass_block[snowy=false]
8	12	11	10	0.714286	26.565	21.568	17.676	-0.375	-0.125	minecraft:grass_block[snowy=false]	minecraft:short_grass
9	12	12	10	0.714286	0.000	20.556	17.676	-0.375	0.000	minecraft:grass_block[snowy=false]	minecraft:tall_grass[half=upper]
10	12	10	10	0.714286	0.000	21.568	17.354	-0.375	-0.125	minecraft:grass_block[snowy=false]	minecraft:grass_block[snowy=false]
11	12	10	10	0.714286	35.264	20.556	17.354	-0.375	0.000	minecraft:grass_block[snowy=false]	minecraft:grass_block[snowy=false]
12	12	9	9	0.571429	45.000	20.556	20.815	-0.375	0.000	minecraft:coarse_dirt	minecraft:coarse_dirt
13	12	9	8	0.428571	26.565	21.568	18.602	-0.375	0.125	minecraft:dirt	minecraft:granite_slab[type=bottom, waterlogged=false]
14	12	8	8	0.428571	0.000	21.568	17.676	-0.375	0.125	minecraft:dirt	minecraft:dirt
15	12	8	8	0.428571	35.264	24.261	18.602	-0.375	0.250	minecraft:coarse_dirt	minecraft:coarse_dirt
16	12	8	7	0.285714	26.565	24.261	11.180	-0.375	0.250	minecraft:dirt	minecraft:granite_stairs[facing=south, half=bottom, shape=outer_right, waterlogged=false]
17	12	8	7	0.285714	0.000	19.471	7.956	-0.250	0.250	minecraft:dirt	minecraft:granite_slab[type=bottom, waterlogged=false]
18	12	8	7	0.285714	0.000	15.616	7.125	-0.250	0.125	minecraft:dirt	minecraft:water[level=5]
19	12	8	7	0.285714	35.264	14.036	7.956	-0.250	0.000	minecraft:dirt	minecraft:water[level=6]
20	12	8	6	0.142857	26.565	7.125	7.956	0.000	-0.125	minecraft:dirt	minecraft:water[level=7]
21	12	7	6	0.142857	0.000	10.025	7.956	0.125	-0.125	minecraft:dirt	minecraft:water[level=0]
22	12	7	6	0.142857	0.000	10.025	11.180	0.125	-0.125	minecraft:dirt	minecraft:water[level=0]
23	12	7	6	0.142857	35.264	15.616	11.180	0.125	-0.250	minecraft:dirt	minecraft:granite_stairs[facing=east, half=bottom, shape=straight, waterlogged=true]
24	12	8	7	0.285714	45.000	19.471	15.616	0.250	-0.250	minecraft:dirt	minecraft:granite_slab[type=bottom, waterlogged=false]
25	12	8	8	0.428571	35.264	24.261	15.616	0.375	-0.250	minecraft:dirt	minecraft:dirt
26	12	8	8	0.428571	0.000	24.261	19.471	0.375	-0.250	minecraft:dirt	minecraft:dirt
27	12	9	8	0.428571	26.565	21.568	12.699	0.375	-0.125	minecraft:dirt	minecraft:granite_stairs[facing=east, half=bottom, shape=outer_left, waterlogged=false]
28	12	9	8	0.428571	35.264	15.616	12.699	0.250	-0.125	minecraft:dirt	minecraft:granite_stairs[facing=north, half=bottom, shape=straight, waterlogged=false]
29	12	9	9	0.571429	26.565	7.125	11.180	0.125	0.000	minecraft:grass_block[snowy=false]	minecraft:grass_block[snowy=false]
30	12	9	9	0.571429	0.000	20.556	11.180	0.375	0.000	minecraft:grass_block[snowy=false]	minecraft:grass_block[snowy=false]
31	12	10	9	0.571429	0.000	7.125	11.180	0.125	0.000	minecraft:grass_block[snowy=false]	minecraft:fern
32	12	10	9	0.571429	0.000	7.125	7.956	0.125	0.000	minecraft:grass_block[snowy=false]	minecraft:short_grass
33	12	12	9	0.571429	54.736	0.000	5.051	0.000	0.000	minecraft:grass_block[snowy=false]	minecraft:oak_leaves[distance=7, persistent=true, waterlogged=false]
34	12	12	11	0.857143	56.310	0.000	5.051	0.000	0.000	minecraft:stone	minecraft:stone_slab[type=double, waterlogged=false]
35	12	10	9	0.571429	48.190	0.000	5.051	0.000	0.000	minecraft:grass_block[snowy=false]	minecraft:oak_leaves[distance=7, persistent=true, waterlogged=false]
36	12	9	9	0.571429	0.000	0.000	5.051	0.000	0.000	minecraft:grass_block[snowy=false]	minecraft:grass_block[snowy=false]
37	12	9	9	0.571429	0.000	0.000	3.576	0.000	0.000	minecraft:grass_block[snowy=false]	minecraft:grass_block[snowy=false]
38	12	9	9	0.571429	0.000	14.036	3.576	-0.250	0.000	minecraft:grass_block[snowy=false]	minecraft:grass_block[snowy=false]
39	12	9	9	0.571429	0.000	20.556	7.125	0.000	-0.375	minecraft:grass_block[snowy=false]	minecraft:grass_block[snowy=false]
40	12	10	9	0.571429	0.000	20.556	3.576	0.000	-0.375	minecraft:grass_block[snowy=false]	minecraft:tall_grass[half=lower]
41	12	10	9	0.571429	0.000	20.556	3.576	0.000	-0.375	minecraft:grass_block[snowy=false]	minecraft:fern
42	12	10	9	0.571429	0.000	0.000	7.956	0.000	0.000	minecraft:grass_block[snowy=false]	minecraft:tall_grass[half=lower]
43	12	10	9	0.571429	0.000	0.000	3.576	0.000	0.000	minecraft:grass_block[snowy=false]	minecraft:tall_grass[half=lower]
44	12	9	9	0.571429	0.000	0.000	3.576	0.000	0.000	minecraft:grass_block[snowy=false]	minecraft:grass_block[snowy=false]
45	12	10	9	0.571429	0.000	0.000	7.125	0.000	0.000	minecraft:grass_block[snowy=false]	minecraft:fern
46	12	9	9	0.571429	0.000	0.000	3.576	0.000	0.000	minecraft:grass_block[snowy=false]	minecraft:grass_block[snowy=false]
47	12	9	9	0.571429	0.000	0.000	3.576	0.000	0.000	minecraft:grass_block[snowy=false]	minecraft:grass_block[snowy=false]
48	12	10	9	0.571429	0.000	0.000	3.576	0.000	0.000	minecraft:grass_block[snowy=false]	minecraft:tall_grass[half=lower]
49	12	11	9	0.571429	0.000	0.000	5.051	0.000	0.000	minecraft:grass_block[snowy=false]	minecraft:large_fern[half=upper]
50	12	10	9	0.571429	0.000	0.000	5.051	0.000	0.000	minecraft:grass_block[snowy=false]	minecraft:tall_grass[half=lower]
51	12	10	9	0.571429	0.000	0.000	5.051	0.000	0.000	minecraft:grass_block[snowy=false]	minecraft:short_grass
52	12	10	9	0.571429	0.000	0.000	5.051	0.000	0.000	minecraft:grass_block[snowy=false]	minecraft:short_grass
53	12	9	9	0.571429	0.000	10.025	5.051	-0.125	-0.125	minecraft:grass_block[snowy=false]	minecraft:grass_block[snowy=false]
54	12	9	9	0.571429	0.000	10.025	5.051	-0.125	-0.125	minecraft:grass_block[snowy=false]	minecraft:grass_block[snowy=false]
55	12	9	9	0.571429	0.000	10.025	3.576	-0.125	-0.125	minecraft:grass_block[snowy=false]	minecraft:grass_block[snowy=false]
56	12	11	9	0.571429	26.565	10.025	3.576	-0.125	-0.125	minecraft:grass_block[snowy=false]	minecraft:large_fern[half=upper]
57	12	8	8	0.428571	35.264	10.025	5.051	-0.125	-0.125	minecraft:grass_block[snowy=false]	minecraft:grass_block[snowy=false]
58	12	8	8	0.428571	0.000	10.025	5.051	-0.125	-0.125	minecraft:grass_block[snowy=false]	minecraft:grass_block[snowy=false]
59	12	8	8	0.428571	0.000	7.125	3.576	-0.125	0.000	minecraft:grass_block[snowy=false]	minecraft:grass_block[snowy=false]
60	12	8	8	0.428571	0.000	7.125	5.051	-0.125	0.000	minecraft:grass_block[snowy=false]	minecraft:grass_block[snowy=false]
61	12	8	8	0.428571	0.000	7.125	5.051	0.000	-0.125	minecraft:grass_block[snowy=false]	minecraft:grass_block[snowy=false]
62	12	8	8	0.428571	0.000	7.125	5.051	0.000	-0.125	minecraft:grass_block[snowy=false]	minecraft:grass_block[snowy=false]
0	13	12	12	1.000000	26.565	7.125	7.956	-0.125	0.000	minecraft:grass_block[snowy=false]	minecraft:grass_block[snowy=false]
1	13	12	12	1.000000	0.000	10.025	7.956	-0.125	-0.125	minecraft:grass_block[snowy=false]	minecraft:grass_block[snowy=false]
2	13	12	12	1.000000	26.565	10.025	7.956	-0.125	-0.125	minecraft:grass_block[snowy=false]	minecraft:grass_block[snowy=false]
3	13	12	12	1.000000	35.264	15.616	11.180	-0.125	-0.250	minecraft:grass_block[snowy=false]	minecraft:grass_block[snowy=false]
4	13	12	11	0.857143	35.264	15.616	7.956	-0.250	-0.125	minecraft:grass_block[snowy=false]	minecraft:short_grass
5	13	12	11	0.857143	0.000	14.036	12.699	-0.250	0.000	minecraft:grass_block[snowy=false]	minecraft:short_grass
6	13	11	11	0.857143	0.000	15.616	11.180	-0.250	-0.125	minecraft:grass_block[snowy=false]	minecraft:grass_block[snowy=false]
7	13	11	11	0.857143	35.264	21.568	12.699	-0.375	-0.125	minecraft:grass_block[snowy=false]	minecraft:grass_block[snowy=false]
8	13	10	10	0.714286	26.565	15.616	18.602	-0.250	-0.125	minecraft:grass_block[snowy=false]	minecraft:grass_block[snowy=false]
9	13	12	10	0.714286	26.565	20.556	17.676	-0.375	0.000	minecraft:grass_block[snowy=false]	minecraft:tall_grass[half=upper]
10	13	10	10	0.714286	35.264	21.568	17.354	-0.375	-0.125	minecraft:grass_block[snowy=false]	minecraft:grass_block[snowy=false]
11	13	10	9	0.571429	35.264	21.568	20.556	-0.375	-0.125	minecraft:grass_block[snowy=false]	minecraft:short_grass
12	13	9	9	0.571429	26.565	20.556	17.676	-0.375	0.000	minecraft:coarse_dirt	minecraft:coarse_dirt
13	13	9	8	0.428571	35.264	21.568	18.602	-0.375	0.125	minecraft:dirt	minecraft:granite_stairs[facing=west, half=bottom, shape=straight, waterlogged=false]
14	13	9	8	0.428571	0.000	21.568	17.676	-0.375	0.125	minecraft:dirt	minecraft:granite_slab[type=bottom, waterlogged=false]
15	13	9	8	0.428571	26.565	24.261	18.602	-0.375	0.250	minecraft:coarse_dirt	minecraft:short_grass
16	13	8	7	0.285714	35.264	24.261	12.699	-0.375	0.250	minecraft:dirt	minecraft:granite_stairs[facing=west, half=bottom, shape=straight, waterlogged=false]
17	13	8	7	0.285714	0.000	19.471	11.180	-0.250	0.250	minecraft:dirt	minecraft:granite_slab[type=bottom, waterlogged=false]
18	13	8	7	0.285714	26.565	19.471	7.125	-0.250	0.250	minecraft:dirt	minecraft:granite_slab[type=bottom, waterlogged=false]
19	13	8	6	0.142857	35.264	15.616	5.051	-0.250	0.125	minecraft:dirt	minecraft:water[level=7]
20	13	7	6	0.142857	0.000	0.000	7.956	0.000	0.000	minecraft:dirt	minecraft:water[level=0]
21	13	7	6	0.142857	0.000	7.125	7.956	0.000	-0.125	minecraft:dirt	minecraft:water[level=0]
22	13	7	6	0.142857	0.000	10.025	11.180	0.125	-0.125	minecraft:dirt	minecraft:water[level=0]
23	13	7	6	0.142857	26.565	15.616	11.180	0.250	-0.125	minecraft:dirt	minecraft:water[level=0]
24	13	7	7	0.285714	35.264	19.471	12.699	0.250	-0.250	minecraft:coarse_dirt	minecraft:coarse_dirt
25	13	8	7	0.285714	35.264	21.568	15.616	0.375	-0.125	minecraft:dirt	minecraft:granite_stairs[facing=east, half=bottom, shape=straight, waterlogged=false]
26	13	8	8	0.428571	35.264	24.261	15.616	0.375	-0.250	minecraft:dirt	minecraft:dirt
27	13	8	8	0.428571	0.000	24.261	14.851	0.375	-0.250	minecraft:dirt	minecraft:dirt
28	13	9	8	0.428571	26.565	15.616	12.699	0.250	-0.125	minecraft:dirt	minecraft:granite_slab[type=bottom, waterlogged=false]
29	13	9	9	0.571429	26.565	14.036	12.699	0.250	0.000	minecraft:dirt	minecraft:dirt
30	13	9	9	0.571429	0.000	7.125	10.620	0.125	0.000	minecraft:grass_block[snowy=false]	minecraft:grass_block[snowy=false]
31	13	9	9	0.571429	0.000	7.125	10.620	0.125	0.000	minecraft:grass_block[snowy=false]	minecraft:grass_block[snowy=false]
32	13	9	9	0.571429	0.000	7.125	7.125	0.125	0.000	minecraft:grass_block[snowy=false]	minecraft:grass_block[snowy=false]
33	13	10	9	0.571429	0.000	0.000	7.956	0.000	0.000	minecraft:grass_block[snowy=false]	minecraft:short_grass
34	13	11	9	0.571429	45.000	0.000	5.051	0.000	0.000	minecraft:grass_block[snowy=false]	minecraft:oak_leaves[distance=7, persistent=true, waterlogged=false]
35	13	9	9	0.571429	0.000	0.000	7.956	0.000	0.000	minecraft:grass_block[snowy=false]	minecraft:grass_block[snowy=false]
36	13	10	9	0.571429	0.000	0.000	7.956	0.000	0.000	minecraft:grass_block[snowy=false]	minecraft:short_grass
37	13	9	9	0.571429	0.000	0.000	3.576	0.000	0.000	minecraft:grass_block[snowy=false]	minecraft:grass_block[snowy=false]
38	13	9	9	0.571429	0.000	0.000	3.576	0.000	0.000	minecraft:grass_block[snowy=false]	minecraft:grass_block[snowy=false]
39	13	9	9	0.571429	0.000	14.036	7.125	0.000	-0.250	minecraft:grass_block[snowy=false]	minecraft:grass_block[snowy=false]
40	13	9	9	0.571429	0.000	20.556	7.125	0.000	-0.375	minecraft:grass_block[snowy=false]	minecraft:grass_block[snowy=false]
41	13	10	9	0.571429	0.000	14.036	7.125	0.000	-0.250	minecraft:grass_block[snowy=false]	minecraft:tall_grass[half=lower]
42	13	10	9	0.571429	0.000	0.000	7.125	0.000	0.000	minecraft:grass_block[snowy=false]	minecraft:fern
43	13	9	9	0.571429	0.000	0.000	7.125	0.000	0.000	minecraft:grass_block[snowy=false]	minecraft:grass_block[snowy=false]
44	13	10	9	0.571429	0.000	0.000	3.576	0.000	0.000	minecraft:grass_block[snowy=false]	minecraft:short_grass
45	13	9	9	0.571429	0.000	0.000	3.576	0.000	0.000	minecraft:grass_block[snowy=false]	minecraft:grass_block[snowy=false]
46	13	10	9	0.571429	0.000	0.000	3.576	0.000	0.000	minecraft:grass_block[snowy=false]	minecraft:fern
47	13	10	9	0.571429	0.000	0.000	3.576	0.000	0.000	minecraft:grass_block[snowy=false]	minecraft:tall_grass[half=lower]
48	13	9	9	0.571429	0.000	0.000	3.576	0.000	0.000	minecraft:grass_block[snowy=false]	minecraft:grass_block[snowy=false]
49	13	10	9	0.571429	0.000	0.000	5.051	0.000	0.000	minecraft:grass_block[snowy=false]	minecraft:fern
50	13	11	9	0.571429	0.000	0.000	5.051	0.000	0.000	minecraft:grass_block[snowy=false]	minecraft:large_fern[half=upper]
51	13	11	9	0.571429	0.000	0.000	5.051	0.000	0.000	minecraft:grass_block[snowy=false]	minecraft:large_fern[half=upper]
52	13	10	9	0.571429	0.000	7.125	5.051	0.000	-0.125	minecraft:grass_block[snowy=false]	minecraft:short_grass
53	13	11	9	0.571429	0.000	10.025	5.051	-0.125	-0.125	minecraft:grass_block[snowy=false]	minecraft:large_fern[half=upper]
54	13	11	9	0.571429	0.000	10.025	5.051	-0.125	-0.125	minecraft:grass_block[snowy=false]	minecraft:large_fern[half=upper]
55	13	10	9	0.571429	0.000	10.025	3.576	-0.125	-0.125	minecraft:grass_block[snowy=false]	minecraft:short_grass
56	13	11	9	0.571429	35.264	10.025	3.576	-0.125	-0.125	minecraft:grass_block[snowy=false]	minecraft:large_fern[half=upper]
57	13	8	8	0.428571	26.565	10.025	5.051	-0.125	-0.125	minecraft:grass_block[snowy=false]	minecraft:grass_block[snowy=false]
58	13	8	8	0.428571	0.000	10.025	5.051	-0.125	-0.125	minecraft:grass_block[snowy=false]	minecraft:grass_block[snowy=false]
59	13	8	8	0.428571	0.000	7.125	3.576	-0.125	0.000	minecraft:grass_block[snowy=false]	minecraft:grass_block[snowy=false]
60	13	8	8	0.428571	0.000	7.125	5.051	-0.125	0.000	minecraft:grass_block[snowy=false]	minecraft:grass_block[snowy=false]
61	13	9	8	0.428571	0.000	7.125	5.051	0.000	-0.125	minecraft:grass_block[snowy=false]	minecraft:large_fern[half=upper]
62	13	8	8	0.428571	0.000	7.125	5.051	0.000	-0.125	minecraft:grass_block[snowy=false]	minecraft:grass_block[snowy=false]
0	14	12	11	0.857143	35.264	0.000	5.051	0.000	0.000	minecraft:dirt	minecraft:water[level=4]
1	14	12	12	1.000000	26.565	7.125	11.180	-0.125	0.000	minecraft:grass_block[snowy=false]	minecraft:grass_block[snowy=false]
2	14	12	11	0.857143	48.190	7.125	7.956	0.000	-0.125	minecraft:grass_block[snowy=false]	minecraft:short_grass
3	14	12	11	0.857143	45.000	15.616	10.025	-0.125	-0.250	minecraft:grass_block[snowy=false]	minecraft:short_grass
4	14	11	11	0.857143	0.000	10.025	7.956	-0.125	-0.125	minecraft:grass_block[snowy=false]	minecraft:grass_block[snowy=false]
5	14	11	11	0.857143	0.000	24.261	10.025	-0.375	-0.250	minecraft:grass_block[snowy=false]	minecraft:grass_block[snowy=false]
6	14	11	11	0.857143	26.565	15.616	12.699	-0.250	-0.125	minecraft:grass_block[snowy=false]	minecraft:grass_block[snowy=false]
7	14	10	10	0.714286	35.264	15.616	12.699	-0.250	-0.125	minecraft:grass_block[snowy=false]	minecraft:grass_block[snowy=false]
8	14	10	10	0.714286	26.565	14.036	12.699	-0.250	0.000	minecraft:grass_block[snowy=false]	minecraft:grass_block[snowy=false]
9	14	9	9	0.571429	35.264	14.036	17.676	-0.250	0.000	minecraft:grass_block[snowy=false]	minecraft:grass_block[snowy=false]
10	14	9	9	0.571429	26.565	21.568	14.450	-0.375	-0.125	minecraft:grass_block[snowy=false]	minecraft:grass_block[snowy=false]
11	14	9	9	0.571429	0.000	15.616	17.354	-0.250	-0.125	minecraft:grass_block[snowy=false]	minecraft:grass_block[snowy=false]
12	14	9	9	0.571429	0.000	14.036	17.354	-0.250	0.000	minecraft:coarse_dirt	minecraft:coarse_dirt
13	14	9	9	0.571429	35.264	14.036	17.354	-0.250	0.000	minecraft:coarse_dirt	minecraft:coarse_dirt
14	14	9	8	0.428571	35.264	15.616	17.676	-0.250	0.125	minecraft:dirt	minecraft:granite_slab[type=bottom, waterlogged=false]
15	14	9	8	0.428571	0.000	24.261	15.616	-0.375	0.250	minecraft:coarse_dirt	minecraft:short_grass
16	14	8	8	0.428571	35.264	21.568	10.025	-0.375	0.125	minecraft:coarse_dirt	minecraft:coarse_dirt
17	14	8	7	0.285714	35.264	24.261	10.025	-0.375	0.250	minecraft:dirt	minecraft:granite_stairs[facing=south, half=bottom, shape=straight, waterlogged=false]
18	14	8	7	0.285714	26.565	19.471	7.125	-0.250	0.250	minecraft:dirt	minecraft:granite_slab[type=bottom, waterlogged=false]
19	14	7	6	0.142857	35.264	14.036	5.051	-0.250	0.000	minecraft:dirt	minecraft:granite_stairs[facing=west, half=bottom, shape=straight, waterlogged=true]
20	14	7	6	0.142857	0.000	0.000	5.051	0.000	0.000	minecraft:dirt	minecraft:water[level=0]
21	14	7	6	0.142857	0.000	7.125	3.576	0.000	-0.125	minecraft:dirt	minecraft:water[level=0]
22	14	7	6	0.142857	0.000	0.000	11.180	0.000	0.000	minecraft:dirt	minecraft:water[level=0]
23	14	7	6	0.142857	45.000	15.616	11.180	0.250	-0.125	minecraft:dirt	minecraft:water[level=0]
24	14	8	8	0.428571	35.264	19.471	11.180	0.250	-0.250	minecraft:sugar_cane[age=9]	minecraft:sugar_cane[age=9]
25	14	8	7	0.285714	26.565	20.556	10.025	0.375	0.000	minecraft:dirt	minecraft:granite_stairs[facing=north, half=bottom, shape=outer_right, waterlogged=false]
26	14	8	7	0.285714	35.264	21.568	15.616	0.375	-0.125	minecraft:dirt	minecraft:granite_stairs[facing=north, half=bottom, shape=inner_right, waterlogged=false]
27	14	8	8	0.428571	26.565	24.261	12.699	0.375	-0.250	minecraft:dirt	minecraft:dirt
28	14	9	8	0.428571	26.565	10.025	12.699	0.125	-0.125	minecraft:dirt	minecraft:granite_slab[type=bottom, waterlogged=false]
29	14	10	9	0.571429	26.565	14.036	12.699	0.250	0.000	minecraft:grass_block[snowy=false]	minecraft:fern
30	14	9	9	0.571429	0.000	14.036	11.180	0.250	0.000	minecraft:dirt	minecraft:dirt
31	14	9	9	0.571429	0.000	7.125	11.180	0.125	0.000	minecraft:grass_block[snowy=false]	minecraft:grass_block[snowy=false]
32	14	10	9	0.571429	0.000	7.125	3.576	0.125	0.000	minecraft:grass_block[snowy=false]	minecraft:short_grass
33	14	10	9	0.571429	0.000	0.000	7.125	0.000	0.000	minecraft:grass_block[snowy=false]	minecraft:short_grass
34	14	9	9	0.571429	0.000	14.036	7.956	0.000	-0.250	minecraft:grass_block[snowy=false]	minecraft:grass_block[snowy=false]
35	14	9	9	0.571429	0.000	0.000	5.051	0.000	0.000	minecraft:grass_block[snowy=false]	minecraft:grass_block[snowy=false]
36	14	9	9	0.571429	0.000	0.000	7.956	0.000	0.000	minecraft:grass_block[snowy=false]	minecraft:grass_block[snowy=false]
37	14	9	9	0.571429	0.000	0.000	7.125	0.000	0.000	minecraft:grass_block[snowy=false]	minecraft:grass_block[snowy=false]
38	14	9	9	0.571429	0.000	0.000	3.576	0.000	0.000	minecraft:grass_block[snowy=false]	minecraft:grass_block[snowy=false]
39	14	9	9	0.571429	0.000	0.000	3.576	0.000	0.000	minecraft:grass_block[snowy=false]	minecraft:grass_block[snowy=false]
40	14	10	9	0.571429	0.000	0.000	3.576	0.000	0.000	minecraft:grass_block[snowy=false]	minecraft:tall_grass[half=lower]
41	14	10	9	0.571429	0.000	0.000	14.036	0.000	0.000	minecraft:grass_block[snowy=false]	minecraft:tall_grass[half=lower]
42	14	10	9	0.571429	0.000	0.000	7.125	0.000	0.000	minecraft:grass_block[snowy=false]	minecraft:fern
43	14	10	9	0.571429	0.000	0.000	3.576	0.000	0.000	minecraft:grass_block[snowy=false]	minecraft:tall_grass[half=lower]
44	14	9	9	0.571429	0.000	0.000	3.576	0.000	0.000	minecraft:grass_block[snowy=false]	minecraft:grass_block[snowy=false]
45	14	11	9	0.571429	0.000	0.000	3.576	0.000	0.000	minecraft:grass_block[snowy=false]	minecraft:tall_grass[half=upper]
46	14	10	9	0.571429	0.000	0.000	3.576	0.000	0.000	minecraft:grass_block[snowy=false]	minecraft:large_fern[half=lower]
47	14	10	9	0.571429	0.000	0.000	3.576	0.000	0.000	minecraft:grass_block[snowy=false]	minecraft:tall_grass[half=lower]
48	14	9	9	0.571429	0.000	0.000	5.051	0.000	0.000	minecraft:grass_block[snowy=false]	minecraft:grass_block[snowy=false]
49	14	10	9	0.571429	0.000	0.000	5.051	0.000	0.000	minecraft:grass_block[snowy=false]	minecraft:tall_grass[half=lower]
50	14	11	9	0.571429	0.000	0.000	5.051	0.000	0.000	minecraft:grass_block[snowy=false]	minecraft:large_fern[half=upper]
51	14	10	9	0.571429	0.000	7.125	5.051	0.000	-0.125	minecraft:grass_block[snowy=false]	minecraft:tall_grass[half=lower]
52	14	11	9	0.571429	0.000	10.025	5.051	-0.125	-0.125	minecraft:grass_block[snowy=false]	minecraft:large_fern[half=upper]
53	14	11	9	0.571429	0.000	10.025	5.051	-0.125	-0.125	minecraft:grass_block[snowy=false]	minecraft:large_fern[half=upper]
54	14	11	9	0.571429	0.000	10.025	5.051	-0.125	-0.125	minecraft:grass_block[snowy=false]	minecraft:large_fern[half=upper]
55	14	10	9	0.571429	35.264	10.025	3.576	-0.125	-0.125	minecraft:grass_block[snowy=false]	minecraft:tall_grass[half=lower]
56	14	8	8	0.428571	35.264	10.025	5.051	-0.125	-0.125	minecraft:grass_block[snowy=false]	minecraft:grass_block[snowy=false]
57	14	8	8	0.428571	0.000	10.025	5.051	-0.125	-0.125	minecraft:grass_block[snowy=false]	minecraft:grass_block[snowy=false]
58	14	8	8	0.428571	0.000	7.125	5.051	-0.125	0.000	minecraft:grass_block[snowy=false]	minecraft:grass_block[snowy=false]
59	14	8	8	0.428571	0.000	7.125	5.051	-0.125	0.000	minecraft:grass_block[snowy=false]	minecraft:grass_block[snowy=false]
60	14	8	8	0.428571	0.000	0.000	5.051	0.000	0.000	minecraft:grass_block[snowy=false]	minecraft:grass_block[snowy=false]
61	14	8	8	0.428571	0.000	7.125	5.051	0.000	-0.125	minecraft:grass_block[snowy=false]	minecraft:grass_block[snowy=false]
62	14	9	8	0.428571	0.000	7.125	5.051	0.000	-0.125	minecraft:grass_block[snowy=false]	minecraft:large_fern[half=upper]
0	15	12	11	0.857143	26.565	0.000	5.051	0.000	0.000	minecraft:dirt	minecraft:water[level=5]
1	15	12	11	0.857143	26.565	7.125	7.956	0.000	-0.125	minecraft:dirt	minecraft:water[level=6]
2	15	12	10	0.714286	26.565	10.025	5.051	0.125	-0.125	minecraft:dirt	minecraft:water[level=7]
3	15	11	10	0.714286	35.264	14.036	7.956	0.000	-0.250	minecraft:dirt	minecraft:water[level=1]
4	15	11	11	0.857143	26.565	21.568	7.956	-0.125	-0.375	minecraft:grass_block[snowy=false]	minecraft:grass_block[snowy=false]
5	15	11	11	0.857143	0.000	19.471	7.956	-0.250	-0.250	minecraft:grass_block[snowy=false]	minecraft:grass_block[snowy=false]
6	15	11	11	0.857143	35.264	10.025	7.956	-0.125	-0.125	minecraft:grass_block[snowy=false]	minecraft:grass_block[snowy=false]
7	15	10	10	0.714286	26.565	10.025	12.699	-0.125	-0.125	minecraft:grass_block[snowy=false]	minecraft:grass_block[snowy=false]
8	15	11	10	0.714286	26.565	14.036	14.851	-0.250	0.000	minecraft:grass_block[snowy=false]	minecraft:short_grass
9	15	9	9	0.571429	35.264	15.616	11.180	-0.250	-0.125	minecraft:grass_block[snowy=false]	minecraft:grass_block[snowy=false]
10	15	9	9	0.571429	0.000	15.616	11.180	-0.250	-0.125	minecraft:grass_block[snowy=false]	minecraft:grass_block[snowy=false]
11	15	9	9	0.571429	0.000	15.616	11.180	-0.250	-0.125	minecraft:grass_block[snowy=false]	minecraft:grass_block[snowy=false]
12	15	9	9	0.571429	0.000	14.036	17.676	-0.250	0.000	minecraft:grass_block[snowy=false]	minecraft:grass_block[snowy=false]
13	15	9	9	0.571429	0.000	10.025	17.354	-0.125	0.125	minecraft:coarse_dirt	minecraft:coarse_dirt
14	15	9	9	0.571429	35.264	15.616	17.676	-0.250	0.125	minecraft:coarse_dirt	minecraft:coarse_dirt
15	15	9	8	0.428571	35.264	15.616	14.450	-0.250	0.125	minecraft:dirt	minecraft:granite_slab[type=bottom, waterlogged=false]
16	15	9	8	0.428571	0.000	21.568	7.956	-0.375	0.125	minecraft:coarse_dirt	minecraft:fern
17	15	8	8	0.428571	35.264	21.568	10.025	-0.375	0.125	minecraft:coarse_dirt	minecraft:coarse_dirt
18	15	8	7	0.285714	26.565	21.568	7.956	-0.375	0.125	minecraft:dirt	minecraft:granite_slab[type=bottom, waterlogged=false]
19	15	7	7	0.285714	35.264	14.036	3.576	-0.250	0.000	minecraft:gravel	minecraft:gravel
20	15	7	6	0.142857	26.565	7.125	3.576	0.000	0.125	minecraft:dirt	minecraft:water[level=0]
21	15	7	6	0.142857	0.000	7.125	3.576	-0.125	0.000	minecraft:dirt	minecraft:water[level=0]
22	15	7	6	0.142857	0.000	0.000	7.125	0.000	0.000	minecraft:dirt	minecraft:water[level=0]
23	15	7	6	0.142857	45.000	10.025	7.956	0.125	-0.125	minecraft:dirt	minecraft:water[level=0]
24	15	8	8	0.428571	48.190	15.616	11.180	0.250	-0.125	minecraft:sugar_cane[age=5]	minecraft:sugar_cane[age=5]
25	15	7	7	0.285714	26.565	24.261	7.956	0.375	-0.250	minecraft:coarse_dirt	minecraft:coarse_dirt
26	15	8	7	0.285714	26.565	20.556	12.699	0.375	0.000	minecraft:dirt	minecraft:granite_stairs[facing=east, half=bottom, shape=straight, waterlogged=false]
27	15	8	8	0.428571	26.565	24.261	12.699	0.375	-0.250	minecraft:dirt	minecraft:dirt
28	15	9	8	0.428571	26.565	10.025	12.699	0.125	-0.125	minecraft:dirt	minecraft:granite_slab[type=bottom, waterlogged=false]
29	15	9	9	0.571429	26.565	14.036	12.699	0.250	0.000	minecraft:grass_block[snowy=false]	minecraft:grass_block[snowy=false]
30	15	9	9	0.571429	0.000	14.036	12.699	0.250	0.000	minecraft:grass_block[snowy=false]	minecraft:grass_block[snowy=false]
31	15	9	9	0.571429	0.000	7.125	12.699	0.125	0.000	minecraft:grass_block[snowy=false]	minecraft:grass_block[snowy=false]
32	15	9	9	0.571429	0.000	7.125	5.051	0.125	0.000	minecraft:grass_block[snowy=false]	minecraft:grass_block[snowy=false]
33	15	9	9	0.571429	0.000	14.036	7.956	0.000	-0.250	minecraft:grass_block[snowy=false]	minecraft:grass_block[snowy=false]
34	15	10	9	0.571429	0.000	20.556	7.956	0.000	-0.375	minecraft:grass_block[snowy=false]	minecraft:short_grass
35	15	9	9	0.571429	0.000	7.125	5.051	0.000	-0.125	minecraft:grass_block[snowy=false]	minecraft:grass_block[snowy=false]
36	15	9	9	0.571429	0.000	0.000	5.051	0.000	0.000	minecraft:grass_block[snowy=false]	minecraft:grass_block[snowy=false]
37	15	10	9	0.571429	0.000	0.000	3.576	0.000	0.000	minecraft:grass_block[snowy=false]	minecraft:short_grass
38	15	9	9	0.571429	0.000	0.000	7.125	0.000	0.000	minecraft:grass_block[snowy=false]	minecraft:grass_block[snowy=false]
39	15	9	9	0.571429	0.000	0.000	3.576	0.000	0.000	minecraft:grass_block[snowy=false]	minecraft:grass_block[snowy=false]
40	15	9	9	0.571429	0.000	0.000	14.036	0.000	0.000	minecraft:grass_block[snowy=false]	minecraft:grass_block[snowy=false]
41	15	10	9	0.571429	0.000	0.000	14.036	0.000	0.000	minecraft:grass_block[snowy=false]	minecraft:tall_grass[half=lower]
42	15	10	9	0.571429	0.000	0.000	14.036	0.000	0.000	minecraft:grass_block[snowy=false]	minecraft:fern
43	15	9	9	0.571429	0.000	0.000	3.576	0.000	0.000	minecraft:grass_block[snowy=false]	minecraft:grass_block[snowy=false]
44	15	9	9	0.571429	0.000	0.000	3.576	0.000	0.000	minecraft:grass_block[snowy=false]	minecraft:grass_block[snowy=false]
45	15	9	9	0.571429	0.000	0.000	3.576	0.000	0.000	minecraft:grass_block[snowy=false]	minecraft:grass_block[snowy=false]
46	15	10	9	0.571429	0.000	0.000	3.576	0.000	0.000	minecraft:grass_block[snowy=false]	minecraft:fern
47	15	9	9	0.571429	0.000	0.000	5.051	0.000	0.000	minecraft:grass_block[snowy=false]	minecraft:grass_block[snowy=false]
48	15	10	9	0.571429	0.000	0.000	5.051	0.000	0.000	minecraft:grass_block[snowy=false]	minecraft:fern
49	15	10	9	0.571429	0.000	7.125	5.051	0.000	-0.125	minecraft:grass_block[snowy=false]	minecraft:short_grass
50	15	10	9	0.571429	0.000	7.125	5.051	0.000	-0.125	minecraft:grass_block[snowy=false]	minecraft:short_grass
51	15	9	9	0.571429	0.000	10.025	5.051	-0.125	-0.125	minecraft:grass_block[snowy=false]	minecraft:grass_block[snowy=false]
52	15	10	9	0.571429	0.000	10.025	5.051	-0.125	-0.125	minecraft:grass_block[snowy=false]	minecraft:fern
53	15	9	9	0.571429	26.565	10.025	5.051	-0.125	-0.125	minecraft:grass_block[snowy=false]	minecraft:grass_block[snowy=false]
54	15	10	9	0.571429	35.264	10.025	5.051	-0.125	-0.125	minecraft:grass_block[snowy=false]	minecraft:short_grass
55	15	8	8	0.428571	35.264	10.025	5.051	-0.125	-0.125	minecraft:grass_block[snowy=false]	minecraft:grass_block[snowy=false]
56	15	8	8	0.428571	0.000	10.025	5.051	-0.125	-0.125	minecraft:grass_block[snowy=false]	minecraft:grass_block[snowy=false]
57	15	8	8	0.428571	0.000	10.025	5.051	-0.125	-0.125	minecraft:grass_block[snowy=false]	minecraft:grass_block[snowy=false]
58	15	8	8	0.428571	0.000	7.125	7.956	-0.125	0.000	minecraft:grass_block[snowy=false]	minecraft:grass_block[snowy=false]
59	15	8	8	0.428571	0.000	0.000	5.051	0.000	0.000	minecraft:grass_block[snowy=false]	minecraft:grass_block[snowy=false]
60	15	8	8	0.428571	0.000	7.125	5.051	0.000	-0.125	minecraft:grass_block[snowy=false]	minecraft:grass_block[snowy=false]
61	15	8	8	0.428571	26.565	7.125	5.051	0.000	-0.125	minecraft:grass_block[snowy=false]	minecraft:grass_block[snowy=false]
62	15	8	8	0.428571	26.565	7.125	5.051	0.000	-0.125	minecraft:grass_block[snowy=false]	minecraft:grass_block[snowy=false]
0	16	12	12	1.000000	26.565	7.125	7.956	-0.125	0.000	minecraft:dirt	minecraft:dirt
1	16	12	12	1.000000	26.565	10.025	7.956	-0.125	-0.125	minecraft:grass_block[snowy=false]	minecraft:grass_block[snowy=false]
2	16	12	11	0.857143	48.190	10.025	7.956	-0.125	-0.125	minecraft:grass_block[snowy=false]	minecraft:short_grass
3	16	11	10	0.714286	0.000	7.125	7.956	0.000	-0.125	minecraft:dirt	minecraft:water[level=2]
4	16	11	11	0.857143	26.565	24.261	10.025	-0.250	-0.375	minecraft:grass_block[snowy=false]	minecraft:grass_block[snowy=false]
5	16	12	11	0.857143	26.565	19.471	7.956	-0.250	-0.250	minecraft:grass_block[snowy=false]	minecraft:short_grass
6	16	11	10	0.714286	35.264	15.616	5.051	-0.250	-0.125	minecraft:grass_block[snowy=false]	minecraft:short_grass
7	16	11	10	0.714286	0.000	10.025	5.051	-0.125	-0.125	minecraft:grass_block[snowy=false]	minecraft:short_grass
8	16	12	10	0.714286	0.000	15.616	17.354	-0.250	-0.125	minecraft:grass_block[snowy=false]	minecraft:tall_grass[half=upper]
9	16	11	10	0.714286	35.264	15.616	17.354	-0.250	-0.125	minecraft:grass_block[snowy=false]	minecraft:short_grass
10	16	9	9	0.571429	26.565	10.025	17.354	-0.125	-0.125	minecraft:grass_block[snowy=false]	minecraft:grass_block[snowy=false]
11	16	9	9	0.571429	0.000	10.025	11.180	-0.125	-0.125	minecraft:grass_block[snowy=false]	minecraft:grass_block[snowy=false]
12	16	9	9	0.571429	0.000	14.036	17.676	-0.250	0.000	minecraft:grass_block[snowy=false]	minecraft:grass_block[snowy=false]
13	16	9	9	0.571429	0.000	15.616	17.354	-0.250	0.125	minecraft:grass_block[snowy=false]	minecraft:grass_block[snowy=false]
14	16	9	9	0.571429	0.000	14.036	14.036	-0.250	0.000	minecraft:coarse_dirt	minecraft:coarse_dirt
15	16	10	9	0.571429	35.264	14.036	14.036	-0.250	0.000	minecraft:coarse_dirt	minecraft:short_grass
16	16	9	8	0.428571	26.565	21.568	14.450	-0.375	0.125	minecraft:dirt	minecraft:granite_slab[type=bottom, waterlogged=false]
17	16	9	8	0.428571	26.565	21.568	11.180	-0.375	0.125	minecraft:grass_block[snowy=false]	minecraft:dark_oak_leaves[distance=7, persistent=true, waterlogged=false]
18	16	8	7	0.285714	35.264	21.568	7.956	-0.375	0.125	minecraft:dirt	minecraft:granite_stairs[facing=west, half=bottom, shape=straight, waterlogged=false]
19	16	7	7	0.285714	26.565	20.556	3.576	-0.375	0.000	minecraft:gravel	minecraft:gravel
20	16	7	6	0.142857	35.264	15.616	3.576	-0.250	0.125	minecraft:dirt	minecraft:water[level=0]
21	16	7	6	0.142857	0.000	10.025	3.576	-0.125	0.125	minecraft:dirt	minecraft:water[level=0]
22	16	7	6	0.142857	0.000	0.000	3.576	0.000	0.000	minecraft:dirt	minecraft:water[level=0]
23	16	7	6	0.142857	0.000	7.125	7.125	0.125	0.000	minecraft:dirt	minecraft:water[level=0]
24	16	7	6	0.142857	48.190	15.616	7.956	0.250	-0.125	minecraft:dirt	minecraft:water[level=0]
25	16	7	7	0.285714	26.565	24.261	7.956	0.375	-0.250	minecraft:coarse_dirt	minecraft:coarse_dirt
26	16	8	7	0.285714	26.565	24.261	10.025	0.375	-0.250	minecraft:dirt	minecraft:granite_slab[type=bottom, waterlogged=false]
27	16	8	8	0.428571	35.264	21.568	12.699	0.375	-0.125	minecraft:dirt	minecraft:dirt
28	16	8	8	0.428571	26.565	20.556	14.851	0.375	0.000	minecraft:dirt	minecraft:dirt
29	16	9	9	0.571429	26.565	14.036	12.699	0.250	0.000	minecraft:grass_block[snowy=false]	minecraft:grass_block[snowy=false]
30	16	9	9	0.571429	0.000	14.036	12.699	0.250	0.000	minecraft:grass_block[snowy=false]	minecraft:grass_block[snowy=false]
31	16	9	9	0.571429	0.000	7.125	12.699	0.125	0.000	minecraft:grass_block[snowy=false]	minecraft:grass_block[snowy=false]
32	16	9	9	0.571429	0.000	7.125	12.699	0.125	0.000	minecraft:dirt	minecraft:dirt
33	16	9	9	0.571429	0.000	0.000	10.025	0.000	0.000	minecraft:grass_block[snowy=false]	minecraft:grass_block[snowy=false]
34	16	10	9	0.571429	0.000	14.036	7.956	0.000	-0.250	minecraft:grass_block[snowy=false]	minecraft:short_grass
35	16	10	9	0.571429	0.000	0.000	5.051	0.000	0.000	minecraft:grass_block[snowy=false]	minecraft:short_grass
36	16	9	9	0.571429	0.000	0.000	5.051	0.000	0.000	minecraft:grass_block[snowy=false]	minecraft:grass_block[snowy=false]
37	16	9	9	0.571429	0.000	0.000	3.576	0.000	0.000	minecraft:grass_block[snowy=false]	minecraft:grass_block[snowy=false]
38	16	9	9	0.571429	0.000	0.000	3.576	0.000	0.000	minecraft:grass_block[snowy=false]	minecraft:grass_block[snowy=false]
39	16	9	9	0.571429	0.000	0.000	14.036	0.000	0.000	minecraft:grass_block[snowy=false]	minecraft:grass_block[snowy=false]
40	16	10	9	0.571429	0.000	0.000	14.036	0.000	0.000	minecraft:grass_block[snowy=false]	minecraft:fern
41	16	11	9	0.571429	0.000	0.000	14.036	0.000	0.000	minecraft:grass_block[snowy=false]	minecraft:large_fern[half=upper]
42	16	10	9	0.571429	0.000	0.000	3.576	0.000	0.000	minecraft:grass_block[snowy=false]	minecraft:tall_grass[half=lower]
43	16	10	9	0.571429	0.000	0.000	3.576	0.000	0.000	minecraft:grass_block[snowy=false]	minecraft:tall_grass[half=upper]
44	16	9	9	0.571429	0.000	0.000	3.576	0.000	0.000	minecraft:grass_block[snowy=false]	minecraft:grass_block[snowy=false]
45	16	10	9	0.571429	0.000	7.125	5.051	0.000	-0.125	minecraft:grass_block[snowy=false]	minecraft:fern
46	16	10	9	0.571429	0.000	7.125	5.051	0.000	-0.125	minecraft:grass_block[snowy=false]	minecraft:fern
47	16	9	9	0.571429	0.000	7.125	5.051	0.000	-0.125	minecraft:grass_block[snowy=false]	minecraft:grass_block[snowy=false]
48	16	10	9	0.571429	0.000	7.125	5.051	0.000	-0.125	minecraft:grass_block[snowy=false]	minecraft:fern
49	16	9	9	0.571429	0.000	10.025	5.051	-0.125	-0.125	minecraft:grass_block[snowy=false]	minecraft:grass_block[snowy=false]
50	16	10	9	0.571429	0.000	10.025	5.051	-0.125	-0.125	minecraft:grass_block[snowy=false]	minecraft:short_grass
51	16	9	9	0.571429	0.000	10.025	5.051	-0.125	-0.125	minecraft:grass_block[snowy=false]	minecraft:grass_block[snowy=false]
52	16	10	9	0.571429	35.264	10.025	5.051	-0.125	-0.125	minecraft:grass_block[snowy=false]	minecraft:short_grass
53	16	8	8	0.428571	35.264	10.025	7.956	-0.125	-0.125	minecraft:grass_block[snowy=false]	minecraft:grass_block[snowy=false]
54	16	8	8	0.428571	26.565	10.025	7.956	-0.125	-0.125	minecraft:grass_block[snowy=false]	minecraft:grass_block[snowy=false]
55	16	8	8	0.428571	0.000	10.025	5.051	-0.125	-0.125	minecraft:grass_block[snowy=false]	minecraft:grass_block[snowy=false]
56	16	8	8	0.428571	0.000	10.025	7.956	-0.125	-0.125	minecraft:grass_block[snowy=false]	minecraft:grass_block[snowy=false]
57	16	8	8	0.428571	0.000	7.125	7.956	-0.125	0.000	minecraft:grass_block[snowy=false]	minecraft:grass_block[snowy=false]
58	16	8	8	0.428571	0.000	7.125	7.956	-0.125	0.000	minecraft:grass_block[snowy=false]	minecraft:grass_block[snowy=false]
59	16	8	8	0.428571	0.000	0.000	5.051	0.000	0.000	minecraft:grass_block[snowy=false]	minecraft:grass_block[snowy=false]
60	16	8	8	0.428571	26.565	7.125	5.051	0.000	-0.125	minecraft:grass_block[snowy=false]	minecraft:grass_block[snowy=false]
61	16	8	7	0.285714	35.264	10.025	5.051	-0.125	-0.125	minecraft:dirt	minecraft:granite_stairs[facing=north, half=bottom, shape=inner_left, waterlogged=false]
62	16	8	7	0.285714	26.565	10.025	7.956	-0.125	-0.125	minecraft:dirt	minecraft:granite_stairs[facing=north, half=bottom, shape=straight, waterlogged=false]
0	17	12	12	1.000000	26.565	10.025	7.956	-0.125	-0.125	minecraft:grass_block[snowy=false]	minecraft:grass_block[snowy=false]
1	17	12	11	0.857143	26.565	7.125	5.051	0.000	-0.125	minecraft:grass_block[snowy=false]	minecraft:short_grass
2	17	12	11	0.857143	26.565	10.025	10.025	-0.125	-0.125	minecraft:grass_block[snowy=false]	minecraft:short_grass
3	17	11	10	0.714286	0.000	14.036	7.956	0.000	-0.250	minecraft:dirt	minecraft:water[level=3]
4	17	12	11	0.857143	26.565	15.616	10.025	-0.250	-0.125	minecraft:grass_block[snowy=false]	minecraft:short_grass
5	17	12	11	0.857143	35.264	15.616	7.956	-0.125	-0.250	minecraft:grass_block[snowy=false]	minecraft:birch_leaves[distance=7, persistent=true, waterlogged=false]
6	17	11	10	0.714286	26.565	15.616	5.051	-0.250	-0.125	minecraft:grass_block[snowy=false]	minecraft:birch_leaves[distance=7, persistent=true, waterlogged=false]
7	17	11	10	0.714286	0.000	15.616	5.051	-0.125	-0.250	minecraft:grass_block[snowy=false]	minecraft:short_grass
8	17	12	10	0.714286	0.000	15.616	15.616	-0.250	-0.125	minecraft:grass_block[snowy=false]	minecraft:tall_grass[half=upper]
9	17	10	10	0.714286	26.565	15.616	12.699	-0.250	-0.125	minecraft:grass_block[snowy=false]	minecraft:grass_block[snowy=false]
10	17	9	9	0.571429	26.565	10.025	14.851	-0.125	-0.125	minecraft:grass_block[snowy=false]	minecraft:grass_block[snowy=false]
11	17	9	9	0.571429	0.000	7.125	14.851	-0.125	0.000	minecraft:grass_block[snowy=false]	minecraft:grass_block[snowy=false]
12	17	10	9	0.571429	0.000	14.036	15.616	-0.250	0.000	minecraft:grass_block[snowy=false]	minecraft:short_grass
13	17	9	9	0.571429	0.000	15.616	17.676	-0.250	0.125	minecraft:coarse_dirt	minecraft:coarse_dirt
14	17	9	9	0.571429	0.000	7.125	15.616	-0.125	0.000	minecraft:coarse_dirt	minecraft:coarse_dirt
15	17	10	9	0.571429	26.565	14.036	14.450	-0.250	0.000	minecraft:coarse_dirt	minecraft:fern
16	17	9	8	0.428571	26.565	15.616	14.036	-0.250	0.125	minecraft:dirt	minecraft:granite_slab[type=bottom, waterlogged=false]
17	17	10	8	0.428571	0.000	21.568	11.180	-0.375	0.125	minecraft:grass_block[snowy=false]	minecraft:large_fern[half=upper]
18	17	9	8	0.428571	35.264	20.556	7.956	-0.375	0.000	minecraft:grass_block[snowy=false]	minecraft:dark_oak_leaves[distance=7, persistent=true, waterlogged=false]
19	17	8	7	0.285714	26.565	21.568	7.956	-0.375	0.125	minecraft:gravel	minecraft:dark_oak_leaves[distance=7, persistent=true, waterlogged=false]
20	17	7	7	0.285714	35.264	15.616	5.051	-0.250	0.125	minecraft:gravel	minecraft:gravel
21	17	7	6	0.142857	26.565	10.025	3.576	-0.125	0.125	minecraft:dirt	minecraft:water[level=0]
22	17	7	6	0.142857	0.000	7.125	3.576	-0.125	0.000	minecraft:dirt	minecraft:water[level=0]
23	17	7	6	0.142857	0.000	0.000	3.576	0.000	0.000	minecraft:dirt	minecraft:water[level=0]
24	17	7	6	0.142857	26.565	10.025	7.956	0.125	-0.125	minecraft:dirt	minecraft:water[level=0]
25	17	7	7	0.285714	35.264	21.568	7.956	0.375	-0.125	minecraft:coarse_dirt	minecraft:coarse_dirt
26	17	8	7	0.285714	0.000	24.261	7.956	0.375	-0.250	minecraft:dirt	minecraft:granite_slab[type=bottom, waterlogged=false]
27	17	8	7	0.285714	35.264	21.568	10.025	0.375	-0.125	minecraft:dirt	minecraft:granite_stairs[facing=east, half=bottom, shape=straight, waterlogged=false]
28	17	8	8	0.428571	45.000	20.556	12.699	0.375	0.000	minecraft:dirt	minecraft:dirt
29	17	9	9	0.571429	26.565	15.616	14.851	0.250	-0.125	minecraft:grass_block[snowy=false]	minecraft:grass_block[snowy=false]
30	17	9	9	0.571429	0.000	14.036	12.699	0.250	0.000	minecraft:grass_block[snowy=false]	minecraft:grass_block[snowy=false]
31	17	9	9	0.571429	0.000	14.036	12.699	0.250	0.000	minecraft:dirt	minecraft:dirt
32	17	9	9	0.571429	0.000	7.125	14.851	0.125	0.000	minecraft:dirt	minecraft:dirt
33	17	9	9	0.571429	0.000	0.000	12.699	0.000	0.000	minecraft:dirt	minecraft:dirt
34	17	10	9	0.571429	0.000	0.000	10.025	0.000	0.000	minecraft:grass_block[snowy=false]	minecraft:short_grass
35	17	11	9	0.571429	0.000	7.125	10.025	0.000	-0.125	minecraft:grass_block[snowy=false]	minecraft:large_fern[half=upper]
36	17	10	9	0.571429	0.000	7.125	7.956	0.000	-0.125	minecraft:grass_block[snowy=false]	minecraft:short_grass
37	17	10	9	0.571429	0.000	7.125	7.125	0.000	-0.125	minecraft:grass_block[snowy=false]	minecraft:short_grass
38	17	10	9	0.571429	0.000	7.125	3.576	0.000	-0.125	minecraft:grass_block[snowy=false]	minecraft:short_grass
39	17	9	9	0.571429	0.000	7.125	10.620	0.000	-0.125	minecraft:grass_block[snowy=false]	minecraft:grass_block[snowy=false]
40	17	9	9	0.571429	0.000	7.125	14.036	0.000	-0.125	minecraft:grass_block[snowy=false]	minecraft:grass_block[snowy=false]
41	17	10	9	0.571429	0.000	7.125	10.620	0.000	-0.125	minecraft:grass_block[snowy=false]	minecraft:tall_grass[half=lower]
42	17	9	9	0.571429	0.000	7.125	3.576	0.000	-0.125	minecraft:grass_block[snowy=false]	minecraft:grass_block[snowy=false]
43	17	10	9	0.571429	0.000	7.125	3.576	0.000	-0.125	minecraft:grass_block[snowy=false]	minecraft:fern
44	17	10	9	0.571429	0.000	7.125	5.051	0.000	-0.125	minecraft:grass_block[snowy=false]	minecraft:short_grass
45	17	10	9	0.571429	0.000	7.125	5.051	0.000	-0.125	minecraft:grass_block[snowy=false]	minecraft:fern
46	17	10	9	0.571429	0.000	7.125	5.051	0.000	-0.125	minecraft:grass_block[snowy=false]	minecraft:fern
47	17	10	9	0.571429	0.000	7.125	5.051	0.000	-0.125	minecraft:grass_block[snowy=false]	minecraft:short_grass
48	17	9	9	0.571429	0.000	10.025	5.051	-0.125	-0.125	minecraft:grass_block[snowy=false]	minecraft:grass_block[snowy=false]
49	17	10	9	0.571429	0.000	10.025	5.051	-0.125	-0.125	minecraft:grass_block[snowy=false]	minecraft:short_grass
50	17	10	9	0.571429	0.000	10.025	5.051	-0.125	-0.125	minecraft:grass_block[snowy=false]	minecraft:tall_grass[half=lower]
51	17	10	9	0.571429	35.264	10.025	5.051	-0.125	-0.125	minecraft:grass_block[snowy=false]	minecraft:short_grass
52	17	8	8	0.428571	35.264	10.025	5.051	-0.125	-0.125	minecraft:grass_block[snowy=false]	minecraft:grass_block[snowy=false]
53	17	8	8	0.428571	0.000	10.025	7.956	-0.125	-0.125	minecraft:grass_block[snowy=false]	minecraft:grass_block[snowy=false]
54	17	8	8	0.428571	0.000	10.025	10.025	-0.125	-0.125	minecraft:grass_block[snowy=false]	minecraft:grass_block[snowy=false]
55	17	8	8	0.428571	0.000	10.025	7.956	-0.125	-0.125	minecraft:grass_block[snowy=false]	minecraft:grass_block[snowy=false]
56	17	8	8	0.428571	0.000	7.125	7.956	0.000	-0.125	minecraft:grass_block[snowy=false]	minecraft:grass_block[snowy=false]
57	17	8	8	0.428571	0.000	7.125	7.956	-0.125	0.000	minecraft:grass_block[snowy=false]	minecraft:grass_block[snowy=false]
58	17	8	8	0.428571	0.000	7.125	7.956	-0.125	0.000	minecraft:grass_block[snowy=false]	minecraft:grass_block[snowy=false]
59	17	8	8	0.428571	0.000	0.000	3.576	0.000	0.000	minecraft:grass_block[snowy=false]	minecraft:grass_block[snowy=false]
60	17	8	8	0.428571	26.565	7.125	0.000	0.000	-0.125	minecraft:grass_block[snowy=false]	minecraft:grass_block[snowy=false]
61	17	8	7	0.285714	26.565	10.025	5.051	-0.125	-0.125	minecraft:dirt	minecraft:granite_stairs[facing=west, half=bottom, shape=straight, waterlogged=false]
62	17	7	7	0.285714	0.000	10.025	7.956	-0.125	-0.125	minecraft:coarse_dirt	minecraft:coarse_dirt
0	18	12	12	1.000000	0.000	7.125	7.956	-0.125	0.000	minecraft:grass_block[snowy=false]	minecraft:grass_block[snowy=false]
1	18	12	12	1.000000	26.565	15.616	7.956	-0.250	-0.125	minecraft:grass_block[snowy=false]	minecraft:grass_block[snowy=false]
2	18	12	11	0.857143	45.000	7.125	10.025	-0.125	0.000	minecraft:grass_block[snowy=false]	minecraft:short_grass
3	18	11	10	0.714286	0.000	7.125	7.956	0.000	-0.125	minecraft:dirt	minecraft:water[level=4]
4	18	12	11	0.857143	45.000	15.616	10.025	-0.250	-0.125	minecraft:grass_block[snowy=false]	minecraft:short_grass
5	18	11	10	0.714286	35.264	19.471	7.956	-0.250	-0.250	minecraft:grass_block[snowy=false]	minecraft:birch_leaves[distance=7, persistent=true, waterlogged=false]
6	18	11	10	0.714286	0.000	19.471	5.051	-0.250	-0.250	minecraft:grass_block[snowy=false]	minecraft:birch_leaves[distance=7, persistent=true, waterlogged=false]
7	18	11	10	0.714286	0.000	15.616	5.051	-0.125	-0.250	minecraft:grass_block[snowy=false]	minecraft:short_grass
8	18	11	10	0.714286	0.000	15.616	14.450	-0.250	-0.125	minecraft:grass_block[snowy=false]	minecraft:short_grass
9	18	11	10	0.714286	35.264	7.125	15.616	-0.125	0.000	minecraft:grass_block[snowy=false]	minecraft:short_grass
10	18	10	9	0.571429	26.565	7.125	12.699	-0.125	0.000	minecraft:grass_block[snowy=false]	minecraft:short_grass
11	18	9	9	0.571429	0.000	7.125	12.699	-0.125	0.000	minecraft:grass_block[snowy=false]	minecraft:grass_block[snowy=false]
12	18	10	9	0.571429	0.000	14.036	14.450	-0.250	0.000	minecraft:andesite	minecraft:andesite_slab[type=bottom, waterlogged=false]
13	18	9	9	0.571429	0.000	15.616	14.450	-0.250	-0.125	minecraft:coarse_dirt	minecraft:coarse_dirt
14	18	9	9	0.571429	0.000	7.125	14.036	-0.125	0.000	minecraft:coarse_dirt	minecraft:coarse_dirt
15	18	10	9	0.571429	35.264	14.036	14.036	-0.250	0.000	minecraft:coarse_dirt	minecraft:dark_oak_leaves[distance=7, persistent=true, waterlogged=false]
16	18	9	8	0.428571	26.565	14.036	14.450	-0.250	0.000	minecraft:dirt	minecraft:granite_slab[type=bottom, waterlogged=false]
17	18	9	8	0.428571	0.000	21.568	7.125	-0.375	0.125	minecraft:grass_block[snowy=false]	minecraft:fern
18	18	8	8	0.428571	26.565	20.556	7.125	-0.375	0.000	minecraft:grass_block[snowy=false]	minecraft:grass_block[snowy=false]
19	18	8	7	0.285714	26.565	21.568	7.956	-0.375	0.125	minecraft:gravel	minecraft:dark_oak_leaves[distance=7, persistent=true, waterlogged=false]
20	18	7	7	0.285714	26.565	15.616	5.051	-0.250	0.125	minecraft:gravel	minecraft:gravel
21	18	7	6	0.142857	26.565	7.125	3.576	0.000	0.125	minecraft:dirt	minecraft:water[level=0]
22	18	7	6	0.142857	0.000	7.125	0.000	-0.125	0.000	minecraft:dirt	minecraft:water[level=0]
23	18	7	6	0.142857	0.000	0.000	3.576	0.000	0.000	minecraft:dirt	minecraft:water[level=0]
24	18	7	6	0.142857	45.000	15.616	7.956	0.125	-0.250	minecraft:dirt	minecraft:water[level=0]
25	18	8	8	0.428571	35.264	20.556	7.956	0.375	0.000	minecraft:sugar_cane[age=13]	minecraft:sugar_cane[age=13]
26	18	7	7	0.285714	35.264	21.568	7.956	0.375	-0.125	minecraft:coarse_dirt	minecraft:coarse_dirt
27	18	8	7	0.285714	26.565	21.568	12.699	0.375	-0.125	minecraft:dirt	minecraft:granite_stairs[facing=north, half=bottom, shape=outer_right, waterlogged=false]
28	18	8	8	0.428571	45.000	21.568	12.699	0.375	-0.125	minecraft:dirt	minecraft:dirt
29	18	9	9	0.571429	26.565	15.616	17.354	0.125	-0.250	minecraft:grass_block[snowy=false]	minecraft:grass_block[snowy=false]
30	18	9	9	0.571429	0.000	15.616	17.354	0.250	-0.125	minecraft:dirt	minecraft:dirt
31	18	9	9	0.571429	0.000	15.616	17.354	0.250	-0.125	minecraft:dirt	minecraft:dirt
32	18	9	9	0.571429	0.000	7.125	14.851	0.125	0.000	minecraft:dirt	minecraft:dirt
33	18	9	9	0.571429	0.000	0.000	11.180	0.000	0.000	minecraft:grass_block[snowy=false]	minecraft:grass_block[snowy=false]
34	18	10	9	0.571429	0.000	7.125	15.616	0.000	-0.125	minecraft:grass_block[snowy=false]	minecraft:short_grass
35	18	10	9	0.571429	0.000	7.125	10.025	0.000	-0.125	minecraft:grass_block[snowy=false]	minecraft:short_grass
36	18	9	9	0.571429	0.000	7.125	7.956	0.000	-0.125	minecraft:grass_block[snowy=false]	minecraft:grass_block[snowy=false]
37	18	11	9	0.571429	0.000	7.125	7.125	0.000	-0.125	minecraft:grass_block[snowy=false]	minecraft:large_fern[half=upper]
38	18	10	9	0.571429	0.000	7.125	7.125	0.000	-0.125	minecraft:grass_block[snowy=false]	minecraft:short_grass
39	18	9	9	0.571429	0.000	7.125	7.125	0.000	-0.125	minecraft:grass_block[snowy=false]	minecraft:grass_block[snowy=false]
40	18	10	9	0.571429	0.000	7.125	7.125	0.000	-0.125	minecraft:grass_block[snowy=false]	minecraft:fern
41	18	10	9	0.571429	0.000	7.125	7.125	0.000	-0.125	minecraft:grass_block[snowy=false]	minecraft:short_grass
42	18	10	9	0.571429	0.000	7.125	7.125	0.000	-0.125	minecraft:grass_block[snowy=false]	minecraft:short_grass
43	18	11	9	0.571429	0.000	7.125	5.051	0.000	-0.125	minecraft:grass_block[snowy=false]	minecraft:large_fern[half=upper]
44	18	10	9	0.571429	0.000	7.125	5.051	0.000	-0.125	minecraft:grass_block[snowy=false]	minecraft:short_grass
45	18	10	9	0.571429	0.000	7.125	5.051	0.000	-0.125	minecraft:grass_block[snowy=false]	minecraft:short_grass
46	18	10	9	0.571429	0.000	7.125	5.051	0.000	-0.125	minecraft:grass_block[snowy=false]	minecraft:short_grass
47	18	10	9	0.571429	0.000	10.025	5.051	-0.125	-0.125	minecraft:grass_block[snowy=false]	minecraft:fern
48	18	9	9	0.571429	0.000	10.025	5.051	-0.125	-0.125	minecraft:grass_block[snowy=false]	minecraft:grass_block[snowy=false]
49	18	9	9	0.571429	26.565	10.025	5.051	-0.125	-0.125	minecraft:grass_block[snowy=false]	minecraft:grass_block[snowy=false]
50	18	9	9	0.571429	35.264	10.025	7.956	-0.125	-0.125	minecraft:grass_block[snowy=false]	minecraft:grass_block[snowy=false]
51	18	8	8	0.428571	35.264	10.025	7.956	-0.125	-0.125	minecraft:grass_block[snowy=false]	minecraft:grass_block[snowy=false]
52	18	8	8	0.428571	0.000	10.025	7.956	-0.125	-0.125	minecraft:grass_block[snowy=false]	minecraft:grass_block[snowy=false]
53	18	8	8	0.428571	0.000	10.025	10.025	-0.125	-0.125	minecraft:grass_block[snowy=false]	minecraft:grass_block[snowy=false]
54	18	8	8	0.428571	0.000	10.025	10.025	-0.125	-0.125	minecraft:grass_block[snowy=false]	minecraft:grass_block[snowy=false]
55	18	8	8	0.428571	0.000	7.125	7.956	0.000	-0.125	minecraft:grass_block[snowy=false]	minecraft:grass_block[snowy=false]
56	18	8	8	0.428571	0.000	0.000	7.956	0.000	0.000	minecraft:grass_block[snowy=false]	minecraft:grass_block[snowy=false]
57	18	8	8	0.428571	0.000	7.125	7.956	-0.125	0.000	minecraft:grass_block[snowy=false]	minecraft:grass_block[snowy=false]
58	18	8	8	0.428571	0.000	7.125	5.051	-0.125	0.000	minecraft:grass_block[snowy=false]	minecraft:grass_block[snowy=false]
59	18	8	8	0.428571	0.000	7.125	3.576	0.000	-0.125	minecraft:grass_block[snowy=false]	minecraft:grass_block[snowy=false]
60	18	8	8	0.428571	35.264	7.125	0.000	0.000	-0.125	minecraft:coarse_dirt	minecraft:coarse_dirt
61	18	8	7	0.285714	26.565	10.025	3.576	-0.125	-0.125	minecraft:dirt	minecraft:granite_stairs[facing=north, half=bottom, shape=outer_left, waterlogged=false]
62	18	7	7	0.285714	0.000	10.025	7.956	-0.125	-0.125	minecraft:coarse_dirt	minecraft:coarse_dirt
0	19	12	12	1.000000	26.565	20.556	7.956	-0.375	0.000	minecraft:grass_block[snowy=false]	minecraft:grass_block[snowy=false]
1	19	12	11	0.857143	35.264	7.125	10.025	-0.125	0.000	minecraft:grass_block[snowy=false]	minecraft:short_grass
2	19	12	11	0.857143	26.565	10.025	10.025	-0.125	0.125	minecraft:grass_block[snowy=false]	minecraft:short_grass
3	19	11	10	0.714286	48.190	0.000	7.956	0.000	0.000	minecraft:dirt	minecraft:water[level=5]
4	19	11	9	0.571429	45.000	15.616	7.125	-0.250	-0.125	minecraft:dirt	minecraft:water[level=6]
5	19	11	10	0.714286	35.264	15.616	7.956	-0.250	-0.125	minecraft:grass_block[snowy=false]	minecraft:short_grass
6	19	11	10	0.714286	0.000	15.616	5.051	-0.250	-0.125	minecraft:grass_block[snowy=false]	minecraft:short_grass
7	19	11	10	0.714286	0.000	15.616	10.025	-0.125	-0.250	minecraft:grass_block[snowy=false]	minecraft:short_grass
8	19	11	10	0.714286	35.264	14.036	15.616	0.000	-0.250	minecraft:grass_block[snowy=false]	minecraft:short_grass
9	19	9	9	0.571429	35.264	7.125	12.699	-0.125	0.000	minecraft:grass_block[snowy=false]	minecraft:grass_block[snowy=false]
10	19	9	9	0.571429	0.000	7.125	12.699	-0.125	0.000	minecraft:grass_block[snowy=false]	minecraft:grass_block[snowy=false]
11	19	9	9	0.571429	0.000	15.616	12.699	-0.250	-0.125	minecraft:grass_block[snowy=false]	minecraft:grass_block[snowy=false]
12	19	9	9	0.571429	0.000	15.616	7.956	-0.250	-0.125	minecraft:coarse_dirt	minecraft:coarse_dirt
13	19	9	9	0.571429	0.000	10.025	14.036	-0.125	-0.125	minecraft:coarse_dirt	minecraft:coarse_dirt
14	19	10	9	0.571429	35.264	10.025	14.036	-0.125	-0.125	minecraft:coarse_dirt	minecraft:fern
15	19	9	8	0.428571	35.264	15.616	14.036	-0.250	-0.125	minecraft:dirt	minecraft:granite_slab[type=bottom, waterlogged=false]
16	19	10	8	0.428571	0.000	15.616	14.036	-0.250	-0.125	minecraft:grass_block[snowy=false]	minecraft:dark_oak_leaves[distance=7, persistent=true, waterlogged=false]
17	19	10	8	0.428571	0.000	20.556	10.620	-0.375	0.000	minecraft:grass_block[snowy=false]	minecraft:large_fern[half=upper]
18	19	8	8	0.428571	26.565	20.556	3.576	-0.375	0.000	minecraft:grass_block[snowy=false]	minecraft:grass_block[snowy=false]
19	19	8	7	0.285714	26.565	14.036	7.125	-0.250	0.000	minecraft:gravel	minecraft:andesite_slab[type=bottom, waterlogged=false]
20	19	7	7	0.285714	26.565	15.616	5.051	-0.250	0.125	minecraft:gravel	minecraft:gravel
21	19	7	6	0.142857	35.264	14.036	0.000	-0.250	0.000	minecraft:dirt	minecraft:water[level=0]
22	19	7	6	0.142857	0.000	0.000	0.000	0.000	0.000	minecraft:dirt	minecraft:water[level=0]
23	19	7	6	0.142857	0.000	0.000	5.051	0.000	0.000	minecraft:dirt	minecraft:water[level=0]
24	19	7	6	0.142857	0.000	15.616	5.051	0.125	-0.250	minecraft:dirt	minecraft:water[level=0]
25	19	7	6	0.142857	54.736	20.556	7.956	0.375	0.000	minecraft:dirt	minecraft:granite_slab[type=bottom, waterlogged=true]
26	19	8	8	0.428571	35.264	21.568	5.051	0.375	-0.125	minecraft:sugar_cane[age=11]	minecraft:sugar_cane[age=11]
27	19	7	7	0.285714	0.000	24.261	12.699	0.375	-0.250	minecraft:coarse_dirt	minecraft:coarse_dirt
28	19	8	8	0.428571	45.000	21.568	15.616	0.375	-0.125	minecraft:dirt	minecraft:dirt
29	19	9	9	0.571429	26.565	24.261	17.354	0.375	-0.250	minecraft:grass_block[snowy=false]	minecraft:grass_block[snowy=false]
30	19	9	9	0.571429	0.000	15.616	17.354	0.125	-0.250	minecraft:dirt	minecraft:dirt
31	19	9	9	0.571429	0.000	19.471	17.354	0.250	-0.250	minecraft:dirt	minecraft:dirt
32	19	9	9	0.571429	0.000	10.025	17.354	0.125	-0.125	minecraft:dirt	minecraft:dirt
33	19	9	9	0.571429	0.000	7.125	20.023	0.000	-0.125	minecraft:grass_block[snowy=false]	minecraft:grass_block[snowy=false]
34	19	9	9	0.571429	0.000	7.125	20.815	0.000	-0.125	minecraft:grass_block[snowy=false]	minecraft:grass_block[snowy=false]
35	19	11	9	0.571429	0.000	7.125	12.699	0.000	-0.125	minecraft:grass_block[snowy=false]	minecraft:large_fern[half=upper]
36	19	10	9	0.571429	0.000	7.125	7.956	0.000	-0.125	minecraft:grass_block[snowy=false]	minecraft:fern
37	19	10	9	0.571429	0.000	7.125	7.125	0.000	-0.125	minecraft:grass_block[snowy=false]	minecraft:fern
38	19	11	9	0.571429	0.000	7.125	7.125	0.000	-0.125	minecraft:grass_block[snowy=false]	minecraft:tall_grass[half=upper]
39	19	9	9	0.571429	0.000	7.125	7.125	0.000	-0.125	minecraft:grass_block[snowy=false]	minecraft:grass_block[snowy=false]
40	19	10	9	0.571429	0.000	7.125	7.125	0.000	-0.125	minecraft:grass_block[snowy=false]	minecraft:short_grass
41	19	9	9	0.571429	0.000	7.125	7.956	0.000	-0.125	minecraft:grass_block[snowy=false]	minecraft:grass_block[snowy=false]
42	19	10	9	0.571429	0.000	7.125	7.956	0.000	-0.125	minecraft:grass_block[snowy=false]	minecraft:short_grass
43	19	10	9	0.571429	0.000	7.125	7.956	0.000	-0.125	minecraft:grass_block[snowy=false]	minecraft:short_grass
44	19	10	9	0.571429	0.000	7.125	7.956	0.000	-0.125	minecraft:grass_block[snowy=false]	minecraft:tall_grass[half=lower]
45	19	9	9	0.571429	26.565	10.025	7.956	-0.125	-0.125	minecraft:grass_block[snowy=false]	minecraft:grass_block[snowy=false]
46	19	9	9	0.571429	26.565	10.025	5.051	-0.125	-0.125	minecraft:grass_block[snowy=false]	minecraft:grass_block[snowy=false]
47	19	9	9	0.571429	26.565	10.025	5.051	-0.125	-0.125	minecraft:grass_block[snowy=false]	minecraft:grass_block[snowy=false]
48	19	10	9	0.571429	35.264	10.025	7.956	-0.125	-0.125	minecraft:grass_block[snowy=false]	minecraft:tall_grass[half=lower]
49	19	8	8	0.428571	35.264	10.025	7.956	-0.125	-0.125	minecraft:grass_block[snowy=false]	minecraft:grass_block[snowy=false]
50	19	8	8	0.428571	26.565	10.025	7.956	-0.125	-0.125	minecraft:grass_block[snowy=false]	minecraft:grass_block[snowy=false]
51	19	8	8	0.428571	0.000	10.025	7.956	-0.125	-0.125	minecraft:grass_block[snowy=false]	minecraft:grass_block[snowy=false]
52	19	8	8	0.428571	0.000	10.025	10.025	-0.125	-0.125	minecraft:grass_block[snowy=false]	minecraft:grass_block[snowy=false]
53	19	8	8	0.428571	0.000	7.125	10.025	0.000	-0.125	minecraft:grass_block[snowy=false]	minecraft:grass_block[snowy=false]
54	19	8	8	0.428571	0.000	7.125	10.025	0.000	-0.125	minecraft:grass_block[snowy=false]	minecraft:grass_block[snowy=false]
55	19	8	8	0.428571	0.000	0.000	7.956	0.000	0.000	minecraft:grass_block[snowy=false]	minecraft:grass_block[snowy=false]
56	19	8	8	0.428571	0.000	7.125	7.956	-0.125	0.000	minecraft:grass_block[snowy=false]	minecraft:grass_block[snowy=false]
57	19	8	8	0.428571	0.000	7.125	7.125	-0.125	0.000	minecraft:grass_block[snowy=false]	minecraft:grass_block[snowy=false]
58	19	8	8	0.428571	0.000	10.025	3.576	-0.125	-0.125	minecraft:grass_block[snowy=false]	minecraft:grass_block[snowy=false]
59	19	8	8	0.428571	26.565	7.125	0.000	0.000	-0.125	minecraft:coarse_dirt	minecraft:coarse_dirt
60	19	8	7	0.285714	35.264	10.025	3.576	-0.125	-0.125	minecraft:dirt	minecraft:granite_stairs[facing=west, half=bottom, shape=straight, waterlogged=false]
61	19	8	7	0.285714	0.000	10.025	5.051	-0.125	-0.125	minecraft:coarse_dirt	minecraft:granite_slab[type=bottom, waterlogged=false]
62	19	7	7	0.285714	0.000	10.025	5.051	-0.125	-0.125	minecraft:grass_block[snowy=false]	minecraft:grass_block[snowy=false]
0	20	12	12	1.000000	35.264	21.568	12.699	-0.375	-0.125	minecraft:grass_block[snowy=false]	minecraft:grass_block[snowy=false]
1	20	12	11	0.857143	26.565	15.616	10.025	-0.250	-0.125	minecraft:grass_block[snowy=false]	minecraft:short_grass
2	20	12	11	0.857143	0.000	7.125	10.025	-0.125	0.000	minecraft:grass_block[snowy=false]	minecraft:short_grass
3	20	12	11	0.857143	45.000	7.125	10.025	-0.125	0.000	minecraft:grass_block[snowy=false]	minecraft:short_grass
4	20	10	9	0.571429	48.190	21.568	7.125	-0.375	-0.125	minecraft:dirt	minecraft:water[level=1]
5	20	10	9	0.571429	35.264	15.616	3.576	-0.250	-0.125	minecraft:dirt	minecraft:water[level=2]
6	20	11	10	0.714286	26.565	14.036	7.956	-0.250	0.000	minecraft:grass_block[snowy=false]	minecraft:short_grass
7	20	10	10	0.714286	35.264	14.036	10.025	-0.250	0.000	minecraft:grass_block[snowy=false]	minecraft:grass_block[snowy=false]
8	20	9	9	0.571429	35.264	14.036	15.616	0.000	-0.250	minecraft:grass_block[snowy=false]	minecraft:grass_block[snowy=false]
9	20	10	9	0.571429	0.000	20.556	12.699	0.000	-0.375	minecraft:grass_block[snowy=false]	minecraft:short_grass
10	20	9	9	0.571429	0.000	19.471	12.699	-0.250	-0.250	minecraft:grass_block[snowy=false]	minecraft:grass_block[snowy=false]
11	20	9	9	0.571429	0.000	15.616	15.616	-0.250	-0.125	minecraft:coarse_dirt	minecraft:coarse_dirt
12	20	10	9	0.571429	0.000	10.025	7.956	-0.125	-0.125	minecraft:coarse_dirt	minecraft:short_grass
13	20	9	9	0.571429	26.565	10.025	7.125	-0.125	-0.125	minecraft:coarse_dirt	minecraft:coarse_dirt
14	20	9	8	0.428571	35.264	10.025	14.036	-0.125	-0.125	minecraft:dirt	minecraft:granite_stairs[facing=west, half=bottom, shape=straight, waterlogged=false]
15	20	10	8	0.428571	0.000	19.471	14.036	-0.250	-0.250	minecraft:coarse_dirt	minecraft:large_fern[half=upper]
16	20	8	8	0.428571	0.000	15.616	10.620	-0.250	-0.125	minecraft:grass_block[snowy=false]	minecraft:grass_block[snowy=false]
17	20	9	8	0.428571	0.000	15.616	10.620	-0.250	-0.125	minecraft:grass_block[snowy=false]	minecraft:dark_oak_leaves[distance=7, persistent=true, waterlogged=false]
18	20	9	8	0.428571	35.264	14.036	10.620	-0.250	0.000	minecraft:grass_block[snowy=false]	minecraft:fern
19	20	8	7	0.285714	26.565	14.036	7.125	-0.250	0.000	minecraft:gravel	minecraft:andesite_slab[type=bottom, waterlogged=false]
20	20	7	7	0.285714	0.000	15.616	5.051	-0.250	0.125	minecraft:gravel	minecraft:gravel
21	20	7	7	0.285714	35.264	14.036	3.576	-0.250	0.000	minecraft:gravel	minecraft:gravel
22	20	7	6	0.142857	26.565	14.036	5.051	-0.250	0.000	minecraft:dirt	minecraft:water[level=0]
23	20	7	6	0.142857	0.000	0.000	3.576	0.000	0.000	minecraft:dirt	minecraft:water[level=0]
24	20	7	6	0.142857	0.000	7.125	5.051	0.125	0.000	minecraft:dirt	minecraft:water[level=0]
25	20	7	6	0.142857	0.000	14.036	11.180	0.250	0.000	minecraft:dirt	minecraft:water[level=0]
26	20	7	6	0.142857	48.190	20.556	11.180	0.375	0.000	minecraft:dirt	minecraft:granite_slab[type=bottom, waterlogged=true]
27	20	7	7	0.285714	45.000	24.261	12.699	0.375	-0.250	minecraft:dirt_path	minecraft:dirt_path
28	20	8	8	0.428571	45.000	24.261	12.699	0.375	-0.250	minecraft:grass_block[snowy=false]	minecraft:grass_block[snowy=false]
29	20	10	9	0.571429	35.264	24.261	15.616	0.375	-0.250	minecraft:grass_block[snowy=false]	minecraft:short_grass
30	20	9	9	0.571429	0.000	24.261	14.851	0.375	-0.250	minecraft:grass_block[snowy=false]	minecraft:grass_block[snowy=false]
31	20	9	9	0.571429	0.000	19.471	17.354	0.250	-0.250	minecraft:grass_block[snowy=false]	minecraft:grass_block[snowy=false]
32	20	10	9	0.571429	0.000	15.616	17.354	0.125	-0.250	minecraft:grass_block[snowy=false]	minecraft:short_grass
33	20	9	9	0.571429	0.000	14.036	14.851	0.000	-0.250	minecraft:grass_block[snowy=false]	minecraft:grass_block[snowy=false]
34	20	9	9	0.571429	0.000	7.125	20.023	0.000	-0.125	minecraft:grass_block[snowy=false]	minecraft:grass_block[snowy=false]
35	20	10	9	0.571429	26.565	7.125	12.699	0.000	-0.125	minecraft:grass_block[snowy=false]	minecraft:fern
36	20	10	9	0.571429	26.565	7.125	11.180	0.000	-0.125	minecraft:grass_block[snowy=false]	minecraft:short_grass
37	20	10	9	0.571429	26.565	7.125	7.956	0.000	-0.125	minecraft:grass_block[snowy=false]	minecraft:short_grass
38	20	10	9	0.571429	26.565	7.125	7.956	0.000	-0.125	minecraft:grass_block[snowy=false]	minecraft:short_grass
39	20	9	9	0.571429	26.565	7.125	7.956	0.000	-0.125	minecraft:grass_block[snowy=false]	minecraft:grass_block[snowy=false]
40	20	10	9	0.571429	26.565	7.125	7.956	0.000	-0.125	minecraft:grass_block[snowy=false]	minecraft:fern
41	20	10	9	0.571429	26.565	10.025	7.956	-0.125	-0.125	minecraft:grass_block[snowy=false]	minecraft:short_grass
42	20	10	9	0.571429	26.565	10.025	7.956	-0.125	-0.125	minecraft:grass_block[snowy=false]	minecraft:short_grass
43	20	10	9	0.571429	26.565	10.025	7.956	-0.125	-0.125	minecraft:grass_block[snowy=false]	minecraft:short_grass
44	20	10	9	0.571429	35.264	10.025	7.956	-0.125	-0.125	minecraft:grass_block[snowy=false]	minecraft:short_grass
45	20	8	8	0.428571	35.264	10.025	7.956	-0.125	-0.125	minecraft:grass_block[snowy=false]	minecraft:grass_block[snowy=false]
46	20	8	8	0.428571	26.565	10.025	7.956	-0.125	-0.125	minecraft:grass_block[snowy=false]	minecraft:grass_block[snowy=false]
47	20	8	8	0.428571	26.565	10.025	7.956	-0.125	-0.125	minecraft:grass_block[snowy=false]	minecraft:grass_block[snowy=false]
48	20	8	8	0.428571	26.565	10.025	7.956	-0.125	-0.125	minecraft:grass_block[snowy=false]	minecraft:grass_block[snowy=false]
49	20	8	8	0.428571	0.000	7.125	7.956	0.000	-0.125	minecraft:grass_block[snowy=false]	minecraft:grass_block[snowy=false]
50	20	8	8	0.428571	0.000	7.125	7.956	0.000	-0.125	minecraft:grass_block[snowy=false]	minecraft:grass_block[snowy=false]
51	20	8	8	0.428571	0.000	7.125	7.956	0.000	-0.125	minecraft:grass_block[snowy=false]	minecraft:grass_block[snowy=false]
52	20	8	8	0.428571	0.000	7.125	10.025	0.000	-0.125	minecraft:grass_block[snowy=false]	minecraft:grass_block[snowy=false]
53	20	8	8	0.428571	0.000	0.000	7.956	0.000	0.000	minecraft:grass_block[snowy=false]	minecraft:grass_block[snowy=false]
54	20	8	8	0.428571	0.000	0.000	7.956	0.000	0.000	minecraft:grass_block[snowy=false]	minecraft:grass_block[snowy=false]
55	20	8	8	0.428571	0.000	0.000	7.125	0.000	0.000	minecraft:grass_block[snowy=false]	minecraft:grass_block[snowy=false]
56	20	8	8	0.428571	0.000	10.025	7.125	-0.125	-0.125	minecraft:grass_block[snowy=false]	minecraft:grass_block[snowy=false]
57	20	8	8	0.428571	0.000	10.025	3.576	-0.125	-0.125	minecraft:grass_block[snowy=false]	minecraft:grass_block[snowy=false]
58	20	8	8	0.428571	0.000	10.025	3.576	-0.125	-0.125	minecraft:grass_block[snowy=false]	minecraft:grass_block[snowy=false]
59	20	8	8	0.428571	26.565	7.125	3.576	0.000	-0.125	minecraft:coarse_dirt	minecraft:coarse_dirt
60	20	8	7	0.285714	26.565	10.025	5.051	-0.125	-0.125	minecraft:coarse_dirt	minecraft:granite_slab[type=bottom, waterlogged=false]
61	20	7	7	0.285714	0.000	7.125	5.051	-0.125	0.000	minecraft:coarse_dirt	minecraft:coarse_dirt
62	20	8	7	0.285714	0.000	10.025	5.051	-0.125	-0.125	minecraft:grass_block[snowy=false]	minecraft:short_grass
0	21	12	11	0.857143	26.565	10.025	10.025	-0.125	-0.125	minecraft:grass_block[snowy=false]	minecraft:short_grass
1	21	12	11	0.857143	0.000	14.036	10.025	-0.250	0.000	minecraft:grass_block[snowy=false]	minecraft:short_grass
2	21	11	11	0.857143	26.565	10.025	10.025	-0.125	-0.125	minecraft:grass_block[snowy=false]	minecraft:grass_block[snowy=false]
3	21	11	10	0.714286	35.264	7.125	7.956	-0.125	0.000	minecraft:grass_block[snowy=false]	minecraft:short_grass
4	21	11	10	0.714286	35.264	15.616	5.051	-0.250	-0.125	minecraft:grass_block[snowy=false]	minecraft:short_grass
5	21	10	9	0.571429	0.000	15.616	3.576	-0.250	-0.125	minecraft:dirt	minecraft:water[level=3]
6	21	11	10	0.714286	26.565	14.036	10.025	-0.250	0.000	minecraft:grass_block[snowy=false]	minecraft:short_grass
7	21	9	9	0.571429	48.190	7.125	11.180	-0.125	0.000	minecraft:coarse_dirt	minecraft:coarse_dirt
8	21	9	9	0.571429	0.000	10.025	12.699	-0.125	-0.125	minecraft:grass_block[snowy=false]	minecraft:grass_block[snowy=false]
9	21	9	9	0.571429	0.000	14.036	12.699	0.000	-0.250	minecraft:grass_block[snowy=false]	minecraft:grass_block[snowy=false]
10	21	9	9	0.571429	0.000	19.471	15.616	-0.250	-0.250	minecraft:coarse_dirt	minecraft:coarse_dirt
11	21	9	9	0.571429	0.000	15.616	11.180	-0.125	-0.250	minecraft:coarse_dirt	minecraft:coarse_dirt
12	21	9	9	0.571429	0.000	15.616	11.180	-0.125	-0.250	minecraft:coarse_dirt	minecraft:coarse_dirt
13	21	10	9	0.571429	35.264	15.616	7.125	-0.125	-0.250	minecraft:coarse_dirt	minecraft:fern
14	21	9	8	0.428571	26.565	24.261	14.036	-0.250	-0.375	minecraft:dirt	minecraft:granite_slab[type=bottom, waterlogged=false]
15	21	8	8	0.428571	0.000	24.261	10.620	-0.250	-0.375	minecraft:coarse_dirt	minecraft:coarse_dirt
16	21	9	8	0.428571	0.000	19.471	10.620	-0.250	-0.250	minecraft:grass_block[snowy=false]	minecraft:dark_oak_leaves[distance=7, persistent=true, waterlogged=false]
17	21	8	8	0.428571	26.565	15.616	10.620	-0.250	-0.125	minecraft:grass_block[snowy=false]	minecraft:grass_block[snowy=false]
18	21	8	7	0.285714	35.264	15.616	10.620	-0.250	-0.125	minecraft:gravel	minecraft:andesite_slab[type=bottom, waterlogged=false]
19	21	8	7	0.285714	0.000	14.036	7.956	-0.250	0.000	minecraft:gravel	minecraft:andesite_slab[type=bottom, waterlogged=false]
20	21	7	7	0.285714	0.000	15.616	5.051	-0.250	-0.125	minecraft:gravel	minecraft:gravel
21	21	7	7	0.285714	26.565	14.036	5.051	-0.250	0.000	minecraft:gravel	minecraft:gravel
22	21	7	6	0.142857	26.565	7.125	5.051	-0.125	0.000	minecraft:dirt	minecraft:water[level=0]
23	21	7	6	0.142857	0.000	0.000	5.051	0.000	0.000	minecraft:dirt	minecraft:water[level=0]
24	21	7	6	0.142857	0.000	7.125	7.956	0.125	0.000	minecraft:dirt	minecraft:water[level=0]
25	21	7	6	0.142857	26.565	10.025	7.956	0.125	-0.125	minecraft:dirt	minecraft:granite_slab[type=bottom, waterlogged=true]
26	21	7	6	0.142857	26.565	20.556	12.699	0.375	0.000	minecraft:dirt	minecraft:granite_slab[type=bottom, waterlogged=true]
27	21	7	7	0.285714	45.000	20.556	11.180	0.375	0.000	minecraft:dirt_path	minecraft:dirt_path
28	21	8	8	0.428571	35.264	24.261	11.180	0.375	-0.250	minecraft:grass_block[snowy=false]	minecraft:grass_block[snowy=false]
29	21	9	8	0.428571	48.190	27.938	14.450	0.375	-0.375	minecraft:grass_block[snowy=false]	minecraft:short_grass
30	21	9	9	0.571429	35.264	24.261	15.616	0.375	-0.250	minecraft:grass_block[snowy=false]	minecraft:grass_block[snowy=false]
31	21	9	9	0.571429	26.565	15.616	15.616	0.125	-0.250	minecraft:grass_block[snowy=false]	minecraft:grass_block[snowy=false]
32	21	9	9	0.571429	0.000	20.556	15.616	0.000	-0.375	minecraft:grass_block[snowy=false]	minecraft:grass_block[snowy=false]
33	21	9	9	0.571429	0.000	20.556	12.699	0.000	-0.375	minecraft:grass_block[snowy=false]	minecraft:grass_block[snowy=false]
34	21	9	9	0.571429	35.264	15.616	12.699	-0.125	-0.250	minecraft:grass_block[snowy=false]	minecraft:grass_block[snowy=false]
35	21	9	8	0.428571	35.264	15.616	11.180	-0.125	-0.250	minecraft:grass_block[snowy=false]	minecraft:fern
36	21	10	8	0.428571	26.565	15.616	10.620	-0.125	-0.250	minecraft:grass_block[snowy=false]	minecraft:large_fern[half=upper]
37	21	9	8	0.428571	26.565	15.616	10.620	-0.125	-0.250	minecraft:grass_block[snowy=false]	minecraft:short_grass
38	21	8	8	0.428571	26.565	10.025	11.180	-0.125	-0.125	minecraft:grass_block[snowy=false]	minecraft:grass_block[snowy=false]
39	21	8	8	0.428571	26.565	7.125	11.180	0.000	-0.125	minecraft:grass_block[snowy=false]	minecraft:grass_block[snowy=false]
40	21	8	8	0.428571	26.565	7.125	11.180	0.000	-0.125	minecraft:grass_block[snowy=false]	minecraft:grass_block[snowy=false]
41	21	8	8	0.428571	26.565	7.125	7.956	0.000	-0.125	minecraft:grass_block[snowy=false]	minecraft:grass_block[snowy=false]
42	21	8	8	0.428571	26.565	7.125	7.956	0.000	-0.125	minecraft:grass_block[snowy=false]	minecraft:grass_block[snowy=false]
43	21	8	8	0.428571	26.565	7.125	7.125	0.000	-0.125	minecraft:grass_block[snowy=false]	minecraft:grass_block[snowy=false]
44	21	8	8	0.428571	26.565	7.125	7.125	0.000	-0.125	minecraft:grass_block[snowy=false]	minecraft:grass_block[snowy=false]
45	21	8	8	0.428571	0.000	7.125	7.125	0.000	-0.125	minecraft:grass_block[snowy=false]	minecraft:grass_block[snowy=false]
46	21	8	8	0.428571	0.000	7.125	7.125	0.000	-0.125	minecraft:grass_block[snowy=false]	minecraft:grass_block[snowy=false]
47	21	8	8	0.428571	0.000	7.125	7.125	0.000	-0.125	minecraft:grass_block[snowy=false]	minecraft:grass_block[snowy=false]
48	21	8	8	0.428571	0.000	7.125	3.576	0.000	-0.125	minecraft:grass_block[snowy=false]	minecraft:grass_block[snowy=false]
49	21	8	8	0.428571	0.000	7.125	3.576	0.000	-0.125	minecraft:grass_block[snowy=false]	minecraft:grass_block[snowy=false]
50	21	8	8	0.428571	0.000	7.125	7.125	0.000	-0.125	minecraft:grass_block[snowy=false]	minecraft:grass_block[snowy=false]
51	21	8	8	0.428571	0.000	7.125	7.125	0.000	-0.125	minecraft:grass_block[snowy=false]	minecraft:grass_block[snowy=false]
52	21	8	8	0.428571	0.000	0.000	11.180	0.000	0.000	minecraft:grass_block[snowy=false]	minecraft:grass_block[snowy=false]
53	21	8	8	0.428571	0.000	0.000	11.180	0.000	0.000	minecraft:grass_block[snowy=false]	minecraft:grass_block[snowy=false]
54	21	8	8	0.428571	0.000	7.125	11.180	0.000	-0.125	minecraft:grass_block[snowy=false]	minecraft:grass_block[snowy=false]
55	21	8	8	0.428571	0.000	7.125	10.620	0.000	-0.125	minecraft:grass_block[snowy=false]	minecraft:grass_block[snowy=false]
56	21	8	8	0.428571	0.000	10.025	7.125	-0.125	-0.125	minecraft:grass_block[snowy=false]	minecraft:grass_block[snowy=false]
57	21	8	8	0.428571	0.000	10.025	3.576	-0.125	-0.125	minecraft:grass_block[snowy=false]	minecraft:grass_block[snowy=false]
58	21	8	8	0.428571	0.000	10.025	7.125	-0.125	-0.125	minecraft:grass_block[snowy=false]	minecraft:grass_block[snowy=false]
59	21	8	8	0.428571	35.264	0.000	7.125	0.000	0.000	minecraft:coarse_dirt	minecraft:coarse_dirt
60	21	8	7	0.285714	26.565	7.125	7.956	-0.125	0.000	minecraft:coarse_dirt	minecraft:granite_slab[type=bottom, waterlogged=false]
61	21	7	7	0.285714	0.000	7.125	7.956	-0.125	0.000	minecraft:coarse_dirt	minecraft:coarse_dirt
62	21	8	7	0.285714	0.000	10.025	7.956	-0.125	-0.125	minecraft:grass_block[snowy=false]	minecraft:short_grass
0	22	12	11	0.857143	0.000	10.025	7.956	-0.125	-0.125	minecraft:grass_block[snowy=false]	minecraft:short_grass
1	22	12	11	0.857143	0.000	15.616	10.025	-0.250	-0.125	minecraft:grass_block[snowy=false]	minecraft:short_grass
2	22	12	11	0.857143	26.565	15.616	7.956	-0.250	-0.125	minecraft:grass_block[snowy=false]	minecraft:short_grass
3	22	11	10	0.714286	26.565	14.036	5.051	-0.250	0.000	minecraft:grass_block[snowy=false]	minecraft:short_grass
4	22	11	10	0.714286	26.565	15.616	5.051	-0.250	-0.125	minecraft:grass_block[snowy=false]	minecraft:short_grass
5	22	10	9	0.571429	35.264	14.036	7.956	-0.250	0.000	minecraft:coarse_dirt	minecraft:water[level=4]
6	22	10	9	0.571429	26.565	14.036	7.956	-0.250	0.000	minecraft:dirt	minecraft:water[level=5]
7	22	10	8	0.428571	26.565	7.125	7.125	-0.125	0.000	minecraft:dirt	minecraft:water[level=6]
8	22	9	9	0.571429	35.264	10.025	12.699	-0.125	-0.125	minecraft:grass_block[snowy=false]	minecraft:grass_block[snowy=false]
9	22	9	9	0.571429	0.000	15.616	11.180	-0.125	-0.250	minecraft:grass_block[snowy=false]	minecraft:grass_block[snowy=false]
10	22	9	9	0.571429	0.000	10.025	14.450	-0.125	-0.125	minecraft:coarse_dirt	minecraft:coarse_dirt
11	22	9	9	0.571429	26.565	7.125	11.180	0.000	-0.125	minecraft:coarse_dirt	minecraft:coarse_dirt
12	22	9	9	0.571429	35.264	10.025	11.180	-0.125	-0.125	minecraft:coarse_dirt	minecraft:coarse_dirt
13	22	9	8	0.428571	35.264	10.025	7.956	-0.125	-0.125	minecraft:dirt	minecraft:granite_slab[type=bottom, waterlogged=false]
14	22	9	8	0.428571	0.000	15.616	10.620	-0.250	-0.125	minecraft:coarse_dirt	minecraft:short_grass
15	22	8	8	0.428571	26.565	19.471	7.125	-0.250	-0.250	minecraft:grass_block[snowy=false]	minecraft:grass_block[snowy=false]
16	22	9	8	0.428571	26.565	19.471	11.180	-0.250	-0.250	minecraft:grass_block[snowy=false]	minecraft:short_grass
17	22	10	8	0.428571	26.565	15.616	7.125	-0.125	-0.250	minecraft:grass_block[snowy=false]	minecraft:large_fern[half=upper]
18	22	8	7	0.285714	26.565	19.471	10.620	-0.250	-0.250	minecraft:gravel	minecraft:andesite_slab[type=bottom, waterlogged=false]
19	22	7	7	0.285714	0.000	15.616	7.956	-0.250	-0.125	minecraft:gravel	minecraft:gravel
20	22	7	7	0.285714	0.000	15.616	7.956	-0.250	-0.125	minecraft:gravel	minecraft:gravel
21	22	7	7	0.285714	35.264	7.125	5.051	-0.125	0.000	minecraft:gravel	minecraft:gravel
22	22	7	6	0.142857	26.565	7.125	3.576	-0.125	0.000	minecraft:dirt	minecraft:water[level=0]
23	22	7	6	0.142857	0.000	0.000	3.576	0.000	0.000	minecraft:dirt	minecraft:water[level=0]
24	22	7	6	0.142857	26.565	0.000	7.956	0.000	0.000	minecraft:dirt	minecraft:water[level=0]
25	22	7	7	0.285714	26.565	14.036	5.051	0.000	-0.250	minecraft:dirt_path	minecraft:dirt_path
26	22	7	6	0.142857	0.000	15.616	7.956	0.250	-0.125	minecraft:dirt	minecraft:granite_slab[type=bottom, waterlogged=true]
27	22	7	7	0.285714	35.264	15.616	11.180	0.250	-0.125	minecraft:dirt_path	minecraft:dirt_path
28	22	7	7	0.285714	26.565	24.261	11.180	0.375	-0.250	minecraft:dirt_path	minecraft:dirt_path
29	22	8	7	0.285714	35.264	29.206	14.450	0.250	-0.500	minecraft:coarse_dirt	minecraft:granite_slab[type=bottom, waterlogged=false]
30	22	8	8	0.428571	48.190	29.206	15.616	0.250	-0.500	minecraft:coarse_dirt	minecraft:coarse_dirt
31	22	8	8	0.428571	48.190	27.266	15.616	0.125	-0.500	minecraft:coarse_dirt	minecraft:coarse_dirt
32	22	9	9	0.571429	35.264	21.568	15.616	0.125	-0.375	minecraft:grass_block[snowy=false]	minecraft:grass_block[snowy=false]
33	22	9	9	0.571429	35.264	21.568	14.450	0.125	-0.375	minecraft:grass_block[snowy=false]	minecraft:grass_block[snowy=false]
34	22	8	8	0.428571	35.264	14.036	15.616	0.000	-0.250	minecraft:grass_block[snowy=false]	minecraft:grass_block[snowy=false]
35	22	8	8	0.428571	0.000	14.036	14.450	0.000	-0.250	minecraft:grass_block[snowy=false]	minecraft:grass_block[snowy=false]
36	22	9	8	0.428571	0.000	15.616	11.180	-0.125	-0.250	minecraft:grass_block[snowy=false]	minecraft:short_grass
37	22	8	8	0.428571	0.000	15.616	11.180	-0.125	-0.250	minecraft:grass_block[snowy=false]	minecraft:grass_block[snowy=false]
38	22	8	8	0.428571	0.000	14.036	10.620	0.000	-0.250	minecraft:grass_block[snowy=false]	minecraft:grass_block[snowy=false]
39	22	8	8	0.428571	0.000	14.036	10.620	0.000	-0.250	minecraft:grass_block[snowy=false]	minecraft:grass_block[snowy=false]
40	22	8	8	0.428571	0.000	14.036	11.180	0.000	-0.250	minecraft:grass_block[snowy=false]	minecraft:grass_block[snowy=false]
41	22	8	8	0.428571	0.000	14.036	11.180	0.000	-0.250	minecraft:grass_block[snowy=false]	minecraft:grass_block[snowy=false]
42	22	8	8	0.428571	0.000	14.036	10.620	0.000	-0.250	minecraft:grass_block[snowy=false]	minecraft:grass_block[snowy=false]
43	22	8	8	0.428571	0.000	7.125	10.620	0.000	-0.125	minecraft:grass_block[snowy=false]	minecraft:grass_block[snowy=false]
44	22	8	8	0.428571	0.000	7.125	10.620	0.000	-0.125	minecraft:grass_block[snowy=false]	minecraft:grass_block[snowy=false]
45	22	8	8	0.428571	0.000	7.125	7.125	0.000	-0.125	minecraft:grass_block[snowy=false]	minecraft:grass_block[snowy=false]
46	22	8	8	0.428571	0.000	7.125	7.125	0.000	-0.125	minecraft:grass_block[snowy=false]	minecraft:grass_block[snowy=false]
47	22	8	8	0.428571	0.000	7.125	7.125	0.000	-0.125	minecraft:grass_block[snowy=false]	minecraft:grass_block[snowy=false]
48	22	8	8	0.428571	0.000	7.125	3.576	0.000	-0.125	minecraft:grass_block[snowy=false]	minecraft:grass_block[snowy=false]
49	22	8	8	0.428571	0.000	7.125	3.576	0.000	-0.125	minecraft:grass_block[snowy=false]	minecraft:grass_block[snowy=false]
50	22	8	8	0.428571	0.000	14.036	3.576	0.000	-0.250	minecraft:grass_block[snowy=false]	minecraft:grass_block[snowy=false]
51	22	9	8	0.428571	0.000	7.125	11.180	0.000	-0.125	minecraft:grass_block[snowy=false]	minecraft:short_grass
52	22	8	8	0.428571	0.000	7.125	11.180	0.000	-0.125	minecraft:grass_block[snowy=false]	minecraft:grass_block[snowy=false]
53	22	8	8	0.428571	0.000	7.125	11.180	0.000	-0.125	minecraft:grass_block[snowy=false]	minecraft:grass_block[snowy=false]
54	22	8	8	0.428571	0.000	7.125	11.180	0.000	-0.125	minecraft:grass_block[snowy=false]	minecraft:grass_block[snowy=false]
55	22	8	8	0.428571	0.000	10.025	10.620	-0.125	-0.125	minecraft:grass_block[snowy=false]	minecraft:grass_block[snowy=false]
56	22	8	8	0.428571	0.000	10.025	7.125	-0.125	-0.125	minecraft:grass_block[snowy=false]	minecraft:grass_block[snowy=false]
57	22	8	8	0.428571	0.000	10.025	3.576	-0.125	-0.125	minecraft:grass_block[snowy=false]	minecraft:grass_block[snowy=false]
58	22	8	8	0.428571	35.264	10.025	7.125	-0.125	-0.125	minecraft:grass_block[snowy=false]	minecraft:grass_block[snowy=false]
59	22	8	7	0.285714	35.264	10.025	7.956	-0.125	-0.125	minecraft:coarse_dirt	minecraft:granite_slab[type=bottom, waterlogged=false]
60	22	7	7	0.285714	0.000	7.125	7.956	-0.125	0.000	minecraft:coarse_dirt	minecraft:coarse_dirt
61	22	7	7	0.285714	0.000	10.025	11.180	-0.125	0.125	minecraft:coarse_dirt	minecraft:coarse_dirt
62	22	8	7	0.285714	0.000	10.025	11.180	-0.125	-0.125	minecraft:grass_block[snowy=false]	minecraft:short_grass
0	23	12	11	0.857143	0.000	10.025	11.180	-0.125	-0.125	minecraft:grass_block[snowy=false]	minecraft:short_grass
1	23	12	11	0.857143	0.000	10.025	7.956	-0.125	-0.125	minecraft:grass_block[snowy=false]	minecraft:short_grass
2	23	12	11	0.857143	26.565	10.025	7.125	-0.125	-0.125	minecraft:grass_block[snowy=false]	minecraft:short_grass
3	23	11	10	0.714286	26.565	14.036	7.125	-0.250	0.000	minecraft:grass_block[snowy=false]	minecraft:short_grass
4	23	11	10	0.714286	0.000	21.568	10.025	-0.375	0.125	minecraft:grass_block[snowy=false]	minecraft:short_grass
5	23	11	10	0.714286	26.565	14.036	10.025	-0.250	0.000	minecraft:grass_block[snowy=false]	minecraft:short_grass
6	23	11	10	0.714286	48.190	14.036	10.025	-0.250	0.000	minecraft:grass_block[snowy=false]	minecraft:short_grass
7	23	9	8	0.428571	54.736	15.616	7.956	-0.250	-0.125	minecraft:grass_block[snowy=false]	minecraft:water[level=1]
8	23	9	8	0.428571	35.264	19.471	15.616	-0.250	-0.250	minecraft:dirt	minecraft:water[level=2]
9	23	9	9	0.571429	48.190	15.616	11.180	-0.250	-0.125	minecraft:grass_block[snowy=false]	minecraft:grass_block[snowy=false]
10	23	9	9	0.571429	48.190	15.616	14.450	-0.250	-0.125	minecraft:coarse_dirt	minecraft:coarse_dirt
11	23	9	8	0.428571	35.264	10.025	11.180	-0.125	-0.125	minecraft:coarse_dirt	minecraft:granite_stairs[facing=north, half=bottom, shape=straight, waterlogged=false]
12	23	9	8	0.428571	26.565	10.025	11.180	-0.125	-0.125	minecraft:dirt	minecraft:granite_slab[type=bottom, waterlogged=false]
13	23	8	8	0.428571	0.000	10.025	14.450	-0.125	-0.125	minecraft:coarse_dirt	minecraft:coarse_dirt
14	23	8	8	0.428571	26.565	15.616	14.450	-0.250	-0.125	minecraft:dirt_path	minecraft:dirt_path
15	23	8	7	0.285714	35.264	10.025	7.125	-0.125	-0.125	minecraft:dirt	minecraft:granite_slab[type=bottom, waterlogged=false]
16	23	8	7	0.285714	35.264	10.025	7.125	-0.125	-0.125	minecraft:dirt	minecraft:granite_slab[type=bottom, waterlogged=false]
17	23	9	8	0.428571	26.565	15.616	7.956	-0.250	-0.125	minecraft:grass_block[snowy=false]	minecraft:short_grass
18	23	7	7	0.285714	26.565	15.616	10.620	-0.250	-0.125	minecraft:gravel	minecraft:gravel
19	23	7	7	0.285714	0.000	7.125	7.125	-0.125	0.000	minecraft:andesite	minecraft:andesite
20	23	7	7	0.285714	26.565	7.125	5.051	-0.125	0.000	minecraft:gravel	minecraft:gravel
21	23	7	6	0.142857	35.264	7.125	5.051	-0.125	0.000	minecraft:dirt	minecraft:water[level=0]
22	23	7	6	0.142857	0.000	7.125	5.051	-0.125	0.000	minecraft:dirt	minecraft:water[level=0]
23	23	7	6	0.142857	0.000	7.125	3.576	-0.125	0.000	minecraft:dirt	minecraft:water[level=0]
24	23	7	6	0.142857	26.565	0.000	7.956	0.000	0.000	minecraft:dirt	minecraft:water[level=0]
25	23	7	7	0.285714	0.000	7.125	3.576	0.125	0.000	minecraft:dirt_path	minecraft:dirt_path
26	23	7	6	0.142857	35.264	10.025	5.051	0.125	-0.125	minecraft:dirt	minecraft:water[level=0]
27	23	7	6	0.142857	35.264	10.025	11.180	0.125	-0.125	minecraft:dirt	minecraft:water[level=0]
28	23	7	7	0.285714	35.264	24.261	7.956	0.250	-0.375	minecraft:dirt_path	minecraft:dirt_path
29	23	7	7	0.285714	0.000	27.266	15.616	0.125	-0.500	minecraft:dirt_path	minecraft:dirt_path
30	23	7	7	0.285714	26.565	29.206	15.616	0.250	-0.500	minecraft:coarse_dirt	minecraft:coarse_dirt
31	23	8	7	0.285714	35.264	29.206	15.616	0.250	-0.500	minecraft:coarse_dirt	minecraft:granite_slab[type=bottom, waterlogged=false]
32	23	8	8	0.428571	48.190	27.266	15.616	0.125	-0.500	minecraft:grass_block[snowy=false]	minecraft:grass_block[snowy=false]
33	23	8	8	0.428571	45.000	21.568	14.450	0.125	-0.375	minecraft:grass_block[snowy=false]	minecraft:grass_block[snowy=false]
34	23	8	8	0.428571	0.000	21.568	15.616	0.125	-0.375	minecraft:grass_block[snowy=false]	minecraft:grass_block[snowy=false]
35	23	8	8	0.428571	0.000	15.616	15.616	0.125	-0.250	minecraft:grass_block[snowy=false]	minecraft:grass_block[snowy=false]
36	23	8	8	0.428571	0.000	14.036	14.450	0.000	-0.250	minecraft:grass_block[snowy=false]	minecraft:grass_block[snowy=false]
37	23	8	8	0.428571	0.000	14.036	14.450	0.000	-0.250	minecraft:grass_block[snowy=false]	minecraft:grass_block[snowy=false]
38	23	9	8	0.428571	0.000	14.036	14.450	0.000	-0.250	minecraft:grass_block[snowy=false]	minecraft:short_grass
39	23	8	8	0.428571	0.000	14.036	11.180	0.000	-0.250	minecraft:grass_block[snowy=false]	minecraft:grass_block[snowy=false]
40	23	9	8	0.428571	0.000	14.036	10.620	0.000	-0.250	minecraft:grass_block[snowy=false]	minecraft:short_grass
41	23	8	8	0.428571	0.000	14.036	10.620	0.000	-0.250	minecraft:grass_block[snowy=false]	minecraft:grass_block[snowy=false]
42	23	8	8	0.428571	0.000	14.036	0.000	0.000	-0.250	minecraft:grass_block[snowy=false]	minecraft:grass_block[snowy=false]
43	23	8	8	0.428571	0.000	14.036	10.620	0.000	-0.250	minecraft:grass_block[snowy=false]	minecraft:grass_block[snowy=false]
44	23	8	8	0.428571	0.000	14.036	10.620	0.000	-0.250	minecraft:grass_block[snowy=false]	minecraft:grass_block[snowy=false]
45	23	8	8	0.428571	0.000	14.036	10.620	0.000	-0.250	minecraft:grass_block[snowy=false]	minecraft:grass_block[snowy=false]
46	23	8	8	0.428571	0.000	7.125	10.620	0.000	-0.125	minecraft:grass_block[snowy=false]	minecraft:grass_block[snowy=false]
47	23	8	8	0.428571	0.000	7.125	10.620	0.000	-0.125	minecraft:grass_block[snowy=false]	minecraft:grass_block[snowy=false]
48	23	8	8	0.428571	0.000	14.036	10.620	0.000	-0.250	minecraft:grass_block[snowy=false]	minecraft:grass_block[snowy=false]
49	23	8	8	0.428571	0.000	7.125	3.576	0.000	-0.125	minecraft:grass_block[snowy=false]	minecraft:grass_block[snowy=false]
50	23	9	8	0.428571	0.000	7.125	11.180	0.000	-0.125	minecraft:grass_block[snowy=false]	minecraft:fern
51	23	8	8	0.428571	0.000	7.125	11.180	0.000	-0.125	minecraft:grass_block[snowy=false]	minecraft:grass_block[snowy=false]
52	23	9	8	0.428571	0.000	7.125	11.180	0.000	-0.125	minecraft:grass_block[snowy=false]	minecraft:fern
53	23	9	8	0.428571	0.000	7.125	11.180	0.000	-0.125	minecraft:grass_block[snowy=false]	minecraft:short_grass
54	23	8	8	0.428571	0.000	10.025	11.180	-0.125	-0.125	minecraft:grass_block[snowy=false]	minecraft:grass_block[snowy=false]
55	23	9	8	0.428571	0.000	10.025	7.125	-0.125	-0.125	minecraft:grass_block[snowy=false]	minecraft:tall_grass[half=lower]
56	23	8	8	0.428571	26.565	10.025	7.125	-0.125	-0.125	minecraft:grass_block[snowy=false]	minecraft:grass_block[snowy=false]
57	23	8	8	0.428571	35.264	10.025	7.125	-0.125	-0.125	minecraft:grass_block[snowy=false]	minecraft:grass_block[snowy=false]
58	23	8	7	0.285714	35.264	10.025	7.956	-0.125	-0.125	minecraft:coarse_dirt	minecraft:granite_slab[type=bottom, waterlogged=false]
59	23	8	7	0.285714	0.000	7.125	7.956	-0.125	0.000	minecraft:coarse_dirt	minecraft:granite_slab[type=bottom, waterlogged=false]
60	23	7	7	0.285714	0.000	10.025	11.180	-0.125	0.125	minecraft:dirt	minecraft:dirt
61	23	7	7	0.285714	0.000	7.125	11.180	-0.125	0.000	minecraft:coarse_dirt	minecraft:coarse_dirt
62	23	8	7	0.285714	26.565	0.000	11.180	0.000	0.000	minecraft:grass_block[snowy=false]	minecraft:tall_grass[half=lower]
0	24	11	11	0.857143	0.000	15.616	12.699	-0.125	-0.250	minecraft:grass_block[snowy=false]	minecraft:grass_block[snowy=false]
1	24	12	11	0.857143	0.000	10.025	15.616	-0.125	-0.125	minecraft:grass_block[snowy=false]	minecraft:short_grass
2	24	12	11	0.857143	35.264	10.025	14.450	-0.125	-0.125	minecraft:grass_block[snowy=false]	minecraft:short_grass
3	24	11	10	0.714286	26.565	7.125	7.956	0.000	-0.125	minecraft:grass_block[snowy=false]	minecraft:short_grass
4	24	11	10	0.714286	0.000	21.568	10.025	-0.375	0.125	minecraft:grass_block[snowy=false]	minecraft:short_grass
5	24	10	10	0.714286	0.000	27.266	10.025	-0.500	0.125	minecraft:grass_block[snowy=false]	minecraft:grass_block[snowy=false]
6	24	11	10	0.714286	0.000	26.565	7.956	-0.500	0.000	minecraft:grass_block[snowy=false]	minecraft:short_grass
7	24	10	10	0.714286	54.736	15.616	12.699	-0.250	-0.125	minecraft:grass_block[snowy=false]	minecraft:grass_block[snowy=false]
8	24	9	8	0.428571	57.688	15.616	15.616	-0.250	-0.125	minecraft:grass_block[snowy=false]	minecraft:water[level=3]
9	24	9	7	0.285714	35.264	15.616	15.616	-0.250	-0.125	minecraft:dirt	minecraft:water[level=4]
10	24	8	7	0.285714	48.190	15.616	14.450	-0.250	-0.125	minecraft:dirt	minecraft:water[level=1]
11	24	8	8	0.428571	35.264	21.568	11.180	-0.375	-0.125	minecraft:dirt_path	minecraft:dirt_path
12	24	8	8	0.428571	26.565	10.025	11.180	-0.125	-0.125	minecraft:dirt_path	minecraft:dirt_path
13	24	8	8	0.428571	26.565	7.125	14.450	0.000	-0.125	minecraft:dirt_path	minecraft:dirt_path
14	24	8	8	0.428571	48.190	0.000	14.450	0.000	0.000	minecraft:dirt_path	minecraft:dirt_path
15	24	8	7	0.285714	35.264	7.125	14.450	-0.125	0.000	minecraft:dirt	minecraft:granite_slab[type=bottom, waterlogged=false]
16	24	7	7	0.285714	26.565	10.025	7.125	-0.125	-0.125	minecraft:gravel	minecraft:gravel
17	24	7	7	0.285714	26.565	15.616	3.576	-0.250	-0.125	minecraft:gravel	minecraft:gravel
18	24	7	7	0.285714	0.000	15.616	0.000	-0.250	-0.125	minecraft:gravel	minecraft:gravel
19	24	7	7	0.285714	0.000	7.125	7.125	-0.125	0.000	minecraft:gravel	minecraft:gravel
20	24	7	7	0.285714	35.264	7.125	7.956	-0.125	0.000	minecraft:gravel	minecraft:gravel
21	24	7	6	0.142857	26.565	0.000	5.051	0.000	0.000	minecraft:dirt	minecraft:water[level=0]
22	24	7	6	0.142857	0.000	7.125	5.051	0.000	0.125	minecraft:dirt	minecraft:water[level=0]
23	24	7	6	0.142857	0.000	7.125	3.576	-0.125	0.000	minecraft:dirt	minecraft:water[level=0]
24	24	7	6	0.142857	26.565	7.125	0.000	-0.125	0.000	minecraft:dirt	minecraft:water[level=0]
25	24	8	7	0.285714	35.264	10.025	3.576	0.125	-0.125	minecraft:coarse_dirt	minecraft:short_grass
26	24	9	7	0.285714	35.264	10.025	5.051	0.125	-0.125	minecraft:coarse_dirt	minecraft:tall_grass[half=upper]
27	24	7	6	0.142857	35.264	15.616	7.956	0.125	-0.250	minecraft:dirt	minecraft:water[level=0]
28	24	7	6	0.142857	35.264	21.568	7.956	0.125	-0.375	minecraft:dirt	minecraft:water[level=0]
29	24	7	7	0.285714	35.264	26.565	15.616	0.000	-0.500	minecraft:dirt_path	minecraft:dirt_path
30	24	7	7	0.285714	0.000	21.568	15.616	0.125	-0.375	minecraft:dirt_path	minecraft:dirt_path
31	24	7	7	0.285714	0.000	29.206	15.616	0.250	-0.500	minecraft:coarse_dirt	minecraft:coarse_dirt
32	24	7	7	0.285714	45.000	29.206	15.616	0.250	-0.500	minecraft:coarse_dirt	minecraft:coarse_dirt
33	24	7	7	0.285714	48.190	21.568	14.450	0.125	-0.375	minecraft:coarse_dirt	minecraft:coarse_dirt
34	24	8	8	0.428571	35.264	21.568	14.450	0.125	-0.375	minecraft:grass_block[snowy=false]	minecraft:grass_block[snowy=false]
35	24	8	8	0.428571	26.565	21.568	15.616	0.125	-0.375	minecraft:grass_block[snowy=false]	minecraft:grass_block[snowy=false]
36	24	8	8	0.428571	26.565	21.568	15.616	0.125	-0.375	minecraft:grass_block[snowy=false]	minecraft:grass_block[snowy=false]
37	24	9	8	0.428571	26.565	15.616	14.450	0.125	-0.250	minecraft:grass_block[snowy=false]	minecraft:short_grass
38	24	8	8	0.428571	0.000	14.036	14.450	0.000	-0.250	minecraft:grass_block[snowy=false]	minecraft:grass_block[snowy=false]
39	24	8	8	0.428571	0.000	14.036	14.450	0.000	-0.250	minecraft:grass_block[snowy=false]	minecraft:grass_block[snowy=false]
40	24	9	8	0.428571	0.000	14.036	11.180	0.000	-0.250	minecraft:grass_block[snowy=false]	minecraft:short_grass
41	24	8	8	0.428571	0.000	14.036	11.180	0.000	-0.250	minecraft:grass_block[snowy=false]	minecraft:grass_block[snowy=false]
42	24	9	8	0.428571	0.000	14.036	10.620	0.000	-0.250	minecraft:grass_block[snowy=false]	minecraft:short_grass
43	24	8	8	0.428571	0.000	14.036	3.576	0.000	-0.250	minecraft:grass_block[snowy=false]	minecraft:grass_block[snowy=false]
44	24	8	8	0.428571	0.000	14.036	10.620	0.000	-0.250	minecraft:grass_block[snowy=false]	minecraft:grass_block[snowy=false]
45	24	8	8	0.428571	0.000	7.125	10.620	0.000	-0.125	minecraft:grass_block[snowy=false]	minecraft:grass_block[snowy=false]
46	24	9	8	0.428571	0.000	7.125	10.620	0.000	-0.125	minecraft:grass_block[snowy=false]	minecraft:short_grass
47	24	8	8	0.428571	0.000	7.125	10.620	0.000	-0.125	minecraft:grass_block[snowy=false]	minecraft:grass_block[snowy=false]
48	24	10	8	0.428571	0.000	7.125	11.180	0.000	-0.125	minecraft:grass_block[snowy=false]	minecraft:tall_grass[half=upper]
49	24	9	8	0.428571	0.000	7.125	11.180	0.000	-0.125	minecraft:grass_block[snowy=false]	minecraft:fern
50	24	8	8	0.428571	0.000	7.125	11.180	0.000	-0.125	minecraft:grass_block[snowy=false]	minecraft:grass_block[snowy=false]
51	24	9	8	0.428571	0.000	7.125	11.180	0.000	-0.125	minecraft:grass_block[snowy=false]	minecraft:tall_grass[half=lower]
52	24	9	8	0.428571	0.000	10.025	14.450	-0.125	-0.125	minecraft:grass_block[snowy=false]	minecraft:tall_grass[half=upper]
53	24	8	8	0.428571	0.000	10.025	11.180	-0.125	-0.125	minecraft:grass_block[snowy=false]	minecraft:grass_block[snowy=false]
54	24	9	8	0.428571	26.565	10.025	12.699	-0.125	-0.125	minecraft:grass_block[snowy=false]	minecraft:fern
55	24	9	8	0.428571	35.264	10.025	7.125	-0.125	-0.125	minecraft:grass_block[snowy=false]	minecraft:tall_grass[half=lower]
56	24	7	7	0.285714	35.264	10.025	7.956	-0.125	-0.125	minecraft:coarse_dirt	minecraft:coarse_dirt
57	24	8	7	0.285714	26.565	10.025	7.956	-0.125	-0.125	minecraft:coarse_dirt	minecraft:granite_slab[type=bottom, waterlogged=false]
58	24	8	7	0.285714	0.000	15.616	7.956	-0.250	-0.125	minecraft:coarse_dirt	minecraft:granite_slab[type=bottom, waterlogged=false]
59	24	8	7	0.285714	26.565	10.025	11.180	-0.125	-0.125	minecraft:coarse_dirt	minecraft:granite_slab[type=bottom, waterlogged=false]
60	24	8	7	0.285714	26.565	0.000	11.180	0.000	0.000	minecraft:coarse_dirt	minecraft:granite_slab[type=bottom, waterlogged=false]
61	24	7	7	0.285714	26.565	0.000	7.956	0.000	0.000	minecraft:andesite	minecraft:andesite
62	24	7	6	0.142857	35.264	7.125	10.025	-0.125	0.000	minecraft:andesite	minecraft:andesite_slab[type=bottom, waterlogged=false]
0	25	12	11	0.857143	0.000	10.025	10.025	-0.125	-0.125	minecraft:grass_block[snowy=false]	minecraft:short_grass
1	25	12	11	0.857143	26.565	10.025	11.180	-0.125	-0.125	minecraft:grass_block[snowy=false]	minecraft:short_grass
2	25	10	10	0.714286	35.264	7.125	12.699	0.000	-0.125	minecraft:grass_block[snowy=false]	minecraft:grass_block[snowy=false]
3	25	11	10	0.714286	0.000	0.000	11.180	0.000	0.000	minecraft:grass_block[snowy=false]	minecraft:short_grass
4	25	11	10	0.714286	0.000	14.036	12.699	-0.250	0.000	minecraft:grass_block[snowy=false]	minecraft:short_grass
5	25	11	10	0.714286	0.000	21.568	12.699	-0.375	0.125	minecraft:grass_block[snowy=false]	minecraft:short_grass
6	25	11	10	0.714286	0.000	21.568	14.450	-0.375	-0.125	minecraft:grass_block[snowy=false]	minecraft:short_grass
7	25	10	10	0.714286	26.565	21.568	15.616	-0.375	-0.125	minecraft:grass_block[snowy=false]	minecraft:grass_block[snowy=false]
8	25	9	9	0.571429	48.190	21.568	18.602	-0.375	-0.125	minecraft:grass_block[snowy=false]	minecraft:grass_block[snowy=false]
9	25	8	8	0.428571	48.190	21.568	15.616	-0.375	-0.125	minecraft:grass_block[snowy=false]	minecraft:grass_block[snowy=false]
10	25	8	7	0.285714	35.264	27.266	11.180	-0.500	-0.125	minecraft:dirt	minecraft:water[level=2]
11	25	8	7	0.285714	0.000	27.266	11.180	-0.500	-0.125	minecraft:dirt	minecraft:water[level=3]
12	25	8	7	0.285714	0.000	21.568	14.450	-0.375	-0.125	minecraft:dirt	minecraft:water[level=4]
13	25	8	7	0.285714	26.565	10.025	14.450	-0.125	-0.125	minecraft:dirt	minecraft:water[level=5]
14	25	8	6	0.142857	26.565	0.000	14.450	0.000	0.000	minecraft:dirt	minecraft:water[level=6]
15	25	7	6	0.142857	0.000	0.000	14.450	0.000	0.000	minecraft:dirt	minecraft:water[level=0]
16	25	7	6	0.142857	35.264	10.025	10.620	-0.125	-0.125	minecraft:dirt	minecraft:water[level=0]
17	25	7	7	0.285714	35.264	10.025	7.125	-0.125	-0.125	minecraft:gravel	minecraft:gravel
18	25	7	7	0.285714	26.565	0.000	0.000	0.000	0.000	minecraft:gravel	minecraft:gravel
19	25	7	7	0.285714	35.264	0.000	3.576	0.000	0.000	minecraft:gravel	minecraft:gravel
20	25	7	6	0.142857	35.264	0.000	3.576	0.000	0.000	minecraft:dirt	minecraft:water[level=0]
21	25	7	6	0.142857	0.000	7.125	5.051	-0.125	0.000	minecraft:dirt	minecraft:water[level=0]
22	25	7	6	0.142857	0.000	7.125	5.051	0.000	0.125	minecraft:dirt	minecraft:water[level=0]
23	25	7	6	0.142857	0.000	7.125	5.051	0.000	0.125	minecraft:dirt	minecraft:water[level=0]
24	25	7	6	0.142857	0.000	7.125	3.576	0.000	-0.125	minecraft:dirt	minecraft:water[level=0]
25	25	7	6	0.142857	35.264	7.125	5.051	0.000	-0.125	minecraft:dirt	minecraft:water[level=0]
26	25	7	7	0.285714	35.264	10.025	3.576	0.125	-0.125	minecraft:coarse_dirt	minecraft:coarse_dirt
27	25	7	7	0.285714	26.565	15.616	3.576	0.125	-0.250	minecraft:dirt_path	minecraft:dirt_path
28	25	7	6	0.142857	26.565	20.556	7.956	0.000	-0.375	minecraft:dirt	minecraft:water[level=0]
29	25	7	6	0.142857	48.190	20.556	14.450	0.000	-0.375	minecraft:dirt	minecraft:water[level=1]
30	25	7	7	0.285714	48.190	26.565	15.616	0.000	-0.500	minecraft:dirt_path	minecraft:dirt_path
31	25	7	7	0.285714	48.190	26.565	15.616	0.000	-0.500	minecraft:coarse_dirt	minecraft:coarse_dirt
32	25	7	6	0.142857	35.264	27.266	15.616	0.125	-0.500	minecraft:dirt	minecraft:granite_stairs[facing=north, half=bottom, shape=straight, waterlogged=false]
33	25	7	6	0.142857	35.264	21.568	15.616	0.125	-0.375	minecraft:dirt	minecraft:granite_stairs[facing=north, half=bottom, shape=inner_right, waterlogged=false]
34	25	7	7	0.285714	35.264	21.568	14.450	0.125	-0.375	minecraft:coarse_dirt	minecraft:coarse_dirt
35	25	7	7	0.285714	26.565	15.616	14.450	0.125	-0.250	minecraft:coarse_dirt	minecraft:coarse_dirt
36	25	8	7	0.285714	26.565	19.471	15.616	0.250	-0.250	minecraft:dirt	minecraft:granite_slab[type=bottom, waterlogged=false]
37	25	8	7	0.285714	35.264	19.471	15.616	0.250	-0.250	minecraft:dirt	minecraft:granite_slab[type=bottom, waterlogged=false]
38	25	8	8	0.428571	35.264	15.616	14.450	0.125	-0.250	minecraft:grass_block[snowy=false]	minecraft:grass_block[snowy=false]
39	25	8	8	0.428571	26.565	15.616	14.450	0.125	-0.250	minecraft:grass_block[snowy=false]	minecraft:grass_block[snowy=false]
40	25	8	8	0.428571	26.565	15.616	15.616	0.125	-0.250	minecraft:grass_block[snowy=false]	minecraft:grass_block[snowy=false]
41	25	9	8	0.428571	26.565	10.025	15.616	0.125	-0.125	minecraft:grass_block[snowy=false]	minecraft:tall_grass[half=lower]
42	25	9	8	0.428571	26.565	7.125	14.450	0.000	-0.125	minecraft:grass_block[snowy=false]	minecraft:short_grass
43	25	8	8	0.428571	0.000	7.125	14.450	0.000	-0.125	minecraft:grass_block[snowy=false]	minecraft:grass_block[snowy=false]
44	25	8	8	0.428571	0.000	7.125	14.450	0.000	-0.125	minecraft:grass_block[snowy=false]	minecraft:grass_block[snowy=false]
45	25	8	8	0.428571	0.000	7.125	14.450	0.000	-0.125	minecraft:grass_block[snowy=false]	minecraft:grass_block[snowy=false]
46	25	8	8	0.428571	0.000	7.125	7.956	0.000	-0.125	minecraft:grass_block[snowy=false]	minecraft:grass_block[snowy=false]
47	25	8	8	0.428571	0.000	7.125	11.180	0.000	-0.125	minecraft:grass_block[snowy=false]	minecraft:grass_block[snowy=false]
48	25	10	8	0.428571	0.000	0.000	11.180	0.000	0.000	minecraft:grass_block[snowy=false]	minecraft:tall_grass[half=upper]
49	25	9	8	0.428571	0.000	0.000	11.180	0.000	0.000	minecraft:grass_block[snowy=false]	minecraft:fern
50	25	8	8	0.428571	26.565	10.025	11.180	-0.125	-0.125	minecraft:grass_block[snowy=false]	minecraft:grass_block[snowy=false]
51	25	8	8	0.428571	26.565	10.025	14.036	-0.125	-0.125	minecraft:grass_block[snowy=false]	minecraft:grass_block[snowy=false]
52	25	8	8	0.428571	26.565	15.616	10.620	-0.125	-0.250	minecraft:grass_block[snowy=false]	minecraft:grass_block[snowy=false]
53	25	8	8	0.428571	35.264	15.616	11.180	-0.125	-0.250	minecraft:grass_block[snowy=false]	minecraft:grass_block[snowy=false]
54	25	7	7	0.285714	35.264	15.616	12.699	-0.125	-0.250	minecraft:coarse_dirt	minecraft:coarse_dirt
55	25	7	7	0.285714	26.565	14.036	11.180	0.000	-0.250	minecraft:coarse_dirt	minecraft:coarse_dirt
56	25	7	7	0.285714	0.000	7.125	11.180	0.000	-0.125	minecraft:coarse_dirt	minecraft:coarse_dirt
57	25	7	7	0.285714	0.000	10.025	11.180	-0.125	-0.125	minecraft:coarse_dirt	minecraft:coarse_dirt
58	25	8	7	0.285714	26.565	15.616	11.180	-0.125	-0.250	minecraft:coarse_dirt	minecraft:granite_slab[type=bottom, waterlogged=false]
59	25	8	8	0.428571	26.565	15.616	10.620	0.125	-0.250	minecraft:grass_block[snowy=false]	minecraft:grass_block[snowy=false]
60	25	8	8	0.428571	35.264	10.025	10.620	0.125	-0.125	minecraft:grass_block[snowy=false]	minecraft:grass_block[snowy=false]
61	25	8	7	0.285714	48.190	7.125	7.956	0.000	-0.125	minecraft:andesite	minecraft:andesite_slab[type=bottom, waterlogged=false]
62	25	7	6	0.142857	26.565	10.025	7.956	-0.125	-0.125	minecraft:andesite	minecraft:andesite_stairs[facing=south, half=bottom, shape=outer_right, waterlogged=false]
0	26	12	11	0.857143	0.000	10.025	10.025	-0.125	-0.125	minecraft:grass_block[snowy=false]	minecraft:short_grass
1	26	12	11	0.857143	35.264	10.025	14.851	-0.125	-0.125	minecraft:grass_block[snowy=false]	minecraft:short_grass
2	26	11	10	0.714286	26.565	7.125	10.025	0.000	-0.125	minecraft:grass_block[snowy=false]	minecraft:short_grass
3	26	11	10	0.714286	0.000	0.000	7.956	0.000	0.000	minecraft:grass_block[snowy=false]	minecraft:short_grass
4	26	11	10	0.714286	0.000	14.036	10.025	-0.250	0.000	minecraft:grass_block[snowy=false]	minecraft:short_grass
5	26	11	10	0.714286	0.000	20.556	7.956	-0.375	0.000	minecraft:grass_block[snowy=false]	minecraft:short_grass
6	26	11	10	0.714286	0.000	14.036	10.025	-0.250	0.000	minecraft:grass_block[snowy=false]	minecraft:short_grass
7	26	10	10	0.714286	35.264	14.036	12.699	-0.250	0.000	minecraft:grass_block[snowy=false]	minecraft:grass_block[snowy=false]
8	26	9	9	0.571429	48.190	15.616	18.602	-0.250	-0.125	minecraft:grass_block[snowy=false]	minecraft:grass_block[snowy=false]
9	26	8	8	0.428571	26.565	15.616	18.602	-0.250	-0.125	minecraft:grass_block[snowy=false]	minecraft:grass_block[snowy=false]
10	26	8	8	0.428571	26.565	15.616	14.450	-0.250	-0.125	minecraft:grass_block[snowy=false]	minecraft:grass_block[snowy=false]
11	26	8	8	0.428571	26.565	21.568	14.450	-0.375	-0.125	minecraft:dirt_path	minecraft:dirt_path
12	26	8	8	0.428571	26.565	21.568	14.450	-0.375	-0.125	minecraft:dirt_path	minecraft:dirt_path
13	26	8	8	0.428571	26.565	14.036	14.450	-0.250	0.000	minecraft:dirt_path	minecraft:dirt_path
14	26	8	8	0.428571	48.190	14.036	14.450	-0.250	0.000	minecraft:grass_block[snowy=false]	minecraft:grass_block[snowy=false]
15	26	8	7	0.285714	48.190	14.036	14.450	-0.250	0.000	minecraft:coarse_dirt	minecraft:birch_leaves[distance=7, persistent=true, waterlogged=false]
16	26	7	6	0.142857	35.264	15.616	10.620	-0.250	-0.125	minecraft:dirt	minecraft:water[level=0]
17	26	7	6	0.142857	0.000	15.616	7.125	-0.250	-0.125	minecraft:dirt	minecraft:water[level=0]
18	26	7	6	0.142857	0.000	14.036	7.125	-0.250	0.000	minecraft:dirt	minecraft:water[level=0]
19	26	7	6	0.142857	0.000	7.125	7.956	-0.125	0.000	minecraft:dirt	minecraft:water[level=0]
20	26	7	6	0.142857	26.565	0.000	7.956	0.000	0.000	minecraft:dirt	minecraft:water[level=0]
21	26	7	6	0.142857	0.000	0.000	12.699	0.000	0.000	minecraft:dirt	minecraft:water[level=0]
22	26	7	6	0.142857	0.000	7.125	11.180	0.000	0.125	minecraft:dirt	minecraft:water[level=0]
23	26	7	6	0.142857	0.000	7.125	7.956	0.000	0.125	minecraft:dirt	minecraft:water[level=0]
24	26	7	6	0.142857	0.000	0.000	3.576	0.000	0.000	minecraft:dirt	minecraft:water[level=0]
25	26	7	6	0.142857	0.000	10.025	3.576	-0.125	-0.125	minecraft:dirt	minecraft:water[level=0]
26	26	7	6	0.142857	0.000	10.025	5.051	-0.125	-0.125	minecraft:dirt	minecraft:water[level=0]
27	26	7	6	0.142857	26.565	15.616	5.051	-0.125	-0.250	minecraft:dirt	minecraft:water[level=0]
28	26	7	6	0.142857	35.264	14.036	7.956	0.000	-0.250	minecraft:dirt	minecraft:water[level=0]
29	26	7	5	0.000000	35.264	14.036	11.180	0.000	-0.250	minecraft:dirt	minecraft:water[level=1]
30	26	7	5	0.000000	45.000	21.568	11.180	0.125	-0.375	minecraft:dirt	minecraft:water[level=2]
31	26	7	5	0.000000	48.190	21.568	14.450	0.125	-0.375	minecraft:dirt	minecraft:water[level=3]
32	26	7	6	0.142857	35.264	27.266	14.450	0.125	-0.500	minecraft:dirt	minecraft:water[level=4]
33	26	7	6	0.142857	26.565	29.206	14.450	0.250	-0.500	minecraft:dirt	minecraft:granite_stairs[facing=east, half=bottom, shape=straight, waterlogged=false]
34	26	7	7	0.285714	35.264	24.261	14.450	0.250	-0.375	minecraft:coarse_dirt	minecraft:coarse_dirt
35	26	7	7	0.285714	0.000	24.261	15.616	0.250	-0.375	minecraft:coarse_dirt	minecraft:coarse_dirt
36	26	7	7	0.285714	0.000	15.616	15.616	0.125	-0.250	minecraft:dirt	minecraft:dirt
37	26	7	7	0.285714	0.000	15.616	17.354	0.125	-0.250	minecraft:coarse_dirt	minecraft:coarse_dirt
38	26	7	7	0.285714	26.565	14.036	17.354	0.000	-0.250	minecraft:coarse_dirt	minecraft:coarse_dirt
39	26	7	7	0.285714	26.565	15.616	17.354	0.125	-0.250	minecraft:coarse_dirt	minecraft:coarse_dirt
40	26	8	7	0.285714	26.565	15.616	15.616	0.125	-0.250	minecraft:dirt	minecraft:granite_slab[type=bottom, waterlogged=false]
41	26	8	7	0.285714	26.565	15.616	15.616	0.125	-0.250	minecraft:dirt	minecraft:granite_slab[type=bottom, waterlogged=false]
42	26	8	7	0.285714	35.264	15.616	3.576	0.125	-0.250	minecraft:dirt	minecraft:granite_slab[type=bottom, waterlogged=false]
43	26	9	8	0.428571	35.264	15.616	14.036	0.125	-0.250	minecraft:grass_block[snowy=false]	minecraft:fern
44	26	8	8	0.428571	26.565	15.616	7.125	0.125	-0.250	minecraft:grass_block[snowy=false]	minecraft:grass_block[snowy=false]
45	26	9	8	0.428571	26.565	10.025	14.036	0.125	-0.125	minecraft:grass_block[snowy=false]	minecraft:short_grass
46	26	9	8	0.428571	0.000	7.125	14.036	0.000	-0.125	minecraft:grass_block[snowy=false]	minecraft:tall_grass[half=lower]
47	26	9	8	0.428571	0.000	10.025	7.125	-0.125	-0.125	minecraft:grass_block[snowy=false]	minecraft:short_grass
48	26	8	8	0.428571	26.565	7.125	14.036	-0.125	0.000	minecraft:grass_block[snowy=false]	minecraft:grass_block[snowy=false]
49	26	8	8	0.428571	35.264	7.125	14.036	-0.125	0.000	minecraft:grass_block[snowy=false]	minecraft:grass_block[snowy=false]
50	26	7	7	0.285714	35.264	7.125	14.036	-0.125	0.000	minecraft:coarse_dirt	minecraft:coarse_dirt
51	26	7	7	0.285714	26.565	15.616	11.180	-0.125	-0.250	minecraft:coarse_dirt	minecraft:coarse_dirt
52	26	7	7	0.285714	26.565	15.616	10.620	-0.125	-0.250	minecraft:coarse_dirt	minecraft:coarse_dirt
53	26	7	7	0.285714	26.565	15.616	10.620	-0.125	-0.250	minecraft:coarse_dirt	minecraft:coarse_dirt
54	26	7	7	0.285714	0.000	14.036	12.699	0.000	-0.250	minecraft:coarse_dirt	minecraft:coarse_dirt
55	26	7	7	0.285714	0.000	14.036	11.180	0.000	-0.250	minecraft:dirt	minecraft:dirt
56	26	7	7	0.285714	0.000	15.616	11.180	0.125	-0.250	minecraft:dirt	minecraft:dirt
57	26	7	7	0.285714	0.000	10.025	11.180	0.125	-0.125	minecraft:coarse_dirt	minecraft:coarse_dirt
58	26	7	7	0.285714	0.000	15.616	10.620	-0.125	-0.250	minecraft:andesite	minecraft:andesite
59	26	8	7	0.285714	26.565	7.125	10.620	0.000	-0.125	minecraft:andesite	minecraft:andesite_slab[type=bottom, waterlogged=false]
60	26	8	8	0.428571	26.565	10.025	11.180	0.125	-0.125	minecraft:grass_block[snowy=false]	minecraft:grass_block[snowy=false]
61	26	8	8	0.428571	45.000	15.616	7.956	0.125	-0.250	minecraft:grass_block[snowy=false]	minecraft:grass_block[snowy=false]
62	26	7	6	0.142857	48.190	15.616	5.051	-0.125	-0.250	minecraft:andesite	minecraft:andesite_stairs[facing=west, half=bottom, shape=straight, waterlogged=false]
0	27	11	11	0.857143	35.264	10.025	14.851	-0.125	-0.125	minecraft:grass_block[snowy=false]	minecraft:grass_block[snowy=false]
1	27	11	10	0.714286	35.264	7.125	10.025	0.000	-0.125	minecraft:grass_block[snowy=false]	minecraft:short_grass
2	27	10	10	0.714286	0.000	7.125	10.025	0.000	-0.125	minecraft:grass_block[snowy=false]	minecraft:grass_block[snowy=false]
3	27	11	10	0.714286	0.000	7.125	7.956	-0.125	0.000	minecraft:grass_block[snowy=false]	minecraft:short_grass
4	27	11	10	0.714286	0.000	21.568	7.125	-0.375	-0.125	minecraft:grass_block[snowy=false]	minecraft:short_grass
5	27	11	10	0.714286	0.000	15.616	7.956	-0.250	-0.125	minecraft:grass_block[snowy=false]	minecraft:short_grass
6	27	10	10	0.714286	26.565	15.616	10.025	-0.250	-0.125	minecraft:grass_block[snowy=false]	minecraft:grass_block[snowy=false]
7	27	9	9	0.571429	48.190	14.036	10.025	-0.250	0.000	minecraft:grass_block[snowy=false]	minecraft:grass_block[snowy=false]
8	27	8	8	0.428571	35.264	14.036	15.616	-0.250	0.000	minecraft:grass_block[snowy=false]	minecraft:grass_block[snowy=false]
9	27	8	8	0.428571	0.000	15.616	11.180	-0.250	-0.125	minecraft:grass_block[snowy=false]	minecraft:grass_block[snowy=false]
10	27	9	8	0.428571	0.000	15.616	11.180	-0.250	-0.125	minecraft:grass_block[snowy=false]	minecraft:short_grass
11	27	8	8	0.428571	0.000	14.036	11.180	-0.250	0.000	minecraft:grass_block[snowy=false]	minecraft:grass_block[snowy=false]
12	27	9	8	0.428571	0.000	7.125	11.180	-0.125	0.000	minecraft:grass_block[snowy=false]	minecraft:birch_leaves[distance=7, persistent=true, waterlogged=false]
13	27	9	8	0.428571	0.000	7.125	14.450	-0.125	0.000	minecraft:grass_block[snowy=false]	minecraft:short_grass
14	27	9	8	0.428571	26.565	7.125	14.450	-0.125	0.000	minecraft:grass_block[snowy=false]	minecraft:birch_leaves[distance=7, persistent=true, waterlogged=false]
15	27	8	7	0.285714	35.264	10.025	10.620	-0.125	0.125	minecraft:dirt	minecraft:granite_slab[type=bottom, waterlogged=false]
16	27	7	7	0.285714	26.565	10.025	7.125	-0.125	0.125	minecraft:coarse_dirt	minecraft:coarse_dirt
17	27	7	7	0.285714	26.565	15.616	7.125	-0.250	-0.125	minecraft:dirt_path	minecraft:dirt_path
18	27	7	7	0.285714	26.565	14.036	3.576	-0.250	0.000	minecraft:dirt_path	minecraft:dirt_path
19	27	7	7	0.285714	26.565	7.125	7.956	-0.125	0.000	minecraft:dirt_path	minecraft:dirt_path
20	27	7	7	0.285714	35.264	7.125	11.180	-0.125	0.000	minecraft:dirt_path	minecraft:dirt_path
21	27	7	6	0.142857	35.264	10.025	12.699	-0.125	0.125	minecraft:dirt	minecraft:water[level=0]
22	27	7	6	0.142857	26.565	7.125	12.699	0.000	0.125	minecraft:dirt	minecraft:water[level=0]
23	27	7	6	0.142857	0.000	10.025	7.956	-0.125	0.125	minecraft:dirt	minecraft:granite_slab[type=bottom, waterlogged=true]
24	27	7	6	0.142857	0.000	14.036	7.956	-0.250	0.000	minecraft:dirt	minecraft:water[level=0]
25	27	7	6	0.142857	35.264	10.025	5.051	-0.125	-0.125	minecraft:dirt	minecraft:water[level=0]
26	27	7	7	0.285714	26.565	7.125	5.051	-0.125	0.000	minecraft:andesite	minecraft:andesite
27	27	7	6	0.142857	48.190	10.025	0.000	-0.125	-0.125	minecraft:dirt	minecraft:andesite_slab[type=bottom, waterlogged=true]
28	27	7	5	0.000000	35.264	10.025	3.576	-0.125	-0.125	minecraft:dirt	minecraft:water[level=0]
29	27	7	5	0.000000	0.000	14.036	7.956	0.000	-0.250	minecraft:dirt	minecraft:water[level=1]
30	27	7	5	0.000000	26.565	15.616	11.180	-0.125	-0.250	minecraft:dirt	minecraft:water[level=2]
31	27	7	5	0.000000	0.000	15.616	11.180	0.125	-0.250	minecraft:dirt	minecraft:water[level=3]
32	27	7	5	0.000000	35.264	24.261	11.180	0.250	-0.375	minecraft:dirt	minecraft:water[level=4]
33	27	7	6	0.142857	26.565	24.261	14.450	0.250	-0.375	minecraft:dirt	minecraft:granite_slab[type=bottom, waterlogged=false]
34	27	7	6	0.142857	35.264	24.261	14.036	0.250	-0.375	minecraft:dirt	minecraft:granite_stairs[facing=north, half=bottom, shape=straight, waterlogged=false]
35	27	7	7	0.285714	35.264	24.261	14.450	0.250	-0.375	minecraft:coarse_dirt	minecraft:coarse_dirt
36	27	7	7	0.285714	26.565	24.261	15.616	0.250	-0.375	minecraft:dirt	minecraft:dirt
37	27	7	7	0.285714	0.000	21.568	15.616	0.125	-0.375	minecraft:dirt	minecraft:dirt
38	27	7	7	0.285714	0.000	21.568	17.354	0.125	-0.375	minecraft:dirt	minecraft:dirt
39	27	7	7	0.285714	0.000	14.036	17.354	0.000	-0.250	minecraft:dirt	minecraft:dirt
40	27	7	7	0.285714	0.000	14.036	15.616	0.000	-0.250	minecraft:dirt	minecraft:dirt
41	27	7	7	0.285714	0.000	14.036	14.450	0.000	-0.250	minecraft:dirt	minecraft:dirt
42	27	7	7	0.285714	0.000	10.025	14.450	0.125	0.125	minecraft:coarse_dirt	minecraft:coarse_dirt
43	27	7	7	0.285714	26.565	15.616	7.125	0.125	-0.250	minecraft:coarse_dirt	minecraft:coarse_dirt
44	27	8	7	0.285714	26.565	14.036	7.125	0.000	-0.250	minecraft:dirt	minecraft:granite_slab[type=bottom, waterlogged=false]
45	27	8	7	0.285714	35.264	14.036	14.036	0.000	-0.250	minecraft:dirt	minecraft:granite_slab[type=bottom, waterlogged=false]
46	27	8	8	0.428571	35.264	14.036	7.125	0.000	-0.250	minecraft:grass_block[snowy=false]	minecraft:grass_block[snowy=false]
47	27	8	8	0.428571	35.264	14.036	14.036	0.000	-0.250	minecraft:grass_block[snowy=false]	minecraft:grass_block[snowy=false]
48	27	8	7	0.285714	35.264	14.036	14.036	0.000	-0.250	minecraft:dirt	minecraft:granite_slab[type=bottom, waterlogged=false]
49	27	7	7	0.285714	26.565	0.000	10.620	0.000	0.000	minecraft:coarse_dirt	minecraft:coarse_dirt
50	27	7	7	0.285714	0.000	15.616	10.620	-0.125	-0.250	minecraft:coarse_dirt	minecraft:coarse_dirt
51	27	7	7	0.285714	0.000	15.616	11.180	-0.125	-0.250	minecraft:dirt	minecraft:dirt
52	27	7	7	0.285714	0.000	14.036	11.180	0.000	-0.250	minecraft:dirt	minecraft:dirt
53	27	7	7	0.285714	0.000	14.036	10.620	0.000	-0.250	minecraft:dirt	minecraft:dirt
54	27	7	7	0.285714	0.000	14.036	11.180	0.000	-0.250	minecraft:dirt	minecraft:dirt
55	27	7	7	0.285714	0.000	15.616	11.180	0.125	-0.250	minecraft:dirt	minecraft:dirt
56	27	7	7	0.285714	0.000	15.616	10.620	0.125	-0.250	minecraft:dirt	minecraft:dirt
57	27	7	7	0.285714	0.000	14.036	10.620	0.000	-0.250	minecraft:coarse_dirt	minecraft:coarse_dirt
58	27	8	7	0.285714	26.565	7.125	10.620	0.000	-0.125	minecraft:andesite	minecraft:andesite_slab[type=bottom, waterlogged=false]
59	27	8	8	0.428571	26.565	10.025	11.180	0.125	-0.125	minecraft:grass_block[snowy=false]	minecraft:grass_block[snowy=false]
60	27	9	8	0.428571	35.264	15.616	7.956	0.125	-0.250	minecraft:grass_block[snowy=false]	minecraft:short_grass
61	27	8	7	0.285714	35.264	14.036	3.576	0.000	-0.250	minecraft:andesite	minecraft:andesite_slab[type=bottom, waterlogged=false]
62	27	8	7	0.285714	26.565	14.036	3.576	0.000	-0.250	minecraft:grass_block[snowy=false]	minecraft:short_grass
0	28	11	10	0.714286	26.565	7.125	12.699	0.000	-0.125	minecraft:grass_block[snowy=false]	minecraft:short_grass
1	28	10	10	0.714286	0.000	7.125	10.025	0.000	-0.125	minecraft:grass_block[snowy=false]	minecraft:grass_block[snowy=false]
2	28	10	10	0.714286	0.000	7.125	10.025	0.000	-0.125	minecraft:grass_block[snowy=false]	minecraft:grass_block[snowy=false]
3	28	10	10	0.714286	0.000	10.025	10.025	-0.125	-0.125	minecraft:grass_block[snowy=false]	minecraft:grass_block[snowy=false]
4	28	10	10	0.714286	0.000	15.616	7.125	-0.250	-0.125	minecraft:grass_block[snowy=false]	minecraft:grass_block[snowy=false]
5	28	11	10	0.714286	0.000	15.616	7.125	-0.250	-0.125	minecraft:grass_block[snowy=false]	minecraft:short_grass
6	28	10	10	0.714286	35.264	15.616	10.025	-0.250	-0.125	minecraft:grass_block[snowy=false]	minecraft:grass_block[snowy=false]
7	28	9	9	0.571429	48.190	19.471	7.956	-0.250	-0.250	minecraft:grass_block[snowy=false]	minecraft:grass_block[snowy=false]
8	28	9	8	0.428571	26.565	14.036	11.180	-0.250	0.000	minecraft:grass_block[snowy=false]	minecraft:short_grass
9	28	9	8	0.428571	0.000	15.616	11.180	-0.250	0.125	minecraft:grass_block[snowy=false]	minecraft:short_grass
10	28	8	8	0.428571	0.000	15.616	11.180	-0.250	0.125	minecraft:grass_block[snowy=false]	minecraft:grass_block[snowy=false]
11	28	8	8	0.428571	0.000	7.125	11.180	-0.125	0.000	minecraft:grass_block[snowy=false]	minecraft:grass_block[snowy=false]
12	28	10	8	0.428571	0.000	7.125	11.180	-0.125	0.000	minecraft:grass_block[snowy=false]	minecraft:tall_grass[half=upper]
13	28	9	8	0.428571	0.000	7.125	11.180	-0.125	0.000	minecraft:grass_block[snowy=false]	minecraft:short_grass
14	28	9	8	0.428571	0.000	7.125	10.620	-0.125	0.000	minecraft:grass_block[snowy=false]	minecraft:birch_leaves[distance=7, persistent=true, waterlogged=false]
15	28	9	8	0.428571	35.264	10.025	10.620	-0.125	0.125	minecraft:grass_block[snowy=false]	minecraft:short_grass
16	28	8	7	0.285714	26.565	10.025	7.125	-0.125	0.125	minecraft:dirt	minecraft:granite_slab[type=bottom, waterlogged=false]
17	28	7	7	0.285714	0.000	7.125	10.620	-0.125	0.000	minecraft:coarse_dirt	minecraft:coarse_dirt
18	28	7	7	0.285714	0.000	7.125	10.620	-0.125	0.000	minecraft:dirt_path	minecraft:dirt_path
19	28	7	7	0.285714	0.000	14.036	11.180	-0.250	0.000	minecraft:dirt_path	minecraft:dirt_path
20	28	7	7	0.285714	0.000	7.125	11.180	-0.125	0.000	minecraft:coarse_dirt	minecraft:coarse_dirt
21	28	7	7	0.285714	26.565	15.616	11.180	-0.250	0.125	minecraft:dirt_path	minecraft:dirt_path
22	28	7	7	0.285714	35.264	15.616	10.025	-0.250	0.125	minecraft:dirt_path	minecraft:dirt_path
23	28	7	6	0.142857	35.264	15.616	12.699	-0.250	0.125	minecraft:dirt	minecraft:water[level=1]
24	28	7	6	0.142857	35.264	14.036	10.025	-0.250	0.000	minecraft:dirt	minecraft:water[level=1]
25	28	7	5	0.000000	35.264	15.616	5.051	-0.250	-0.125	minecraft:dirt	minecraft:water[level=1]
26	28	7	5	0.000000	45.000	10.025	5.051	-0.125	-0.125	minecraft:dirt	minecraft:water[level=2]
27	28	7	5	0.000000	26.565	7.125	3.576	-0.125	0.000	minecraft:dirt	minecraft:water[level=1]
28	28	7	5	0.000000	0.000	7.125	5.051	-0.125	0.000	minecraft:dirt	minecraft:water[level=1]
29	28	7	5	0.000000	26.565	15.616	7.125	0.125	-0.250	minecraft:dirt	minecraft:water[level=2]
30	28	7	6	0.142857	0.000	15.616	7.125	0.125	-0.250	minecraft:mossy_cobblestone	minecraft:water[level=3]
31	28	7	5	0.000000	26.565	15.616	11.180	0.125	-0.250	minecraft:dirt	minecraft:water[level=4]
32	28	7	5	0.000000	26.565	15.616	11.180	0.125	-0.250	minecraft:dirt	minecraft:water[level=5]
33	28	7	6	0.142857	26.565	19.471	12.699	0.250	-0.250	minecraft:dirt	minecraft:water[level=6]
34	28	7	6	0.142857	0.000	21.568	12.699	0.125	-0.375	minecraft:dirt	minecraft:granite_slab[type=bottom, waterlogged=false]
35	28	7	6	0.142857	26.565	24.261	15.616	0.250	-0.375	minecraft:dirt	minecraft:granite_stairs[facing=north, half=bottom, shape=straight, waterlogged=false]
36	28	7	6	0.142857	35.264	24.261	15.616	0.250	-0.375	minecraft:dirt	minecraft:granite_stairs[facing=east, half=bottom, shape=inner_left, waterlogged=false]
37	28	7	7	0.285714	35.264	21.568	15.616	0.125	-0.375	minecraft:coarse_dirt	minecraft:coarse_dirt
38	28	7	7	0.285714	26.565	21.568	14.450	0.125	-0.375	minecraft:coarse_dirt	minecraft:coarse_dirt
39	28	7	7	0.285714	26.565	21.568	15.616	0.125	-0.375	minecraft:coarse_dirt	minecraft:coarse_dirt
40	28	7	7	0.285714	26.565	15.616	15.616	0.125	-0.250	minecraft:coarse_dirt	minecraft:coarse_dirt
41	28	7	7	0.285714	0.000	14.036	14.450	0.000	-0.250	minecraft:dirt	minecraft:dirt
42	28	7	7	0.285714	0.000	14.036	14.450	0.000	-0.250	minecraft:dirt	minecraft:dirt
43	28	7	7	0.285714	0.000	0.000	14.450	0.000	0.000	minecraft:dirt	minecraft:dirt
44	28	7	7	0.285714	0.000	14.036	14.450	0.000	-0.250	minecraft:dirt	minecraft:dirt
45	28	7	7	0.285714	0.000	14.036	3.576	0.000	-0.250	minecraft:coarse_dirt	minecraft:coarse_dirt
46	28	7	7	0.285714	26.565	14.036	10.620	0.000	-0.250	minecraft:coarse_dirt	minecraft:coarse_dirt
47	28	8	7	0.285714	26.565	14.036	10.620	0.000	-0.250	minecraft:dirt	minecraft:granite_slab[type=bottom, waterlogged=false]
48	28	8	7	0.285714	26.565	14.036	10.620	0.000	-0.250	minecraft:dirt	minecraft:granite_slab[type=bottom, waterlogged=false]
49	28	8	7	0.285714	26.565	14.036	10.620	0.000	-0.250	minecraft:dirt	minecraft:andesite_slab[type=bottom, waterlogged=false]
50	28	9	7	0.285714	0.000	14.036	10.620	0.000	-0.250	minecraft:dirt	minecraft:tall_grass[half=upper]
51	28	7	7	0.285714	0.000	14.036	10.620	0.000	-0.250	minecraft:dirt	minecraft:dirt
52	28	7	7	0.285714	26.565	20.556	10.620	0.000	-0.375	minecraft:coarse_dirt	minecraft:coarse_dirt
53	28	7	7	0.285714	26.565	20.556	10.620	0.000	-0.375	minecraft:coarse_dirt	minecraft:coarse_dirt
54	28	7	7	0.285714	26.565	20.556	10.620	0.000	-0.375	minecraft:coarse_dirt	minecraft:coarse_dirt
55	28	7	7	0.285714	26.565	14.036	10.620	0.000	-0.250	minecraft:coarse_dirt	minecraft:coarse_dirt
56	28	7	7	0.285714	0.000	7.125	10.620	0.000	-0.125	minecraft:coarse_dirt	minecraft:coarse_dirt
57	28	7	7	0.285714	0.000	7.125	10.620	0.000	-0.125	minecraft:coarse_dirt	minecraft:coarse_dirt
58	28	7	7	0.285714	26.565	7.125	10.620	0.000	-0.125	minecraft:andesite	minecraft:andesite
59	28	7	7	0.285714	45.000	14.036	10.620	0.000	-0.250	minecraft:andesite	minecraft:andesite
60	28	8	7	0.285714	45.000	14.036	7.125	0.000	-0.250	minecraft:grass_block[snowy=false]	minecraft:short_grass
61	28	8	7	0.285714	26.565	14.036	7.125	0.000	-0.250	minecraft:grass_block[snowy=false]	minecraft:short_grass
62	28	7	7	0.285714	26.565	7.125	7.125	0.000	-0.125	minecraft:coarse_dirt	minecraft:coarse_dirt
0	29	11	10	0.714286	0.000	7.125	10.025	0.000	-0.125	minecraft:grass_block[snowy=false]	minecraft:short_grass
1	29	11	10	0.714286	0.000	7.125	10.025	0.000	-0.125	minecraft:grass_block[snowy=false]	minecraft:short_grass
2	29	11	10	0.714286	0.000	10.025	10.025	-0.125	-0.125	minecraft:grass_block[snowy=false]	minecraft:short_grass
3	29	12	10	0.714286	0.000	15.616	7.956	-0.250	-0.125	minecraft:grass_block[snowy=false]	minecraft:tall_grass[half=upper]
4	29	10	10	0.714286	0.000	15.616	7.956	-0.250	-0.125	minecraft:grass_block[snowy=false]	minecraft:grass_block[snowy=false]
5	29	10	10	0.714286	35.264	15.616	7.956	-0.250	-0.125	minecraft:grass_block[snowy=false]	minecraft:grass_block[snowy=false]
6	29	9	9	0.571429	48.190	15.616	7.956	-0.250	-0.125	minecraft:grass_block[snowy=false]	minecraft:grass_block[snowy=false]
7	29	8	8	0.428571	35.264	19.471	3.576	-0.250	-0.250	minecraft:grass_block[snowy=false]	minecraft:grass_block[snowy=false]
8	29	8	8	0.428571	0.000	15.616	11.180	-0.250	-0.125	minecraft:grass_block[snowy=false]	minecraft:grass_block[snowy=false]
9	29	8	8	0.428571	0.000	14.036	11.180	-0.250	0.000	minecraft:grass_block[snowy=false]	minecraft:grass_block[snowy=false]
10	29	8	8	0.428571	0.000	10.025	11.180	-0.125	0.125	minecraft:grass_block[snowy=false]	minecraft:grass_block[snowy=false]
11	29	9	8	0.428571	0.000	7.125	11.180	0.000	0.125	minecraft:grass_block[snowy=false]	minecraft:large_fern[half=lower]
12	29	9	8	0.428571	0.000	10.025	11.180	-0.125	0.125	minecraft:grass_block[snowy=false]	minecraft:short_grass
13	29	10	8	0.428571	0.000	10.025	11.180	-0.125	0.125	minecraft:grass_block[snowy=false]	minecraft:tall_grass[half=upper]
14	29	9	8	0.428571	0.000	15.616	7.125	-0.125	0.250	minecraft:grass_block[snowy=false]	minecraft:short_grass
15	29	9	8	0.428571	26.565	15.616	3.576	-0.125	0.250	minecraft:grass_block[snowy=false]	minecraft:short_grass
16	29	8	7	0.285714	26.565	15.616	10.620	-0.125	0.250	minecraft:dirt	minecraft:granite_stairs[facing=south, half=bottom, shape=outer_right, waterlogged=false]
17	29	7	7	0.285714	0.000	10.025	10.620	-0.125	0.125	minecraft:coarse_dirt	minecraft:coarse_dirt
18	29	7	7	0.285714	0.000	10.025	11.180	-0.125	0.125	minecraft:coarse_dirt	minecraft:coarse_dirt
19	29	7	7	0.285714	0.000	10.025	11.180	-0.125	0.125	minecraft:coarse_dirt	minecraft:coarse_dirt
20	29	7	7	0.285714	0.000	15.616	11.180	-0.250	0.125	minecraft:coarse_dirt	minecraft:coarse_dirt
21	29	7	7	0.285714	0.000	15.616	11.180	-0.250	0.125	minecraft:coarse_dirt	minecraft:coarse_dirt
22	29	7	7	0.285714	0.000	15.616	12.699	-0.250	0.125	minecraft:dirt_path	minecraft:dirt_path
23	29	7	7	0.285714	48.190	15.616	12.699	-0.250	0.125	minecraft:dirt_path	minecraft:dirt_path
24	29	7	5	0.000000	45.000	15.616	10.025	-0.250	0.125	minecraft:dirt	minecraft:water[level=2]
25	29	7	5	0.000000	26.565	14.036	7.956	-0.250	0.000	minecraft:dirt	minecraft:water[level=2]
26	29	7	5	0.000000	0.000	15.616	7.956	-0.250	-0.125	minecraft:dirt	minecraft:water[level=3]
27	29	7	5	0.000000	0.000	15.616	3.576	-0.250	-0.125	minecraft:dirt	minecraft:water[level=2]
28	29	7	5	0.000000	0.000	0.000	5.051	0.000	0.000	minecraft:dirt	minecraft:water[level=2]
29	29	7	5	0.000000	0.000	10.025	5.051	0.125	-0.125	minecraft:dirt	minecraft:water[level=3]
30	29	7	5	0.000000	26.565	15.616	7.956	0.125	-0.250	minecraft:dirt	minecraft:water[level=4]
31	29	7	5	0.000000	0.000	15.616	7.956	0.125	-0.250	minecraft:dirt	minecraft:water[level=5]
32	29	7	5	0.000000	26.565	10.025	7.956	0.125	-0.125	minecraft:dirt	minecraft:water[level=6]
33	29	7	6	0.142857	35.264	10.025	12.699	0.125	-0.125	minecraft:dirt	minecraft:water[level=7]
34	29	6	6	0.142857	26.565	15.616	12.699	0.125	-0.250	minecraft:dirt	minecraft:dirt
35	29	7	6	0.142857	26.565	15.616	10.025	0.125	-0.250	minecraft:dirt	minecraft:granite_slab[type=bottom, waterlogged=false]
36	29	7	6	0.142857	0.000	15.616	10.025	0.125	-0.250	minecraft:dirt	minecraft:granite_slab[type=bottom, waterlogged=false]
37	29	7	6	0.142857	26.565	15.616	12.699	0.125	-0.250	minecraft:dirt	minecraft:granite_stairs[facing=north, half=bottom, shape=straight, waterlogged=false]
38	29	7	6	0.142857	26.565	21.568	12.699	0.125	-0.375	minecraft:dirt	minecraft:granite_stairs[facing=north, half=bottom, shape=straight, waterlogged=false]
39	29	7	6	0.142857	26.565	21.568	12.699	0.125	-0.375	minecraft:dirt	minecraft:granite_stairs[facing=north, half=bottom, shape=straight, waterlogged=false]
40	29	7	6	0.142857	35.264	21.568	14.851	0.125	-0.375	minecraft:dirt	minecraft:granite_stairs[facing=north, half=bottom, shape=straight, waterlogged=false]
41	29	7	7	0.285714	35.264	21.568	12.699	0.125	-0.375	minecraft:coarse_dirt	minecraft:coarse_dirt
42	29	7	7	0.285714	26.565	21.568	11.180	0.125	-0.375	minecraft:coarse_dirt	minecraft:coarse_dirt
43	29	7	7	0.285714	26.565	21.568	11.180	0.125	-0.375	minecraft:coarse_dirt	minecraft:coarse_dirt
44	29	7	7	0.285714	26.565	24.261	10.620	0.250	-0.375	minecraft:coarse_dirt	minecraft:coarse_dirt
45	29	7	7	0.285714	0.000	21.568	10.620	0.125	-0.375	minecraft:dirt	minecraft:dirt
46	29	7	7	0.285714	0.000	7.125	10.620	0.000	-0.125	minecraft:coarse_dirt	minecraft:coarse_dirt
47	29	8	7	0.285714	26.565	14.036	10.620	0.000	-0.250	minecraft:dirt	minecraft:andesite_slab[type=bottom, waterlogged=false]
48	29	8	8	0.428571	35.264	15.616	11.180	-0.125	-0.250	minecraft:grass_block[snowy=false]	minecraft:grass_block[snowy=false]
49	29	10	8	0.428571	35.264	15.616	10.620	-0.125	-0.250	minecraft:grass_block[snowy=false]	minecraft:tall_grass[half=upper]
50	29	8	7	0.285714	35.264	15.616	11.180	-0.125	-0.250	minecraft:dirt	minecraft:andesite_slab[type=bottom, waterlogged=false]
51	29	7	7	0.285714	35.264	21.568	11.180	-0.125	-0.375	minecraft:coarse_dirt	minecraft:coarse_dirt
52	29	7	6	0.142857	35.264	21.568	11.180	-0.125	-0.375	minecraft:dirt	minecraft:granite_stairs[facing=north, half=bottom, shape=straight, waterlogged=false]
53	29	7	6	0.142857	26.565	21.568	11.180	-0.125	-0.375	minecraft:dirt	minecraft:granite_slab[type=bottom, waterlogged=false]
54	29	7	6	0.142857	26.565	15.616	11.180	-0.125	-0.250	minecraft:dirt	minecraft:granite_slab[type=bottom, waterlogged=false]
55	29	7	6	0.142857	35.264	15.616	11.180	-0.125	-0.250	minecraft:dirt	minecraft:granite_slab[type=bottom, waterlogged=false]
56	29	7	7	0.285714	35.264	14.036	11.180	0.000	-0.250	minecraft:coarse_dirt	minecraft:coarse_dirt
57	29	7	7	0.285714	26.565	14.036	11.180	0.000	-0.250	minecraft:coarse_dirt	minecraft:coarse_dirt
58	29	7	6	0.142857	35.264	14.036	11.180	0.000	-0.250	minecraft:dirt	minecraft:granite_stairs[facing=west, half=bottom, shape=straight, waterlogged=false]
59	29	7	6	0.142857	26.565	20.556	11.180	0.000	-0.375	minecraft:andesite	minecraft:granite_slab[type=bottom, waterlogged=false]
60	29	7	6	0.142857	26.565	21.568	7.125	-0.125	-0.375	minecraft:andesite	minecraft:granite_slab[type=bottom, waterlogged=false]
61	29	6	6	0.142857	45.000	15.616	7.125	-0.125	-0.250	minecraft:andesite	minecraft:andesite
62	29	7	6	0.142857	45.000	7.125	7.125	0.000	-0.125	minecraft:andesite	minecraft:mossy_cobblestone_slab[type=bottom, waterlogged=false]
0	30	11	10	0.714286	0.000	7.125	10.025	0.000	-0.125	minecraft:grass_block[snowy=false]	minecraft:short_grass
1	30	10	10	0.714286	0.000	15.616	10.025	-0.125	-0.250	minecraft:grass_block[snowy=false]	minecraft:grass_block[snowy=false]
2	30	11	10	0.714286	0.000	10.025	10.025	-0.125	-0.125	minecraft:grass_block[snowy=false]	minecraft:short_grass
3	30	11	10	0.714286	0.000	15.616	7.956	-0.250	-0.125	minecraft:grass_block[snowy=false]	minecraft:short_grass
4	30	11	10	0.714286	35.264	15.616	10.025	-0.250	-0.125	minecraft:grass_block[snowy=false]	minecraft:short_grass
5	30	10	9	0.571429	35.264	15.616	5.051	-0.250	-0.125	minecraft:grass_block[snowy=false]	minecraft:short_grass
6	30	9	9	0.571429	26.565	19.471	5.051	-0.250	-0.250	minecraft:grass_block[snowy=false]	minecraft:grass_block[snowy=false]
7	30	9	8	0.428571	26.565	19.471	0.000	-0.250	-0.250	minecraft:grass_block[snowy=false]	minecraft:short_grass
8	30	8	8	0.428571	0.000	15.616	11.180	-0.250	-0.125	minecraft:grass_block[snowy=false]	minecraft:grass_block[snowy=false]
9	30	8	8	0.428571	0.000	7.125	11.180	-0.125	0.000	minecraft:grass_block[snowy=false]	minecraft:grass_block[snowy=false]
10	30	8	8	0.428571	0.000	7.125	11.180	-0.125	0.000	minecraft:grass_block[snowy=false]	minecraft:grass_block[snowy=false]
11	30	9	8	0.428571	0.000	0.000	11.180	0.000	0.000	minecraft:grass_block[snowy=false]	minecraft:short_grass
12	30	9	8	0.428571	0.000	7.125	11.180	-0.125	0.000	minecraft:grass_block[snowy=false]	minecraft:short_grass
13	30	8	8	0.428571	0.000	7.125	7.125	-0.125	0.000	minecraft:grass_block[snowy=false]	minecraft:grass_block[snowy=false]
14	30	10	8	0.428571	0.000	7.125	7.125	-0.125	0.000	minecraft:grass_block[snowy=false]	minecraft:tall_grass[half=upper]
15	30	9	8	0.428571	26.565	10.025	3.576	-0.125	0.125	minecraft:grass_block[snowy=false]	minecraft:fern
16	30	8	7	0.285714	35.264	15.616	7.125	-0.125	0.250	minecraft:dirt	minecraft:granite_stairs[facing=west, half=bottom, shape=straight, waterlogged=false]
17	30	8	7	0.285714	0.000	15.616	7.125	-0.125	0.250	minecraft:dirt	minecraft:granite_slab[type=bottom, waterlogged=false]
18	30	7	7	0.285714	0.000	15.616	11.180	-0.125	0.250	minecraft:dirt	minecraft:dirt
19	30	7	7	0.285714	0.000	15.616	11.180	-0.125	0.250	minecraft:dirt	minecraft:dirt
20	30	7	7	0.285714	0.000	15.616	11.180	-0.125	0.250	minecraft:dirt	minecraft:dirt
21	30	7	7	0.285714	0.000	15.616	11.180	-0.125	0.250	minecraft:coarse_dirt	minecraft:coarse_dirt
22	30	7	7	0.285714	0.000	15.616	12.699	-0.250	0.125	minecraft:coarse_dirt	minecraft:coarse_dirt
23	30	7	7	0.285714	26.565	15.616	12.699	-0.250	0.125	minecraft:dirt_path	minecraft:dirt_path
24	30	7	6	0.142857	35.264	15.616	10.025	-0.250	0.125	minecraft:dirt	minecraft:water[level=3]
25	30	7	6	0.142857	35.264	15.616	7.956	-0.250	0.125	minecraft:dirt	minecraft:water[level=3]
26	30	7	5	0.000000	35.264	14.036	10.025	-0.250	0.000	minecraft:dirt	minecraft:water[level=4]
27	30	7	5	0.000000	0.000	14.036	7.956	-0.250	0.000	minecraft:dirt	minecraft:water[level=3]
28	30	7	5	0.000000	26.565	7.125	5.051	-0.125	0.000	minecraft:dirt	minecraft:water[level=3]
29	30	7	5	0.000000	0.000	10.025	3.576	-0.125	0.125	minecraft:dirt	minecraft:water[level=4]
30	30	7	5	0.000000	0.000	7.125	5.051	0.000	0.125	minecraft:dirt	minecraft:water[level=5]
31	30	7	5	0.000000	0.000	0.000	5.051	0.000	0.000	minecraft:dirt	minecraft:water[level=6]
32	30	7	5	0.000000	0.000	10.025	7.125	0.125	-0.125	minecraft:dirt	minecraft:water[level=7]
33	30	6	5	0.000000	26.565	10.025	7.125	0.125	-0.125	minecraft:dirt	minecraft:granite_slab[type=bottom, waterlogged=true]
34	30	6	5	0.000000	26.565	15.616	7.956	0.125	-0.250	minecraft:dirt	minecraft:granite_stairs[facing=east, half=bottom, shape=outer_left, waterlogged=true]
35	30	6	5	0.000000	35.264	15.616	7.956	0.125	-0.250	minecraft:dirt	minecraft:granite_stairs[facing=north, half=bottom, shape=straight, waterlogged=true]
36	30	7	6	0.142857	35.264	15.616	7.956	0.125	-0.250	minecraft:farmland[moisture=7]	minecraft:short_grass
37	30	6	6	0.142857	26.565	15.616	10.025	0.125	-0.250	minecraft:farmland[moisture=7]	minecraft:farmland[moisture=7]
38	30	6	6	0.142857	26.565	15.616	10.025	0.125	-0.250	minecraft:farmland[moisture=7]	minecraft:farmland[moisture=7]
39	30	6	6	0.142857	0.000	15.616	7.956	0.125	-0.250	minecraft:farmland[moisture=7]	minecraft:farmland[moisture=7]
40	30	7	6	0.142857	0.000	14.036	11.180	0.000	-0.250	minecraft:dirt	minecraft:granite_slab[type=bottom, waterlogged=false]
41	30	7	6	0.142857	26.565	15.616	12.699	0.125	-0.250	minecraft:dirt	minecraft:granite_slab[type=bottom, waterlogged=false]
42	30	7	6	0.142857	45.000	10.025	14.851	0.125	0.125	minecraft:dirt	minecraft:granite_slab[type=bottom, waterlogged=false]
43	30	7	6	0.142857	26.565	21.568	11.180	0.125	-0.375	minecraft:dirt	minecraft:granite_stairs[facing=north, half=bottom, shape=straight, waterlogged=false]
44	30	7	6	0.142857	35.264	15.616	10.620	0.250	-0.125	minecraft:dirt	minecraft:granite_stairs[facing=east, half=bottom, shape=inner_left, waterlogged=false]
45	30	7	7	0.285714	35.264	24.261	10.620	0.250	-0.375	minecraft:coarse_dirt	minecraft:coarse_dirt
46	30	7	7	0.285714	26.565	24.261	10.620	0.250	-0.375	minecraft:coarse_dirt	minecraft:coarse_dirt
47	30	8	7	0.285714	35.264	7.125	10.620	0.000	-0.125	minecraft:dirt	minecraft:andesite_slab[type=bottom, waterlogged=false]
48	30	8	8	0.428571	48.190	20.556	10.620	0.000	-0.375	minecraft:grass_block[snowy=false]	minecraft:grass_block[snowy=false]
49	30	9	8	0.428571	0.000	21.568	11.180	-0.125	-0.375	minecraft:dirt	minecraft:andesite_slab[type=bottom, waterlogged=false]
50	30	10	8	0.428571	48.190	15.616	10.620	-0.125	-0.250	minecraft:grass_block[snowy=false]	minecraft:tall_grass[half=upper]
51	30	7	6	0.142857	48.190	15.616	10.620	-0.125	-0.250	minecraft:dirt	minecraft:granite_slab[type=bottom, waterlogged=false]
52	30	7	6	0.142857	0.000	19.471	10.620	-0.250	-0.250	minecraft:dirt	minecraft:granite_slab[type=bottom, waterlogged=false]
53	30	6	6	0.142857	0.000	15.616	12.699	-0.125	-0.250	minecraft:dirt	minecraft:dirt
54	30	6	6	0.142857	0.000	19.471	12.699	-0.250	-0.250	minecraft:dirt	minecraft:dirt
55	30	7	6	0.142857	0.000	14.036	11.180	0.000	-0.250	minecraft:dirt	minecraft:granite_slab[type=bottom, waterlogged=false]
56	30	7	6	0.142857	35.264	14.036	12.699	0.000	-0.250	minecraft:dirt	minecraft:granite_stairs[facing=east, half=bottom, shape=straight, waterlogged=false]
57	30	7	7	0.285714	26.565	15.616	11.180	-0.125	-0.250	minecraft:coarse_dirt	minecraft:coarse_dirt
58	30	7	6	0.142857	26.565	15.616	12.699	-0.125	-0.250	minecraft:andesite	minecraft:granite_slab[type=bottom, waterlogged=false]
59	30	7	6	0.142857	0.000	14.036	7.125	0.000	-0.250	minecraft:coarse_dirt	minecraft:short_grass
60	30	6	6	0.142857	35.264	20.556	7.125	0.000	-0.375	minecraft:coarse_dirt	minecraft:coarse_dirt
61	30	6	5	0.000000	35.264	24.261	7.956	-0.250	-0.375	minecraft:andesite	minecraft:water[level=3]
62	30	6	5	0.000000	26.565	7.125	5.051	-0.125	0.000	minecraft:andesite	minecraft:water[level=4]
0	31	11	10	0.714286	0.000	15.616	10.025	-0.125	-0.250	minecraft:grass_block[snowy=false]	minecraft:short_grass
1	31	12	10	0.714286	0.000	10.025	12.699	-0.125	-0.125	minecraft:grass_block[snowy=false]	minecraft:tall_grass[half=upper]
2	31	11	10	0.714286	0.000	10.025	12.699	-0.125	-0.125	minecraft:grass_block[snowy=false]	minecraft:short_grass
3	31	11	10	0.714286	35.264	15.616	10.025	-0.250	-0.125	minecraft:grass_block[snowy=false]	minecraft:short_grass
4	31	9	9	0.571429	35.264	15.616	7.956	-0.250	-0.125	minecraft:grass_block[snowy=false]	minecraft:grass_block[snowy=false]
5	31	10	9	0.571429	0.000	15.616	7.956	-0.250	-0.125	minecraft:grass_block[snowy=false]	minecraft:short_grass
6	31	10	9	0.571429	26.565	19.471	7.956	-0.250	-0.250	minecraft:grass_block[snowy=false]	minecraft:short_grass
7	31	8	8	0.428571	26.565	15.616	0.000	-0.250	-0.125	minecraft:grass_block[snowy=false]	minecraft:grass_block[snowy=false]
8	31	9	8	0.428571	0.000	7.125	7.125	-0.125	0.000	minecraft:grass_block[snowy=false]	minecraft:short_grass
9	31	9	8	0.428571	0.000	7.125	11.180	-0.125	0.000	minecraft:grass_block[snowy=false]	minecraft:fern
10	31	8	8	0.428571	0.000	7.125	11.180	-0.125	0.000	minecraft:grass_block[snowy=false]	minecraft:grass_block[snowy=false]
11	31	8	8	0.428571	0.000	0.000	10.620	0.000	0.000	minecraft:grass_block[snowy=false]	minecraft:grass_block[snowy=false]
12	31	8	8	0.428571	0.000	0.000	7.125	0.000	0.000	minecraft:grass_block[snowy=false]	minecraft:grass_block[snowy=false]
13	31	8	8	0.428571	0.000	7.125	7.125	-0.125	0.000	minecraft:dirt	minecraft:dirt
14	31	9	8	0.428571	0.000	7.125	7.125	-0.125	0.000	minecraft:dirt	minecraft:andesite_slab[type=bottom, waterlogged=false]
15	31	9	8	0.428571	0.000	10.025	5.051	-0.125	0.125	minecraft:grass_block[snowy=false]	minecraft:fern
16	31	9	8	0.428571	35.264	10.025	7.956	-0.125	0.125	minecraft:grass_block[snowy=false]	minecraft:birch_leaves[distance=7, persistent=true, waterlogged=false]
17	31	8	7	0.285714	26.565	10.025	7.125	-0.125	0.125	minecraft:dirt	minecraft:granite_slab[type=bottom, waterlogged=false]
18	31	8	7	0.285714	0.000	10.025	7.956	-0.125	0.125	minecraft:dirt	minecraft:granite_slab[type=bottom, waterlogged=false]
19	31	7	7	0.285714	0.000	10.025	11.180	-0.125	0.125	minecraft:dirt	minecraft:dirt
20	31	7	7	0.285714	0.000	15.616	7.956	-0.250	0.125	minecraft:dirt	minecraft:dirt
21	31	8	7	0.285714	0.000	15.616	12.699	-0.125	0.250	minecraft:dirt	minecraft:granite_slab[type=bottom, waterlogged=false]
22	31	7	7	0.285714	0.000	15.616	12.699	-0.125	0.250	minecraft:coarse_dirt	minecraft:coarse_dirt
23	31	7	7	0.285714	26.565	15.616	12.699	-0.250	0.125	minecraft:coarse_dirt	minecraft:coarse_dirt
24	31	7	6	0.142857	26.565	10.025	12.699	-0.125	0.125	minecraft:dirt	minecraft:granite_slab[type=bottom, waterlogged=false]
25	31	7	6	0.142857	0.000	15.616	7.956	-0.250	0.125	minecraft:dirt	minecraft:water[level=4]
26	31	7	6	0.142857	35.264	14.036	10.025	-0.250	0.000	minecraft:dirt	minecraft:water[level=5]
27	31	7	5	0.000000	26.565	15.616	10.025	-0.250	0.125	minecraft:dirt	minecraft:water[level=4]
28	31	7	6	0.142857	26.565	15.616	7.956	-0.125	0.250	minecraft:mossy_cobblestone	minecraft:mossy_cobblestone_slab[type=bottom, waterlogged=false]
29	31	7	5	0.000000	26.565	15.616	7.956	-0.125	0.250	minecraft:dirt	minecraft:water[level=5]
30	31	7	5	0.000000	0.000	10.025	7.956	-0.125	0.125	minecraft:dirt	minecraft:water[level=6]
31	31	7	5	0.000000	0.000	7.125	3.576	0.000	0.125	minecraft:dirt	minecraft:water[level=7]
32	31	6	5	0.000000	0.000	10.025	3.576	-0.125	0.125	minecraft:dirt	minecraft:water[level=0]
33	31	6	5	0.000000	0.000	7.125	3.576	0.000	-0.125	minecraft:dirt	minecraft:water[level=0]
34	31	6	5	0.000000	0.000	7.125	11.180	0.000	-0.125	minecraft:dirt	minecraft:water[level=0]
35	31	6	5	0.000000	0.000	15.616	5.051	0.125	-0.250	minecraft:dirt	minecraft:granite_slab[type=bottom, waterlogged=true]
36	31	6	5	0.000000	26.565	15.616	7.125	0.125	-0.250	minecraft:dirt	minecraft:granite_slab[type=bottom, waterlogged=true]
37	31	6	5	0.000000	26.565	15.616	7.956	0.125	-0.250	minecraft:dirt	minecraft:granite_slab[type=bottom, waterlogged=true]
38	31	6	5	0.000000	35.264	29.206	7.956	0.500	-0.250	minecraft:dirt	minecraft:granite_slab[type=bottom, waterlogged=true]
39	31	6	6	0.142857	35.264	15.616	7.956	0.125	-0.250	minecraft:farmland[moisture=7]	minecraft:farmland[moisture=7]
40	31	7	6	0.142857	0.000	15.616	7.956	0.125	-0.250	minecraft:farmland[moisture=7]	minecraft:short_grass
41	31	8	6	0.142857	56.310	15.616	12.699	0.125	-0.250	minecraft:coarse_dirt	minecraft:tall_grass[half=upper]
42	31	9	9	0.571429	0.000	15.616	7.956	0.125	-0.250	minecraft:sea_pickle[pickles=1, waterlogged=false]	minecraft:sea_pickle[pickles=1, waterlogged=false]
43	31	6	6	0.142857	60.983	0.000	5.051	0.000	0.000	minecraft:coarse_dirt	minecraft:coarse_dirt
44	31	7	6	0.142857	0.000	0.000	11.180	0.000	0.000	minecraft:dirt	minecraft:granite_slab[type=bottom, waterlogged=false]
45	31	7	6	0.142857	26.565	19.471	11.180	0.250	-0.250	minecraft:dirt	minecraft:granite_slab[type=bottom, waterlogged=false]
46	31	7	6	0.142857	26.565	21.568	11.180	-0.375	-0.125	minecraft:dirt	minecraft:granite_slab[type=bottom, waterlogged=false]
47	31	7	6	0.142857	26.565	20.556	10.620	0.000	-0.375	minecraft:dirt	minecraft:granite_stairs[facing=north, half=bottom, shape=straight, waterlogged=false]
48	31	7	6	0.142857	54.736	14.036	10.620	0.000	-0.250	minecraft:dirt	minecraft:granite_stairs[facing=north, half=bottom, shape=straight, waterlogged=false]
49	31	8	8	0.428571	45.000	14.036	10.620	0.000	-0.250	minecraft:grass_block[snowy=false]	minecraft:grass_block[snowy=false]
50	31	8	6	0.142857	54.736	14.036	14.851	0.000	-0.250	minecraft:coarse_dirt	minecraft:andesite_stairs[facing=north, half=bottom, shape=straight, waterlogged=false]
51	31	6	6	0.142857	0.000	14.036	10.620	0.000	-0.250	minecraft:dirt_path	minecraft:dirt_path
52	31	6	6	0.142857	26.565	14.036	11.180	0.000	-0.250	minecraft:dirt_path	minecraft:dirt_path
53	31	6	6	0.142857	26.565	19.471	11.180	-0.250	-0.250	minecraft:dirt_path	minecraft:dirt_path
54	31	6	6	0.142857	26.565	14.036	11.180	0.000	-0.250	minecraft:dirt_path	minecraft:dirt_path
55	31	6	6	0.142857	0.000	14.036	10.620	0.000	-0.250	minecraft:dirt_path	minecraft:dirt_path
56	31	7	6	0.142857	0.000	15.616	10.620	-0.125	-0.250	minecraft:dirt	minecraft:granite_stairs[facing=north, half=bottom, shape=outer_right, waterlogged=false]
57	31	7	6	0.142857	26.565	15.616	12.699	-0.125	-0.250	minecraft:dirt	minecraft:granite_stairs[facing=west, half=bottom, shape=outer_right, waterlogged=false]
58	31	6	6	0.142857	0.000	15.616	3.576	-0.125	-0.250	minecraft:coarse_dirt	minecraft:coarse_dirt
59	31	6	6	0.142857	35.264	20.556	3.576	0.000	-0.375	minecraft:coarse_dirt	minecraft:coarse_dirt
60	31	6	5	0.000000	35.264	21.568	5.051	-0.125	-0.375	minecraft:andesite	minecraft:water[level=1]
61	31	6	5	0.000000	0.000	10.025	5.051	-0.125	-0.125	minecraft:andesite	minecraft:water[level=2]
62	31	6	5	0.000000	0.000	10.025	5.051	-0.125	-0.125	minecraft:andesite	minecraft:water[level=3]
0	32	10	10	0.714286	0.000	10.025	12.699	-0.125	-0.125	minecraft:grass_block[snowy=false]	minecraft:grass_block[snowy=false]
1	32	11	10	0.714286	0.000	10.025	12.699	-0.125	-0.125	minecraft:grass_block[snowy=false]	minecraft:short_grass
2	32	12	10	0.714286	35.264	10.025	12.699	-0.125	-0.125	minecraft:grass_block[snowy=false]	minecraft:tall_grass[half=upper]
3	32	10	9	0.571429	35.264	10.025	7.956	-0.125	-0.125	minecraft:grass_block[snowy=false]	minecraft:tall_grass[half=lower]
4	32	10	9	0.571429	0.000	15.616	7.956	-0.250	-0.125	minecraft:grass_block[snowy=false]	minecraft:short_grass
5	32	9	9	0.571429	0.000	15.616	7.956	-0.250	-0.125	minecraft:grass_block[snowy=false]	minecraft:grass_block[snowy=false]
6	32	9	9	0.571429	26.565	19.471	7.956	-0.250	-0.250	minecraft:grass_block[snowy=false]	minecraft:grass_block[snowy=false]
7	32	8	8	0.428571	26.565	10.025	7.125	-0.125	-0.125	minecraft:grass_block[snowy=false]	minecraft:grass_block[snowy=false]
8	32	8	8	0.428571	0.000	7.125	7.125	-0.125	0.000	minecraft:grass_block[snowy=false]	minecraft:grass_block[snowy=false]
9	32	8	8	0.428571	0.000	7.125	11.180	-0.125	0.000	minecraft:grass_block[snowy=false]	minecraft:grass_block[snowy=false]
10	32	8	8	0.428571	0.000	7.125	11.180	-0.125	0.000	minecraft:grass_block[snowy=false]	minecraft:grass_block[snowy=false]
11	32	8	8	0.428571	0.000	0.000	7.956	0.000	0.000	minecraft:grass_block[snowy=false]	minecraft:grass_block[snowy=false]
12	32	8	8	0.428571	0.000	0.000	7.956	0.000	0.000	minecraft:grass_block[snowy=false]	minecraft:grass_block[snowy=false]
13	32	8	8	0.428571	0.000	7.125	7.956	-0.125	0.000	minecraft:grass_block[snowy=false]	minecraft:grass_block[snowy=false]
14	32	8	8	0.428571	0.000	7.125	7.125	-0.125	0.000	minecraft:grass_block[snowy=false]	minecraft:grass_block[snowy=false]
15	32	10	8	0.428571	0.000	7.125	5.051	-0.125	0.000	minecraft:grass_block[snowy=false]	minecraft:tall_grass[half=upper]
16	32	10	8	0.428571	26.565	10.025	7.956	-0.125	0.125	minecraft:grass_block[snowy=false]	minecraft:tall_grass[half=upper]
17	32	8	7	0.285714	35.264	10.025	7.956	-0.125	0.125	minecraft:dirt	minecraft:granite_stairs[facing=south, half=bottom, shape=straight, waterlogged=false]
18	32	8	7	0.285714	26.565	10.025	7.956	-0.125	0.125	minecraft:dirt	minecraft:granite_slab[type=bottom, waterlogged=false]
19	32	8	7	0.285714	26.565	10.025	7.956	-0.125	0.125	minecraft:dirt	minecraft:granite_slab[type=bottom, waterlogged=false]
20	32	7	7	0.285714	0.000	15.616	7.956	-0.250	0.125	minecraft:coarse_dirt	minecraft:coarse_dirt
21	32	8	7	0.285714	0.000	10.025	12.699	-0.125	0.125	minecraft:dirt	minecraft:granite_slab[type=bottom, waterlogged=false]
22	32	8	7	0.285714	0.000	10.025	12.699	-0.125	0.125	minecraft:dirt	minecraft:granite_slab[type=bottom, waterlogged=false]
23	32	7	7	0.285714	26.565	15.616	12.699	-0.125	0.250	minecraft:coarse_dirt	minecraft:coarse_dirt
24	32	7	6	0.142857	35.264	15.616	12.699	-0.125	0.250	minecraft:dirt	minecraft:granite_stairs[facing=west, half=bottom, shape=straight, waterlogged=false]
25	32	7	6	0.142857	0.000	19.471	7.956	-0.250	0.250	minecraft:dirt	minecraft:granite_slab[type=bottom, waterlogged=false]
26	32	7	6	0.142857	0.000	19.471	7.956	-0.250	0.250	minecraft:dirt	minecraft:granite_slab[type=bottom, waterlogged=false]
27	32	7	6	0.142857	26.565	19.471	10.025	-0.250	0.250	minecraft:dirt	minecraft:water[level=5]
28	32	7	6	0.142857	26.565	15.616	10.025	-0.125	0.250	minecraft:dirt	minecraft:water[level=6]
29	32	7	5	0.000000	26.565	15.616	7.956	-0.125	0.250	minecraft:dirt	minecraft:water[level=6]
30	32	7	5	0.000000	0.000	10.025	7.956	-0.125	0.125	minecraft:dirt	minecraft:water[level=7]
31	32	6	5	0.000000	0.000	10.025	7.956	-0.125	0.125	minecraft:dirt	minecraft:seagrass
32	32	6	5	0.000000	0.000	10.025	3.576	-0.125	0.125	minecraft:dirt	minecraft:seagrass
33	32	6	5	0.000000	0.000	0.000	0.000	0.000	0.000	minecraft:dirt	minecraft:water[level=0]
34	32	6	5	0.000000	0.000	0.000	3.576	0.000	0.000	minecraft:andesite	minecraft:water[level=0]
35	32	6	5	0.000000	0.000	7.125	7.956	0.000	-0.125	minecraft:dirt	minecraft:water[level=0]
36	32	6	5	0.000000	0.000	10.025	3.576	0.125	-0.125	minecraft:dirt	minecraft:water[level=0]
37	32	6	5	0.000000	0.000	15.616	5.051	0.125	-0.250	minecraft:dirt	minecraft:water[level=0]
38	32	6	5	0.000000	0.000	15.616	7.956	0.125	-0.250	minecraft:dirt	minecraft:granite_slab[type=bottom, waterlogged=true]
39	32	6	5	0.000000	35.264	24.261	7.956	0.375	-0.250	minecraft:dirt	minecraft:granite_slab[type=bottom, waterlogged=true]
40	32	6	6	0.142857	35.264	15.616	7.956	0.125	-0.250	minecraft:farmland[moisture=7]	minecraft:farmland[moisture=7]
41	32	7	6	0.142857	26.565	15.616	7.956	0.125	-0.250	minecraft:farmland[moisture=7]	minecraft:short_grass
42	32	6	6	0.142857	65.905	15.616	7.956	0.125	-0.250	minecraft:coarse_dirt	minecraft:coarse_dirt
43	32	8	8	0.428571	26.565	15.616	7.956	0.125	-0.250	minecraft:sea_pickle[pickles=1, waterlogged=false]	minecraft:sea_pickle[pickles=1, waterlogged=false]
44	32	6	6	0.142857	48.190	14.036	7.125	0.000	-0.250	minecraft:coarse_dirt	minecraft:coarse_dirt
45	32	6	6	0.142857	26.565	0.000	7.125	0.000	0.000	minecraft:coarse_dirt	minecraft:coarse_dirt
46	32	6	6	0.142857	26.565	14.036	10.620	0.000	-0.250	minecraft:coarse_dirt	minecraft:coarse_dirt
47	32	7	6	0.142857	0.000	19.471	11.180	-0.250	-0.250	minecraft:dirt	minecraft:granite_slab[type=bottom, waterlogged=false]
48	32	7	6	0.142857	0.000	15.616	10.620	-0.125	-0.250	minecraft:dirt	minecraft:granite_slab[type=bottom, waterlogged=false]
49	32	7	6	0.142857	45.000	15.616	10.620	-0.125	-0.250	minecraft:dirt	minecraft:granite_slab[type=bottom, waterlogged=false]
50	32	6	6	0.142857	0.000	15.616	10.620	-0.125	-0.250	minecraft:dirt_path	minecraft:dirt_path
51	32	6	6	0.142857	35.264	14.036	14.851	0.000	-0.250	minecraft:dirt_path	minecraft:dirt_path
52	32	6	5	0.000000	35.264	14.036	11.180	0.000	-0.250	minecraft:dirt	minecraft:granite_slab[type=bottom, waterlogged=true]
53	32	6	5	0.000000	26.565	14.036	11.180	0.000	-0.250	minecraft:dirt	minecraft:granite_slab[type=bottom, waterlogged=true]
54	32	6	5	0.000000	35.264	14.036	11.180	0.000	-0.250	minecraft:dirt	minecraft:granite_slab[type=bottom, waterlogged=true]
55	32	6	6	0.142857	35.264	15.616	10.620	-0.125	-0.250	minecraft:dirt_path	minecraft:dirt_path
56	32	6	6	0.142857	26.565	14.036	3.576	0.000	-0.250	minecraft:dirt_path	minecraft:dirt_path
57	32	6	6	0.142857	26.565	14.036	3.576	0.000	-0.250	minecraft:coarse_dirt	minecraft:coarse_dirt
58	32	6	6	0.142857	35.264	14.036	3.576	0.000	-0.250	minecraft:coarse_dirt	minecraft:coarse_dirt
59	32	6	5	0.000000	35.264	15.616	5.051	-0.125	-0.250	minecraft:dirt	minecraft:granite_stairs[facing=west, half=bottom, shape=straight, waterlogged=true]
60	32	6	5	0.000000	0.000	15.616	3.576	-0.125	-0.250	minecraft:andesite	minecraft:water[level=0]
61	32	6	5	0.000000	0.000	15.616	3.576	-0.125	-0.250	minecraft:andesite	minecraft:water[level=1]
62	32	6	5	0.000000	0.000	15.616	3.576	-0.125	-0.250	minecraft:andesite	minecraft:water[level=2]
0	33	10	10	0.714286	0.000	10.025	12.699	-0.125	-0.125	minecraft:grass_block[snowy=false]	minecraft:grass_block[snowy=false]
1	33	11	10	0.714286	35.264	10.025	12.699	-0.125	-0.125	minecraft:grass_block[snowy=false]	minecraft:short_grass
2	33	9	9	0.571429	35.264	7.125	7.956	0.000	-0.125	minecraft:grass_block[snowy=false]	minecraft:grass_block[snowy=false]
3	33	9	9	0.571429	0.000	10.025	7.956	-0.125	-0.125	minecraft:grass_block[snowy=false]	minecraft:grass_block[snowy=false]
4	33	9	9	0.571429	0.000	15.616	7.956	-0.250	-0.125	minecraft:grass_block[snowy=false]	minecraft:grass_block[snowy=false]
5	33	9	9	0.571429	0.000	19.471	7.956	-0.250	-0.250	minecraft:grass_block[snowy=false]	minecraft:grass_block[snowy=false]
6	33	10	9	0.571429	35.264	10.025	7.956	-0.125	-0.125	minecraft:grass_block[snowy=false]	minecraft:short_grass
7	33	9	8	0.428571	26.565	7.125	7.125	-0.125	0.000	minecraft:grass_block[snowy=false]	minecraft:short_grass
8	33	8	8	0.428571	0.000	7.125	7.956	-0.125	0.000	minecraft:grass_block[snowy=false]	minecraft:grass_block[snowy=false]
9	33	8	8	0.428571	0.000	7.125	7.956	-0.125	0.000	minecraft:grass_block[snowy=false]	minecraft:grass_block[snowy=false]
10	33	8	8	0.428571	0.000	7.125	3.576	-0.125	0.000	minecraft:grass_block[snowy=false]	minecraft:grass_block[snowy=false]
11	33	8	8	0.428571	0.000	0.000	3.576	0.000	0.000	minecraft:grass_block[snowy=false]	minecraft:grass_block[snowy=false]
12	33	8	8	0.428571	0.000	0.000	7.125	0.000	0.000	minecraft:grass_block[snowy=false]	minecraft:grass_block[snowy=false]
13	33	8	8	0.428571	0.000	0.000	7.125	0.000	0.000	minecraft:grass_block[snowy=false]	minecraft:grass_block[snowy=false]
14	33	9	8	0.428571	0.000	0.000	7.956	0.000	0.000	minecraft:grass_block[snowy=false]	minecraft:birch_leaves[distance=7, persistent=true, waterlogged=false]
15	33	9	8	0.428571	0.000	0.000	5.051	0.000	0.000	minecraft:grass_block[snowy=false]	minecraft:large_fern[half=lower]
16	33	9	8	0.428571	0.000	10.025	5.051	-0.125	0.125	minecraft:grass_block[snowy=false]	minecraft:tall_grass[half=lower]
17	33	9	8	0.428571	26.565	10.025	7.956	-0.125	0.125	minecraft:grass_block[snowy=false]	minecraft:short_grass
18	33	10	8	0.428571	26.565	10.025	7.956	-0.125	0.125	minecraft:grass_block[snowy=false]	minecraft:tall_grass[half=upper]
19	33	8	8	0.428571	35.264	10.025	7.956	-0.125	0.125	minecraft:grass_block[snowy=false]	minecraft:grass_block[snowy=false]
20	33	7	7	0.285714	35.264	10.025	10.025	-0.125	0.125	minecraft:coarse_dirt	minecraft:coarse_dirt
21	33	8	7	0.285714	26.565	15.616	12.699	-0.250	0.125	minecraft:coarse_dirt	minecraft:birch_leaves[distance=7, persistent=true, waterlogged=false]
22	33	7	7	0.285714	0.000	15.616	12.699	-0.250	0.125	minecraft:dirt	minecraft:dirt
23	33	7	7	0.285714	0.000	15.616	12.699	-0.250	0.125	minecraft:dirt	minecraft:dirt
24	33	7	7	0.285714	35.264	21.568	12.699	-0.125	0.375	minecraft:coarse_dirt	minecraft:coarse_dirt
25	33	7	6	0.142857	35.264	24.261	12.699	-0.250	0.375	minecraft:dirt	minecraft:granite_stairs[facing=south, half=bottom, shape=straight, waterlogged=false]
26	33	7	6	0.142857	0.000	24.261	11.180	-0.250	0.375	minecraft:dirt	minecraft:granite_slab[type=bottom, waterlogged=false]
27	33	7	6	0.142857	0.000	19.471	11.180	-0.250	0.250	minecraft:dirt	minecraft:granite_slab[type=bottom, waterlogged=false]
28	33	7	6	0.142857	26.565	19.471	10.025	-0.250	0.250	minecraft:dirt	minecraft:water[level=7]
29	33	7	5	0.000000	35.264	15.616	10.025	-0.125	0.250	minecraft:dirt	minecraft:water[level=7]
30	33	6	5	0.000000	26.565	15.616	7.956	-0.125	0.250	minecraft:dirt	minecraft:granite_slab[type=bottom, waterlogged=true]
31	33	6	5	0.000000	0.000	15.616	7.956	-0.125	0.250	minecraft:dirt	minecraft:granite_slab[type=bottom, waterlogged=true]
32	33	6	5	0.000000	0.000	15.616	10.025	-0.125	0.250	minecraft:dirt	minecraft:seagrass
33	33	6	5	0.000000	0.000	0.000	7.956	0.000	0.000	minecraft:dirt	minecraft:seagrass
34	33	6	5	0.000000	0.000	0.000	5.051	0.000	0.000	minecraft:dirt	minecraft:water[level=0]
35	33	6	5	0.000000	0.000	0.000	3.576	0.000	0.000	minecraft:dirt	minecraft:water[level=0]
36	33	6	5	0.000000	0.000	0.000	3.576	0.000	0.000	minecraft:dirt	minecraft:water[level=0]
37	33	6	5	0.000000	0.000	7.125	0.000	0.000	-0.125	minecraft:dirt	minecraft:seagrass
38	33	6	5	0.000000	0.000	7.125	7.956	0.000	-0.125	minecraft:dirt	minecraft:water[level=0]
39	33	6	5	0.000000	0.000	7.125	5.051	0.000	-0.125	minecraft:dirt	minecraft:granite_slab[type=bottom, waterlogged=true]
40	33	6	5	0.000000	26.565	7.125	5.051	0.000	-0.125	minecraft:dirt	minecraft:granite_slab[type=bottom, waterlogged=true]
41	33	6	5	0.000000	26.565	14.036	7.956	0.000	-0.250	minecraft:dirt	minecraft:granite_slab[type=bottom, waterlogged=true]
42	33	6	5	0.000000	45.000	19.471	7.956	0.250	-0.250	minecraft:dirt	minecraft:granite_slab[type=bottom, waterlogged=true]
43	33	6	5	0.000000	56.310	15.616	7.125	0.125	-0.250	minecraft:dirt	minecraft:granite_slab[type=bottom, waterlogged=true]
44	33	6	5	0.000000	26.565	15.616	7.125	0.125	-0.250	minecraft:dirt	minecraft:granite_slab[type=bottom, waterlogged=true]
45	33	6	5	0.000000	48.190	15.616	7.125	0.125	-0.250	minecraft:dirt	minecraft:granite_slab[type=bottom, waterlogged=true]
46	33	7	7	0.285714	35.264	15.616	7.125	0.125	-0.250	minecraft:sugar_cane[age=10]	minecraft:sugar_cane[age=10]
47	33	6	6	0.142857	35.264	14.036	7.125	0.000	-0.250	minecraft:coarse_dirt	minecraft:coarse_dirt
48	33	7	6	0.142857	26.565	20.556	7.125	0.000	-0.375	minecraft:coarse_dirt	minecraft:short_grass
49	33	6	6	0.142857	26.565	20.556	7.125	0.000	-0.375	minecraft:dirt_path	minecraft:dirt_path
50	33	6	6	0.142857	35.264	19.471	7.125	-0.250	-0.250	minecraft:dirt_path	minecraft:dirt_path
51	33	6	5	0.000000	35.264	15.616	7.125	-0.125	-0.250	minecraft:dirt	minecraft:granite_slab[type=bottom, waterlogged=true]
52	33	6	5	0.000000	0.000	10.025	7.125	-0.125	-0.125	minecraft:dirt	minecraft:granite_slab[type=bottom, waterlogged=true]
53	33	6	5	0.000000	0.000	10.025	7.125	-0.125	-0.125	minecraft:dirt	minecraft:water[level=0]
54	33	6	5	0.000000	0.000	10.025	7.956	-0.125	-0.125	minecraft:dirt	minecraft:granite_slab[type=bottom, waterlogged=true]
55	33	6	5	0.000000	26.565	7.125	5.051	0.000	-0.125	minecraft:dirt	minecraft:granite_slab[type=bottom, waterlogged=true]
56	33	6	5	0.000000	26.565	14.036	5.051	0.000	-0.250	minecraft:dirt	minecraft:granite_slab[type=bottom, waterlogged=true]
57	33	6	5	0.000000	26.565	14.036	5.051	0.000	-0.250	minecraft:dirt	minecraft:granite_slab[type=bottom, waterlogged=true]
58	33	6	5	0.000000	26.565	7.125	5.051	0.000	-0.125	minecraft:dirt	minecraft:granite_stairs[facing=north, half=bottom, shape=straight, waterlogged=true]
59	33	6	5	0.000000	0.000	7.125	7.125	0.000	-0.125	minecraft:andesite	minecraft:granite_slab[type=bottom, waterlogged=true]
60	33	6	5	0.000000	0.000	7.125	7.125	0.000	-0.125	minecraft:andesite	minecraft:water[level=0]
61	33	6	5	0.000000	0.000	7.125	3.576	0.000	-0.125	minecraft:andesite	minecraft:water[level=1]
62	33	6	5	0.000000	26.565	7.125	3.576	0.000	-0.125	minecraft:andesite	minecraft:water[level=2]
0	34	11	10	0.714286	35.264	10.025	12.699	-0.125	-0.125	minecraft:grass_block[snowy=false]	minecraft:short_grass
1	34	10	9	0.571429	35.264	7.125	14.450	0.000	-0.125	minecraft:grass_block[snowy=false]	minecraft:short_grass
2	34	10	9	0.571429	0.000	10.025	7.956	-0.125	-0.125	minecraft:grass_block[snowy=false]	minecraft:short_grass
3	34	9	9	0.571429	0.000	10.025	11.180	-0.125	-0.125	minecraft:grass_block[snowy=false]	minecraft:grass_block[snowy=false]
4	34	10	9	0.571429	0.000	19.471	11.180	-0.250	-0.250	minecraft:grass_block[snowy=false]	minecraft:short_grass
5	34	10	9	0.571429	26.565	10.025	11.180	-0.125	-0.125	minecraft:grass_block[snowy=false]	minecraft:short_grass
6	34	9	8	0.428571	35.264	10.025	10.620	-0.125	-0.125	minecraft:grass_block[snowy=false]	minecraft:short_grass
7	34	8	8	0.428571	0.000	7.125	10.620	-0.125	0.000	minecraft:grass_block[snowy=false]	minecraft:grass_block[snowy=false]
8	34	8	8	0.428571	0.000	7.125	10.025	-0.125	0.000	minecraft:grass_block[snowy=false]	minecraft:grass_block[snowy=false]
9	34	8	8	0.428571	0.000	7.125	5.051	-0.125	0.000	minecraft:grass_block[snowy=false]	minecraft:grass_block[snowy=false]
10	34	8	8	0.428571	0.000	0.000	5.051	0.000	0.000	minecraft:grass_block[snowy=false]	minecraft:grass_block[snowy=false]
11	34	8	8	0.428571	0.000	0.000	5.051	0.000	0.000	minecraft:grass_block[snowy=false]	minecraft:grass_block[snowy=false]
12	34	8	8	0.428571	0.000	0.000	5.051	0.000	0.000	minecraft:grass_block[snowy=false]	minecraft:grass_block[snowy=false]
13	34	8	8	0.428571	0.000	0.000	5.051	0.000	0.000	minecraft:grass_block[snowy=false]	minecraft:grass_block[snowy=false]
14	34	8	8	0.428571	0.000	0.000	5.051	0.000	0.000	minecraft:grass_block[snowy=false]	minecraft:grass_block[snowy=false]
15	34	10	8	0.428571	0.000	0.000	3.576	0.000	0.000	minecraft:grass_block[snowy=false]	minecraft:large_fern[half=upper]
16	34	10	8	0.428571	0.000	7.125	5.051	0.000	0.125	minecraft:grass_block[snowy=false]	minecraft:tall_grass[half=upper]
17	34	9	8	0.428571	0.000	7.125	5.051	0.000	0.125	minecraft:grass_block[snowy=false]	minecraft:large_fern[half=lower]
18	34	9	8	0.428571	0.000	10.025	7.956	-0.125	0.125	minecraft:grass_block[snowy=false]	minecraft:short_grass
19	34	10	8	0.428571	0.000	10.025	7.956	-0.125	0.125	minecraft:grass_block[snowy=false]	minecraft:large_fern[half=upper]
20	34	9	8	0.428571	26.565	10.025	10.025	-0.125	0.125	minecraft:grass_block[snowy=false]	minecraft:birch_leaves[distance=7, persistent=true, waterlogged=false]
21	34	8	8	0.428571	35.264	10.025	10.025	-0.125	0.125	minecraft:grass_block[snowy=false]	minecraft:grass_block[snowy=false]
22	34	8	7	0.285714	35.264	15.616	10.025	-0.250	0.125	minecraft:dirt	minecraft:granite_stairs[facing=south, half=bottom, shape=straight, waterlogged=false]
23	34	7	7	0.285714	0.000	15.616	12.699	-0.250	0.125	minecraft:coarse_dirt	minecraft:coarse_dirt
24	34	7	7	0.285714	0.000	19.471	12.699	-0.250	0.250	minecraft:dirt	minecraft:dirt
25	34	7	7	0.285714	35.264	19.471	12.699	-0.250	0.250	minecraft:coarse_dirt	minecraft:coarse_dirt
26	34	7	6	0.142857	35.264	21.568	12.699	-0.125	0.375	minecraft:dirt	minecraft:granite_stairs[facing=west, half=bottom, shape=inner_left, waterlogged=false]
27	34	7	6	0.142857	26.565	24.261	12.699	-0.250	0.375	minecraft:dirt	minecraft:granite_stairs[facing=south, half=bottom, shape=straight, waterlogged=false]
28	34	7	6	0.142857	26.565	24.261	12.699	-0.250	0.375	minecraft:dirt	minecraft:granite_slab[type=bottom, waterlogged=false]
29	34	7	6	0.142857	45.000	19.471	14.851	-0.250	0.250	minecraft:dirt	minecraft:granite_slab[type=bottom, waterlogged=false]
30	34	6	6	0.142857	35.264	15.616	12.699	-0.125	0.250	minecraft:dirt	minecraft:dirt
31	34	6	5	0.000000	35.264	15.616	12.699	-0.125	0.250	minecraft:dirt	minecraft:granite_stairs[facing=south, half=bottom, shape=straight, waterlogged=true]
32	34	6	5	0.000000	26.565	15.616	10.025	-0.125	0.250	minecraft:dirt	minecraft:granite_stairs[facing=west, half=bottom, shape=outer_left, waterlogged=true]
33	34	6	5	0.000000	0.000	15.616	10.025	-0.125	0.250	minecraft:dirt	minecraft:granite_slab[type=bottom, waterlogged=true]
34	34	6	5	0.000000	0.000	10.025	7.956	-0.125	0.125	minecraft:dirt	minecraft:water[level=0]
35	34	6	5	0.000000	0.000	7.125	5.051	0.000	0.125	minecraft:dirt	minecraft:seagrass
36	34	6	5	0.000000	0.000	0.000	5.051	0.000	0.000	minecraft:dirt	minecraft:water[level=0]
37	34	6	5	0.000000	0.000	0.000	5.051	0.000	0.000	minecraft:dirt	minecraft:seagrass
38	34	6	5	0.000000	0.000	20.556	3.576	0.375	0.000	minecraft:dirt	minecraft:seagrass
39	34	6	5	0.000000	0.000	7.125	7.125	0.000	0.125	minecraft:dirt	minecraft:water[level=0]
40	34	6	5	0.000000	0.000	15.616	0.000	0.250	0.125	minecraft:dirt	minecraft:water[level=0]
41	34	6	5	0.000000	56.310	0.000	0.000	0.000	0.000	minecraft:dirt	minecraft:seagrass
42	34	8	8	0.428571	0.000	7.125	0.000	0.000	-0.125	minecraft:sea_pickle[pickles=1, waterlogged=false]	minecraft:sea_pickle[pickles=1, waterlogged=false]
43	34	6	5	0.000000	48.190	15.616	3.576	0.250	-0.125	minecraft:dirt	minecraft:seagrass
44	34	7	7	0.285714	45.000	7.125	7.125	0.000	-0.125	minecraft:sea_pickle[pickles=1, waterlogged=false]	minecraft:sea_pickle[pickles=1, waterlogged=false]
45	34	6	5	0.000000	45.000	14.036	7.125	0.000	-0.250	minecraft:dirt	minecraft:granite_slab[type=bottom, waterlogged=true]
46	34	6	5	0.000000	45.000	24.261	7.125	-0.375	-0.250	minecraft:dirt	minecraft:granite_slab[type=bottom, waterlogged=true]
47	34	7	7	0.285714	26.565	14.036	7.125	0.000	-0.250	minecraft:lily_pad	minecraft:lily_pad
48	34	6	5	0.000000	48.190	24.261	7.125	-0.250	-0.375	minecraft:dirt	minecraft:granite_stairs[facing=west, half=bottom, shape=outer_right, waterlogged=true]
49	34	6	5	0.000000	26.565	20.556	7.125	0.000	-0.375	minecraft:dirt	minecraft:granite_slab[type=bottom, waterlogged=true]
50	34	6	5	0.000000	26.565	20.556	11.180	0.000	-0.375	minecraft:dirt	minecraft:granite_slab[type=bottom, waterlogged=true]
51	34	6	5	0.000000	0.000	15.616	3.576	-0.250	-0.125	minecraft:dirt	minecraft:granite_slab[type=bottom, waterlogged=true]
52	34	6	5	0.000000	0.000	7.125	7.956	0.000	-0.125	minecraft:dirt	minecraft:water[level=0]
53	34	6	5	0.000000	0.000	7.125	3.576	0.000	-0.125	minecraft:dirt	minecraft:water[level=0]
54	34	6	5	0.000000	0.000	7.125	5.051	0.000	-0.125	minecraft:dirt	minecraft:water[level=0]
55	34	6	5	0.000000	0.000	7.125	7.956	0.000	-0.125	minecraft:dirt	minecraft:water[level=0]
56	34	6	5	0.000000	0.000	7.125	0.000	0.000	-0.125	minecraft:dirt	minecraft:water[level=0]
57	34	6	5	0.000000	0.000	14.036	0.000	0.000	-0.250	minecraft:dirt	minecraft:water[level=0]
58	34	6	5	0.000000	0.000	10.025	0.000	0.125	-0.125	minecraft:dirt	minecraft:water[level=0]
59	34	6	5	0.000000	0.000	7.125	0.000	0.000	-0.125	minecraft:andesite	minecraft:water[level=0]
60	34	6	5	0.000000	0.000	7.125	3.576	0.000	-0.125	minecraft:andesite	minecraft:water[level=0]
61	34	6	5	0.000000	35.264	0.000	3.576	0.000	0.000	minecraft:andesite	minecraft:water[level=1]
62	34	6	6	0.142857	35.264	10.025	5.051	0.125	0.125	minecraft:andesite	minecraft:andesite
0	35	10	9	0.571429	26.565	7.125	11.180	0.000	-0.125	minecraft:grass_block[snowy=false]	minecraft:short_grass
1	35	9	9	0.571429	0.000	14.036	11.180	0.000	-0.250	minecraft:grass_block[snowy=false]	minecraft:grass_block[snowy=false]
2	35	10	9	0.571429	0.000	15.616	11.180	-0.125	-0.250	minecraft:grass_block[snowy=false]	minecraft:short_grass
3	35	9	9	0.571429	0.000	15.616	11.180	-0.125	-0.250	minecraft:grass_block[snowy=false]	minecraft:grass_block[snowy=false]
4	35	10	9	0.571429	0.000	10.025	11.180	-0.125	-0.125	minecraft:grass_block[snowy=false]	minecraft:short_grass
5	35	10	9	0.571429	26.565	10.025	11.180	-0.125	-0.125	minecraft:grass_block[snowy=false]	minecraft:short_grass
6	35	8	8	0.428571	26.565	10.025	10.620	-0.125	-0.125	minecraft:grass_block[snowy=false]	minecraft:grass_block[snowy=false]
7	35	8	8	0.428571	0.000	7.125	3.576	-0.125	0.000	minecraft:grass_block[snowy=false]	minecraft:grass_block[snowy=false]
8	35	9	8	0.428571	0.000	7.125	5.051	-0.125	0.000	minecraft:grass_block[snowy=false]	minecraft:short_grass
9	35	9	8	0.428571	0.000	7.125	5.051	-0.125	0.000	minecraft:grass_block[snowy=false]	minecraft:short_grass
10	35	8	8	0.428571	0.000	0.000	5.051	0.000	0.000	minecraft:grass_block[snowy=false]	minecraft:grass_block[snowy=false]
11	35	8	8	0.428571	0.000	0.000	5.051	0.000	0.000	minecraft:grass_block[snowy=false]	minecraft:grass_block[snowy=false]
12	35	8	8	0.428571	0.000	0.000	5.051	0.000	0.000	minecraft:grass_block[snowy=false]	minecraft:grass_block[snowy=false]
13	35	8	8	0.428571	0.000	0.000	5.051	0.000	0.000	minecraft:grass_block[snowy=false]	minecraft:grass_block[snowy=false]
14	35	8	8	0.428571	0.000	0.000	3.576	0.000	0.000	minecraft:grass_block[snowy=false]	minecraft:grass_block[snowy=false]
15	35	9	8	0.428571	0.000	0.000	3.576	0.000	0.000	minecraft:grass_block[snowy=false]	minecraft:short_grass
16	35	10	8	0.428571	0.000	0.000	3.576	0.000	0.000	minecraft:grass_block[snowy=false]	minecraft:tall_grass[half=upper]
17	35	9	8	0.428571	0.000	7.125	3.576	0.000	0.125	minecraft:grass_block[snowy=false]	minecraft:tall_grass[half=lower]
18	35	9	8	0.428571	0.000	7.125	3.576	0.000	0.125	minecraft:grass_block[snowy=false]	minecraft:fern
19	35	10	8	0.428571	0.000	10.025	3.576	-0.125	0.125	minecraft:grass_block[snowy=false]	minecraft:large_fern[half=upper]
20	35	8	8	0.428571	0.000	10.025	3.576	-0.125	0.125	minecraft:grass_block[snowy=false]	minecraft:grass_block[snowy=false]
21	35	10	8	0.428571	0.000	10.025	5.051	-0.125	0.125	minecraft:grass_block[snowy=false]	minecraft:large_fern[half=upper]
22	35	8	8	0.428571	35.264	10.025	7.956	-0.125	0.125	minecraft:grass_block[snowy=false]	minecraft:grass_block[snowy=false]
23	35	8	7	0.285714	35.264	10.025	7.956	-0.125	0.125	minecraft:coarse_dirt	minecraft:oak_leaves[distance=7, persistent=true, waterlogged=false]
24	35	8	7	0.285714	26.565	15.616	10.025	-0.125	0.250	minecraft:dirt	minecraft:granite_slab[type=bottom, waterlogged=false]
25	35	7	7	0.285714	0.000	15.616	12.699	-0.125	0.250	minecraft:coarse_dirt	minecraft:coarse_dirt
26	35	7	7	0.285714	26.565	19.471	11.180	-0.250	0.250	minecraft:dirt	minecraft:dirt
27	35	7	7	0.285714	26.565	21.568	12.699	-0.125	0.375	minecraft:dirt	minecraft:dirt
28	35	7	7	0.285714	26.565	15.616	14.851	-0.125	0.250	minecraft:coarse_dirt	minecraft:coarse_dirt
29	35	7	7	0.285714	35.264	24.261	14.851	-0.250	0.375	minecraft:coarse_dirt	minecraft:coarse_dirt
30	35	7	6	0.142857	35.264	24.261	14.851	-0.250	0.375	minecraft:dirt	minecraft:granite_slab[type=bottom, waterlogged=false]
31	35	6	6	0.142857	26.565	19.471	12.699	-0.250	0.250	minecraft:dirt	minecraft:dirt
32	35	6	6	0.142857	35.264	19.471	12.699	-0.250	0.250	minecraft:dirt	minecraft:dirt
33	35	6	5	0.000000	35.264	19.471	10.025	-0.250	0.250	minecraft:dirt	minecraft:granite_stairs[facing=south, half=bottom, shape=straight, waterlogged=true]
34	35	6	5	0.000000	26.565	15.616	10.025	-0.125	0.250	minecraft:dirt	minecraft:granite_stairs[facing=west, half=bottom, shape=outer_left, waterlogged=true]
35	35	6	5	0.000000	0.000	15.616	3.576	-0.125	0.250	minecraft:dirt	minecraft:water[level=0]
36	35	6	5	0.000000	0.000	10.025	3.576	-0.125	0.125	minecraft:dirt	minecraft:water[level=0]
37	35	6	5	0.000000	0.000	7.125	7.956	0.000	0.125	minecraft:dirt	minecraft:water[level=0]
38	35	6	5	0.000000	0.000	7.125	5.051	0.000	0.125	minecraft:dirt	minecraft:water[level=0]
39	35	6	5	0.000000	0.000	14.036	5.051	0.250	0.000	minecraft:andesite	minecraft:water[level=0]
40	35	6	5	0.000000	0.000	14.036	5.051	0.250	0.000	minecraft:andesite	minecraft:water[level=0]
41	35	6	5	0.000000	0.000	0.000	0.000	0.000	0.000	minecraft:dirt	minecraft:water[level=0]
42	35	6	5	0.000000	60.983	24.261	0.000	0.250	-0.375	minecraft:dirt	minecraft:seagrass
43	35	7	7	0.285714	45.000	7.125	3.576	0.000	0.125	minecraft:sea_pickle[pickles=1, waterlogged=false]	minecraft:sea_pickle[pickles=1, waterlogged=false]
44	35	7	7	0.285714	54.736	7.125	0.000	0.000	-0.125	minecraft:lily_pad	minecraft:lily_pad
45	35	6	5	0.000000	45.000	7.125	0.000	0.000	-0.125	minecraft:dirt	minecraft:seagrass
46	35	7	7	0.285714	0.000	7.125	3.576	0.000	-0.125	minecraft:horn_coral_fan[waterlogged=false]	minecraft:horn_coral_fan[waterlogged=false]
47	35	6	5	0.000000	54.736	15.616	3.576	-0.250	-0.125	minecraft:dirt	minecraft:granite_slab[type=bottom, waterlogged=true]
48	35	6	5	0.000000	0.000	15.616	0.000	-0.250	-0.125	minecraft:dirt	minecraft:granite_slab[type=bottom, waterlogged=true]
49	35	6	5	0.000000	0.000	20.556	0.000	0.000	-0.375	minecraft:dirt	minecraft:granite_slab[type=bottom, waterlogged=true]
50	35	6	5	0.000000	0.000	15.616	0.000	-0.250	-0.125	minecraft:dirt	minecraft:water[level=0]
51	35	6	5	0.000000	0.000	7.125	7.956	0.000	-0.125	minecraft:dirt	minecraft:water[level=0]
52	35	6	5	0.000000	0.000	7.125	7.956	0.000	-0.125	minecraft:dirt	minecraft:water[level=0]
53	35	6	5	0.000000	0.000	7.125	5.051	0.000	-0.125	minecraft:dirt	minecraft:water[level=0]
54	35	6	5	0.000000	0.000	7.125	5.051	0.000	-0.125	minecraft:dirt	minecraft:water[level=0]
55	35	6	5	0.000000	0.000	7.125	0.000	0.000	-0.125	minecraft:dirt	minecraft:water[level=0]
56	35	6	5	0.000000	0.000	7.125	0.000	0.000	-0.125	minecraft:dirt	minecraft:water[level=0]
57	35	6	5	0.000000	0.000	10.025	0.000	0.125	-0.125	minecraft:dirt	minecraft:water[level=0]
58	35	6	5	0.000000	0.000	7.125	0.000	0.125	0.000	minecraft:dirt	minecraft:water[level=0]
59	35	6	5	0.000000	0.000	0.000	3.576	0.000	0.000	minecraft:andesite	minecraft:water[level=0]
60	35	6	5	0.000000	26.565	7.125	3.576	0.000	0.125	minecraft:andesite	minecraft:water[level=0]
61	35	6	6	0.142857	26.565	10.025	3.576	0.125	0.125	minecraft:dirt_path	minecraft:dirt_path
62	35	7	6	0.142857	26.565	10.025	3.576	0.125	0.125	minecraft:grass_block[snowy=false]	minecraft:short_grass
0	36	10	9	0.571429	0.000	14.036	11.180	0.000	-0.250	minecraft:grass_block[snowy=false]	minecraft:short_grass
1	36	9	9	0.571429	0.000	14.036	11.180	0.000	-0.250	minecraft:grass_block[snowy=false]	minecraft:grass_block[snowy=false]
2	36	9	9	0.571429	0.000	15.616	11.180	-0.125	-0.250	minecraft:grass_block[snowy=false]	minecraft:grass_block[snowy=false]
3	36	10	9	0.571429	0.000	10.025	11.180	-0.125	-0.125	minecraft:grass_block[snowy=false]	minecraft:short_grass
4	36	10	9	0.571429	0.000	10.025	11.180	-0.125	-0.125	minecraft:grass_block[snowy=false]	minecraft:short_grass
5	36	10	9	0.571429	35.264	10.025	11.180	-0.125	-0.125	minecraft:grass_block[snowy=false]	minecraft:short_grass
6	36	8	8	0.428571	26.565	10.025	10.620	-0.125	-0.125	minecraft:grass_block[snowy=false]	minecraft:grass_block[snowy=false]
7	36	8	8	0.428571	0.000	7.125	10.620	-0.125	0.000	minecraft:grass_block[snowy=false]	minecraft:grass_block[snowy=false]
8	36	9	8	0.428571	0.000	7.125	5.051	-0.125	0.000	minecraft:grass_block[snowy=false]	minecraft:short_grass
9	36	9	8	0.428571	0.000	7.125	5.051	-0.125	0.000	minecraft:grass_block[snowy=false]	minecraft:short_grass
10	36	9	8	0.428571	0.000	0.000	5.051	0.000	0.000	minecraft:grass_block[snowy=false]	minecraft:short_grass
11	36	9	8	0.428571	0.000	7.125	5.051	0.000	-0.125	minecraft:grass_block[snowy=false]	minecraft:short_grass
12	36	8	8	0.428571	0.000	7.125	5.051	0.000	-0.125	minecraft:grass_block[snowy=false]	minecraft:grass_block[snowy=false]
13	36	8	8	0.428571	0.000	7.125	5.051	0.000	-0.125	minecraft:grass_block[snowy=false]	minecraft:grass_block[snowy=false]
14	36	8	8	0.428571	0.000	0.000	3.576	0.000	0.000	minecraft:grass_block[snowy=false]	minecraft:grass_block[snowy=false]
15	36	8	8	0.428571	0.000	0.000	3.576	0.000	0.000	minecraft:grass_block[snowy=false]	minecraft:grass_block[snowy=false]
16	36	8	8	0.428571	0.000	0.000	0.000	0.000	0.000	minecraft:grass_block[snowy=false]	minecraft:grass_block[snowy=false]
17	36	9	8	0.428571	0.000	7.125	3.576	0.000	0.125	minecraft:grass_block[snowy=false]	minecraft:birch_leaves[distance=7, persistent=true, waterlogged=false]
18	36	10	8	0.428571	0.000	7.125	3.576	0.000	0.125	minecraft:grass_block[snowy=false]	minecraft:tall_grass[half=upper]
19	36	10	8	0.428571	0.000	7.125	3.576	0.000	0.125	minecraft:grass_block[snowy=false]	minecraft:tall_grass[half=upper]
20	36	9	8	0.428571	0.000	7.125	3.576	0.000	0.125	minecraft:grass_block[snowy=false]	minecraft:birch_leaves[distance=7, persistent=true, waterlogged=false]
21	36	10	8	0.428571	0.000	10.025	3.576	-0.125	0.125	minecraft:grass_block[snowy=false]	minecraft:large_fern[half=upper]
22	36	10	8	0.428571	0.000	10.025	3.576	-0.125	0.125	minecraft:grass_block[snowy=false]	minecraft:tall_grass[half=upper]
23	36	9	8	0.428571	26.565	10.025	7.956	-0.125	0.125	minecraft:grass_block[snowy=false]	minecraft:oak_leaves[distance=7, persistent=true, waterlogged=false]
24	36	10	8	0.428571	35.264	15.616	7.956	-0.125	0.250	minecraft:grass_block[snowy=false]	minecraft:large_fern[half=upper]
25	36	8	7	0.285714	35.264	15.616	12.699	-0.125	0.250	minecraft:dirt	minecraft:granite_slab[type=bottom, waterlogged=false]
26	36	8	7	0.285714	26.565	15.616	12.699	-0.125	0.250	minecraft:dirt	minecraft:granite_slab[type=bottom, waterlogged=false]
27	36	7	7	0.285714	0.000	19.471	14.851	-0.250	0.250	minecraft:coarse_dirt	minecraft:coarse_dirt
28	36	7	7	0.285714	0.000	19.471	14.851	-0.250	0.250	minecraft:dirt	minecraft:dirt
29	36	7	7	0.285714	0.000	21.568	14.851	-0.125	0.375	minecraft:dirt	minecraft:dirt
30	36	7	7	0.285714	35.264	21.568	12.699	-0.125	0.375	minecraft:coarse_dirt	minecraft:coarse_dirt
31	36	7	6	0.142857	35.264	24.261	14.851	-0.250	0.375	minecraft:dirt	minecraft:granite_slab[type=bottom, waterlogged=false]
32	36	7	6	0.142857	26.565	24.261	14.851	-0.250	0.375	minecraft:dirt	minecraft:granite_slab[type=bottom, waterlogged=false]
33	36	6	6	0.142857	26.565	19.471	10.025	-0.250	0.250	minecraft:coarse_dirt	minecraft:coarse_dirt
34	36	6	6	0.142857	35.264	19.471	10.025	-0.250	0.250	minecraft:coarse_dirt	minecraft:coarse_dirt
35	36	6	5	0.000000	35.264	15.616	10.025	-0.125	0.250	minecraft:dirt	minecraft:granite_stairs[facing=south, half=bottom, shape=straight, waterlogged=true]
36	36	6	5	0.000000	26.565	15.616	10.025	-0.125	0.250	minecraft:dirt	minecraft:granite_stairs[facing=west, half=bottom, shape=outer_left, waterlogged=true]
37	36	6	5	0.000000	0.000	15.616	3.576	-0.125	0.250	minecraft:dirt	minecraft:granite_slab[type=bottom, waterlogged=true]
38	36	6	5	0.000000	0.000	10.025	7.956	-0.125	0.125	minecraft:dirt	minecraft:water[level=0]
39	36	6	5	0.000000	0.000	7.125	5.051	0.000	0.125	minecraft:dirt	minecraft:water[level=0]
40	36	6	5	0.000000	0.000	0.000	3.576	0.000	0.000	minecraft:dirt	minecraft:water[level=0]
41	36	6	5	0.000000	0.000	14.036	3.576	0.250	0.000	minecraft:mossy_cobblestone	minecraft:water[level=0]
42	36	6	5	0.000000	0.000	0.000	3.576	0.000	0.000	minecraft:dirt	minecraft:water[level=0]
43	36	6	5	0.000000	45.000	14.036	3.576	0.000	-0.250	minecraft:dirt	minecraft:seagrass
44	36	6	5	0.000000	54.736	0.000	3.576	0.000	0.000	minecraft:dirt	minecraft:seagrass
45	36	7	7	0.285714	0.000	0.000	0.000	0.000	0.000	minecraft:lily_pad	minecraft:lily_pad
46	36	6	5	0.000000	54.736	7.125	0.000	0.000	-0.125	minecraft:dirt	minecraft:water[level=0]
47	36	6	5	0.000000	0.000	7.125	0.000	0.000	-0.125	minecraft:dirt	minecraft:water[level=0]
48	36	6	5	0.000000	0.000	7.125	0.000	0.000	-0.125	minecraft:dirt	minecraft:water[level=0]
49	36	6	5	0.000000	0.000	15.616	3.576	-0.250	-0.125	minecraft:dirt	minecraft:water[level=0]
50	36	6	5	0.000000	0.000	7.125	0.000	0.000	-0.125	minecraft:dirt	minecraft:water[level=0]
51	36	6	5	0.000000	0.000	7.125	0.000	0.000	-0.125	minecraft:mossy_cobblestone	minecraft:water[level=0]
52	36	6	5	0.000000	0.000	0.000	0.000	0.000	0.000	minecraft:dirt	minecraft:water[level=0]
53	36	6	5	0.000000	0.000	0.000	7.125	0.000	0.000	minecraft:dirt	minecraft:water[level=0]
54	36	6	5	0.000000	0.000	0.000	0.000	0.000	0.000	minecraft:dirt	minecraft:spruce_leaves[distance=7, persistent=true, waterlogged=true]
55	36	6	5	0.000000	0.000	7.125	0.000	0.000	-0.125	minecraft:dirt	minecraft:water[level=0]
56	36	6	5	0.000000	0.000	0.000	0.000	0.000	0.000	minecraft:dirt	minecraft:water[level=0]
57	36	6	5	0.000000	0.000	0.000	0.000	0.000	0.000	minecraft:dirt	minecraft:water[level=0]
58	36	6	5	0.000000	0.000	0.000	0.000	0.000	0.000	minecraft:andesite	minecraft:water[level=0]
59	36	6	5	0.000000	0.000	7.125	0.000	0.000	0.125	minecraft:andesite	minecraft:water[level=0]
60	36	6	5	0.000000	0.000	7.125	0.000	0.000	0.125	minecraft:andesite	minecraft:water[level=0]
61	36	6	5	0.000000	26.565	7.125	0.000	0.000	0.125	minecraft:andesite	minecraft:water[level=1]
62	36	6	5	0.000000	26.565	14.036	0.000	0.000	0.250	minecraft:andesite	minecraft:water[level=2]
0	37	10	9	0.571429	0.000	14.036	11.180	0.000	-0.250	minecraft:grass_block[snowy=false]	minecraft:short_grass
1	37	11	9	0.571429	0.000	15.616	11.180	-0.125	-0.250	minecraft:grass_block[snowy=false]	minecraft:tall_grass[half=upper]
2	37	11	9	0.571429	0.000	10.025	11.180	-0.125	-0.125	minecraft:grass_block[snowy=false]	minecraft:tall_grass[half=upper]
3	37	10	9	0.571429	0.000	10.025	11.180	-0.125	-0.125	minecraft:grass_block[snowy=false]	minecraft:short_grass
4	37	10	9	0.571429	35.264	10.025	11.180	-0.125	-0.125	minecraft:grass_block[snowy=false]	minecraft:short_grass
5	37	9	8	0.428571	35.264	10.025	10.620	-0.125	-0.125	minecraft:grass_block[snowy=false]	minecraft:short_grass
6	37	8	8	0.428571	0.000	10.025	7.125	-0.125	-0.125	minecraft:grass_block[snowy=false]	minecraft:grass_block[snowy=false]
7	37	9	8	0.428571	0.000	7.125	14.036	-0.125	0.000	minecraft:grass_block[snowy=false]	minecraft:short_grass
8	37	9	8	0.428571	0.000	7.125	3.576	-0.125	0.000	minecraft:grass_block[snowy=false]	minecraft:short_grass
9	37	8	8	0.428571	0.000	7.125	5.051	0.000	-0.125	minecraft:grass_block[snowy=false]	minecraft:grass_block[snowy=false]
10	37	8	8	0.428571	0.000	7.125	5.051	0.000	-0.125	minecraft:grass_block[snowy=false]	minecraft:grass_block[snowy=false]
11	37	8	8	0.428571	0.000	7.125	5.051	0.000	-0.125	minecraft:grass_block[snowy=false]	minecraft:grass_block[snowy=false]
12	37	8	8	0.428571	0.000	7.125	5.051	0.000	-0.125	minecraft:grass_block[snowy=false]	minecraft:grass_block[snowy=false]
13	37	8	8	0.428571	0.000	7.125	3.576	0.000	-0.125	minecraft:grass_block[snowy=false]	minecraft:grass_block[snowy=false]
14	37	8	8	0.428571	0.000	7.125	3.576	0.000	-0.125	minecraft:grass_block[snowy=false]	minecraft:grass_block[snowy=false]
15	37	8	8	0.428571	0.000	7.125	3.576	0.000	-0.125	minecraft:grass_block[snowy=false]	minecraft:grass_block[snowy=false]
16	37	8	8	0.428571	0.000	7.125	0.000	0.000	-0.125	minecraft:grass_block[snowy=false]	minecraft:grass_block[snowy=false]
17	37	8	8	0.428571	0.000	0.000	0.000	0.000	0.000	minecraft:grass_block[snowy=false]	minecraft:grass_block[snowy=false]
18	37	8	8	0.428571	0.000	0.000	0.000	0.000	0.000	minecraft:grass_block[snowy=false]	minecraft:grass_block[snowy=false]
19	37	8	8	0.428571	0.000	0.000	3.576	0.000	0.000	minecraft:grass_block[snowy=false]	minecraft:grass_block[snowy=false]
20	37	8	8	0.428571	0.000	7.125	3.576	0.000	0.125	minecraft:grass_block[snowy=false]	minecraft:grass_block[snowy=false]
21	37	10	8	0.428571	0.000	7.125	3.576	0.000	0.125	minecraft:grass_block[snowy=false]	minecraft:birch_leaves[distance=7, persistent=true, waterlogged=false]
22	37	10	8	0.428571	0.000	7.125	3.576	0.000	0.125	minecraft:grass_block[snowy=false]	minecraft:tall_grass[half=upper]
23	37	8	8	0.428571	0.000	10.025	3.576	-0.125	0.125	minecraft:grass_block[snowy=false]	minecraft:grass_block[snowy=false]
24	37	10	8	0.428571	0.000	10.025	7.956	-0.125	0.125	minecraft:grass_block[snowy=false]	minecraft:large_fern[half=upper]
25	37	8	8	0.428571	26.565	15.616	10.025	-0.125	0.250	minecraft:grass_block[snowy=false]	minecraft:grass_block[snowy=false]
26	37	9	8	0.428571	35.264	15.616	12.699	-0.125	0.250	minecraft:grass_block[snowy=false]	minecraft:dark_oak_leaves[distance=7, persistent=true, waterlogged=false]
27	37	8	7	0.285714	35.264	15.616	12.699	-0.125	0.250	minecraft:dirt	minecraft:granite_slab[type=bottom, waterlogged=false]
28	37	7	7	0.285714	26.565	15.616	12.699	-0.125	0.250	minecraft:coarse_dirt	minecraft:coarse_dirt
29	37	7	7	0.285714	0.000	24.261	14.851	-0.250	0.375	minecraft:coarse_dirt	minecraft:coarse_dirt
30	37	7	7	0.285714	0.000	24.261	14.851	-0.250	0.375	minecraft:dirt	minecraft:dirt
31	37	7	7	0.285714	26.565	21.568	14.851	-0.125	0.375	minecraft:coarse_dirt	minecraft:coarse_dirt
32	37	7	7	0.285714	35.264	21.568	14.851	-0.125	0.375	minecraft:coarse_dirt	minecraft:coarse_dirt
33	37	7	6	0.142857	35.264	24.261	12.699	-0.250	0.375	minecraft:dirt	minecraft:granite_slab[type=bottom, waterlogged=false]
34	37	6	6	0.142857	0.000	24.261	12.699	-0.250	0.375	minecraft:coarse_dirt	minecraft:coarse_dirt
35	37	6	6	0.142857	26.565	19.471	10.025	-0.250	0.250	minecraft:coarse_dirt	minecraft:coarse_dirt
36	37	6	6	0.142857	35.264	19.471	10.025	-0.250	0.250	minecraft:coarse_dirt	minecraft:coarse_dirt
37	37	6	5	0.000000	35.264	15.616	10.025	-0.125	0.250	minecraft:dirt	minecraft:granite_stairs[facing=south, half=bottom, shape=straight, waterlogged=true]
38	37	6	5	0.000000	26.565	15.616	10.025	-0.125	0.250	minecraft:dirt	minecraft:granite_stairs[facing=south, half=bottom, shape=straight, waterlogged=true]
39	37	6	5	0.000000	45.000	15.616	10.025	-0.125	0.250	minecraft:dirt	minecraft:granite_stairs[facing=west, half=bottom, shape=outer_left, waterlogged=true]
40	37	6	5	0.000000	45.000	15.616	10.025	-0.125	0.250	minecraft:dirt	minecraft:granite_slab[type=bottom, waterlogged=true]
41	37	6	5	0.000000	26.565	7.125	5.051	0.000	0.125	minecraft:dirt	minecraft:granite_slab[type=bottom, waterlogged=true]
42	37	6	5	0.000000	0.000	7.125	5.051	0.000	0.125	minecraft:dirt	minecraft:granite_slab[type=bottom, waterlogged=true]
43	37	6	5	0.000000	0.000	7.125	5.051	0.000	0.125	minecraft:dirt	minecraft:water[level=0]
44	37	6	5	0.000000	0.000	7.125	5.051	0.000	0.125	minecraft:dirt	minecraft:water[level=0]
45	37	6	5	0.000000	45.000	7.125	3.576	0.000	0.125	minecraft:dirt	minecraft:water[level=0]
46	37	6	5	0.000000	0.000	7.125	3.576	0.000	-0.125	minecraft:dirt	minecraft:water[level=0]
47	37	6	5	0.000000	0.000	0.000	3.576	0.000	0.000	minecraft:dirt	minecraft:water[level=0]
48	37	6	5	0.000000	0.000	0.000	0.000	0.000	0.000	minecraft:dirt	minecraft:water[level=0]
49	37	6	5	0.000000	0.000	0.000	0.000	0.000	0.000	minecraft:dirt	minecraft:water[level=0]
50	37	6	5	0.000000	0.000	0.000	3.576	0.000	0.000	minecraft:dirt	minecraft:water[level=0]
51	37	6	5	0.000000	0.000	7.125	0.000	0.000	0.125	minecraft:dirt	minecraft:water[level=0]
52	37	6	5	0.000000	0.000	7.125	3.576	0.000	0.125	minecraft:dirt	minecraft:water[level=0]
53	37	6	5	0.000000	0.000	7.125	3.576	0.000	0.125	minecraft:dirt	minecraft:water[level=0]
54	37	6	5	0.000000	0.000	7.125	7.125	0.000	0.125	minecraft:dirt	minecraft:water[level=0]
55	37	6	5	0.000000	0.000	7.125	3.576	0.000	0.125	minecraft:dirt	minecraft:water[level=0]
56	37	6	5	0.000000	0.000	7.125	0.000	0.000	0.125	minecraft:dirt	minecraft:water[level=0]
57	37	6	5	0.000000	0.000	7.125	0.000	0.000	0.125	minecraft:dirt	minecraft:water[level=0]
58	37	6	5	0.000000	0.000	7.125	3.576	0.000	0.125	minecraft:andesite	minecraft:water[level=0]
59	37	6	5	0.000000	0.000	7.125	3.576	0.000	0.125	minecraft:andesite	minecraft:water[level=0]
60	37	6	5	0.000000	0.000	7.125	3.576	0.000	0.125	minecraft:andesite	minecraft:water[level=0]
61	37	6	5	0.000000	0.000	7.125	3.576	0.000	0.125	minecraft:andesite	minecraft:water[level=1]
62	37	6	5	0.000000	26.565	14.036	3.576	0.000	0.250	minecraft:andesite	minecraft:water[level=2]
0	38	11	9	0.571429	0.000	15.616	11.180	-0.125	-0.250	minecraft:grass_block[snowy=false]	minecraft:tall_grass[half=upper]
1	38	11	9	0.571429	26.565	15.616	11.180	-0.125	-0.250	minecraft:grass_block[snowy=false]	minecraft:tall_grass[half=upper]
2	38	10	9	0.571429	26.565	10.025	11.180	-0.125	-0.125	minecraft:grass_block[snowy=false]	minecraft:short_grass
3	38	10	9	0.571429	35.264	15.616	11.180	-0.125	-0.250	minecraft:grass_block[snowy=false]	minecraft:short_grass
4	38	9	8	0.428571	35.264	15.616	10.620	-0.125	-0.250	minecraft:grass_block[snowy=false]	minecraft:short_grass
5	38	9	8	0.428571	0.000	15.616	7.125	-0.125	-0.250	minecraft:grass_block[snowy=false]	minecraft:short_grass
6	38	9	8	0.428571	0.000	10.025	7.125	-0.125	-0.125	minecraft:grass_block[snowy=false]	minecraft:short_grass
7	38	8	8	0.428571	0.000	10.025	3.576	-0.125	-0.125	minecraft:grass_block[snowy=false]	minecraft:grass_block[snowy=false]
8	38	8	8	0.428571	0.000	7.125	5.051	0.000	-0.125	minecraft:grass_block[snowy=false]	minecraft:grass_block[snowy=false]
9	38	8	8	0.428571	0.000	7.125	5.051	0.000	-0.125	minecraft:grass_block[snowy=false]	minecraft:grass_block[snowy=false]
10	38	8	8	0.428571	0.000	7.125	5.051	0.000	-0.125	minecraft:grass_block[snowy=false]	minecraft:grass_block[snowy=false]
11	38	8	8	0.428571	0.000	7.125	5.051	0.000	-0.125	minecraft:grass_block[snowy=false]	minecraft:grass_block[snowy=false]
12	38	8	8	0.428571	0.000	7.125	3.576	0.000	-0.125	minecraft:grass_block[snowy=false]	minecraft:grass_block[snowy=false]
13	38	8	8	0.428571	0.000	7.125	3.576	0.000	-0.125	minecraft:grass_block[snowy=false]	minecraft:grass_block[snowy=false]
14	38	8	8	0.428571	0.000	7.125	3.576	0.000	-0.125	minecraft:grass_block[snowy=false]	minecraft:grass_block[snowy=false]
15	38	8	8	0.428571	0.000	7.125	3.576	0.000	-0.125	minecraft:grass_block[snowy=false]	minecraft:grass_block[snowy=false]
16	38	8	8	0.428571	0.000	7.125	0.000	0.000	-0.125	minecraft:grass_block[snowy=false]	minecraft:grass_block[snowy=false]
17	38	8	8	0.428571	0.000	7.125	0.000	0.000	-0.125	minecraft:grass_block[snowy=false]	minecraft:grass_block[snowy=false]
18	38	8	8	0.428571	0.000	7.125	0.000	0.000	-0.125	minecraft:grass_block[snowy=false]	minecraft:grass_block[snowy=false]
19	38	8	8	0.428571	0.000	7.125	0.000	0.000	-0.125	minecraft:grass_block[snowy=false]	minecraft:grass_block[snowy=false]
20	38	8	8	0.428571	0.000	0.000	0.000	0.000	0.000	minecraft:grass_block[snowy=false]	minecraft:grass_block[snowy=false]
21	38	9	8	0.428571	0.000	0.000	3.576	0.000	0.000	minecraft:grass_block[snowy=false]	minecraft:birch_leaves[distance=7, persistent=true, waterlogged=false]
22	38	8	8	0.428571	0.000	7.125	3.576	0.000	0.125	minecraft:grass_block[snowy=false]	minecraft:grass_block[snowy=false]
23	38	10	8	0.428571	0.000	7.125	3.576	0.000	0.125	minecraft:grass_block[snowy=false]	minecraft:large_fern[half=upper]
24	38	8	8	0.428571	0.000	7.125	5.051	0.000	0.125	minecraft:grass_block[snowy=false]	minecraft:grass_block[snowy=false]
25	38	10	8	0.428571	0.000	10.025	5.051	-0.125	0.125	minecraft:grass_block[snowy=false]	minecraft:dark_oak_leaves[distance=7, persistent=true, waterlogged=false]
26	38	8	8	0.428571	0.000	15.616	10.025	-0.125	0.250	minecraft:grass_block[snowy=false]	minecraft:grass_block[snowy=false]
27	38	8	8	0.428571	26.565	15.616	12.699	-0.125	0.250	minecraft:grass_block[snowy=false]	minecraft:grass_block[snowy=false]
28	38	8	8	0.428571	35.264	15.616	12.699	-0.125	0.250	minecraft:grass_block[snowy=false]	minecraft:grass_block[snowy=false]
29	38	8	7	0.285714	35.264	15.616	12.699	-0.125	0.250	minecraft:dirt	minecraft:granite_slab[type=bottom, waterlogged=false]
30	38	8	7	0.285714	26.565	19.471	12.699	-0.250	0.250	minecraft:dirt	minecraft:granite_slab[type=bottom, waterlogged=false]
31	38	7	7	0.285714	0.000	24.261	11.180	-0.250	0.375	minecraft:coarse_dirt	minecraft:coarse_dirt
32	38	7	7	0.285714	0.000	24.261	11.180	-0.250	0.375	minecraft:dirt	minecraft:dirt
33	38	7	7	0.285714	35.264	21.568	12.699	-0.125	0.375	minecraft:coarse_dirt	minecraft:coarse_dirt
34	38	7	6	0.142857	35.264	21.568	14.851	-0.125	0.375	minecraft:dirt	minecraft:granite_stairs[facing=south, half=bottom, shape=straight, waterlogged=false]
35	38	7	6	0.142857	26.565	20.556	14.851	0.000	0.375	minecraft:dirt	minecraft:granite_slab[type=bottom, waterlogged=false]
36	38	7	6	0.142857	0.000	20.556	12.699	0.000	0.375	minecraft:dirt	minecraft:granite_slab[type=bottom, waterlogged=false]
37	38	6	6	0.142857	26.565	21.568	10.025	-0.125	0.375	minecraft:coarse_dirt	minecraft:coarse_dirt
38	38	6	6	0.142857	35.264	15.616	10.025	-0.125	0.250	minecraft:coarse_dirt	minecraft:coarse_dirt
39	38	7	7	0.285714	35.264	15.616	10.025	-0.125	0.250	minecraft:sugar_cane[age=14]	minecraft:sugar_cane[age=14]
40	38	7	7	0.285714	35.264	15.616	10.025	-0.125	0.250	minecraft:sugar_cane[age=1]	minecraft:sugar_cane[age=1]
41	38	6	6	0.142857	48.190	15.616	10.025	-0.125	0.250	minecraft:coarse_dirt	minecraft:coarse_dirt
42	38	6	5	0.000000	35.264	10.025	7.956	-0.125	-0.125	minecraft:dirt	minecraft:granite_slab[type=bottom, waterlogged=true]
43	38	6	5	0.000000	45.000	19.471	7.956	-0.250	0.250	minecraft:dirt	minecraft:granite_slab[type=bottom, waterlogged=true]
44	38	6	5	0.000000	0.000	15.616	7.956	-0.250	-0.125	minecraft:dirt	minecraft:granite_slab[type=bottom, waterlogged=true]
45	38	6	5	0.000000	0.000	10.025	5.051	-0.125	0.125	minecraft:dirt	minecraft:granite_slab[type=bottom, waterlogged=true]
46	38	6	5	0.000000	0.000	7.125	5.051	0.000	0.125	minecraft:dirt	minecraft:granite_slab[type=bottom, waterlogged=true]
47	38	6	5	0.000000	0.000	7.125	7.956	0.000	-0.125	minecraft:dirt	minecraft:water[level=0]
48	38	6	5	0.000000	0.000	7.125	7.125	0.000	0.125	minecraft:dirt	minecraft:water[level=0]
49	38	6	5	0.000000	0.000	7.125	3.576	0.000	0.125	minecraft:dirt	minecraft:water[level=0]
50	38	6	5	0.000000	0.000	7.125	0.000	0.000	0.125	minecraft:dirt	minecraft:water[level=0]
51	38	6	5	0.000000	0.000	7.125	7.125	0.000	0.125	minecraft:dirt	minecraft:water[level=0]
52	38	6	5	0.000000	0.000	7.125	7.125	0.000	0.125	minecraft:dirt	minecraft:water[level=0]
53	38	6	5	0.000000	0.000	7.125	7.125	0.000	0.125	minecraft:dirt	minecraft:water[level=0]
54	38	6	5	0.000000	0.000	7.125	7.956	0.000	0.125	minecraft:dirt	minecraft:water[level=0]
55	38	6	5	0.000000	0.000	7.125	7.125	0.000	0.125	minecraft:dirt	minecraft:water[level=0]
56	38	6	5	0.000000	0.000	14.036	7.125	0.000	0.250	minecraft:dirt	minecraft:granite_slab[type=bottom, waterlogged=true]
57	38	6	5	0.000000	0.000	14.036	7.125	0.000	0.250	minecraft:dirt	minecraft:granite_stairs[facing=south, half=bottom, shape=outer_left, waterlogged=true]
58	38	6	5	0.000000	26.565	15.616	10.620	0.125	0.250	minecraft:dirt	minecraft:granite_stairs[facing=south, half=bottom, shape=straight, waterlogged=true]
59	38	6	5	0.000000	26.565	14.036	3.576	0.000	0.250	minecraft:andesite	minecraft:water[level=0]
60	38	6	5	0.000000	26.565	14.036	3.576	0.000	0.250	minecraft:andesite	minecraft:water[level=0]
61	38	6	5	0.000000	35.264	14.036	7.125	0.000	0.250	minecraft:andesite	minecraft:water[level=1]
62	38	7	6	0.142857	35.264	10.025	7.956	0.125	0.125	minecraft:andesite	minecraft:mossy_cobblestone_slab[type=bottom, waterlogged=false]
0	39	10	9	0.571429	35.264	10.025	11.180	-0.125	-0.125	minecraft:grass_block[snowy=false]	minecraft:short_grass
1	39	10	8	0.428571	35.264	14.036	10.620	0.000	-0.250	minecraft:grass_block[snowy=false]	minecraft:tall_grass[half=upper]
2	39	9	8	0.428571	26.565	14.036	10.620	0.000	-0.250	minecraft:grass_block[snowy=false]	minecraft:short_grass
3	39	9	8	0.428571	26.565	14.036	10.620	0.000	-0.250	minecraft:grass_block[snowy=false]	minecraft:short_grass
4	39	9	8	0.428571	0.000	15.616	7.125	-0.125	-0.250	minecraft:grass_block[snowy=false]	minecraft:short_grass
5	39	9	8	0.428571	0.000	14.036	7.125	0.000	-0.250	minecraft:grass_block[snowy=false]	minecraft:short_grass
6	39	9	8	0.428571	0.000	7.125	7.125	0.000	-0.125	minecraft:grass_block[snowy=false]	minecraft:short_grass
7	39	9	8	0.428571	0.000	0.000	3.576	0.000	0.000	minecraft:grass_block[snowy=false]	minecraft:short_grass
8	39	9	8	0.428571	0.000	7.125	5.051	0.000	-0.125	minecraft:grass_block[snowy=false]	minecraft:short_grass
9	39	8	8	0.428571	0.000	7.125	3.576	0.000	-0.125	minecraft:grass_block[snowy=false]	minecraft:grass_block[snowy=false]
10	39	8	8	0.428571	0.000	7.125	3.576	0.000	-0.125	minecraft:grass_block[snowy=false]	minecraft:grass_block[snowy=false]
11	39	8	8	0.428571	26.565	7.125	3.576	0.000	-0.125	minecraft:grass_block[snowy=false]	minecraft:grass_block[snowy=false]
12	39	8	8	0.428571	26.565	7.125	3.576	0.000	-0.125	minecraft:grass_block[snowy=false]	minecraft:grass_block[snowy=false]
13	39	8	8	0.428571	26.565	7.125	3.576	0.000	-0.125	minecraft:grass_block[snowy=false]	minecraft:grass_block[snowy=false]
14	39	8	8	0.428571	0.000	7.125	3.576	0.000	-0.125	minecraft:grass_block[snowy=false]	minecraft:grass_block[snowy=false]
15	39	8	8	0.428571	0.000	7.125	3.576	0.000	-0.125	minecraft:grass_block[snowy=false]	minecraft:grass_block[snowy=false]
16	39	8	8	0.428571	0.000	7.125	3.576	0.000	-0.125	minecraft:grass_block[snowy=false]	minecraft:grass_block[snowy=false]
17	39	8	8	0.428571	0.000	7.125	0.000	0.000	-0.125	minecraft:grass_block[snowy=false]	minecraft:grass_block[snowy=false]
18	39	8	8	0.428571	0.000	7.125	0.000	0.000	-0.125	minecraft:grass_block[snowy=false]	minecraft:grass_block[snowy=false]
19	39	8	8	0.428571	0.000	7.125	0.000	0.000	-0.125	minecraft:grass_block[snowy=false]	minecraft:grass_block[snowy=false]
20	39	8	8	0.428571	0.000	7.125	0.000	0.000	-0.125	minecraft:grass_block[snowy=false]	minecraft:grass_block[snowy=false]
21	39	8	8	0.428571	0.000	7.125	0.000	0.000	-0.125	minecraft:grass_block[snowy=false]	minecraft:grass_block[snowy=false]
22	39	8	8	0.428571	0.000	7.125	0.000	0.000	-0.125	minecraft:grass_block[snowy=false]	minecraft:grass_block[snowy=false]
23	39	9	8	0.428571	0.000	0.000	3.576	0.000	0.000	minecraft:grass_block[snowy=false]	minecraft:birch_leaves[distance=7, persistent=true, waterlogged=false]
24	39	10	8	0.428571	0.000	7.125	5.051	0.000	0.125	minecraft:grass_block[snowy=false]	minecraft:large_fern[half=upper]
25	39	10	8	0.428571	0.000	7.125	5.051	0.000	0.125	minecraft:grass_block[snowy=false]	minecraft:large_fern[half=upper]
26	39	10	8	0.428571	0.000	7.125	5.051	0.000	0.125	minecraft:grass_block[snowy=false]	minecraft:large_fern[half=upper]
27	39	10	8	0.428571	0.000	10.025	11.180	-0.125	0.125	minecraft:grass_block[snowy=false]	minecraft:tall_grass[half=upper]
28	39	9	8	0.428571	0.000	10.025	10.025	-0.125	0.125	minecraft:grass_block[snowy=false]	minecraft:birch_leaves[distance=7, persistent=true, waterlogged=false]
29	39	10	8	0.428571	26.565	10.025	12.699	-0.125	0.125	minecraft:grass_block[snowy=false]	minecraft:tall_grass[half=upper]
30	39	8	8	0.428571	35.264	15.616	12.699	-0.125	0.250	minecraft:grass_block[snowy=false]	minecraft:grass_block[snowy=false]
31	39	8	7	0.285714	35.264	15.616	12.699	-0.125	0.250	minecraft:dirt	minecraft:oak_leaves[distance=7, persistent=true, waterlogged=false]
32	39	7	7	0.285714	26.565	19.471	12.699	-0.250	0.250	minecraft:coarse_dirt	minecraft:coarse_dirt
33	39	7	7	0.285714	0.000	24.261	12.699	-0.250	0.375	minecraft:coarse_dirt	minecraft:coarse_dirt
34	39	7	7	0.285714	26.565	24.261	12.699	-0.250	0.375	minecraft:coarse_dirt	minecraft:coarse_dirt
35	39	7	7	0.285714	35.264	21.568	11.180	-0.125	0.375	minecraft:coarse_dirt	minecraft:coarse_dirt
36	39	7	6	0.142857	35.264	21.568	14.851	-0.125	0.375	minecraft:dirt	minecraft:granite_stairs[facing=south, half=bottom, shape=straight, waterlogged=false]
37	39	7	6	0.142857	26.565	21.568	14.851	-0.125	0.375	minecraft:dirt	minecraft:granite_slab[type=bottom, waterlogged=false]
38	39	7	6	0.142857	0.000	21.568	14.851	-0.125	0.375	minecraft:dirt	minecraft:granite_slab[type=bottom, waterlogged=false]
39	39	6	6	0.142857	26.565	20.556	10.025	0.000	0.375	minecraft:dirt	minecraft:dirt
40	39	6	6	0.142857	26.565	21.568	10.025	-0.125	0.375	minecraft:dirt	minecraft:dirt
41	39	6	6	0.142857	0.000	15.616	10.025	-0.125	0.250	minecraft:coarse_dirt	minecraft:coarse_dirt
42	39	6	6	0.142857	35.264	15.616	7.956	-0.125	0.250	minecraft:coarse_dirt	minecraft:coarse_dirt
43	39	7	7	0.285714	35.264	10.025	10.025	-0.125	0.125	minecraft:sugar_cane[age=1]	minecraft:sugar_cane[age=1]
44	39	6	5	0.000000	48.190	7.125	7.956	-0.125	0.000	minecraft:dirt	minecraft:granite_slab[type=bottom, waterlogged=true]
45	39	6	5	0.000000	26.565	15.616	7.956	-0.125	0.250	minecraft:dirt	minecraft:granite_slab[type=bottom, waterlogged=true]
46	39	6	5	0.000000	0.000	7.125	7.956	-0.125	0.000	minecraft:dirt	minecraft:granite_slab[type=bottom, waterlogged=true]
47	39	6	5	0.000000	0.000	19.471	7.956	-0.250	0.250	minecraft:dirt	minecraft:granite_slab[type=bottom, waterlogged=true]
48	39	6	5	0.000000	0.000	14.036	7.956	0.000	0.250	minecraft:dirt	minecraft:granite_slab[type=bottom, waterlogged=true]
49	39	6	5	0.000000	0.000	14.036	3.576	0.000	0.250	minecraft:dirt	minecraft:water[level=0]
50	39	6	5	0.000000	0.000	14.036	7.125	0.000	0.250	minecraft:dirt	minecraft:water[level=0]
51	39	6	5	0.000000	0.000	7.125	7.956	0.000	0.125	minecraft:dirt	minecraft:water[level=0]
52	39	6	5	0.000000	0.000	7.125	7.956	0.000	0.125	minecraft:dirt	minecraft:water[level=0]
53	39	6	5	0.000000	0.000	7.125	7.956	0.000	0.125	minecraft:dirt	minecraft:granite_slab[type=bottom, waterlogged=true]
54	39	6	5	0.000000	0.000	10.025	7.956	0.125	0.125	minecraft:dirt	minecraft:granite_slab[type=bottom, waterlogged=true]
55	39	6	5	0.000000	0.000	15.616	7.125	0.125	0.250	minecraft:dirt	minecraft:granite_slab[type=bottom, waterlogged=true]
56	39	6	5	0.000000	26.565	15.616	7.125	0.125	0.250	minecraft:dirt	minecraft:granite_slab[type=bottom, waterlogged=true]
57	39	6	5	0.000000	35.264	15.616	10.620	0.125	0.250	minecraft:dirt	minecraft:granite_stairs[facing=east, half=bottom, shape=straight, waterlogged=true]
58	39	6	6	0.142857	35.264	15.616	11.180	0.125	0.250	minecraft:coarse_dirt	minecraft:coarse_dirt
59	39	6	6	0.142857	26.565	15.616	11.180	0.125	0.250	minecraft:coarse_dirt	minecraft:coarse_dirt
60	39	6	6	0.142857	26.565	15.616	11.180	0.125	0.250	minecraft:dirt_path	minecraft:dirt_path
61	39	6	6	0.142857	26.565	10.025	14.450	0.125	0.125	minecraft:dirt_path	minecraft:dirt_path
62	39	6	6	0.142857	26.565	7.125	7.956	0.000	0.125	minecraft:andesite	minecraft:andesite
0	40	9	8	0.428571	26.565	14.036	10.620	0.000	-0.250	minecraft:grass_block[snowy=false]	minecraft:short_grass
1	40	8	8	0.428571	0.000	14.036	10.620	0.000	-0.250	minecraft:grass_block[snowy=false]	minecraft:grass_block[snowy=false]
2	40	9	8	0.428571	0.000	14.036	10.620	0.000	-0.250	minecraft:grass_block[snowy=false]	minecraft:short_grass
3	40	9	8	0.428571	0.000	14.036	7.956	0.000	-0.250	minecraft:grass_block[snowy=false]	minecraft:short_grass
4	40	9	8	0.428571	0.000	14.036	7.956	0.000	-0.250	minecraft:grass_block[snowy=false]	minecraft:short_grass
5	40	8	8	0.428571	0.000	14.036	7.956	0.000	-0.250	minecraft:grass_block[snowy=false]	minecraft:grass_block[snowy=false]
6	40	9	8	0.428571	0.000	7.125	7.125	0.000	-0.125	minecraft:grass_block[snowy=false]	minecraft:short_grass
7	40	10	8	0.428571	0.000	27.266	3.576	-0.125	0.500	minecraft:grass_block[snowy=false]	minecraft:tall_grass[half=upper]
8	40	8	8	0.428571	0.000	10.025	3.576	-0.125	-0.125	minecraft:grass_block[snowy=false]	minecraft:grass_block[snowy=false]
9	40	8	8	0.428571	26.565	10.025	3.576	-0.125	-0.125	minecraft:grass_block[snowy=false]	minecraft:grass_block[snowy=false]
10	40	8	8	0.428571	35.264	7.125	3.576	0.000	-0.125	minecraft:grass_block[snowy=false]	minecraft:grass_block[snowy=false]
11	40	8	7	0.285714	35.264	7.125	3.576	0.000	-0.125	minecraft:grass_block[snowy=false]	minecraft:short_grass
12	40	7	7	0.285714	26.565	7.125	3.576	0.000	-0.125	minecraft:grass_block[snowy=false]	minecraft:grass_block[snowy=false]
13	40	7	7	0.285714	35.264	7.125	3.576	0.000	-0.125	minecraft:grass_block[snowy=false]	minecraft:grass_block[snowy=false]
14	40	8	8	0.428571	35.264	7.125	3.576	0.000	-0.125	minecraft:grass_block[snowy=false]	minecraft:grass_block[snowy=false]
15	40	8	8	0.428571	26.565	10.025	3.576	0.125	-0.125	minecraft:grass_block[snowy=false]	minecraft:grass_block[snowy=false]
16	40	8	8	0.428571	26.565	10.025	3.576	0.125	-0.125	minecraft:grass_block[snowy=false]	minecraft:grass_block[snowy=false]
17	40	8	8	0.428571	0.000	10.025	0.000	0.125	-0.125	minecraft:grass_block[snowy=false]	minecraft:grass_block[snowy=false]
18	40	8	8	0.428571	0.000	7.125	0.000	0.000	-0.125	minecraft:grass_block[snowy=false]	minecraft:grass_block[snowy=false]
19	40	8	8	0.428571	0.000	7.125	17.676	0.000	-0.125	minecraft:grass_block[snowy=false]	minecraft:grass_block[snowy=false]
20	40	8	8	0.428571	0.000	7.125	3.576	0.000	-0.125	minecraft:grass_block[snowy=false]	minecraft:grass_block[snowy=false]
21	40	8	8	0.428571	0.000	7.125	3.576	0.000	-0.125	minecraft:grass_block[snowy=false]	minecraft:grass_block[snowy=false]
22	40	8	8	0.428571	0.000	7.125	0.000	0.000	-0.125	minecraft:grass_block[snowy=false]	minecraft:grass_block[snowy=false]
23	40	8	8	0.428571	0.000	7.125	0.000	0.000	-0.125	minecraft:grass_block[snowy=false]	minecraft:grass_block[snowy=false]
24	40	8	8	0.428571	0.000	7.125	3.576	0.000	-0.125	minecraft:grass_block[snowy=false]	minecraft:grass_block[snowy=false]
25	40	9	8	0.428571	0.000	7.125	5.051	0.000	0.125	minecraft:grass_block[snowy=false]	minecraft:birch_leaves[distance=7, persistent=true, waterlogged=false]
26	40	10	8	0.428571	0.000	7.125	7.956	0.000	0.125	minecraft:grass_block[snowy=false]	minecraft:large_fern[half=upper]
27	40	10	8	0.428571	0.000	7.125	7.956	0.000	0.125	minecraft:grass_block[snowy=false]	minecraft:tall_grass[half=upper]
28	40	8	8	0.428571	0.000	7.125	7.956	0.000	0.125	minecraft:grass_block[snowy=false]	minecraft:grass_block[snowy=false]
29	40	9	8	0.428571	0.000	10.025	11.180	-0.125	0.125	minecraft:grass_block[snowy=false]	minecraft:oak_leaves[distance=7, persistent=true, waterlogged=false]
30	40	10	8	0.428571	0.000	10.025	12.699	-0.125	0.125	minecraft:grass_block[snowy=false]	minecraft:oak_leaves[distance=7, persistent=true, waterlogged=false]
31	40	8	8	0.428571	26.565	15.616	12.699	-0.125	0.250	minecraft:grass_block[snowy=false]	minecraft:grass_block[snowy=false]
32	40	8	8	0.428571	35.264	15.616	12.699	-0.125	0.250	minecraft:grass_block[snowy=false]	minecraft:grass_block[snowy=false]
33	40	8	7	0.285714	35.264	15.616	12.699	-0.125	0.250	minecraft:dirt	minecraft:granite_slab[type=bottom, waterlogged=false]
34	40	8	7	0.285714	26.565	19.471	12.699	-0.250	0.250	minecraft:dirt	minecraft:granite_slab[type=bottom, waterlogged=false]
35	40	7	7	0.285714	0.000	24.261	12.699	-0.250	0.375	minecraft:coarse_dirt	minecraft:coarse_dirt
36	40	7	7	0.285714	26.565	24.261	12.699	-0.250	0.375	minecraft:coarse_dirt	minecraft:coarse_dirt
37	40	7	7	0.285714	35.264	21.568	12.699	-0.125	0.375	minecraft:coarse_dirt	minecraft:coarse_dirt
38	40	7	6	0.142857	35.264	21.568	14.851	-0.125	0.375	minecraft:dirt	minecraft:granite_stairs[facing=south, half=bottom, shape=straight, waterlogged=false]
39	40	7	6	0.142857	26.565	21.568	14.851	-0.125	0.375	minecraft:dirt	minecraft:granite_stairs[facing=south, half=bottom, shape=straight, waterlogged=false]
40	40	7	6	0.142857	26.565	15.616	12.699	-0.125	0.250	minecraft:dirt	minecraft:granite_slab[type=bottom, waterlogged=false]
41	40	7	6	0.142857	0.000	15.616	10.025	-0.125	0.250	minecraft:dirt	minecraft:granite_slab[type=bottom, waterlogged=false]
42	40	6	6	0.142857	0.000	15.616	10.025	-0.125	0.250	minecraft:dirt	minecraft:dirt
43	40	6	6	0.142857	26.565	21.568	7.125	-0.125	0.375	minecraft:coarse_dirt	minecraft:coarse_dirt
44	40	6	6	0.142857	26.565	21.568	10.025	-0.125	0.375	minecraft:dirt_path	minecraft:dirt_path
45	40	6	6	0.142857	35.264	7.125	10.025	-0.125	0.000	minecraft:dirt_path	minecraft:dirt_path
46	40	6	5	0.000000	35.264	15.616	7.956	-0.125	0.250	minecraft:dirt	minecraft:granite_slab[type=bottom, waterlogged=true]
47	40	6	5	0.000000	26.565	15.616	7.956	-0.125	0.250	minecraft:dirt	minecraft:granite_slab[type=bottom, waterlogged=true]
48	40	6	5	0.000000	26.565	15.616	7.125	-0.125	0.250	minecraft:dirt	minecraft:granite_slab[type=bottom, waterlogged=true]
49	40	6	5	0.000000	26.565	21.568	7.125	-0.125	0.375	minecraft:dirt	minecraft:granite_slab[type=bottom, waterlogged=true]
50	40	6	5	0.000000	26.565	14.036	7.125	0.000	0.250	minecraft:dirt	minecraft:granite_slab[type=bottom, waterlogged=true]
51	40	6	5	0.000000	26.565	14.036	7.125	0.000	0.250	minecraft:dirt	minecraft:granite_slab[type=bottom, waterlogged=true]
52	40	6	5	0.000000	26.565	15.616	10.620	0.125	0.250	minecraft:dirt	minecraft:granite_slab[type=bottom, waterlogged=true]
53	40	6	5	0.000000	26.565	15.616	10.620	0.125	0.250	minecraft:dirt	minecraft:granite_slab[type=bottom, waterlogged=true]
54	40	6	5	0.000000	26.565	15.616	12.699	0.125	0.250	minecraft:dirt	minecraft:granite_slab[type=bottom, waterlogged=true]
55	40	6	5	0.000000	35.264	15.616	7.125	0.125	0.250	minecraft:dirt	minecraft:granite_slab[type=bottom, waterlogged=true]
56	40	6	6	0.142857	35.264	15.616	7.956	0.125	0.250	minecraft:dirt_path	minecraft:dirt_path
57	40	6	6	0.142857	26.565	15.616	7.956	0.125	0.250	minecraft:dirt_path	minecraft:dirt_path
58	40	7	6	0.142857	0.000	19.471	11.180	0.250	0.250	minecraft:dirt	minecraft:granite_slab[type=bottom, waterlogged=false]
59	40	7	6	0.142857	0.000	15.616	14.450	0.125	0.250	minecraft:dirt	minecraft:granite_slab[type=bottom, waterlogged=false]
60	40	6	6	0.142857	0.000	14.036	14.450	0.000	0.250	minecraft:coarse_dirt	minecraft:coarse_dirt
61	40	7	6	0.142857	26.565	14.036	14.450	0.000	0.250	minecraft:dirt	minecraft:granite_stairs[facing=east, half=bottom, shape=straight, waterlogged=false]
62	40	7	7	0.285714	35.264	15.616	10.025	0.125	0.250	minecraft:grass_block[snowy=false]	minecraft:grass_block[snowy=false]
0	41	9	8	0.428571	0.000	14.036	10.620	0.000	-0.250	minecraft:grass_block[snowy=false]	minecraft:short_grass
1	41	9	8	0.428571	26.565	14.036	11.180	0.000	-0.250	minecraft:grass_block[snowy=false]	minecraft:short_grass
2	41	8	8	0.428571	0.000	14.036	7.956	0.000	-0.250	minecraft:grass_block[snowy=false]	minecraft:grass_block[snowy=false]
3	41	8	8	0.428571	26.565	14.036	7.956	0.000	-0.250	minecraft:grass_block[snowy=false]	minecraft:grass_block[snowy=false]
4	41	8	8	0.428571	26.565	14.036	7.956	0.000	-0.250	minecraft:grass_block[snowy=false]	minecraft:grass_block[snowy=false]
5	41	8	8	0.428571	26.565	10.025	7.956	-0.125	-0.125	minecraft:grass_block[snowy=false]	minecraft:grass_block[snowy=false]
6	41	8	8	0.428571	26.565	21.568	7.956	-0.125	0.375	minecraft:grass_block[snowy=false]	minecraft:grass_block[snowy=false]
7	41	8	8	0.428571	26.565	27.266	5.051	-0.125	0.500	minecraft:grass_block[snowy=false]	minecraft:grass_block[snowy=false]
8	41	8	8	0.428571	35.264	7.125	5.051	-0.125	0.000	minecraft:grass_block[snowy=false]	minecraft:grass_block[snowy=false]
9	41	8	7	0.285714	35.264	10.025	3.576	-0.125	-0.125	minecraft:grass_block[snowy=false]	minecraft:short_grass
10	41	8	7	0.285714	26.565	10.025	3.576	-0.125	-0.125	minecraft:grass_block[snowy=false]	minecraft:short_grass
11	41	8	7	0.285714	0.000	10.025	3.576	-0.125	-0.125	minecraft:grass_block[snowy=false]	minecraft:short_grass
12	41	8	7	0.285714	0.000	10.025	3.576	-0.125	-0.125	minecraft:grass_block[snowy=false]	minecraft:short_grass
13	41	7	7	0.285714	0.000	10.025	3.576	0.125	-0.125	minecraft:grass_block[snowy=false]	minecraft:grass_block[snowy=false]
14	41	7	7	0.285714	26.565	10.025	3.576	0.125	-0.125	minecraft:grass_block[snowy=false]	minecraft:grass_block[snowy=false]
15	41	8	7	0.285714	26.565	10.025	3.576	0.125	-0.125	minecraft:grass_block[snowy=false]	minecraft:short_grass
16	41	7	7	0.285714	35.264	10.025	3.576	0.125	-0.125	minecraft:grass_block[snowy=false]	minecraft:grass_block[snowy=false]
17	41	8	8	0.428571	35.264	10.025	5.051	0.125	-0.125	minecraft:grass_block[snowy=false]	minecraft:grass_block[snowy=false]
18	41	8	8	0.428571	26.565	10.025	5.051	0.125	-0.125	minecraft:grass_block[snowy=false]	minecraft:grass_block[snowy=false]
19	41	8	8	0.428571	26.565	10.025	5.051	0.125	-0.125	minecraft:grass_block[snowy=false]	minecraft:grass_block[snowy=false]
20	41	8	8	0.428571	0.000	10.025	3.576	0.125	-0.125	minecraft:grass_block[snowy=false]	minecraft:grass_block[snowy=false]
21	41	8	8	0.428571	0.000	7.125	3.576	0.000	-0.125	minecraft:grass_block[snowy=false]	minecraft:grass_block[snowy=false]
22	41	8	8	0.428571	0.000	7.125	3.576	0.000	-0.125	minecraft:grass_block[snowy=false]	minecraft:grass_block[snowy=false]
23	41	8	8	0.428571	0.000	7.125	3.576	0.000	-0.125	minecraft:grass_block[snowy=false]	minecraft:grass_block[snowy=false]
24	41	8	8	0.428571	0.000	7.125	3.576	0.000	-0.125	minecraft:grass_block[snowy=false]	minecraft:grass_block[snowy=false]
25	41	8	8	0.428571	0.000	7.125	3.576	0.000	-0.125	minecraft:grass_block[snowy=false]	minecraft:grass_block[snowy=false]
26	41	9	8	0.428571	0.000	0.000	7.125	0.000	0.000	minecraft:grass_block[snowy=false]	minecraft:dark_oak_leaves[distance=7, persistent=true, waterlogged=false]
27	41	10	8	0.428571	0.000	7.125	7.956	0.000	0.125	minecraft:grass_block[snowy=false]	minecraft:tall_grass[half=upper]
28	41	8	8	0.428571	0.000	7.125	7.956	0.000	0.125	minecraft:grass_block[snowy=false]	minecraft:grass_block[snowy=false]
29	41	9	8	0.428571	0.000	7.125	11.180	0.000	0.125	minecraft:grass_block[snowy=false]	minecraft:oak_leaves[distance=7, persistent=true, waterlogged=false]
30	41	10	8	0.428571	0.000	7.125	11.180	0.000	0.125	minecraft:grass_block[snowy=false]	minecraft:oak_leaves[distance=7, persistent=true, waterlogged=false]
31	41	9	8	0.428571	0.000	10.025	11.180	-0.125	0.125	minecraft:grass_block[snowy=false]	minecraft:oak_leaves[distance=7, persistent=true, waterlogged=false]
32	41	9	8	0.428571	0.000	10.025	11.180	-0.125	0.125	minecraft:grass_block[snowy=false]	minecraft:oak_leaves[distance=7, persistent=true, waterlogged=false]
33	41	8	8	0.428571	26.565	15.616	12.699	-0.125	0.250	minecraft:grass_block[snowy=false]	minecraft:grass_block[snowy=false]
34	41	8	8	0.428571	35.264	15.616	12.699	-0.125	0.250	minecraft:grass_block[snowy=false]	minecraft:grass_block[snowy=false]
35	41	8	7	0.285714	35.264	15.616	12.699	-0.125	0.250	minecraft:dirt	minecraft:granite_slab[type=bottom, waterlogged=false]
36	41	8	7	0.285714	26.565	15.616	15.616	-0.125	0.250	minecraft:dirt	minecraft:granite_slab[type=bottom, waterlogged=false]
37	41	7	7	0.285714	26.565	24.261	12.699	-0.250	0.375	minecraft:coarse_dirt	minecraft:coarse_dirt
38	41	7	7	0.285714	26.565	24.261	12.699	-0.250	0.375	minecraft:coarse_dirt	minecraft:coarse_dirt
39	41	7	7	0.285714	26.565	21.568	12.699	-0.125	0.375	minecraft:coarse_dirt	minecraft:coarse_dirt
40	41	7	7	0.285714	35.264	21.568	12.699	-0.125	0.375	minecraft:coarse_dirt	minecraft:coarse_dirt
41	41	7	6	0.142857	35.264	21.568	12.699	-0.125	0.375	minecraft:dirt	minecraft:granite_slab[type=bottom, waterlogged=false]
42	41	7	6	0.142857	26.565	21.568	12.699	-0.125	0.375	minecraft:dirt	minecraft:granite_slab[type=bottom, waterlogged=false]
43	41	7	6	0.142857	26.565	21.568	11.180	-0.125	0.375	minecraft:dirt	minecraft:granite_slab[type=bottom, waterlogged=false]
44	41	7	6	0.142857	0.000	21.568	11.180	-0.125	0.375	minecraft:dirt	minecraft:granite_slab[type=bottom, waterlogged=false]
45	41	7	6	0.142857	0.000	20.556	11.180	0.000	0.375	minecraft:dirt	minecraft:spruce_leaves[distance=7, persistent=true, waterlogged=false]
46	41	6	6	0.142857	26.565	20.556	5.051	0.000	0.375	minecraft:dirt_path	minecraft:dirt_path
47	41	6	6	0.142857	26.565	20.556	7.956	0.000	0.375	minecraft:dirt_path	minecraft:dirt_path
48	41	6	6	0.142857	26.565	20.556	7.956	0.000	0.375	minecraft:dirt_path	minecraft:dirt_path
49	41	6	6	0.142857	26.565	20.556	7.125	0.000	0.375	minecraft:dirt_path	minecraft:dirt_path
50	41	6	6	0.142857	26.565	20.556	7.125	0.000	0.375	minecraft:dirt_path	minecraft:dirt_path
51	41	6	6	0.142857	26.565	14.036	10.620	0.000	0.250	minecraft:dirt_path	minecraft:dirt_path
52	41	6	6	0.142857	26.565	14.036	10.620	0.000	0.250	minecraft:dirt_path	minecraft:dirt_path
53	41	6	6	0.142857	26.565	14.036	10.620	0.000	0.250	minecraft:dirt_path	minecraft:dirt_path
54	41	6	6	0.142857	26.565	20.556	11.180	0.000	0.375	minecraft:dirt_path	minecraft:dirt_path
55	41	6	6	0.142857	26.565	14.036	10.620	0.000	0.250	minecraft:dirt_path	minecraft:dirt_path
56	41	6	6	0.142857	26.565	14.036	10.620	0.000	0.250	minecraft:dirt_path	minecraft:dirt_path
57	41	7	6	0.142857	26.565	14.036	10.620	0.000	0.250	minecraft:dirt	minecraft:granite_stairs[facing=east, half=bottom, shape=outer_right, waterlogged=false]
58	41	7	6	0.142857	26.565	15.616	10.620	0.125	0.250	minecraft:dirt	minecraft:granite_stairs[facing=south, half=bottom, shape=straight, waterlogged=false]
59	41	7	6	0.142857	26.565	14.036	10.620	0.000	0.250	minecraft:dirt	minecraft:granite_stairs[facing=west, half=bottom, shape=outer_left, waterlogged=false]
60	41	7	6	0.142857	26.565	14.036	14.036	0.000	0.250	minecraft:dirt	minecraft:granite_slab[type=bottom, waterlogged=false]
61	41	7	6	0.142857	35.264	14.036	14.036	0.000	0.250	minecraft:dirt	minecraft:granite_stairs[facing=south, half=bottom, shape=inner_left, waterlogged=false]
62	41	7	7	0.285714	26.565	15.616	7.956	0.125	0.250	minecraft:coarse_dirt	minecraft:coarse_dirt
0	42	9	8	0.428571	26.565	15.616	7.956	-0.125	-0.250	minecraft:grass_block[snowy=false]	minecraft:short_grass
1	42	7	7	0.285714	26.565	14.036	7.125	0.000	-0.250	minecraft:oak_wood[axis=y]	minecraft:oak_wood[axis=y]
2	42	9	8	0.428571	26.565	15.616	5.051	-0.125	-0.250	minecraft:grass_block[snowy=false]	minecraft:short_grass
3	42	7	7	0.285714	35.264	14.036	7.125	0.000	-0.250	minecraft:grass_block[snowy=false]	minecraft:grass_block[snowy=false]
4	42	8	7	0.285714	26.565	10.025	7.125	-0.125	-0.125	minecraft:grass_block[snowy=false]	minecraft:short_grass
5	42	8	7	0.285714	26.565	7.125	7.125	0.000	-0.125	minecraft:grass_block[snowy=false]	minecraft:short_grass
6	42	7	7	0.285714	26.565	10.025	3.576	-0.125	-0.125	minecraft:grass_block[snowy=false]	minecraft:grass_block[snowy=false]
7	42	8	7	0.285714	0.000	7.125	3.576	0.000	-0.125	minecraft:podzol[snowy=false]	minecraft:short_grass
8	42	8	7	0.285714	26.565	7.125	5.051	0.000	-0.125	minecraft:podzol[snowy=false]	minecraft:short_grass
9	42	8	7	0.285714	0.000	7.125	3.576	0.000	-0.125	minecraft:coarse_dirt	minecraft:short_grass
10	42	8	7	0.285714	0.000	7.125	5.051	0.000	-0.125	minecraft:grass_block[snowy=false]	minecraft:short_grass
11	42	8	7	0.285714	0.000	7.125	3.576	0.000	-0.125	minecraft:grass_block[snowy=false]	minecraft:short_grass
12	42	8	7	0.285714	0.000	7.125	5.051	0.000	-0.125	minecraft:grass_block[snowy=false]	minecraft:short_grass
13	42	7	7	0.285714	0.000	7.125	5.051	0.000	-0.125	minecraft:grass_block[snowy=false]	minecraft:grass_block[snowy=false]
14	42	7	7	0.285714	0.000	7.125	5.051	0.000	-0.125	minecraft:grass_block[snowy=false]	minecraft:grass_block[snowy=false]
15	42	8	7	0.285714	0.000	7.125	5.051	0.000	-0.125	minecraft:grass_block[snowy=false]	minecraft:short_grass
16	42	7	7	0.285714	0.000	10.025	5.051	0.125	-0.125	minecraft:grass_block[snowy=false]	minecraft:grass_block[snowy=false]
17	42	8	7	0.285714	26.565	10.025	5.051	0.125	-0.125	minecraft:grass_block[snowy=false]	minecraft:short_grass
18	42	8	7	0.285714	26.565	10.025	5.051	0.125	-0.125	minecraft:grass_block[snowy=false]	minecraft:short_grass
19	42	7	7	0.285714	35.264	10.025	5.051	0.125	-0.125	minecraft:grass_block[snowy=false]	minecraft:grass_block[snowy=false]
20	42	8	8	0.428571	35.264	10.025	3.576	0.125	-0.125	minecraft:grass_block[snowy=false]	minecraft:grass_block[snowy=false]
21	42	8	8	0.428571	26.565	10.025	3.576	0.125	-0.125	minecraft:grass_block[snowy=false]	minecraft:grass_block[snowy=false]
22	42	8	8	0.428571	26.565	10.025	5.051	0.125	-0.125	minecraft:grass_block[snowy=false]	minecraft:grass_block[snowy=false]
23	42	8	8	0.428571	26.565	10.025	5.051	0.125	-0.125	minecraft:grass_block[snowy=false]	minecraft:grass_block[snowy=false]
24	42	8	8	0.428571	0.000	7.125	5.051	0.000	-0.125	minecraft:grass_block[snowy=false]	minecraft:grass_block[snowy=false]
25	42	8	8	0.428571	0.000	7.125	5.051	0.000	-0.125	minecraft:grass_block[snowy=false]	minecraft:grass_block[snowy=false]
26	42	8	8	0.428571	0.000	7.125	7.956	0.000	-0.125	minecraft:grass_block[snowy=false]	minecraft:grass_block[snowy=false]
27	42	8	8	0.428571	0.000	0.000	7.956	0.000	0.000	minecraft:grass_block[snowy=false]	minecraft:grass_block[snowy=false]
28	42	8	8	0.428571	0.000	0.000	7.125	0.000	0.000	minecraft:grass_block[snowy=false]	minecraft:grass_block[snowy=false]
29	42	8	8	0.428571	0.000	7.125	7.125	0.000	0.125	minecraft:grass_block[snowy=false]	minecraft:grass_block[snowy=false]
30	42	10	8	0.428571	0.000	7.125	7.956	0.000	0.125	minecraft:grass_block[snowy=false]	minecraft:oak_leaves[distance=7, persistent=true, waterlogged=false]
31	42	9	8	0.428571	0.000	7.125	11.180	0.000	0.125	minecraft:grass_block[snowy=false]	minecraft:short_grass
32	42	9	8	0.428571	0.000	7.125	11.180	0.000	0.125	minecraft:grass_block[snowy=false]	minecraft:oak_leaves[distance=7, persistent=true, waterlogged=false]
33	42	8	8	0.428571	0.000	7.125	11.180	0.000	0.125	minecraft:grass_block[snowy=false]	minecraft:grass_block[snowy=false]
34	42	9	8	0.428571	0.000	15.616	11.180	-0.125	0.250	minecraft:grass_block[snowy=false]	minecraft:short_grass
35	42	9	8	0.428571	26.565	15.616	11.180	-0.125	0.250	minecraft:grass_block[snowy=false]	minecraft:short_grass
36	42	9	8	0.428571	26.565	15.616	12.699	-0.125	0.250	minecraft:grass_block[snowy=false]	minecraft:fern
37	42	9	8	0.428571	35.264	15.616	12.699	-0.125	0.250	minecraft:grass_block[snowy=false]	minecraft:fern
38	42	8	7	0.285714	35.264	15.616	10.025	-0.125	0.250	minecraft:dirt	minecraft:granite_slab[type=bottom, waterlogged=false]
39	42	8	7	0.285714	26.565	10.025	10.025	-0.125	0.125	minecraft:dirt	minecraft:granite_slab[type=bottom, waterlogged=false]
40	42	7	7	0.285714	26.565	15.616	10.025	-0.250	0.125	minecraft:coarse_dirt	minecraft:coarse_dirt
41	42	7	7	0.285714	26.565	19.471	10.025	-0.250	0.250	minecraft:coarse_dirt	minecraft:coarse_dirt
42	42	7	7	0.285714	26.565	21.568	7.956	-0.125	0.375	minecraft:coarse_dirt	minecraft:coarse_dirt
43	42	7	7	0.285714	48.190	21.568	10.025	-0.125	0.375	minecraft:coarse_dirt	minecraft:coarse_dirt
44	42	7	6	0.142857	35.264	21.568	7.956	-0.125	0.375	minecraft:dirt	minecraft:granite_stairs[facing=west, half=bottom, shape=inner_left, waterlogged=false]
45	42	7	6	0.142857	26.565	21.568	7.956	-0.125	0.375	minecraft:dirt	minecraft:granite_stairs[facing=south, half=bottom, shape=straight, waterlogged=false]
46	42	7	6	0.142857	26.565	21.568	5.051	-0.125	0.375	minecraft:dirt	minecraft:granite_slab[type=bottom, waterlogged=false]
47	42	7	6	0.142857	26.565	21.568	5.051	-0.125	0.375	minecraft:dirt	minecraft:granite_slab[type=bottom, waterlogged=false]
48	42	7	6	0.142857	26.565	20.556	3.576	0.000	0.375	minecraft:dirt	minecraft:granite_slab[type=bottom, waterlogged=false]
49	42	7	6	0.142857	26.565	20.556	3.576	0.000	0.375	minecraft:dirt	minecraft:granite_stairs[facing=south, half=bottom, shape=straight, waterlogged=false]
50	42	7	6	0.142857	26.565	20.556	3.576	0.000	0.375	minecraft:dirt	minecraft:granite_stairs[facing=west, half=bottom, shape=outer_left, waterlogged=false]
51	42	7	6	0.142857	0.000	20.556	3.576	0.000	0.375	minecraft:dirt	minecraft:granite_slab[type=bottom, waterlogged=false]
52	42	6	6	0.142857	0.000	21.568	5.051	0.125	0.375	minecraft:dirt_path	minecraft:dirt_path
53	42	6	6	0.142857	0.000	21.568	5.051	0.125	0.375	minecraft:dirt_path	minecraft:dirt_path
54	42	6	6	0.142857	0.000	21.568	5.051	0.125	0.375	minecraft:dirt_path	minecraft:dirt_path
55	42	7	6	0.142857	35.264	21.568	3.576	0.125	0.375	minecraft:dirt	minecraft:granite_slab[type=bottom, waterlogged=false]
56	42	7	7	0.285714	35.264	21.568	7.956	0.125	0.375	minecraft:coarse_dirt	minecraft:coarse_dirt
57	42	7	7	0.285714	26.565	27.266	7.956	0.125	0.500	minecraft:coarse_dirt	minecraft:coarse_dirt
58	42	7	7	0.285714	26.565	27.266	7.956	0.125	0.500	minecraft:coarse_dirt	minecraft:coarse_dirt
59	42	7	7	0.285714	26.565	15.616	7.956	0.125	0.250	minecraft:coarse_dirt	minecraft:coarse_dirt
60	42	7	7	0.285714	26.565	14.036	7.956	0.000	0.250	minecraft:coarse_dirt	minecraft:coarse_dirt
61	42	7	7	0.285714	26.565	14.036	7.956	0.000	0.250	minecraft:coarse_dirt	minecraft:coarse_dirt
62	42	7	7	0.285714	0.000	7.125	5.051	0.000	0.125	minecraft:coarse_dirt	minecraft:coarse_dirt
0	43	9	8	0.428571	35.264	15.616	5.051	-0.125	-0.250	minecraft:grass_block[snowy=false]	minecraft:short_grass
1	43	8	7	0.285714	26.565	7.125	7.125	0.000	-0.125	minecraft:grass_block[snowy=false]	minecraft:short_grass
2	43	7	7	0.285714	26.565	7.125	7.125	0.000	-0.125	minecraft:oak_wood[axis=y]	minecraft:oak_wood[axis=y]
3	43	7	7	0.285714	0.000	10.025	7.125	0.125	-0.125	minecraft:grass_block[snowy=false]	minecraft:grass_block[snowy=false]
4	43	8	7	0.285714	0.000	10.025	7.125	-0.125	-0.125	minecraft:coarse_dirt	minecraft:short_grass
5	43	11	7	0.285714	0.000	7.125	7.125	0.000	-0.125	minecraft:podzol[snowy=false]	minecraft:spruce_leaves[distance=3, persistent=true, waterlogged=false]
6	43	11	7	0.285714	26.565	7.125	3.576	0.000	-0.125	minecraft:podzol[snowy=false]	minecraft:spruce_leaves[distance=2, persistent=true, waterlogged=false]
7	43	12	8	0.428571	68.199	7.125	3.576	0.000	-0.125	minecraft:dark_oak_log[axis=z]	minecraft:spruce_leaves[distance=1, persistent=true, waterlogged=false]
8	43	8	7	0.285714	26.565	7.125	5.051	0.000	-0.125	minecraft:coarse_dirt	minecraft:short_grass
9	43	8	7	0.285714	0.000	7.125	3.576	0.000	-0.125	minecraft:coarse_dirt	minecraft:short_grass
10	43	8	7	0.285714	0.000	7.125	3.576	0.000	-0.125	minecraft:podzol[snowy=false]	minecraft:short_grass
11	43	8	7	0.285714	0.000	10.025	3.576	-0.125	-0.125	minecraft:grass_block[snowy=false]	minecraft:short_grass
12	43	8	7	0.285714	0.000	7.125	3.576	0.000	-0.125	minecraft:grass_block[snowy=false]	minecraft:short_grass
13	43	7	7	0.285714	0.000	7.125	3.576	0.000	-0.125	minecraft:grass_block[snowy=false]	minecraft:grass_block[snowy=false]
14	43	8	7	0.285714	0.000	7.125	3.576	0.000	-0.125	minecraft:grass_block[snowy=false]	minecraft:short_grass
15	43	8	7	0.285714	0.000	7.125	5.051	0.000	-0.125	minecraft:grass_block[snowy=false]	minecraft:short_grass
16	43	8	7	0.285714	0.000	7.125	5.051	0.000	-0.125	minecraft:grass_block[snowy=false]	minecraft:short_grass
17	43	7	7	0.285714	0.000	7.125	5.051	0.000	-0.125	minecraft:grass_block[snowy=false]	minecraft:grass_block[snowy=false]
18	43	9	7	0.285714	0.000	7.125	5.051	0.000	-0.125	minecraft:grass_block[snowy=false]	minecraft:large_fern[half=upper]
19	43	9	7	0.285714	0.000	7.125	5.051	0.000	-0.125	minecraft:grass_block[snowy=false]	minecraft:tall_grass[half=upper]
20	43	7	7	0.285714	26.565	10.025	5.051	0.125	-0.125	minecraft:grass_block[snowy=false]	minecraft:grass_block[snowy=false]
21	43	9	7	0.285714	26.565	10.025	5.051	0.125	-0.125	minecraft:grass_block[snowy=false]	minecraft:large_fern[half=upper]
22	43	9	7	0.285714	26.565	10.025	5.051	0.125	-0.125	minecraft:grass_block[snowy=false]	minecraft:tall_grass[half=upper]
23	43	7	7	0.285714	35.264	10.025	3.576	0.125	-0.125	minecraft:grass_block[snowy=false]	minecraft:grass_block[snowy=false]
24	43	8	8	0.428571	35.264	10.025	5.051	0.125	-0.125	minecraft:grass_block[snowy=false]	minecraft:grass_block[snowy=false]
25	43	8	8	0.428571	0.000	10.025	5.051	0.125	-0.125	minecraft:grass_block[snowy=false]	minecraft:grass_block[snowy=false]
26	43	8	8	0.428571	0.000	10.025	5.051	0.125	-0.125	minecraft:grass_block[snowy=false]	minecraft:grass_block[snowy=false]
27	43	8	8	0.428571	0.000	7.125	5.051	0.125	0.000	minecraft:grass_block[snowy=false]	minecraft:grass_block[snowy=false]
28	43	9	8	0.428571	0.000	0.000	5.051	0.000	0.000	minecraft:grass_block[snowy=false]	minecraft:oak_leaves[distance=7, persistent=true, waterlogged=false]
29	43	9	8	0.428571	0.000	0.000	5.051	0.000	0.000	minecraft:grass_block[snowy=false]	minecraft:short_grass
30	43	8	8	0.428571	0.000	0.000	7.956	0.000	0.000	minecraft:grass_block[snowy=false]	minecraft:grass_block[snowy=false]
31	43	9	8	0.428571	0.000	7.125	7.956	0.000	0.125	minecraft:grass_block[snowy=false]	minecraft:oak_leaves[distance=7, persistent=true, waterlogged=false]
32	43	8	8	0.428571	0.000	7.125	7.125	0.000	0.125	minecraft:grass_block[snowy=false]	minecraft:grass_block[snowy=false]
33	43	10	8	0.428571	0.000	7.125	11.180	0.000	0.125	minecraft:grass_block[snowy=false]	minecraft:tall_grass[half=upper]
34	43	9	8	0.428571	0.000	7.125	11.180	0.000	0.125	minecraft:grass_block[snowy=false]	minecraft:oak_leaves[distance=7, persistent=true, waterlogged=false]
35	43	8	8	0.428571	0.000	7.125	10.620	0.000	0.125	minecraft:grass_block[snowy=false]	minecraft:grass_block[snowy=false]
36	43	9	8	0.428571	0.000	14.036	11.180	0.000	0.250	minecraft:grass_block[snowy=false]	minecraft:short_grass
37	43	9	8	0.428571	0.000	15.616	11.180	-0.125	0.250	minecraft:grass_block[snowy=false]	minecraft:short_grass
38	43	9	8	0.428571	26.565	15.616	11.180	-0.125	0.250	minecraft:grass_block[snowy=false]	minecraft:short_grass
39	43	8	8	0.428571	26.565	14.036	11.180	0.000	0.250	minecraft:grass_block[snowy=false]	minecraft:grass_block[snowy=false]
40	43	9	8	0.428571	26.565	15.616	11.180	-0.125	0.250	minecraft:grass_block[snowy=false]	minecraft:fern
41	43	7	7	0.285714	26.565	15.616	7.956	-0.125	0.250	minecraft:coarse_dirt	minecraft:coarse_dirt
42	43	7	7	0.285714	26.565	15.616	7.956	-0.125	0.250	minecraft:coarse_dirt	minecraft:coarse_dirt
43	43	9	8	0.428571	26.565	10.025	7.956	-0.125	0.125	minecraft:grass_block[snowy=false]	minecraft:short_grass
44	43	7	7	0.285714	48.190	21.568	7.125	-0.125	0.375	minecraft:coarse_dirt	minecraft:coarse_dirt
45	43	7	7	0.285714	26.565	20.556	10.025	0.000	0.375	minecraft:coarse_dirt	minecraft:coarse_dirt
46	43	8	7	0.285714	26.565	20.556	7.125	0.000	0.375	minecraft:coarse_dirt	minecraft:spruce_leaves[distance=7, persistent=true, waterlogged=false]
47	43	7	7	0.285714	26.565	24.261	7.956	-0.250	0.375	minecraft:coarse_dirt	minecraft:coarse_dirt
48	43	7	7	0.285714	26.565	21.568	7.956	-0.125	0.375	minecraft:coarse_dirt	minecraft:coarse_dirt
49	43	7	7	0.285714	45.000	21.568	7.125	-0.125	0.375	minecraft:coarse_dirt	minecraft:coarse_dirt
50	43	7	7	0.285714	35.264	21.568	7.125	-0.125	0.375	minecraft:coarse_dirt	minecraft:coarse_dirt
51	43	7	6	0.142857	35.264	20.556	5.051	0.000	0.375	minecraft:dirt	minecraft:granite_slab[type=bottom, waterlogged=false]
52	43	7	6	0.142857	26.565	20.556	3.576	0.000	0.375	minecraft:dirt	minecraft:granite_slab[type=bottom, waterlogged=false]
53	43	7	6	0.142857	26.565	20.556	3.576	0.000	0.375	minecraft:dirt	minecraft:granite_slab[type=bottom, waterlogged=false]
54	43	7	6	0.142857	35.264	20.556	3.576	0.000	0.375	minecraft:dirt	minecraft:granite_slab[type=bottom, waterlogged=false]
55	43	7	7	0.285714	35.264	21.568	7.125	0.125	0.375	minecraft:coarse_dirt	minecraft:coarse_dirt
56	43	7	7	0.285714	0.000	21.568	7.125	0.125	0.375	minecraft:coarse_dirt	minecraft:coarse_dirt
57	43	7	7	0.285714	0.000	27.266	7.125	0.125	0.500	minecraft:dirt	minecraft:dirt
58	43	7	7	0.285714	0.000	21.568	7.125	0.125	0.375	minecraft:dirt	minecraft:dirt
59	43	8	7	0.285714	0.000	20.556	7.956	0.000	0.375	minecraft:dirt	minecraft:mossy_cobblestone_slab[type=bottom, waterlogged=false]
60	43	7	7	0.285714	0.000	14.036	7.956	0.000	0.250	minecraft:coarse_dirt	minecraft:coarse_dirt
61	43	7	7	0.285714	0.000	20.556	5.051	0.000	0.375	minecraft:dirt	minecraft:dirt
62	43	7	7	0.285714	0.000	7.125	5.051	0.000	0.125	minecraft:dirt	minecraft:dirt
0	44	8	7	0.285714	26.565	7.125	7.125	0.000	-0.125	minecraft:grass_block[snowy=false]	minecraft:short_grass
1	44	7	7	0.285714	0.000	7.125	7.125	0.000	-0.125	minecraft:oak_wood[axis=y]	minecraft:oak_wood[axis=y]
2	44	8	7	0.285714	0.000	7.125	7.125	0.000	-0.125	minecraft:grass_block[snowy=false]	minecraft:short_grass
3	44	8	7	0.285714	0.000	32.513	7.125	0.625	-0.125	minecraft:podzol[snowy=false]	minecraft:short_grass
4	44	8	7	0.285714	0.000	7.125	7.125	0.000	-0.125	minecraft:coarse_dirt	minecraft:short_grass
5	44	12	7	0.285714	0.000	7.125	7.125	0.000	-0.125	minecraft:podzol[snowy=false]	minecraft:spruce_leaves[distance=2, persistent=true, waterlogged=false]
6	44	12	7	0.285714	72.654	7.125	3.576	0.000	-0.125	minecraft:podzol[snowy=false]	minecraft:spruce_leaves[distance=1, persistent=true, waterlogged=false]
7	44	12	12	1.000000	63.435	7.125	21.811	0.000	-0.125	minecraft:dark_oak_log[axis=z]	minecraft:dark_oak_log[axis=z]
8	44	11	7	0.285714	68.583	7.125	3.576	0.000	-0.125	minecraft:podzol[snowy=false]	minecraft:spruce_leaves[distance=2, persistent=true, waterlogged=false]
9	44	10	7	0.285714	0.000	7.125	3.576	0.000	-0.125	minecraft:coarse_dirt	minecraft:spruce_leaves[distance=3, persistent=true, waterlogged=false]
10	44	8	7	0.285714	0.000	7.125	3.576	0.000	-0.125	minecraft:podzol[snowy=false]	minecraft:short_grass
11	44	8	7	0.285714	0.000	32.005	3.576	-0.625	0.000	minecraft:grass_block[snowy=false]	minecraft:short_grass
12	44	7	7	0.285714	0.000	0.000	3.576	0.000	0.000	minecraft:grass_block[snowy=false]	minecraft:grass_block[snowy=false]
13	44	8	7	0.285714	0.000	0.000	3.576	0.000	0.000	minecraft:grass_block[snowy=false]	minecraft:short_grass
14	44	8	7	0.285714	0.000	7.125	3.576	0.000	-0.125	minecraft:grass_block[snowy=false]	minecraft:short_grass
15	44	8	7	0.285714	0.000	7.125	17.676	0.000	-0.125	minecraft:grass_block[snowy=false]	minecraft:short_grass
16	44	7	7	0.285714	0.000	7.125	3.576	0.000	-0.125	minecraft:grass_block[snowy=false]	minecraft:grass_block[snowy=false]
17	44	8	7	0.285714	0.000	7.125	5.051	0.000	-0.125	minecraft:grass_block[snowy=false]	minecraft:fern
18	44	7	7	0.285714	0.000	7.125	5.051	0.000	-0.125	minecraft:grass_block[snowy=false]	minecraft:grass_block[snowy=false]
19	44	9	7	0.285714	0.000	26.565	5.051	0.000	0.500	minecraft:grass_block[snowy=false]	minecraft:large_fern[half=upper]
20	44	8	7	0.285714	0.000	7.125	5.051	0.000	-0.125	minecraft:grass_block[snowy=false]	minecraft:tall_grass[half=lower]
21	44	9	7	0.285714	0.000	10.025	5.051	0.125	-0.125	minecraft:grass_block[snowy=false]	minecraft:tall_grass[half=upper]
22	44	7	7	0.285714	0.000	10.025	5.051	0.125	-0.125	minecraft:grass_block[snowy=false]	minecraft:grass_block[snowy=false]
23	44	8	7	0.285714	0.000	10.025	5.051	0.125	-0.125	minecraft:grass_block[snowy=false]	minecraft:short_grass
24	44	7	7	0.285714	35.264	10.025	5.051	0.125	-0.125	minecraft:grass_block[snowy=false]	minecraft:grass_block[snowy=false]
25	44	8	8	0.428571	35.264	10.025	5.051	0.125	-0.125	minecraft:grass_block[snowy=false]	minecraft:grass_block[snowy=false]
26	44	8	8	0.428571	0.000	7.125	5.051	0.125	0.000	minecraft:grass_block[snowy=false]	minecraft:grass_block[snowy=false]
27	44	8	8	0.428571	0.000	7.125	5.051	0.125	0.000	minecraft:grass_block[snowy=false]	minecraft:grass_block[snowy=false]
28	44	9	8	0.428571	0.000	7.125	5.051	0.125	0.000	minecraft:grass_block[snowy=false]	minecraft:short_grass
29	44	9	8	0.428571	0.000	0.000	5.051	0.000	0.000	minecraft:grass_block[snowy=false]	minecraft:short_grass
30	44	9	8	0.428571	0.000	0.000	5.051	0.000	0.000	minecraft:grass_block[snowy=false]	minecraft:short_grass
31	44	8	8	0.428571	0.000	0.000	7.956	0.000	0.000	minecraft:grass_block[snowy=false]	minecraft:grass_block[snowy=false]
32	44	9	8	0.428571	0.000	0.000	7.125	0.000	0.000	minecraft:grass_block[snowy=false]	minecraft:short_grass
33	44	9	8	0.428571	0.000	7.125	7.956	0.000	0.125	minecraft:grass_block[snowy=false]	minecraft:short_grass
34	44	9	8	0.428571	0.000	7.125	7.956	0.000	0.125	minecraft:grass_block[snowy=false]	minecraft:short_grass
35	44	9	8	0.428571	0.000	7.125	10.620	0.000	0.125	minecraft:grass_block[snowy=false]	minecraft:short_grass
36	44	8	8	0.428571	0.000	10.025	10.620	-0.125	0.125	minecraft:grass_block[snowy=false]	minecraft:grass_block[snowy=false]
37	44	9	8	0.428571	0.000	10.025	11.180	-0.125	0.125	minecraft:grass_block[snowy=false]	minecraft:fern
38	44	9	8	0.428571	0.000	15.616	11.180	-0.125	0.250	minecraft:grass_block[snowy=false]	minecraft:short_grass
39	44	8	8	0.428571	26.565	14.036	11.180	0.000	0.250	minecraft:grass_block[snowy=false]	minecraft:grass_block[snowy=false]
40	44	8	7	0.285714	26.565	14.036	7.956	0.000	0.250	minecraft:dirt	minecraft:granite_slab[type=bottom, waterlogged=false]
41	44	8	7	0.285714	26.565	15.616	7.125	-0.125	0.250	minecraft:dirt	minecraft:granite_slab[type=bottom, waterlogged=false]
42	44	8	7	0.285714	35.264	15.616	7.956	-0.125	0.250	minecraft:dirt	minecraft:granite_slab[type=bottom, waterlogged=false]
43	44	9	8	0.428571	26.565	15.616	11.180	-0.125	0.250	minecraft:grass_block[snowy=false]	minecraft:short_grass
44	44	9	8	0.428571	35.264	14.036	11.180	0.000	0.250	minecraft:grass_block[snowy=false]	minecraft:short_grass
45	44	8	7	0.285714	35.264	15.616	3.576	0.125	0.250	minecraft:dirt	minecraft:granite_slab[type=bottom, waterlogged=false]
46	44	8	7	0.285714	26.565	20.556	7.956	0.000	0.375	minecraft:dirt	minecraft:granite_slab[type=bottom, waterlogged=false]
47	44	8	7	0.285714	26.565	21.568	7.956	-0.125	0.375	minecraft:dirt	minecraft:spruce_leaves[distance=7, persistent=true, waterlogged=false]
48	44	8	7	0.285714	35.264	21.568	7.125	-0.125	0.375	minecraft:dirt	minecraft:spruce_leaves[distance=7, persistent=true, waterlogged=false]
49	44	9	8	0.428571	26.565	20.556	10.620	0.000	0.375	minecraft:grass_block[snowy=false]	minecraft:fern
50	44	7	7	0.285714	35.264	20.556	7.125	0.000	0.375	minecraft:coarse_dirt	minecraft:coarse_dirt
51	44	7	7	0.285714	26.565	20.556	7.956	0.000	0.375	minecraft:coarse_dirt	minecraft:coarse_dirt
52	44	7	7	0.285714	26.565	20.556	7.956	0.000	0.375	minecraft:coarse_dirt	minecraft:coarse_dirt
53	44	7	7	0.285714	26.565	21.568	7.125	-0.125	0.375	minecraft:coarse_dirt	minecraft:coarse_dirt
54	44	7	7	0.285714	45.000	20.556	7.125	0.000	0.375	minecraft:coarse_dirt	minecraft:coarse_dirt
55	44	7	7	0.285714	0.000	20.556	7.125	0.000	0.375	minecraft:coarse_dirt	minecraft:coarse_dirt
56	44	7	7	0.285714	0.000	14.036	7.125	0.000	0.250	minecraft:coarse_dirt	minecraft:coarse_dirt
57	44	7	7	0.285714	0.000	14.036	7.956	0.000	0.250	minecraft:coarse_dirt	minecraft:coarse_dirt
58	44	7	7	0.285714	0.000	20.556	7.125	0.000	0.375	minecraft:coarse_dirt	minecraft:coarse_dirt
59	44	7	7	0.285714	0.000	20.556	7.125	0.000	0.375	minecraft:dirt	minecraft:dirt
60	44	7	7	0.285714	0.000	20.556	7.125	0.000	0.375	minecraft:dirt	minecraft:dirt
61	44	7	7	0.285714	0.000	20.556	7.125	0.000	0.375	minecraft:dirt	minecraft:dirt
62	44	7	7	0.285714	0.000	0.000	7.125	0.000	0.000	minecraft:dirt	minecraft:dirt
0	45	8	7	0.285714	0.000	7.125	7.956	0.000	-0.125	minecraft:grass_block[snowy=false]	minecraft:short_grass
1	45	8	7	0.285714	0.000	7.125	7.125	0.000	-0.125	minecraft:grass_block[snowy=false]	minecraft:short_grass
2	45	8	7	0.285714	0.000	27.266	7.125	0.500	-0.125	minecraft:grass_block[snowy=false]	minecraft:short_grass
3	45	8	7	0.285714	0.000	32.513	7.125	0.625	-0.125	minecraft:podzol[snowy=false]	minecraft:short_grass
4	45	8	7	0.285714	0.000	10.025	7.125	0.125	-0.125	minecraft:podzol[snowy=false]	minecraft:short_grass
5	45	12	7	0.285714	63.435	7.125	3.576	0.000	-0.125	minecraft:coarse_dirt	minecraft:spruce_leaves[distance=2, persistent=true, waterlogged=false]
6	45	12	11	0.857143	68.199	7.125	17.354	0.000	-0.125	minecraft:dark_oak_log[axis=x]	minecraft:spruce_leaves[distance=1, persistent=true, waterlogged=false]
7	45	12	12	1.000000	71.068	7.125	21.811	0.000	-0.125	minecraft:dark_oak_log[axis=y]	minecraft:dark_oak_log[axis=y]
8	45	11	8	0.428571	68.199	7.125	0.000	0.000	-0.125	minecraft:dark_oak_log[axis=x]	minecraft:spruce_leaves[distance=1, persistent=true, waterlogged=false]
9	45	10	7	0.285714	26.565	0.000	3.576	0.000	0.000	minecraft:podzol[snowy=false]	minecraft:spruce_leaves[distance=2, persistent=true, waterlogged=false]
10	45	8	7	0.285714	0.000	26.565	3.576	-0.500	0.000	minecraft:coarse_dirt	minecraft:short_grass
11	45	8	7	0.285714	0.000	32.005	3.576	-0.625	0.000	minecraft:grass_block[snowy=false]	minecraft:short_grass
12	45	8	7	0.285714	0.000	7.125	3.576	-0.125	0.000	minecraft:grass_block[snowy=false]	minecraft:short_grass
13	45	8	7	0.285714	0.000	0.000	3.576	0.000	0.000	minecraft:grass_block[snowy=false]	minecraft:short_grass
14	45	8	7	0.285714	0.000	0.000	14.450	0.000	0.000	minecraft:grass_block[snowy=false]	minecraft:short_grass
15	45	8	7	0.285714	0.000	0.000	17.676	0.000	0.000	minecraft:grass_block[snowy=false]	minecraft:short_grass
16	45	7	7	0.285714	0.000	0.000	5.051	0.000	0.000	minecraft:grass_block[snowy=false]	minecraft:grass_block[snowy=false]
17	45	9	7	0.285714	0.000	7.125	3.576	0.000	-0.125	minecraft:grass_block[snowy=false]	minecraft:tall_grass[half=upper]
18	45	8	7	0.285714	0.000	7.125	5.051	0.000	-0.125	minecraft:grass_block[snowy=false]	minecraft:short_grass
19	45	8	7	0.285714	0.000	7.125	5.051	0.000	-0.125	minecraft:grass_block[snowy=false]	minecraft:short_grass
20	45	8	7	0.285714	0.000	7.125	5.051	0.000	-0.125	minecraft:grass_block[snowy=false]	minecraft:short_grass
21	45	8	7	0.285714	0.000	7.125	5.051	0.000	-0.125	minecraft:grass_block[snowy=false]	minecraft:short_grass
22	45	8	7	0.285714	0.000	10.025	5.051	0.125	-0.125	minecraft:grass_block[snowy=false]	minecraft:short_grass
23	45	7	7	0.285714	0.000	10.025	5.051	0.125	-0.125	minecraft:grass_block[snowy=false]	minecraft:grass_block[snowy=false]
24	45	9	7	0.285714	0.000	10.025	5.051	0.125	-0.125	minecraft:grass_block[snowy=false]	minecraft:short_grass
25	45	7	7	0.285714	35.264	10.025	5.051	0.125	-0.125	minecraft:grass_block[snowy=false]	minecraft:grass_block[snowy=false]
26	45	8	8	0.428571	35.264	7.125	3.576	0.125	0.000	minecraft:grass_block[snowy=false]	minecraft:grass_block[snowy=false]
27	45	9	8	0.428571	0.000	7.125	5.051	0.125	0.000	minecraft:grass_block[snowy=false]	minecraft:short_grass
28	45	9	8	0.428571	0.000	7.125	5.051	0.125	0.000	minecraft:grass_block[snowy=false]	minecraft:short_grass
29	45	9	8	0.428571	0.000	7.125	5.051	0.125	0.000	minecraft:grass_block[snowy=false]	minecraft:short_grass
30	45	9	8	0.428571	0.000	0.000	5.051	0.000	0.000	minecraft:grass_block[snowy=false]	minecraft:oak_leaves[distance=7, persistent=true, waterlogged=false]
31	45	9	8	0.428571	0.000	0.000	5.051	0.000	0.000	minecraft:grass_block[snowy=false]	minecraft:short_grass
32	45	10	8	0.428571	0.000	0.000	5.051	0.000	0.000	minecraft:grass_block[snowy=false]	minecraft:tall_grass[half=upper]
33	45	9	8	0.428571	0.000	0.000	7.956	0.000	0.000	minecraft:grass_block[snowy=false]	minecraft:short_grass
34	45	9	8	0.428571	0.000	0.000	7.125	0.000	0.000	minecraft:grass_block[snowy=false]	minecraft:short_grass
35	45	9	8	0.428571	0.000	7.125	7.125	0.000	0.125	minecraft:grass_block[snowy=false]	minecraft:short_grass
36	45	8	8	0.428571	0.000	14.036	7.125	0.000	0.250	minecraft:grass_block[snowy=false]	minecraft:grass_block[snowy=false]
37	45	9	8	0.428571	0.000	7.125	10.620	0.000	0.125	minecraft:grass_block[snowy=false]	minecraft:short_grass
38	45	8	8	0.428571	0.000	7.125	10.620	0.000	0.125	minecraft:grass_block[snowy=false]	minecraft:grass_block[snowy=false]
39	45	8	8	0.428571	0.000	7.125	10.620	0.000	0.125	minecraft:grass_block[snowy=false]	minecraft:grass_block[snowy=false]
40	45	9	8	0.428571	26.565	7.125	10.620	0.000	0.125	minecraft:grass_block[snowy=false]	minecraft:fern
41	45	9	8	0.428571	26.565	14.036	10.620	0.000	0.250	minecraft:grass_block[snowy=false]	minecraft:fern
42	45	9	8	0.428571	26.565	14.036	10.620	0.000	0.250	minecraft:grass_block[snowy=false]	minecraft:fern
43	45	9	8	0.428571	0.000	14.036	11.180	0.000	0.250	minecraft:grass_block[snowy=false]	minecraft:fern
44	45	9	8	0.428571	0.000	14.036	11.180	0.000	0.250	minecraft:grass_block[snowy=false]	minecraft:short_grass
45	45	8	8	0.428571	26.565	14.036	11.180	0.000	0.250	minecraft:grass_block[snowy=false]	minecraft:grass_block[snowy=false]
46	45	8	8	0.428571	26.565	14.036	10.620	0.000	0.250	minecraft:grass_block[snowy=false]	minecraft:grass_block[snowy=false]
47	45	10	8	0.428571	26.565	15.616	11.180	-0.125	0.250	minecraft:grass_block[snowy=false]	minecraft:spruce_leaves[distance=7, persistent=true, waterlogged=false]
48	45	9	8	0.428571	26.565	15.616	11.180	-0.125	0.250	minecraft:grass_block[snowy=false]	minecraft:spruce_leaves[distance=7, persistent=true, waterlogged=false]
49	45	8	8	0.428571	0.000	15.616	11.180	-0.125	0.250	minecraft:grass_block[snowy=false]	minecraft:grass_block[snowy=false]
50	45	8	8	0.428571	35.264	14.036	11.180	0.000	0.250	minecraft:grass_block[snowy=false]	minecraft:grass_block[snowy=false]
51	45	8	7	0.285714	35.264	15.616	7.956	-0.125	0.250	minecraft:dirt	minecraft:granite_slab[type=bottom, waterlogged=false]
52	45	8	7	0.285714	26.565	15.616	7.956	-0.125	0.250	minecraft:dirt	minecraft:granite_slab[type=bottom, waterlogged=false]
53	45	7	7	0.285714	35.264	15.616	7.956	-0.125	0.250	minecraft:coarse_dirt	minecraft:coarse_dirt
54	45	9	8	0.428571	26.565	15.616	11.180	-0.125	0.250	minecraft:grass_block[snowy=false]	minecraft:fern
55	45	7	7	0.285714	35.264	14.036	7.956	0.000	0.250	minecraft:coarse_dirt	minecraft:coarse_dirt
56	45	7	7	0.285714	26.565	14.036	7.956	0.000	0.250	minecraft:coarse_dirt	minecraft:coarse_dirt
57	45	8	7	0.285714	45.000	14.036	7.956	0.000	0.250	minecraft:dirt	minecraft:andesite_slab[type=bottom, waterlogged=false]
58	45	7	7	0.285714	45.000	15.616	7.956	-0.125	0.250	minecraft:coarse_dirt	minecraft:coarse_dirt
59	45	8	7	0.285714	0.000	14.036	7.125	0.000	0.250	minecraft:coarse_dirt	minecraft:birch_leaves[distance=7, persistent=true, waterlogged=false]
60	45	7	7	0.285714	0.000	20.556	7.125	0.000	0.375	minecraft:coarse_dirt	minecraft:coarse_dirt
61	45	7	7	0.285714	0.000	20.556	7.125	0.000	0.375	minecraft:coarse_dirt	minecraft:coarse_dirt
62	45	7	7	0.285714	0.000	0.000	7.956	0.000	0.000	minecraft:dirt	minecraft:dirt
0	46	8	7	0.285714	0.000	7.125	7.125	0.000	-0.125	minecraft:grass_block[snowy=false]	minecraft:fern
1	46	8	7	0.285714	0.000	0.000	7.125	0.000	0.000	minecraft:grass_block[snowy=false]	minecraft:short_grass
2	46	8	7	0.285714	0.000	7.125	7.125	0.000	-0.125	minecraft:grass_block[snowy=false]	minecraft:fern
3	46	7	7	0.285714	0.000	0.000	7.125	0.000	0.000	minecraft:podzol[snowy=false]	minecraft:podzol[snowy=false]
4	46	7	7	0.285714	0.000	0.000	3.576	0.000	0.000	minecraft:coarse_dirt	minecraft:coarse_dirt
5	46	10	7	0.285714	0.000	0.000	3.576	0.000	0.000	minecraft:podzol[snowy=false]	minecraft:spruce_leaves[distance=3, persistent=true, waterlogged=false]
6	46	11	7	0.285714	63.435	0.000	3.576	0.000	0.000	minecraft:coarse_dirt	minecraft:spruce_leaves[distance=1, persistent=true, waterlogged=false]
7	46	11	7	0.285714	68.199	0.000	3.576	0.000	0.000	minecraft:coarse_dirt	minecraft:spruce_leaves[distance=1, persistent=true, waterlogged=false]
8	46	10	7	0.285714	26.565	0.000	3.576	0.000	0.000	minecraft:podzol[snowy=false]	minecraft:spruce_leaves[distance=2, persistent=true, waterlogged=false]
9	46	11	7	0.285714	0.000	0.000	3.576	0.000	0.000	minecraft:podzol[snowy=false]	minecraft:spruce_leaves[distance=7, persistent=true, waterlogged=false]
10	46	7	7	0.285714	0.000	0.000	3.576	0.000	0.000	minecraft:grass_block[snowy=false]	minecraft:grass_block[snowy=false]
11	46	8	7	0.285714	0.000	0.000	3.576	0.000	0.000	minecraft:grass_block[snowy=false]	minecraft:short_grass
12	46	8	7	0.285714	0.000	0.000	3.576	0.000	0.000	minecraft:grass_block[snowy=false]	minecraft:short_grass
13	46	8	7	0.285714	0.000	0.000	3.576	0.000	0.000	minecraft:grass_block[snowy=false]	minecraft:short_grass
14	46	8	7	0.285714	0.000	0.000	3.576	0.000	0.000	minecraft:grass_block[snowy=false]	minecraft:fern
15	46	8	7	0.285714	0.000	0.000	3.576	0.000	0.000	minecraft:grass_block[snowy=false]	minecraft:short_grass
16	46	8	7	0.285714	0.000	0.000	3.576	0.000	0.000	minecraft:grass_block[snowy=false]	minecraft:fern
17	46	7	7	0.285714	0.000	0.000	3.576	0.000	0.000	minecraft:grass_block[snowy=false]	minecraft:grass_block[snowy=false]
18	46	7	7	0.285714	0.000	0.000	3.576	0.000	0.000	minecraft:grass_block[snowy=false]	minecraft:grass_block[snowy=false]
19	46	10	7	0.285714	0.000	0.000	5.051	0.000	0.000	minecraft:grass_block[snowy=false]	minecraft:spruce_leaves[distance=2, persistent=true, waterlogged=false]
20	46	7	7	0.285714	0.000	7.125	5.051	0.000	-0.125	minecraft:grass_block[snowy=false]	minecraft:grass_block[snowy=false]
21	46	7	7	0.285714	0.000	7.125	5.051	0.000	-0.125	minecraft:grass_block[snowy=false]	minecraft:grass_block[snowy=false]
22	46	7	7	0.285714	0.000	7.125	5.051	0.000	-0.125	minecraft:grass_block[snowy=false]	minecraft:grass_block[snowy=false]
23	46	9	7	0.285714	0.000	10.025	5.051	0.125	-0.125	minecraft:grass_block[snowy=false]	minecraft:tall_grass[half=upper]
24	46	7	7	0.285714	0.000	10.025	5.051	0.125	-0.125	minecraft:grass_block[snowy=false]	minecraft:grass_block[snowy=false]
25	46	7	7	0.285714	0.000	10.025	5.051	0.125	-0.125	minecraft:grass_block[snowy=false]	minecraft:grass_block[snowy=false]
26	46	7	7	0.285714	35.264	10.025	5.051	0.125	-0.125	minecraft:grass_block[snowy=false]	minecraft:grass_block[snowy=false]
27	46	8	8	0.428571	26.565	7.125	3.576	0.125	0.000	minecraft:grass_block[snowy=false]	minecraft:grass_block[snowy=false]
28	46	9	8	0.428571	0.000	7.125	3.576	0.125	0.000	minecraft:grass_block[snowy=false]	minecraft:short_grass
29	46	9	8	0.428571	0.000	7.125	5.051	0.125	0.000	minecraft:grass_block[snowy=false]	minecraft:short_grass
30	46	9	8	0.428571	0.000	7.125	5.051	0.125	0.000	minecraft:grass_block[snowy=false]	minecraft:short_grass
31	46	9	8	0.428571	0.000	0.000	5.051	0.000	0.000	minecraft:grass_block[snowy=false]	minecraft:short_grass
32	46	9	8	0.428571	0.000	0.000	5.051	0.000	0.000	minecraft:grass_block[snowy=false]	minecraft:short_grass
33	46	9	8	0.428571	0.000	0.000	5.051	0.000	0.000	minecraft:grass_block[snowy=false]	minecraft:short_grass
34	46	9	8	0.428571	0.000	0.000	7.956	0.000	0.000	minecraft:grass_block[snowy=false]	minecraft:short_grass
35	46	10	8	0.428571	0.000	0.000	7.125	0.000	0.000	minecraft:grass_block[snowy=false]	minecraft:large_fern[half=upper]
36	46	9	8	0.428571	0.000	0.000	7.125	0.000	0.000	minecraft:grass_block[snowy=false]	minecraft:short_grass
37	46	9	8	0.428571	0.000	0.000	7.125	0.000	0.000	minecraft:grass_block[snowy=false]	minecraft:short_grass
38	46	10	8	0.428571	0.000	7.125	7.125	0.000	0.125	minecraft:grass_block[snowy=false]	minecraft:large_fern[half=upper]
39	46	8	8	0.428571	0.000	7.125	3.576	0.000	0.125	minecraft:grass_block[snowy=false]	minecraft:grass_block[snowy=false]
40	46	9	8	0.428571	0.000	7.125	3.576	0.000	0.125	minecraft:grass_block[snowy=false]	minecraft:short_grass
41	46	8	8	0.428571	0.000	7.125	7.125	0.000	0.125	minecraft:grass_block[snowy=false]	minecraft:grass_block[snowy=false]
42	46	8	8	0.428571	0.000	7.125	10.620	0.000	0.125	minecraft:grass_block[snowy=false]	minecraft:grass_block[snowy=false]
43	46	9	8	0.428571	0.000	7.125	10.620	0.000	0.125	minecraft:grass_block[snowy=false]	minecraft:short_grass
44	46	8	8	0.428571	0.000	14.036	10.620	0.000	0.250	minecraft:grass_block[snowy=false]	minecraft:grass_block[snowy=false]
45	46	8	8	0.428571	0.000	14.036	10.620	0.000	0.250	minecraft:grass_block[snowy=false]	minecraft:grass_block[snowy=false]
46	46	9	8	0.428571	0.000	14.036	10.620	0.000	0.250	minecraft:grass_block[snowy=false]	minecraft:spruce_leaves[distance=7, persistent=true, waterlogged=false]
47	46	9	8	0.428571	0.000	14.036	10.620	0.000	0.250	minecraft:grass_block[snowy=false]	minecraft:spruce_leaves[distance=7, persistent=true, waterlogged=false]
48	46	8	8	0.428571	0.000	14.036	10.620	0.000	0.250	minecraft:grass_block[snowy=false]	minecraft:grass_block[snowy=false]
49	46	9	8	0.428571	0.000	14.036	11.180	0.000	0.250	minecraft:grass_block[snowy=false]	minecraft:tall_grass[half=lower]
50	46	8	8	0.428571	0.000	14.036	11.180	0.000	0.250	minecraft:grass_block[snowy=false]	minecraft:grass_block[snowy=false]
51	46	8	8	0.428571	26.565	14.036	11.180	0.000	0.250	minecraft:grass_block[snowy=false]	minecraft:grass_block[snowy=false]
52	46	8	8	0.428571	26.565	14.036	11.180	0.000	0.250	minecraft:grass_block[snowy=false]	minecraft:grass_block[snowy=false]
53	46	9	8	0.428571	26.565	15.616	11.180	0.125	0.250	minecraft:grass_block[snowy=false]	minecraft:tall_grass[half=lower]
54	46	8	8	0.428571	0.000	15.616	11.180	0.125	0.250	minecraft:grass_block[snowy=false]	minecraft:grass_block[snowy=false]
55	46	8	8	0.428571	26.565	15.616	10.620	-0.125	0.250	minecraft:grass_block[snowy=false]	minecraft:grass_block[snowy=false]
56	46	9	8	0.428571	35.264	10.025	10.620	-0.125	0.125	minecraft:grass_block[snowy=false]	minecraft:fern
57	46	9	9	0.571429	48.190	15.616	14.450	-0.125	0.250	minecraft:grass_block[snowy=false]	minecraft:grass_block[snowy=false]
58	46	9	9	0.571429	54.736	15.616	14.450	-0.125	0.250	minecraft:grass_block[snowy=false]	minecraft:grass_block[snowy=false]
59	46	8	7	0.285714	54.736	7.125	7.956	-0.125	0.000	minecraft:andesite	minecraft:andesite_stairs[facing=south, half=bottom, shape=straight, waterlogged=false]
60	46	8	7	0.285714	26.565	7.125	7.956	-0.125	0.000	minecraft:andesite	minecraft:andesite_stairs[facing=west, half=bottom, shape=outer_left, waterlogged=false]
61	46	7	7	0.285714	45.000	14.036	7.956	-0.250	0.000	minecraft:coarse_dirt	minecraft:coarse_dirt
62	46	7	7	0.285714	0.000	14.036	5.051	-0.250	0.000	minecraft:coarse_dirt	minecraft:coarse_dirt
0	47	8	7	0.285714	0.000	7.125	7.125	0.000	-0.125	minecraft:grass_block[snowy=false]	minecraft:short_grass
1	47	8	7	0.285714	0.000	0.000	3.576	0.000	0.000	minecraft:grass_block[snowy=false]	minecraft:short_grass
2	47	8	7	0.285714	0.000	0.000	3.576	0.000	0.000	minecraft:grass_block[snowy=false]	minecraft:short_grass
3	47	7	7	0.285714	0.000	0.000	3.576	0.000	0.000	minecraft:grass_block[snowy=false]	minecraft:grass_block[snowy=false]
4	47	7	7	0.285714	0.000	0.000	3.576	0.000	0.000	minecraft:podzol[snowy=false]	minecraft:podzol[snowy=false]
5	47	7	7	0.285714	0.000	0.000	3.576	0.000	0.000	minecraft:podzol[snowy=false]	minecraft:podzol[snowy=false]
6	47	10	7	0.285714	0.000	0.000	3.576	0.000	0.000	minecraft:podzol[snowy=false]	minecraft:spruce_leaves[distance=3, persistent=true, waterlogged=false]
7	47	10	7	0.285714	0.000	7.125	3.576	0.000	-0.125	minecraft:grass_block[snowy=false]	minecraft:spruce_leaves[distance=2, persistent=true, waterlogged=false]
8	47	8	7	0.285714	0.000	0.000	3.576	0.000	0.000	minecraft:grass_block[snowy=false]	minecraft:short_grass
9	47	8	7	0.285714	0.000	0.000	3.576	0.000	0.000	minecraft:grass_block[snowy=false]	minecraft:short_grass
10	47	8	7	0.285714	0.000	0.000	3.576	0.000	0.000	minecraft:grass_block[snowy=false]	minecraft:short_grass
11	47	8	7	0.285714	0.000	0.000	3.576	0.000	0.000	minecraft:grass_block[snowy=false]	minecraft:short_grass
12	47	8	7	0.285714	0.000	0.000	3.576	0.000	0.000	minecraft:grass_block[snowy=false]	minecraft:short_grass
13	47	8	7	0.285714	0.000	0.000	3.576	0.000	0.000	minecraft:grass_block[snowy=false]	minecraft:short_grass
14	47	8	7	0.285714	0.000	0.000	3.576	0.000	0.000	minecraft:grass_block[snowy=false]	minecraft:short_grass
15	47	8	7	0.285714	0.000	0.000	3.576	0.000	0.000	minecraft:grass_block[snowy=false]	minecraft:short_grass
16	47	7	7	0.285714	0.000	0.000	3.576	0.000	0.000	minecraft:grass_block[snowy=false]	minecraft:grass_block[snowy=false]
17	47	9	7	0.285714	0.000	0.000	3.576	0.000	0.000	minecraft:grass_block[snowy=false]	minecraft:tall_grass[half=upper]
18	47	10	7	0.285714	0.000	0.000	3.576	0.000	0.000	minecraft:podzol[snowy=false]	minecraft:spruce_leaves[distance=2, persistent=true, waterlogged=false]
19	47	11	7	0.285714	68.199	0.000	5.051	0.000	0.000	minecraft:coarse_dirt	minecraft:spruce_leaves[distance=1, persistent=true, waterlogged=false]
20	47	10	7	0.285714	0.000	0.000	5.051	0.000	0.000	minecraft:coarse_dirt	minecraft:spruce_leaves[distance=2, persistent=true, waterlogged=false]
21	47	7	7	0.285714	0.000	0.000	5.051	0.000	0.000	minecraft:grass_block[snowy=false]	minecraft:grass_block[snowy=false]
22	47	7	7	0.285714	0.000	0.000	5.051	0.000	0.000	minecraft:grass_block[snowy=false]	minecraft:grass_block[snowy=false]
23	47	7	7	0.285714	0.000	7.125	5.051	0.125	0.000	minecraft:grass_block[snowy=false]	minecraft:grass_block[snowy=false]
24	47	7	7	0.285714	0.000	10.025	5.051	0.125	-0.125	minecraft:grass_block[snowy=false]	minecraft:grass_block[snowy=false]
25	47	7	7	0.285714	0.000	10.025	5.051	0.125	-0.125	minecraft:grass_block[snowy=false]	minecraft:grass_block[snowy=false]
26	47	8	7	0.285714	35.264	10.025	5.051	0.125	-0.125	minecraft:grass_block[snowy=false]	minecraft:short_grass
27	47	8	8	0.428571	26.565	7.125	3.576	0.125	0.000	minecraft:grass_block[snowy=false]	minecraft:grass_block[snowy=false]
28	47	8	8	0.428571	0.000	7.125	3.576	0.125	0.000	minecraft:grass_block[snowy=false]	minecraft:grass_block[snowy=false]
29	47	9	8	0.428571	0.000	7.125	3.576	0.125	0.000	minecraft:grass_block[snowy=false]	minecraft:short_grass
30	47	9	8	0.428571	0.000	7.125	3.576	0.125	0.000	minecraft:grass_block[snowy=false]	minecraft:short_grass
31	47	9	8	0.428571	0.000	0.000	5.051	0.000	0.000	minecraft:grass_block[snowy=false]	minecraft:short_grass
32	47	9	8	0.428571	0.000	0.000	5.051	0.000	0.000	minecraft:grass_block[snowy=false]	minecraft:short_grass
33	47	9	8	0.428571	0.000	0.000	5.051	0.000	0.000	minecraft:grass_block[snowy=false]	minecraft:short_grass
34	47	9	8	0.428571	0.000	0.000	5.051	0.000	0.000	minecraft:grass_block[snowy=false]	minecraft:short_grass
35	47	9	8	0.428571	0.000	0.000	3.576	0.000	0.000	minecraft:grass_block[snowy=false]	minecraft:short_grass
36	47	9	8	0.428571	0.000	0.000	7.125	0.000	0.000	minecraft:grass_block[snowy=false]	minecraft:fern
37	47	9	8	0.428571	0.000	0.000	7.125	0.000	0.000	minecraft:grass_block[snowy=false]	minecraft:short_grass
38	47	9	8	0.428571	0.000	0.000	7.125	0.000	0.000	minecraft:grass_block[snowy=false]	minecraft:fern
39	47	9	8	0.428571	0.000	0.000	7.125	0.000	0.000	minecraft:grass_block[snowy=false]	minecraft:short_grass
40	47	8	8	0.428571	0.000	0.000	7.125	0.000	0.000	minecraft:grass_block[snowy=false]	minecraft:grass_block[snowy=false]
41	47	8	8	0.428571	0.000	7.125	7.125	0.000	0.125	minecraft:grass_block[snowy=false]	minecraft:grass_block[snowy=false]
42	47	9	8	0.428571	0.000	7.125	7.125	0.000	0.125	minecraft:grass_block[snowy=false]	minecraft:short_grass
43	47	9	8	0.428571	0.000	0.000	3.576	0.000	0.000	minecraft:grass_block[snowy=false]	minecraft:fern
44	47	9	8	0.428571	0.000	7.125	10.620	0.000	0.125	minecraft:grass_block[snowy=false]	minecraft:tall_grass[half=lower]
45	47	9	8	0.428571	0.000	7.125	10.620	0.000	0.125	minecraft:grass_block[snowy=false]	minecraft:fern
46	47	8	8	0.428571	0.000	7.125	10.620	0.000	0.125	minecraft:grass_block[snowy=false]	minecraft:grass_block[snowy=false]
47	47	9	8	0.428571	0.000	7.125	10.620	0.000	0.125	minecraft:grass_block[snowy=false]	minecraft:spruce_leaves[distance=7, persistent=true, waterlogged=false]
48	47	10	8	0.428571	0.000	7.125	10.620	0.000	0.125	minecraft:grass_block[snowy=false]	minecraft:spruce_leaves[distance=7, persistent=true, waterlogged=false]
49	47	9	8	0.428571	0.000	7.125	11.180	0.000	0.125	minecraft:grass_block[snowy=false]	minecraft:spruce_leaves[distance=7, persistent=true, waterlogged=false]
50	47	9	8	0.428571	0.000	7.125	11.180	0.000	0.125	minecraft:grass_block[snowy=false]	minecraft:spruce_leaves[distance=7, persistent=true, waterlogged=false]
51	47	9	8	0.428571	0.000	14.036	11.180	0.000	0.250	minecraft:grass_block[snowy=false]	minecraft:tall_grass[half=lower]
52	47	8	8	0.428571	0.000	14.036	10.620	0.000	0.250	minecraft:grass_block[snowy=false]	minecraft:grass_block[snowy=false]
53	47	9	8	0.428571	0.000	15.616	11.180	0.125	0.250	minecraft:grass_block[snowy=false]	minecraft:tall_grass[half=lower]
54	47	8	8	0.428571	0.000	15.616	11.180	0.125	0.250	minecraft:grass_block[snowy=false]	minecraft:grass_block[snowy=false]
55	47	8	8	0.428571	0.000	10.025	10.620	0.125	0.125	minecraft:coarse_dirt	minecraft:coarse_dirt
56	47	9	8	0.428571	26.565	7.125	10.620	0.000	0.125	minecraft:dirt	minecraft:granite_slab[type=bottom, waterlogged=false]
57	47	9	9	0.571429	35.264	15.616	14.450	0.125	0.250	minecraft:grass_block[snowy=false]	minecraft:grass_block[snowy=false]
58	47	9	9	0.571429	0.000	15.616	11.180	-0.125	0.250	minecraft:grass_block[snowy=false]	minecraft:grass_block[snowy=false]
59	47	9	9	0.571429	48.190	15.616	11.180	0.125	0.250	minecraft:grass_block[snowy=false]	minecraft:grass_block[snowy=false]
60	47	9	8	0.428571	45.000	7.125	7.125	0.000	0.125	minecraft:andesite	minecraft:granite_slab[type=bottom, waterlogged=false]
61	47	9	9	0.571429	48.190	14.036	11.180	0.000	0.250	minecraft:grass_block[snowy=false]	minecraft:grass_block[snowy=false]
62	47	7	7	0.285714	45.000	14.036	5.051	-0.250	0.000	minecraft:coarse_dirt	minecraft:coarse_dirt
0	48	8	7	0.285714	0.000	0.000	3.576	0.000	0.000	minecraft:grass_block[snowy=false]	minecraft:short_grass
1	48	8	7	0.285714	0.000	0.000	3.576	0.000	0.000	minecraft:grass_block[snowy=false]	minecraft:short_grass
2	48	8	7	0.285714	0.000	0.000	3.576	0.000	0.000	minecraft:grass_block[snowy=false]	minecraft:short_grass
3	48	7	7	0.285714	0.000	0.000	3.576	0.000	0.000	minecraft:grass_block[snowy=false]	minecraft:grass_block[snowy=false]
4	48	8	7	0.285714	0.000	0.000	3.576	0.000	0.000	minecraft:grass_block[snowy=false]	minecraft:short_grass
5	48	8	7	0.285714	0.000	0.000	3.576	0.000	0.000	minecraft:grass_block[snowy=false]	minecraft:short_grass
6	48	8	7	0.285714	0.000	0.000	3.576	0.000	0.000	minecraft:grass_block[snowy=false]	minecraft:short_grass
7	48	8	7	0.285714	0.000	32.005	3.576	0.000	-0.625	minecraft:grass_block[snowy=false]	minecraft:short_grass
8	48	8	7	0.285714	0.000	0.000	3.576	0.000	0.000	minecraft:grass_block[snowy=false]	minecraft:short_grass
9	48	8	7	0.285714	0.000	0.000	3.576	0.000	0.000	minecraft:grass_block[snowy=false]	minecraft:short_grass
10	48	8	7	0.285714	0.000	0.000	3.576	0.000	0.000	minecraft:grass_block[snowy=false]	minecraft:short_grass
11	48	8	7	0.285714	0.000	0.000	17.354	0.000	0.000	minecraft:grass_block[snowy=false]	minecraft:short_grass
12	48	8	7	0.285714	0.000	0.000	0.000	0.000	0.000	minecraft:grass_block[snowy=false]	minecraft:short_grass
13	48	8	7	0.285714	0.000	0.000	0.000	0.000	0.000	minecraft:grass_block[snowy=false]	minecraft:short_grass
14	48	8	7	0.285714	0.000	0.000	3.576	0.000	0.000	minecraft:grass_block[snowy=false]	minecraft:short_grass
15	48	8	7	0.285714	0.000	32.005	3.576	0.625	0.000	minecraft:grass_block[snowy=false]	minecraft:short_grass
16	48	8	7	0.285714	0.000	0.000	3.576	0.000	0.000	minecraft:grass_block[snowy=false]	minecraft:short_grass
17	48	10	7	0.285714	0.000	0.000	3.576	0.000	0.000	minecraft:podzol[snowy=false]	minecraft:spruce_leaves[distance=2, persistent=true, waterlogged=false]
18	48	11	7	0.285714	68.199	0.000	5.051	0.000	0.000	minecraft:podzol[snowy=false]	minecraft:spruce_leaves[distance=1, persistent=true, waterlogged=false]
19	48	12	12	1.000000	0.000	32.005	14.450	0.000	0.625	minecraft:dark_oak_log[axis=y]	minecraft:dark_oak_log[axis=y]
20	48	11	7	0.285714	68.199	0.000	5.051	0.000	0.000	minecraft:podzol[snowy=false]	minecraft:spruce_leaves[distance=1, persistent=true, waterlogged=false]
21	48	10	7	0.285714	0.000	0.000	5.051	0.000	0.000	minecraft:podzol[snowy=false]	minecraft:spruce_leaves[distance=2, persistent=true, waterlogged=false]
22	48	7	7	0.285714	0.000	7.125	5.051	0.125	0.000	minecraft:grass_block[snowy=false]	minecraft:grass_block[snowy=false]
23	48	7	7	0.285714	0.000	26.565	5.051	-0.500	0.000	minecraft:grass_block[snowy=false]	minecraft:grass_block[snowy=false]
24	48	7	7	0.285714	0.000	7.125	5.051	0.125	0.000	minecraft:grass_block[snowy=false]	minecraft:grass_block[snowy=false]
25	48	7	7	0.285714	26.565	10.025	5.051	0.125	-0.125	minecraft:grass_block[snowy=false]	minecraft:grass_block[snowy=false]
26	48	8	8	0.428571	35.264	7.125	3.576	0.125	0.000	minecraft:grass_block[snowy=false]	minecraft:grass_block[snowy=false]
27	48	8	8	0.428571	0.000	7.125	14.036	0.125	0.000	minecraft:grass_block[snowy=false]	minecraft:grass_block[snowy=false]
28	48	8	8	0.428571	0.000	7.125	3.576	0.125	0.000	minecraft:grass_block[snowy=false]	minecraft:grass_block[snowy=false]
29	48	8	8	0.428571	0.000	7.125	3.576	0.125	0.000	minecraft:grass_block[snowy=false]	minecraft:grass_block[snowy=false]
30	48	8	8	0.428571	0.000	0.000	3.576	0.000	0.000	minecraft:grass_block[snowy=false]	minecraft:grass_block[snowy=false]
31	48	8	8	0.428571	0.000	0.000	3.576	0.000	0.000	minecraft:grass_block[snowy=false]	minecraft:grass_block[snowy=false]
32	48	8	8	0.428571	0.000	0.000	3.576	0.000	0.000	minecraft:grass_block[snowy=false]	minecraft:grass_block[snowy=false]
33	48	8	8	0.428571	0.000	0.000	5.051	0.000	0.000	minecraft:grass_block[snowy=false]	minecraft:grass_block[snowy=false]
34	48	8	8	0.428571	0.000	0.000	3.576	0.000	0.000	minecraft:grass_block[snowy=false]	minecraft:grass_block[snowy=false]
35	48	11	8	0.428571	0.000	0.000	3.576	0.000	0.000	minecraft:grass_block[snowy=false]	minecraft:spruce_leaves[distance=7, persistent=true, waterlogged=false]
36	48	11	8	0.428571	26.565	0.000	3.576	0.000	0.000	minecraft:grass_block[snowy=false]	minecraft:spruce_leaves[distance=7, persistent=true, waterlogged=false]
37	48	8	8	0.428571	0.000	0.000	3.576	0.000	0.000	minecraft:grass_block[snowy=false]	minecraft:grass_block[snowy=false]
38	48	8	8	0.428571	0.000	0.000	7.125	0.000	0.000	minecraft:grass_block[snowy=false]	minecraft:grass_block[snowy=false]
39	48	8	8	0.428571	0.000	0.000	7.125	0.000	0.000	minecraft:grass_block[snowy=false]	minecraft:grass_block[snowy=false]
40	48	9	8	0.428571	0.000	7.125	7.125	0.000	0.125	minecraft:grass_block[snowy=false]	minecraft:fern
41	48	8	8	0.428571	0.000	7.125	7.125	0.000	0.125	minecraft:grass_block[snowy=false]	minecraft:grass_block[snowy=false]
42	48	9	8	0.428571	0.000	7.125	7.125	0.000	0.125	minecraft:grass_block[snowy=false]	minecraft:tall_grass[half=lower]
43	48	9	8	0.428571	0.000	0.000	7.125	0.000	0.000	minecraft:grass_block[snowy=false]	minecraft:fern
44	48	8	8	0.428571	0.000	0.000	7.125	0.000	0.000	minecraft:grass_block[snowy=false]	minecraft:grass_block[snowy=false]
45	48	8	8	0.428571	0.000	7.125	7.125	0.000	0.125	minecraft:grass_block[snowy=false]	minecraft:grass_block[snowy=false]
46	48	9	8	0.428571	0.000	7.125	10.620	0.000	0.125	minecraft:grass_block[snowy=false]	minecraft:tall_grass[half=lower]
47	48	8	8	0.428571	0.000	7.125	10.620	0.000	0.125	minecraft:grass_block[snowy=false]	minecraft:grass_block[snowy=false]
48	48	9	8	0.428571	0.000	7.125	10.620	0.000	0.125	minecraft:grass_block[snowy=false]	minecraft:spruce_leaves[distance=7, persistent=true, waterlogged=false]
49	48	9	8	0.428571	0.000	0.000	10.620	0.000	0.000	minecraft:grass_block[snowy=false]	minecraft:spruce_leaves[distance=7, persistent=true, waterlogged=false]
50	48	9	8	0.428571	0.000	7.125	11.180	0.000	0.125	minecraft:grass_block[snowy=false]	minecraft:fern
51	48	9	8	0.428571	0.000	7.125	11.180	0.000	0.125	minecraft:grass_block[snowy=false]	minecraft:fern
52	48	8	8	0.428571	0.000	7.125	11.180	0.000	0.125	minecraft:grass_block[snowy=false]	minecraft:grass_block[snowy=false]
53	48	8	8	0.428571	0.000	7.125	11.180	0.000	0.125	minecraft:grass_block[snowy=false]	minecraft:grass_block[snowy=false]
54	48	8	8	0.428571	0.000	10.025	11.180	0.125	0.125	minecraft:grass_block[snowy=false]	minecraft:grass_block[snowy=false]
55	48	8	8	0.428571	0.000	10.025	10.620	0.125	0.125	minecraft:coarse_dirt	minecraft:coarse_dirt
56	48	8	8	0.428571	0.000	10.025	7.125	0.125	0.125	minecraft:coarse_dirt	minecraft:coarse_dirt
57	48	9	8	0.428571	35.264	10.025	7.125	0.125	0.125	minecraft:dirt	minecraft:granite_slab[type=bottom, waterlogged=false]
58	48	10	9	0.571429	35.264	15.616	11.180	-0.125	0.250	minecraft:grass_block[snowy=false]	minecraft:birch_leaves[distance=7, persistent=true, waterlogged=false]
59	48	9	9	0.571429	26.565	15.616	11.180	0.125	0.250	minecraft:grass_block[snowy=false]	minecraft:grass_block[snowy=false]
60	48	9	9	0.571429	26.565	15.616	11.180	0.125	0.250	minecraft:grass_block[snowy=false]	minecraft:grass_block[snowy=false]
61	48	9	9	0.571429	45.000	15.616	11.180	0.125	0.250	minecraft:grass_block[snowy=false]	minecraft:grass_block[snowy=false]
62	48	7	7	0.285714	45.000	14.036	3.576	-0.250	0.000	minecraft:coarse_dirt	minecraft:coarse_dirt
0	49	8	7	0.285714	0.000	0.000	3.576	0.000	0.000	minecraft:grass_block[snowy=false]	minecraft:short_grass
1	49	8	7	0.285714	0.000	0.000	3.576	0.000	0.000	minecraft:grass_block[snowy=false]	minecraft:short_grass
2	49	8	7	0.285714	0.000	0.000	3.576	0.000	0.000	minecraft:grass_block[snowy=false]	minecraft:short_grass
3	49	8	7	0.285714	0.000	0.000	3.576	0.000	0.000	minecraft:grass_block[snowy=false]	minecraft:short_grass
4	49	8	7	0.285714	0.000	0.000	3.576	0.000	0.000	minecraft:grass_block[snowy=false]	minecraft:short_grass
5	49	8	7	0.285714	0.000	0.000	3.576	0.000	0.000	minecraft:grass_block[snowy=false]	minecraft:short_grass
6	49	8	7	0.285714	0.000	26.565	3.576	0.000	-0.500	minecraft:grass_block[snowy=false]	minecraft:short_grass
7	49	8	7	0.285714	0.000	32.005	3.576	0.000	-0.625	minecraft:grass_block[snowy=false]	minecraft:short_grass
8	49	8	7	0.285714	0.000	7.125	3.576	0.000	-0.125	minecraft:grass_block[snowy=false]	minecraft:short_grass
9	49	8	7	0.285714	0.000	0.000	0.000	0.000	0.000	minecraft:grass_block[snowy=false]	minecraft:short_grass
10	49	8	7	0.285714	0.000	0.000	0.000	0.000	0.000	minecraft:grass_block[snowy=false]	minecraft:short_grass
11	49	8	7	0.285714	0.000	0.000	0.000	0.000	0.000	minecraft:grass_block[snowy=false]	minecraft:short_grass
12	49	8	7	0.285714	0.000	0.000	0.000	0.000	0.000	minecraft:grass_block[snowy=false]	minecraft:short_grass
13	49	9	7	0.285714	0.000	0.000	0.000	0.000	0.000	minecraft:grass_block[snowy=false]	minecraft:large_fern[half=upper]
14	49	9	7	0.285714	0.000	0.000	0.000	0.000	0.000	minecraft:grass_block[snowy=false]	minecraft:tall_grass[half=upper]
15	49	8	7	0.285714	0.000	0.000	0.000	0.000	0.000	minecraft:grass_block[snowy=false]	minecraft:short_grass
16	49	7	7	0.285714	0.000	0.000	0.000	0.000	0.000	minecraft:grass_block[snowy=false]	minecraft:grass_block[snowy=false]
17	49	9	7	0.285714	0.000	0.000	3.576	0.000	0.000	minecraft:podzol[snowy=false]	minecraft:spruce_leaves[distance=7, persistent=true, waterlogged=false]
18	49	10	7	0.285714	0.000	0.000	5.051	0.000	0.000	minecraft:coarse_dirt	minecraft:spruce_leaves[distance=2, persistent=true, waterlogged=false]
19	49	11	7	0.285714	68.199	0.000	5.051	0.000	0.000	minecraft:podzol[snowy=false]	minecraft:spruce_leaves[distance=1, persistent=true, waterlogged=false]
20	49	11	7	0.285714	0.000	0.000	5.051	0.000	0.000	minecraft:podzol[snowy=false]	minecraft:spruce_leaves[distance=2, persistent=true, waterlogged=false]
21	49	10	7	0.285714	0.000	0.000	5.051	0.000	0.000	minecraft:coarse_dirt	minecraft:spruce_leaves[distance=3, persistent=true, waterlogged=false]
22	49	7	7	0.285714	0.000	7.125	5.051	0.125	0.000	minecraft:grass_block[snowy=false]	minecraft:grass_block[snowy=false]
23	49	7	7	0.285714	0.000	7.125	5.051	0.125	0.000	minecraft:grass_block[snowy=false]	minecraft:grass_block[snowy=false]
24	49	7	7	0.285714	0.000	7.125	5.051	0.125	0.000	minecraft:grass_block[snowy=false]	minecraft:grass_block[snowy=false]
25	49	7	7	0.285714	26.565	7.125	5.051	0.125	0.000	minecraft:grass_block[snowy=false]	minecraft:grass_block[snowy=false]
26	49	9	8	0.428571	26.565	7.125	3.576	0.125	0.000	minecraft:grass_block[snowy=false]	minecraft:short_grass
27	49	9	8	0.428571	0.000	7.125	3.576	0.125	0.000	minecraft:grass_block[snowy=false]	minecraft:short_grass
28	49	9	8	0.428571	0.000	7.125	7.125	0.125	0.000	minecraft:grass_block[snowy=false]	minecraft:short_grass
29	49	9	8	0.428571	0.000	7.125	3.576	0.125	0.000	minecraft:grass_block[snowy=false]	minecraft:short_grass
30	49	9	8	0.428571	0.000	0.000	3.576	0.000	0.000	minecraft:grass_block[snowy=false]	minecraft:short_grass
31	49	8	8	0.428571	0.000	0.000	3.576	0.000	0.000	minecraft:grass_block[snowy=false]	minecraft:grass_block[snowy=false]
32	49	8	8	0.428571	0.000	7.125	3.576	0.125	0.000	minecraft:grass_block[snowy=false]	minecraft:grass_block[snowy=false]
33	49	8	8	0.428571	0.000	0.000	3.576	0.000	0.000	minecraft:grass_block[snowy=false]	minecraft:grass_block[snowy=false]
34	49	11	8	0.428571	0.000	0.000	0.000	0.000	0.000	minecraft:grass_block[snowy=false]	minecraft:spruce_leaves[distance=2, persistent=true, waterlogged=false]
35	49	8	8	0.428571	26.565	0.000	3.576	0.000	0.000	minecraft:grass_block[snowy=false]	minecraft:grass_block[snowy=false]
36	49	12	9	0.571429	26.565	7.125	7.125	0.000	0.125	minecraft:dark_oak_log[axis=z]	minecraft:spruce_leaves[distance=7, persistent=true, waterlogged=false]
37	49	12	8	0.428571	26.565	0.000	3.576	0.000	0.000	minecraft:grass_block[snowy=false]	minecraft:spruce_leaves[distance=7, persistent=true, waterlogged=false]
38	49	8	8	0.428571	0.000	0.000	3.576	0.000	0.000	minecraft:grass_block[snowy=false]	minecraft:grass_block[snowy=false]
39	49	8	8	0.428571	0.000	0.000	3.576	0.000	0.000	minecraft:grass_block[snowy=false]	minecraft:grass_block[snowy=false]
40	49	8	8	0.428571	0.000	7.125	3.576	-0.125	0.000	minecraft:grass_block[snowy=false]	minecraft:grass_block[snowy=false]
41	49	8	8	0.428571	0.000	0.000	7.125	0.000	0.000	minecraft:grass_block[snowy=false]	minecraft:grass_block[snowy=false]
42	49	8	8	0.428571	0.000	0.000	7.125	0.000	0.000	minecraft:grass_block[snowy=false]	minecraft:grass_block[snowy=false]
43	49	9	8	0.428571	0.000	0.000	7.125	0.000	0.000	minecraft:grass_block[snowy=false]	minecraft:tall_grass[half=lower]
44	49	9	8	0.428571	0.000	0.000	7.956	0.000	0.000	minecraft:grass_block[snowy=false]	minecraft:tall_grass[half=lower]
45	49	9	8	0.428571	0.000	0.000	7.125	0.000	0.000	minecraft:grass_block[snowy=false]	minecraft:fern
46	49	8	8	0.428571	0.000	0.000	7.125	0.000	0.000	minecraft:grass_block[snowy=false]	minecraft:grass_block[snowy=false]
47	49	8	8	0.428571	0.000	0.000	7.125	0.000	0.000	minecraft:grass_block[snowy=false]	minecraft:grass_block[snowy=false]
48	49	9	8	0.428571	0.000	0.000	7.125	0.000	0.000	minecraft:grass_block[snowy=false]	minecraft:spruce_leaves[distance=7, persistent=true, waterlogged=false]
49	49	9	8	0.428571	0.000	0.000	7.125	0.000	0.000	minecraft:grass_block[snowy=false]	minecraft:tall_grass[half=lower]
50	49	9	8	0.428571	0.000	0.000	7.125	0.000	0.000	minecraft:grass_block[snowy=false]	minecraft:fern
51	49	8	8	0.428571	0.000	7.125	7.125	0.000	0.125	minecraft:grass_block[snowy=false]	minecraft:grass_block[snowy=false]
52	49	9	8	0.428571	0.000	7.125	7.956	0.000	0.125	minecraft:grass_block[snowy=false]	minecraft:large_fern[half=upper]
53	49	8	8	0.428571	0.000	7.125	7.956	0.000	0.125	minecraft:grass_block[snowy=false]	minecraft:grass_block[snowy=false]
54	49	8	8	0.428571	0.000	0.000	7.956	0.000	0.000	minecraft:grass_block[snowy=false]	minecraft:grass_block[snowy=false]
55	49	8	8	0.428571	0.000	7.125	7.125	0.000	0.125	minecraft:grass_block[snowy=false]	minecraft:grass_block[snowy=false]
56	49	8	8	0.428571	0.000	10.025	7.125	0.125	0.125	minecraft:coarse_dirt	minecraft:coarse_dirt
57	49	9	8	0.428571	0.000	10.025	7.125	0.125	0.125	minecraft:coarse_dirt	minecraft:birch_leaves[distance=7, persistent=true, waterlogged=false]
58	49	9	8	0.428571	26.565	10.025	7.125	-0.125	0.125	minecraft:dirt	minecraft:granite_slab[type=bottom, waterlogged=false]
59	49	9	8	0.428571	35.264	7.125	7.125	0.000	0.125	minecraft:dirt	minecraft:granite_slab[type=bottom, waterlogged=false]
60	49	9	9	0.571429	26.565	15.616	11.180	0.125	0.250	minecraft:grass_block[snowy=false]	minecraft:grass_block[snowy=false]
61	49	9	9	0.571429	45.000	15.616	11.180	0.125	0.250	minecraft:grass_block[snowy=false]	minecraft:grass_block[snowy=false]
62	49	8	7	0.285714	45.000	7.125	3.576	-0.125	0.000	minecraft:dirt	minecraft:granite_slab[type=bottom, waterlogged=false]
