population	height_band_16	slope_band_0_10_25_40_55_90	block	count
side_east	0	-1	minecraft:acacia_wood	274
side_east	0	-1	minecraft:andesite	11
side_east	0	-1	minecraft:basalt	72
side_east	0	-1	minecraft:black_wool	12
side_east	0	-1	minecraft:blackstone	44
side_east	0	-1	minecraft:calcite	7
side_east	0	-1	minecraft:cobblestone	50
side_east	0	-1	minecraft:cyan_terracotta	227
side_east	0	-1	minecraft:diamond_block	41
side_east	0	-1	minecraft:dirt	97
side_east	0	-1	minecraft:grass_block	580
side_east	0	-1	minecraft:gray_wool	18
side_east	0	-1	minecraft:iron_ore	1
side_east	0	-1	minecraft:light_gray_wool	28
side_east	0	-1	minecraft:moss_block	736
side_east	0	-1	minecraft:mud	258
side_east	0	-1	minecraft:pale_moss_block	345
side_east	0	-1	minecraft:pale_oak_wood	99
side_east	0	-1	minecraft:smooth_basalt	81
side_east	0	-1	minecraft:spruce_log	32
side_east	0	-1	minecraft:stone	514
side_east	0	-1	minecraft:tuff	15
side_east	0	-1	minecraft:white_concrete	1
side_east	1	-1	minecraft:acacia_wood	549
side_east	1	-1	minecraft:basalt	187
side_east	1	-1	minecraft:blackstone	70
side_east	1	-1	minecraft:calcite	3
side_east	1	-1	minecraft:cobblestone	94
side_east	1	-1	minecraft:cyan_terracotta	592
side_east	1	-1	minecraft:diamond_block	73
side_east	1	-1	minecraft:dirt	56
side_east	1	-1	minecraft:grass_block	611
side_east	1	-1	minecraft:light_gray_wool	24
side_east	1	-1	minecraft:moss_block	672
side_east	1	-1	minecraft:mud	467
side_east	1	-1	minecraft:pale_moss_block	896
side_east	1	-1	minecraft:pale_oak_wood	105
side_east	1	-1	minecraft:smooth_basalt	118
side_east	1	-1	minecraft:spruce_log	1
side_east	1	-1	minecraft:stone	688
side_east	1	-1	minecraft:tuff	1
side_east	1	-1	minecraft:white_concrete	20
side_east	10	-1	minecraft:acacia_wood	270
side_east	10	-1	minecraft:andesite	9
side_east	10	-1	minecraft:basalt	114
side_east	10	-1	minecraft:birch_wood	37
side_east	10	-1	minecraft:cobblestone	25
side_east	10	-1	minecraft:cyan_terracotta	406
side_east	10	-1	minecraft:diorite	33
side_east	10	-1	minecraft:ice	6
side_east	10	-1	minecraft:mud	112
side_east	10	-1	minecraft:packed_ice	59
side_east	10	-1	minecraft:pale_moss_block	167
side_east	10	-1	minecraft:pale_oak_wood	22
side_east	10	-1	minecraft:smooth_basalt	41
side_east	10	-1	minecraft:snow_block	147
side_east	10	-1	minecraft:stone	239
side_east	10	-1	minecraft:white_concrete_powder	62
side_east	11	-1	minecraft:acacia_wood	388
side_east	11	-1	minecraft:basalt	55
side_east	11	-1	minecraft:birch_wood	102
side_east	11	-1	minecraft:blackstone	4
side_east	11	-1	minecraft:cobblestone	14
side_east	11	-1	minecraft:cyan_terracotta	226
side_east	11	-1	minecraft:diorite	61
side_east	11	-1	minecraft:ice	1
side_east	11	-1	minecraft:light_gray_wool	1
side_east	11	-1	minecraft:mud	79
side_east	11	-1	minecraft:packed_ice	43
side_east	11	-1	minecraft:pale_moss_block	186
side_east	11	-1	minecraft:pale_oak_wood	67
side_east	11	-1	minecraft:smooth_basalt	21
side_east	11	-1	minecraft:snow_block	122
side_east	11	-1	minecraft:stone	236
side_east	11	-1	minecraft:white_concrete_powder	46
side_east	12	-1	minecraft:acacia_wood	235
side_east	12	-1	minecraft:basalt	53
side_east	12	-1	minecraft:birch_wood	114
side_east	12	-1	minecraft:blackstone	5
side_east	12	-1	minecraft:cobblestone	16
side_east	12	-1	minecraft:cyan_terracotta	106
side_east	12	-1	minecraft:diorite	79
side_east	12	-1	minecraft:light_gray_wool	10
side_east	12	-1	minecraft:mud	40
side_east	12	-1	minecraft:pale_moss_block	149
side_east	12	-1	minecraft:pale_oak_wood	72
side_east	12	-1	minecraft:smooth_basalt	4
side_east	12	-1	minecraft:snow_block	98
side_east	12	-1	minecraft:stone	220
side_east	12	-1	minecraft:white_concrete_powder	47
side_east	13	-1	minecraft:acacia_wood	107
side_east	13	-1	minecraft:basalt	1
side_east	13	-1	minecraft:birch_wood	95
side_east	13	-1	minecraft:blackstone	5
side_east	13	-1	minecraft:cobblestone	8
side_east	13	-1	minecraft:cyan_terracotta	92
side_east	13	-1	minecraft:diorite	36
side_east	13	-1	minecraft:light_gray_wool	89
side_east	13	-1	minecraft:mud	39
side_east	13	-1	minecraft:pale_moss_block	110
side_east	13	-1	minecraft:pale_oak_wood	21
side_east	13	-1	minecraft:smooth_basalt	1
side_east	13	-1	minecraft:snow_block	78
side_east	13	-1	minecraft:stone	144
side_east	13	-1	minecraft:white_concrete_powder	79
side_east	14	-1	minecraft:acacia_wood	130
side_east	14	-1	minecraft:andesite	3
side_east	14	-1	minecraft:basalt	1
side_east	14	-1	minecraft:birch_wood	66
side_east	14	-1	minecraft:blackstone	2
side_east	14	-1	minecraft:cobblestone	7
side_east	14	-1	minecraft:cyan_terracotta	36
side_east	14	-1	minecraft:diorite	48
side_east	14	-1	minecraft:light_gray_wool	178
side_east	14	-1	minecraft:mud	14
side_east	14	-1	minecraft:pale_moss_block	38
side_east	14	-1	minecraft:pale_oak_wood	55
side_east	14	-1	minecraft:smooth_basalt	4
side_east	14	-1	minecraft:snow_block	46
side_east	14	-1	minecraft:stone	98
side_east	14	-1	minecraft:white_concrete_powder	32
side_east	15	-1	minecraft:acacia_wood	35
side_east	15	-1	minecraft:birch_wood	105
side_east	15	-1	minecraft:cobblestone	4
side_east	15	-1	minecraft:cyan_terracotta	16
side_east	15	-1	minecraft:diorite	55
side_east	15	-1	minecraft:light_gray_wool	88
side_east	15	-1	minecraft:mud	3
side_east	15	-1	minecraft:pale_moss_block	21
side_east	15	-1	minecraft:pale_oak_wood	5
side_east	15	-1	minecraft:snow_block	38
side_east	15	-1	minecraft:stone	41
side_east	15	-1	minecraft:white_concrete_powder	115
side_east	2	-1	minecraft:acacia_wood	873
side_east	2	-1	minecraft:andesite	12
side_east	2	-1	minecraft:basalt	145
side_east	2	-1	minecraft:black_wool	9
side_east	2	-1	minecraft:blackstone	89
side_east	2	-1	minecraft:cobblestone	105
side_east	2	-1	minecraft:cyan_terracotta	562
side_east	2	-1	minecraft:diamond_block	19
side_east	2	-1	minecraft:dirt	4
side_east	2	-1	minecraft:grass_block	454
side_east	2	-1	minecraft:gray_wool	6
side_east	2	-1	minecraft:light_gray_wool	52
side_east	2	-1	minecraft:moss_block	265
side_east	2	-1	minecraft:mud	425
side_east	2	-1	minecraft:pale_moss_block	778
side_east	2	-1	minecraft:pale_oak_wood	113
side_east	2	-1	minecraft:smooth_basalt	151
side_east	2	-1	minecraft:stone	1031
side_east	2	-1	minecraft:tuff	8
side_east	2	-1	minecraft:white_concrete	11
side_east	3	-1	minecraft:acacia_wood	908
side_east	3	-1	minecraft:andesite	42
side_east	3	-1	minecraft:basalt	73
side_east	3	-1	minecraft:black_wool	31
side_east	3	-1	minecraft:blackstone	62
side_east	3	-1	minecraft:cobblestone	139
side_east	3	-1	minecraft:cyan_terracotta	616
side_east	3	-1	minecraft:diamond_block	4
side_east	3	-1	minecraft:dirt	2
side_east	3	-1	minecraft:grass_block	320
side_east	3	-1	minecraft:gray_wool	8
side_east	3	-1	minecraft:light_gray_wool	64
side_east	3	-1	minecraft:moss_block	211
side_east	3	-1	minecraft:mud	527
side_east	3	-1	minecraft:pale_moss_block	782
side_east	3	-1	minecraft:pale_oak_wood	187
side_east	3	-1	minecraft:smooth_basalt	141
side_east	3	-1	minecraft:stone	1332
side_east	3	-1	minecraft:tuff	2
side_east	4	-1	minecraft:acacia_wood	915
side_east	4	-1	minecraft:andesite	8
side_east	4	-1	minecraft:basalt	287
side_east	4	-1	minecraft:birch_wood	2
side_east	4	-1	minecraft:black_wool	5
side_east	4	-1	minecraft:blackstone	102
side_east	4	-1	minecraft:cobblestone	65
side_east	4	-1	minecraft:cyan_terracotta	673
side_east	4	-1	minecraft:dirt	7
side_east	4	-1	minecraft:dripstone_block	1
side_east	4	-1	minecraft:grass_block	337
side_east	4	-1	minecraft:gray_wool	46
side_east	4	-1	minecraft:light_gray_wool	35
side_east	4	-1	minecraft:moss_block	46
side_east	4	-1	minecraft:mud	403
side_east	4	-1	minecraft:pale_moss_block	1003
side_east	4	-1	minecraft:pale_oak_wood	94
side_east	4	-1	minecraft:smooth_basalt	189
side_east	4	-1	minecraft:stone	839
side_east	4	-1	minecraft:tuff	5
side_east	4	-1	minecraft:white_concrete	2
side_east	5	-1	minecraft:acacia_wood	781
side_east	5	-1	minecraft:andesite	2
side_east	5	-1	minecraft:basalt	180
side_east	5	-1	minecraft:black_wool	4
side_east	5	-1	minecraft:blackstone	31
side_east	5	-1	minecraft:coal_ore	1
side_east	5	-1	minecraft:cobblestone	64
side_east	5	-1	minecraft:cyan_terracotta	636
side_east	5	-1	minecraft:dirt	8
side_east	5	-1	minecraft:grass_block	61
side_east	5	-1	minecraft:gravel	13
side_east	5	-1	minecraft:gray_wool	162
side_east	5	-1	minecraft:light_gray_wool	50
side_east	5	-1	minecraft:moss_block	27
side_east	5	-1	minecraft:mud	330
side_east	5	-1	minecraft:pale_moss_block	782
side_east	5	-1	minecraft:pale_oak_wood	179
side_east	5	-1	minecraft:smooth_basalt	87
side_east	5	-1	minecraft:snow_block	112
side_east	5	-1	minecraft:stone	881
side_east	5	-1	minecraft:white_concrete	33
side_east	6	-1	minecraft:acacia_wood	711
side_east	6	-1	minecraft:andesite	13
side_east	6	-1	minecraft:basalt	190
side_east	6	-1	minecraft:birch_wood	1
side_east	6	-1	minecraft:black_wool	1
side_east	6	-1	minecraft:blackstone	59
side_east	6	-1	minecraft:coal_ore	4
side_east	6	-1	minecraft:cobblestone	61
side_east	6	-1	minecraft:cyan_terracotta	676
side_east	6	-1	minecraft:diorite	3
side_east	6	-1	minecraft:dirt	11
side_east	6	-1	minecraft:dripstone_block	4
side_east	6	-1	minecraft:grass_block	4
side_east	6	-1	minecraft:gravel	3
side_east	6	-1	minecraft:gray_wool	3
side_east	6	-1	minecraft:iron_ore	3
side_east	6	-1	minecraft:light_gray_wool	51
side_east	6	-1	minecraft:moss_block	49
side_east	6	-1	minecraft:mud	288
side_east	6	-1	minecraft:pale_moss_block	565
side_east	6	-1	minecraft:pale_oak_wood	204
side_east	6	-1	minecraft:smooth_basalt	70
side_east	6	-1	minecraft:snow_block	681
side_east	6	-1	minecraft:stone	1038
side_east	6	-1	minecraft:white_wool	10
side_east	7	-1	minecraft:acacia_wood	617
side_east	7	-1	minecraft:andesite	27
side_east	7	-1	minecraft:basalt	158
side_east	7	-1	minecraft:blackstone	36
side_east	7	-1	minecraft:cobblestone	53
side_east	7	-1	minecraft:cyan_terracotta	368
side_east	7	-1	minecraft:diorite	2
side_east	7	-1	minecraft:gravel	6
side_east	7	-1	minecraft:light_gray_wool	31
side_east	7	-1	minecraft:moss_block	16
side_east	7	-1	minecraft:mud	265
side_east	7	-1	minecraft:pale_moss_block	357
side_east	7	-1	minecraft:pale_oak_wood	207
side_east	7	-1	minecraft:powder_snow	3
side_east	7	-1	minecraft:smooth_basalt	33
side_east	7	-1	minecraft:snow_block	525
side_east	7	-1	minecraft:stone	686
side_east	7	-1	minecraft:white_concrete_powder	1
side_east	8	-1	minecraft:acacia_wood	588
side_east	8	-1	minecraft:andesite	10
side_east	8	-1	minecraft:basalt	63
side_east	8	-1	minecraft:birch_wood	51
side_east	8	-1	minecraft:black_wool	1
side_east	8	-1	minecraft:blackstone	23
side_east	8	-1	minecraft:coal_ore	1
side_east	8	-1	minecraft:cobblestone	46
side_east	8	-1	minecraft:cyan_terracotta	295
side_east	8	-1	minecraft:diorite	39
side_east	8	-1	minecraft:gravel	1
side_east	8	-1	minecraft:iron_ore	2
side_east	8	-1	minecraft:light_gray_wool	21
side_east	8	-1	minecraft:moss_block	1
side_east	8	-1	minecraft:mud	284
side_east	8	-1	minecraft:packed_ice	25
side_east	8	-1	minecraft:packed_mud	1
side_east	8	-1	minecraft:pale_moss_block	350
side_east	8	-1	minecraft:pale_oak_wood	237
side_east	8	-1	minecraft:smooth_basalt	55
side_east	8	-1	minecraft:snow_block	390
side_east	8	-1	minecraft:stone	440
side_east	8	-1	minecraft:white_concrete_powder	15
side_east	9	-1	minecraft:acacia_wood	497
side_east	9	-1	minecraft:andesite	3
side_east	9	-1	minecraft:basalt	59
side_east	9	-1	minecraft:birch_wood	41
side_east	9	-1	minecraft:blackstone	41
side_east	9	-1	minecraft:cobblestone	27
side_east	9	-1	minecraft:cyan_terracotta	391
side_east	9	-1	minecraft:diorite	43
side_east	9	-1	minecraft:ice	2
side_east	9	-1	minecraft:light_gray_wool	7
side_east	9	-1	minecraft:mud	137
side_east	9	-1	minecraft:packed_ice	84
side_east	9	-1	minecraft:pale_moss_block	296
side_east	9	-1	minecraft:pale_oak_wood	84
side_east	9	-1	minecraft:powder_snow	2
side_east	9	-1	minecraft:smooth_basalt	57
side_east	9	-1	minecraft:snow_block	132
side_east	9	-1	minecraft:stone	295
side_east	9	-1	minecraft:white_concrete_powder	48
side_north	0	-1	minecraft:acacia_wood	186
side_north	0	-1	minecraft:andesite	15
side_north	0	-1	minecraft:basalt	28
side_north	0	-1	minecraft:black_wool	8
side_north	0	-1	minecraft:blackstone	45
side_north	0	-1	minecraft:cobblestone	27
side_north	0	-1	minecraft:cyan_terracotta	176
side_north	0	-1	minecraft:diamond_block	56
side_north	0	-1	minecraft:dirt	62
side_north	0	-1	minecraft:grass_block	520
side_north	0	-1	minecraft:gray_wool	1
side_north	0	-1	minecraft:light_gray_wool	12
side_north	0	-1	minecraft:moss_block	504
side_north	0	-1	minecraft:mud	204
side_north	0	-1	minecraft:pale_moss_block	218
side_north	0	-1	minecraft:pale_oak_wood	95
side_north	0	-1	minecraft:smooth_basalt	49
side_north	0	-1	minecraft:spruce_log	30
side_north	0	-1	minecraft:stone	416
side_north	0	-1	minecraft:tuff	3
side_north	1	-1	minecraft:acacia_wood	411
side_north	1	-1	minecraft:basalt	119
side_north	1	-1	minecraft:blackstone	70
side_north	1	-1	minecraft:cobblestone	69
side_north	1	-1	minecraft:cyan_terracotta	356
side_north	1	-1	minecraft:diamond_block	59
side_north	1	-1	minecraft:dirt	44
side_north	1	-1	minecraft:grass_block	433
side_north	1	-1	minecraft:light_gray_wool	39
side_north	1	-1	minecraft:moss_block	475
side_north	1	-1	minecraft:mud	236
side_north	1	-1	minecraft:pale_moss_block	480
side_north	1	-1	minecraft:pale_oak_wood	77
side_north	1	-1	minecraft:smooth_basalt	95
side_north	1	-1	minecraft:spruce_log	1
side_north	1	-1	minecraft:stone	418
side_north	1	-1	minecraft:tuff	17
side_north	1	-1	minecraft:white_concrete	18
side_north	10	-1	minecraft:acacia_wood	265
side_north	10	-1	minecraft:basalt	158
side_north	10	-1	minecraft:birch_wood	161
side_north	10	-1	minecraft:black_wool	1
side_north	10	-1	minecraft:blackstone	1
side_north	10	-1	minecraft:cobblestone	18
side_north	10	-1	minecraft:cyan_terracotta	279
side_north	10	-1	minecraft:diorite	72
side_north	10	-1	minecraft:dirt	3
side_north	10	-1	minecraft:granite	5
side_north	10	-1	minecraft:light_gray_terracotta	3
side_north	10	-1	minecraft:mud	88
side_north	10	-1	minecraft:packed_ice	29
side_north	10	-1	minecraft:pale_moss_block	195
side_north	10	-1	minecraft:pale_oak_wood	24
side_north	10	-1	minecraft:smooth_basalt	29
side_north	10	-1	minecraft:snow_block	264
side_north	10	-1	minecraft:stone	112
side_north	10	-1	minecraft:white_concrete_powder	173
side_north	11	-1	minecraft:acacia_wood	313
side_north	11	-1	minecraft:andesite	10
side_north	11	-1	minecraft:basalt	74
side_north	11	-1	minecraft:birch_wood	193
side_north	11	-1	minecraft:black_wool	4
side_north	11	-1	minecraft:blackstone	3
side_north	11	-1	minecraft:coarse_dirt	3
side_north	11	-1	minecraft:cobblestone	6
side_north	11	-1	minecraft:cyan_terracotta	232
side_north	11	-1	minecraft:diorite	166
side_north	11	-1	minecraft:light_gray_wool	2
side_north	11	-1	minecraft:mud	83
side_north	11	-1	minecraft:packed_ice	7
side_north	11	-1	minecraft:pale_moss_block	242
side_north	11	-1	minecraft:pale_oak_wood	104
side_north	11	-1	minecraft:smooth_basalt	36
side_north	11	-1	minecraft:snow_block	111
side_north	11	-1	minecraft:stone	120
side_north	11	-1	minecraft:tuff	2
side_north	11	-1	minecraft:white_concrete_powder	122
side_north	12	-1	minecraft:acacia_wood	230
side_north	12	-1	minecraft:andesite	2
side_north	12	-1	minecraft:basalt	9
side_north	12	-1	minecraft:birch_wood	253
side_north	12	-1	minecraft:blackstone	1
side_north	12	-1	minecraft:cobblestone	9
side_north	12	-1	minecraft:cyan_terracotta	86
side_north	12	-1	minecraft:diorite	134
side_north	12	-1	minecraft:light_gray_wool	3
side_north	12	-1	minecraft:mud	45
side_north	12	-1	minecraft:pale_moss_block	147
side_north	12	-1	minecraft:pale_oak_wood	74
side_north	12	-1	minecraft:smooth_basalt	11
side_north	12	-1	minecraft:snow_block	148
side_north	12	-1	minecraft:stone	207
side_north	12	-1	minecraft:tuff	2
side_north	12	-1	minecraft:white_concrete_powder	138
side_north	13	-1	minecraft:acacia_wood	70
side_north	13	-1	minecraft:basalt	1
side_north	13	-1	minecraft:birch_wood	222
side_north	13	-1	minecraft:blackstone	2
side_north	13	-1	minecraft:cobblestone	1
side_north	13	-1	minecraft:cyan_terracotta	112
side_north	13	-1	minecraft:diorite	121
side_north	13	-1	minecraft:light_gray_terracotta	2
side_north	13	-1	minecraft:light_gray_wool	3
side_north	13	-1	minecraft:mud	44
side_north	13	-1	minecraft:pale_moss_block	143
side_north	13	-1	minecraft:pale_oak_wood	43
side_north	13	-1	minecraft:smooth_basalt	6
side_north	13	-1	minecraft:snow_block	121
side_north	13	-1	minecraft:stone	140
side_north	13	-1	minecraft:white_concrete_powder	129
side_north	14	-1	minecraft:acacia_wood	157
side_north	14	-1	minecraft:basalt	8
side_north	14	-1	minecraft:birch_wood	110
side_north	14	-1	minecraft:blackstone	2
side_north	14	-1	minecraft:cobblestone	3
side_north	14	-1	minecraft:cyan_terracotta	81
side_north	14	-1	minecraft:diorite	100
side_north	14	-1	minecraft:light_gray_wool	51
side_north	14	-1	minecraft:mud	64
side_north	14	-1	minecraft:pale_moss_block	112
side_north	14	-1	minecraft:pale_oak_wood	31
side_north	14	-1	minecraft:smooth_basalt	5
side_north	14	-1	minecraft:snow_block	140
side_north	14	-1	minecraft:stone	189
side_north	14	-1	minecraft:white_concrete_powder	61
side_north	15	-1	minecraft:acacia_wood	60
side_north	15	-1	minecraft:basalt	6
side_north	15	-1	minecraft:birch_wood	110
side_north	15	-1	minecraft:cobblestone	1
side_north	15	-1	minecraft:cyan_terracotta	25
side_north	15	-1	minecraft:diorite	39
side_north	15	-1	minecraft:light_gray_wool	37
side_north	15	-1	minecraft:mud	3
side_north	15	-1	minecraft:pale_moss_block	65
side_north	15	-1	minecraft:pale_oak_wood	2
side_north	15	-1	minecraft:snow_block	121
side_north	15	-1	minecraft:stone	83
side_north	15	-1	minecraft:white_concrete_powder	132
side_north	2	-1	minecraft:acacia_wood	463
side_north	2	-1	minecraft:andesite	5
side_north	2	-1	minecraft:basalt	99
side_north	2	-1	minecraft:black_wool	6
side_north	2	-1	minecraft:blackstone	39
side_north	2	-1	minecraft:cobblestone	49
side_north	2	-1	minecraft:cyan_terracotta	343
side_north	2	-1	minecraft:diamond_block	7
side_north	2	-1	minecraft:dirt	3
side_north	2	-1	minecraft:grass_block	291
side_north	2	-1	minecraft:gray_wool	16
side_north	2	-1	minecraft:light_gray_wool	32
side_north	2	-1	minecraft:moss_block	139
side_north	2	-1	minecraft:mud	207
side_north	2	-1	minecraft:pale_moss_block	507
side_north	2	-1	minecraft:pale_oak_wood	101
side_north	2	-1	minecraft:smooth_basalt	127
side_north	2	-1	minecraft:stone	471
side_north	2	-1	minecraft:tuff	1
side_north	2	-1	minecraft:white_concrete	8
side_north	3	-1	minecraft:acacia_wood	700
side_north	3	-1	minecraft:andesite	18
side_north	3	-1	minecraft:basalt	44
side_north	3	-1	minecraft:black_wool	29
side_north	3	-1	minecraft:blackstone	14
side_north	3	-1	minecraft:cobblestone	31
side_north	3	-1	minecraft:cyan_terracotta	358
side_north	3	-1	minecraft:grass_block	111
side_north	3	-1	minecraft:gray_wool	8
side_north	3	-1	minecraft:light_gray_wool	15
side_north	3	-1	minecraft:moss_block	135
side_north	3	-1	minecraft:mud	308
side_north	3	-1	minecraft:pale_moss_block	535
side_north	3	-1	minecraft:pale_oak_wood	106
side_north	3	-1	minecraft:smooth_basalt	122
side_north	3	-1	minecraft:stone	810
side_north	3	-1	minecraft:tuff	14
side_north	4	-1	minecraft:acacia_wood	737
side_north	4	-1	minecraft:andesite	7
side_north	4	-1	minecraft:basalt	131
side_north	4	-1	minecraft:birch_wood	3
side_north	4	-1	minecraft:blackstone	60
side_north	4	-1	minecraft:cobblestone	30
side_north	4	-1	minecraft:cyan_terracotta	429
side_north	4	-1	minecraft:diorite	2
side_north	4	-1	minecraft:dirt	3
side_north	4	-1	minecraft:dripstone_block	11
side_north	4	-1	minecraft:grass_block	48
side_north	4	-1	minecraft:gray_wool	8
side_north	4	-1	minecraft:light_gray_wool	33
side_north	4	-1	minecraft:moss_block	50
side_north	4	-1	minecraft:mud	238
side_north	4	-1	minecraft:pale_moss_block	684
side_north	4	-1	minecraft:pale_oak_wood	85
side_north	4	-1	minecraft:smooth_basalt	181
side_north	4	-1	minecraft:snow_block	2
side_north	4	-1	minecraft:stone	572
side_north	4	-1	minecraft:tuff	30
side_north	5	-1	minecraft:acacia_wood	473
side_north	5	-1	minecraft:andesite	1
side_north	5	-1	minecraft:basalt	106
side_north	5	-1	minecraft:black_wool	3
side_north	5	-1	minecraft:blackstone	32
side_north	5	-1	minecraft:coal_ore	1
side_north	5	-1	minecraft:cobblestone	26
side_north	5	-1	minecraft:cyan_terracotta	405
side_north	5	-1	minecraft:diorite	2
side_north	5	-1	minecraft:dirt	7
side_north	5	-1	minecraft:grass_block	21
side_north	5	-1	minecraft:gravel	1
side_north	5	-1	minecraft:gray_wool	43
side_north	5	-1	minecraft:light_gray_wool	27
side_north	5	-1	minecraft:moss_block	43
side_north	5	-1	minecraft:mud	265
side_north	5	-1	minecraft:pale_moss_block	498
side_north	5	-1	minecraft:pale_oak_wood	159
side_north	5	-1	minecraft:smooth_basalt	97
side_north	5	-1	minecraft:snow_block	52
side_north	5	-1	minecraft:stone	801
side_north	5	-1	minecraft:tuff	25
side_north	5	-1	minecraft:white_concrete	16
side_north	6	-1	minecraft:acacia_wood	569
side_north	6	-1	minecraft:andesite	10
side_north	6	-1	minecraft:basalt	139
side_north	6	-1	minecraft:birch_wood	7
side_north	6	-1	minecraft:black_wool	5
side_north	6	-1	minecraft:blackstone	38
side_north	6	-1	minecraft:cobblestone	59
side_north	6	-1	minecraft:cyan_terracotta	558
side_north	6	-1	minecraft:diorite	18
side_north	6	-1	minecraft:gray_wool	2
side_north	6	-1	minecraft:iron_ore	1
side_north	6	-1	minecraft:light_gray_wool	26
side_north	6	-1	minecraft:moss_block	95
side_north	6	-1	minecraft:mud	324
side_north	6	-1	minecraft:pale_moss_block	659
side_north	6	-1	minecraft:pale_oak_wood	111
side_north	6	-1	minecraft:smooth_basalt	84
side_north	6	-1	minecraft:snow_block	123
side_north	6	-1	minecraft:stone	717
side_north	6	-1	minecraft:tuff	25
side_north	6	-1	minecraft:white_concrete	2
side_north	7	-1	minecraft:acacia_wood	616
side_north	7	-1	minecraft:andesite	14
side_north	7	-1	minecraft:basalt	106
side_north	7	-1	minecraft:birch_wood	1
side_north	7	-1	minecraft:blackstone	26
side_north	7	-1	minecraft:cobblestone	64
side_north	7	-1	minecraft:cyan_terracotta	315
side_north	7	-1	minecraft:diorite	8
side_north	7	-1	minecraft:light_gray_terracotta	2
side_north	7	-1	minecraft:light_gray_wool	32
side_north	7	-1	minecraft:moss_block	34
side_north	7	-1	minecraft:mud	343
side_north	7	-1	minecraft:pale_moss_block	456
side_north	7	-1	minecraft:pale_oak_wood	160
side_north	7	-1	minecraft:smooth_basalt	22
side_north	7	-1	minecraft:snow_block	91
side_north	7	-1	minecraft:stone	487
side_north	7	-1	minecraft:tuff	8
side_north	8	-1	minecraft:acacia_wood	612
side_north	8	-1	minecraft:andesite	35
side_north	8	-1	minecraft:basalt	51
side_north	8	-1	minecraft:birch_wood	18
side_north	8	-1	minecraft:blackstone	13
side_north	8	-1	minecraft:coarse_dirt	9
side_north	8	-1	minecraft:cobblestone	59
side_north	8	-1	minecraft:cyan_terracotta	340
side_north	8	-1	minecraft:diorite	27
side_north	8	-1	minecraft:dripstone_block	15
side_north	8	-1	minecraft:light_gray_terracotta	6
side_north	8	-1	minecraft:light_gray_wool	56
side_north	8	-1	minecraft:moss_block	3
side_north	8	-1	minecraft:mud	313
side_north	8	-1	minecraft:packed_ice	2
side_north	8	-1	minecraft:packed_mud	15
side_north	8	-1	minecraft:pale_moss_block	430
side_north	8	-1	minecraft:pale_oak_wood	170
side_north	8	-1	minecraft:smooth_basalt	39
side_north	8	-1	minecraft:snow_block	69
side_north	8	-1	minecraft:stone	504
side_north	8	-1	minecraft:white_concrete	3
side_north	8	-1	minecraft:white_concrete_powder	2
side_north	9	-1	minecraft:acacia_wood	391
side_north	9	-1	minecraft:andesite	9
side_north	9	-1	minecraft:basalt	57
side_north	9	-1	minecraft:birch_wood	147
side_north	9	-1	minecraft:blackstone	6
side_north	9	-1	minecraft:cobblestone	63
side_north	9	-1	minecraft:cyan_terracotta	465
side_north	9	-1	minecraft:diorite	111
side_north	9	-1	minecraft:granite	1
side_north	9	-1	minecraft:light_gray_terracotta	2
side_north	9	-1	minecraft:light_gray_wool	6
side_north	9	-1	minecraft:mud	144
side_north	9	-1	minecraft:packed_mud	1
side_north	9	-1	minecraft:pale_moss_block	292
side_north	9	-1	minecraft:pale_oak_wood	54
side_north	9	-1	minecraft:powder_snow	1
side_north	9	-1	minecraft:smooth_basalt	46
side_north	9	-1	minecraft:snow_block	88
side_north	9	-1	minecraft:stone	329
side_north	9	-1	minecraft:white_concrete_powder	120
side_south	0	-1	minecraft:acacia_wood	177
side_south	0	-1	minecraft:andesite	31
side_south	0	-1	minecraft:basalt	76
side_south	0	-1	minecraft:black_wool	2
side_south	0	-1	minecraft:blackstone	46
side_south	0	-1	minecraft:calcite	4
side_south	0	-1	minecraft:cobblestone	172
side_south	0	-1	minecraft:cyan_terracotta	239
side_south	0	-1	minecraft:diamond_block	6
side_south	0	-1	minecraft:dirt	48
side_south	0	-1	minecraft:grass_block	571
side_south	0	-1	minecraft:gray_wool	3
side_south	0	-1	minecraft:light_gray_wool	39
side_south	0	-1	minecraft:moss_block	341
side_south	0	-1	minecraft:mud	327
side_south	0	-1	minecraft:pale_moss_block	330
side_south	0	-1	minecraft:pale_oak_wood	71
side_south	0	-1	minecraft:smooth_basalt	85
side_south	0	-1	minecraft:spruce_log	27
side_south	0	-1	minecraft:stone	409
side_south	0	-1	minecraft:tuff	10
side_south	0	-1	minecraft:white_concrete	1
side_south	1	-1	minecraft:acacia_wood	339
side_south	1	-1	minecraft:andesite	5
side_south	1	-1	minecraft:basalt	82
side_south	1	-1	minecraft:blackstone	50
side_south	1	-1	minecraft:calcite	6
side_south	1	-1	minecraft:cobblestone	298
side_south	1	-1	minecraft:cyan_terracotta	346
side_south	1	-1	minecraft:diamond_block	80
side_south	1	-1	minecraft:dirt	39
side_south	1	-1	minecraft:grass_block	645
side_south	1	-1	minecraft:light_gray_wool	16
side_south	1	-1	minecraft:moss_block	573
side_south	1	-1	minecraft:mud	436
side_south	1	-1	minecraft:pale_moss_block	783
side_south	1	-1	minecraft:pale_oak_wood	55
side_south	1	-1	minecraft:smooth_basalt	62
side_south	1	-1	minecraft:spruce_log	1
side_south	1	-1	minecraft:stone	730
side_south	1	-1	minecraft:tuff	2
side_south	1	-1	minecraft:white_concrete	13
side_south	10	-1	minecraft:acacia_wood	69
side_south	10	-1	minecraft:andesite	58
side_south	10	-1	minecraft:basalt	20
side_south	10	-1	minecraft:birch_wood	167
side_south	10	-1	minecraft:cobblestone	164
side_south	10	-1	minecraft:cyan_terracotta	105
side_south	10	-1	minecraft:diorite	68
side_south	10	-1	minecraft:ice	5
side_south	10	-1	minecraft:light_gray_wool	8
side_south	10	-1	minecraft:mud	34
side_south	10	-1	minecraft:packed_ice	55
side_south	10	-1	minecraft:pale_moss_block	303
side_south	10	-1	minecraft:pale_oak_wood	3
side_south	10	-1	minecraft:smooth_basalt	1
side_south	10	-1	minecraft:snow_block	176
side_south	10	-1	minecraft:stone	472
side_south	10	-1	minecraft:white_concrete_powder	186
side_south	11	-1	minecraft:acacia_wood	158
side_south	11	-1	minecraft:andesite	26
side_south	11	-1	minecraft:basalt	9
side_south	11	-1	minecraft:birch_wood	169
side_south	11	-1	minecraft:cobblestone	208
side_south	11	-1	minecraft:cyan_terracotta	75
side_south	11	-1	minecraft:diorite	140
side_south	11	-1	minecraft:ice	1
side_south	11	-1	minecraft:light_gray_wool	5
side_south	11	-1	minecraft:mud	5
side_south	11	-1	minecraft:packed_ice	20
side_south	11	-1	minecraft:pale_moss_block	378
side_south	11	-1	minecraft:pale_oak_wood	8
side_south	11	-1	minecraft:snow_block	99
side_south	11	-1	minecraft:stone	380
side_south	11	-1	minecraft:white_concrete_powder	100
side_south	12	-1	minecraft:acacia_wood	60
side_south	12	-1	minecraft:andesite	6
side_south	12	-1	minecraft:basalt	19
side_south	12	-1	minecraft:birch_wood	159
side_south	12	-1	minecraft:cobblestone	141
side_south	12	-1	minecraft:cyan_terracotta	44
side_south	12	-1	minecraft:diorite	114
side_south	12	-1	minecraft:light_gray_terracotta	1
side_south	12	-1	minecraft:light_gray_wool	10
side_south	12	-1	minecraft:mud	5
side_south	12	-1	minecraft:pale_moss_block	292
side_south	12	-1	minecraft:pale_oak_wood	3
side_south	12	-1	minecraft:snow_block	41
side_south	12	-1	minecraft:stone	448
side_south	12	-1	minecraft:white_concrete_powder	93
side_south	13	-1	minecraft:acacia_wood	70
side_south	13	-1	minecraft:andesite	9
side_south	13	-1	minecraft:basalt	4
side_south	13	-1	minecraft:birch_wood	111
side_south	13	-1	minecraft:cobblestone	92
side_south	13	-1	minecraft:cyan_terracotta	14
side_south	13	-1	minecraft:diorite	34
side_south	13	-1	minecraft:light_gray_terracotta	1
side_south	13	-1	minecraft:light_gray_wool	88
side_south	13	-1	minecraft:mud	24
side_south	13	-1	minecraft:pale_moss_block	154
side_south	13	-1	minecraft:pale_oak_wood	1
side_south	13	-1	minecraft:snow_block	69
side_south	13	-1	minecraft:stone	312
side_south	13	-1	minecraft:white_concrete_powder	166
side_south	14	-1	minecraft:acacia_wood	59
side_south	14	-1	minecraft:andesite	44
side_south	14	-1	minecraft:basalt	13
side_south	14	-1	minecraft:birch_wood	95
side_south	14	-1	minecraft:cobblestone	123
side_south	14	-1	minecraft:cyan_terracotta	9
side_south	14	-1	minecraft:diorite	100
side_south	14	-1	minecraft:light_gray_wool	216
side_south	14	-1	minecraft:mud	3
side_south	14	-1	minecraft:pale_moss_block	96
side_south	14	-1	minecraft:pale_oak_wood	13
side_south	14	-1	minecraft:snow_block	43
side_south	14	-1	minecraft:stone	224
side_south	14	-1	minecraft:white_concrete_powder	76
side_south	15	-1	minecraft:acacia_wood	3
side_south	15	-1	minecraft:andesite	22
side_south	15	-1	minecraft:birch_wood	138
side_south	15	-1	minecraft:cobblestone	36
side_south	15	-1	minecraft:cyan_terracotta	1
side_south	15	-1	minecraft:diorite	158
side_south	15	-1	minecraft:light_gray_wool	63
side_south	15	-1	minecraft:pale_moss_block	45
side_south	15	-1	minecraft:pale_oak_wood	1
side_south	15	-1	minecraft:snow_block	59
side_south	15	-1	minecraft:stone	34
side_south	15	-1	minecraft:white_concrete_powder	126
side_south	2	-1	minecraft:acacia_wood	451
side_south	2	-1	minecraft:andesite	62
side_south	2	-1	minecraft:basalt	75
side_south	2	-1	minecraft:black_wool	1
side_south	2	-1	minecraft:blackstone	35
side_south	2	-1	minecraft:cobblestone	454
side_south	2	-1	minecraft:cyan_terracotta	305
side_south	2	-1	minecraft:diamond_block	18
side_south	2	-1	minecraft:grass_block	394
side_south	2	-1	minecraft:gray_wool	6
side_south	2	-1	minecraft:light_gray_wool	55
side_south	2	-1	minecraft:moss_block	245
side_south	2	-1	minecraft:mud	357
side_south	2	-1	minecraft:pale_moss_block	484
side_south	2	-1	minecraft:pale_oak_wood	91
side_south	2	-1	minecraft:smooth_basalt	59
side_south	2	-1	minecraft:stone	930
side_south	2	-1	minecraft:tuff	2
side_south	2	-1	minecraft:white_concrete	10
side_south	3	-1	minecraft:acacia_wood	457
side_south	3	-1	minecraft:andesite	160
side_south	3	-1	minecraft:basalt	43
side_south	3	-1	minecraft:black_wool	7
side_south	3	-1	minecraft:blackstone	17
side_south	3	-1	minecraft:cobblestone	431
side_south	3	-1	minecraft:cyan_terracotta	300
side_south	3	-1	minecraft:dirt	4
side_south	3	-1	minecraft:grass_block	200
side_south	3	-1	minecraft:gray_wool	1
side_south	3	-1	minecraft:light_gray_wool	57
side_south	3	-1	minecraft:moss_block	206
side_south	3	-1	minecraft:mud	270
side_south	3	-1	minecraft:pale_moss_block	651
side_south	3	-1	minecraft:pale_oak_wood	124
side_south	3	-1	minecraft:smooth_basalt	41
side_south	3	-1	minecraft:stone	1120
side_south	3	-1	minecraft:tuff	5
side_south	4	-1	minecraft:acacia_wood	396
side_south	4	-1	minecraft:andesite	147
side_south	4	-1	minecraft:basalt	77
side_south	4	-1	minecraft:black_wool	1
side_south	4	-1	minecraft:blackstone	16
side_south	4	-1	minecraft:cobblestone	387
side_south	4	-1	minecraft:cyan_terracotta	243
side_south	4	-1	minecraft:dirt	1
side_south	4	-1	minecraft:grass_block	211
side_south	4	-1	minecraft:gray_wool	14
side_south	4	-1	minecraft:light_gray_wool	17
side_south	4	-1	minecraft:moss_block	74
side_south	4	-1	minecraft:mud	206
side_south	4	-1	minecraft:pale_moss_block	820
side_south	4	-1	minecraft:pale_oak_wood	25
side_south	4	-1	minecraft:smooth_basalt	27
side_south	4	-1	minecraft:stone	1182
side_south	4	-1	minecraft:tuff	5
side_south	4	-1	minecraft:white_concrete	2
side_south	5	-1	minecraft:acacia_wood	416
side_south	5	-1	minecraft:andesite	20
side_south	5	-1	minecraft:basalt	21
side_south	5	-1	minecraft:black_wool	5
side_south	5	-1	minecraft:coal_ore	2
side_south	5	-1	minecraft:cobblestone	285
side_south	5	-1	minecraft:cyan_terracotta	235
side_south	5	-1	minecraft:dirt	3
side_south	5	-1	minecraft:grass_block	59
side_south	5	-1	minecraft:gravel	1
side_south	5	-1	minecraft:gray_wool	49
side_south	5	-1	minecraft:light_gray_wool	36
side_south	5	-1	minecraft:moss_block	77
side_south	5	-1	minecraft:mud	158
side_south	5	-1	minecraft:pale_moss_block	875
side_south	5	-1	minecraft:pale_oak_wood	47
side_south	5	-1	minecraft:smooth_basalt	14
side_south	5	-1	minecraft:snow_block	66
side_south	5	-1	minecraft:stone	960
side_south	5	-1	minecraft:tuff	15
side_south	5	-1	minecraft:white_concrete	20
side_south	6	-1	minecraft:acacia_wood	338
side_south	6	-1	minecraft:andesite	88
side_south	6	-1	minecraft:basalt	57
side_south	6	-1	minecraft:blackstone	3
side_south	6	-1	minecraft:coal_ore	4
side_south	6	-1	minecraft:cobblestone	386
side_south	6	-1	minecraft:cyan_terracotta	120
side_south	6	-1	minecraft:dirt	10
side_south	6	-1	minecraft:dripstone_block	4
side_south	6	-1	minecraft:grass_block	4
side_south	6	-1	minecraft:light_gray_wool	75
side_south	6	-1	minecraft:moss_block	62
side_south	6	-1	minecraft:mud	89
side_south	6	-1	minecraft:pale_moss_block	785
side_south	6	-1	minecraft:pale_oak_wood	110
side_south	6	-1	minecraft:smooth_basalt	7
side_south	6	-1	minecraft:snow_block	437
side_south	6	-1	minecraft:stone	1276
side_south	6	-1	minecraft:white_wool	55
side_south	7	-1	minecraft:acacia_wood	208
side_south	7	-1	minecraft:andesite	157
side_south	7	-1	minecraft:basalt	7
side_south	7	-1	minecraft:birch_wood	8
side_south	7	-1	minecraft:blackstone	3
side_south	7	-1	minecraft:cobblestone	418
side_south	7	-1	minecraft:cyan_terracotta	140
side_south	7	-1	minecraft:light_gray_wool	54
side_south	7	-1	minecraft:moss_block	15
side_south	7	-1	minecraft:mud	45
side_south	7	-1	minecraft:pale_moss_block	496
side_south	7	-1	minecraft:pale_oak_wood	34
side_south	7	-1	minecraft:powder_snow	3
side_south	7	-1	minecraft:smooth_basalt	3
side_south	7	-1	minecraft:snow_block	395
side_south	7	-1	minecraft:stone	1070
side_south	7	-1	minecraft:white_concrete_powder	8
side_south	8	-1	minecraft:acacia_wood	192
side_south	8	-1	minecraft:andesite	146
side_south	8	-1	minecraft:basalt	23
side_south	8	-1	minecraft:birch_wood	83
side_south	8	-1	minecraft:coal_ore	1
side_south	8	-1	minecraft:cobblestone	437
side_south	8	-1	minecraft:cyan_terracotta	33
side_south	8	-1	minecraft:diorite	41
side_south	8	-1	minecraft:dripstone_block	2
side_south	8	-1	minecraft:light_gray_wool	42
side_south	8	-1	minecraft:moss_block	2
side_south	8	-1	minecraft:mud	62
side_south	8	-1	minecraft:packed_ice	56
side_south	8	-1	minecraft:pale_moss_block	502
side_south	8	-1	minecraft:pale_oak_wood	52
side_south	8	-1	minecraft:smooth_basalt	1
side_south	8	-1	minecraft:snow_block	342
side_south	8	-1	minecraft:stone	1015
side_south	8	-1	minecraft:white_concrete_powder	49
side_south	9	-1	minecraft:acacia_wood	189
side_south	9	-1	minecraft:andesite	93
side_south	9	-1	minecraft:basalt	15
side_south	9	-1	minecraft:birch_wood	132
side_south	9	-1	minecraft:blackstone	1
side_south	9	-1	minecraft:cobblestone	298
side_south	9	-1	minecraft:cyan_terracotta	59
side_south	9	-1	minecraft:diorite	78
side_south	9	-1	minecraft:ice	2
side_south	9	-1	minecraft:light_gray_wool	23
side_south	9	-1	minecraft:mud	22
side_south	9	-1	minecraft:packed_ice	122
side_south	9	-1	minecraft:pale_moss_block	460
side_south	9	-1	minecraft:pale_oak_wood	45
side_south	9	-1	minecraft:snow_block	133
side_south	9	-1	minecraft:stone	755
side_south	9	-1	minecraft:white_concrete_powder	114
side_west	0	-1	minecraft:acacia_wood	117
side_west	0	-1	minecraft:andesite	39
side_west	0	-1	minecraft:basalt	42
side_west	0	-1	minecraft:black_wool	3
side_west	0	-1	minecraft:blackstone	50
side_west	0	-1	minecraft:cobblestone	161
side_west	0	-1	minecraft:cyan_terracotta	90
side_west	0	-1	minecraft:diamond_block	13
side_west	0	-1	minecraft:dirt	69
side_west	0	-1	minecraft:grass_block	520
side_west	0	-1	minecraft:light_gray_wool	17
side_west	0	-1	minecraft:moss_block	211
side_west	0	-1	minecraft:mud	175
side_west	0	-1	minecraft:pale_moss_block	334
side_west	0	-1	minecraft:pale_oak_wood	76
side_west	0	-1	minecraft:smooth_basalt	50
side_west	0	-1	minecraft:spruce_log	34
side_west	0	-1	minecraft:stone	417
side_west	0	-1	minecraft:tuff	4
side_west	1	-1	minecraft:acacia_wood	244
side_west	1	-1	minecraft:andesite	9
side_west	1	-1	minecraft:basalt	64
side_west	1	-1	minecraft:blackstone	42
side_west	1	-1	minecraft:cobblestone	386
side_west	1	-1	minecraft:cyan_terracotta	205
side_west	1	-1	minecraft:diamond_block	29
side_west	1	-1	minecraft:dirt	61
side_west	1	-1	minecraft:grass_block	477
side_west	1	-1	minecraft:light_gray_wool	9
side_west	1	-1	minecraft:moss_block	349
side_west	1	-1	minecraft:mud	192
side_west	1	-1	minecraft:pale_moss_block	453
side_west	1	-1	minecraft:pale_oak_wood	26
side_west	1	-1	minecraft:smooth_basalt	82
side_west	1	-1	minecraft:spruce_log	1
side_west	1	-1	minecraft:stone	566
side_west	1	-1	minecraft:tuff	24
side_west	1	-1	minecraft:white_concrete	11
side_west	10	-1	minecraft:acacia_wood	76
side_west	10	-1	minecraft:andesite	34
side_west	10	-1	minecraft:basalt	12
side_west	10	-1	minecraft:birch_wood	253
side_west	10	-1	minecraft:cobblestone	131
side_west	10	-1	minecraft:cyan_terracotta	23
side_west	10	-1	minecraft:diorite	108
side_west	10	-1	minecraft:granite	9
side_west	10	-1	minecraft:light_gray_terracotta	4
side_west	10	-1	minecraft:light_gray_wool	22
side_west	10	-1	minecraft:mud	3
side_west	10	-1	minecraft:packed_ice	6
side_west	10	-1	minecraft:pale_moss_block	160
side_west	10	-1	minecraft:pale_oak_wood	2
side_west	10	-1	minecraft:smooth_basalt	2
side_west	10	-1	minecraft:snow_block	182
side_west	10	-1	minecraft:stone	276
side_west	10	-1	minecraft:white_concrete_powder	294
side_west	11	-1	minecraft:acacia_wood	81
side_west	11	-1	minecraft:andesite	47
side_west	11	-1	minecraft:basalt	10
side_west	11	-1	minecraft:birch_wood	222
side_west	11	-1	minecraft:coarse_dirt	4
side_west	11	-1	minecraft:cobblestone	159
side_west	11	-1	minecraft:cyan_terracotta	47
side_west	11	-1	minecraft:diorite	222
side_west	11	-1	minecraft:granite	3
side_west	11	-1	minecraft:light_gray_wool	9
side_west	11	-1	minecraft:mud	17
side_west	11	-1	minecraft:packed_ice	2
side_west	11	-1	minecraft:pale_moss_block	225
side_west	11	-1	minecraft:pale_oak_wood	26
side_west	11	-1	minecraft:smooth_basalt	1
side_west	11	-1	minecraft:snow_block	105
side_west	11	-1	minecraft:stone	218
side_west	11	-1	minecraft:tuff	2
side_west	11	-1	minecraft:white_concrete_powder	144
side_west	12	-1	minecraft:acacia_wood	36
side_west	12	-1	minecraft:andesite	10
side_west	12	-1	minecraft:basalt	1
side_west	12	-1	minecraft:birch_wood	235
side_west	12	-1	minecraft:cobblestone	143
side_west	12	-1	minecraft:cyan_terracotta	13
side_west	12	-1	minecraft:diorite	178
side_west	12	-1	minecraft:dripstone_block	2
side_west	12	-1	minecraft:light_gray_terracotta	9
side_west	12	-1	minecraft:mud	9
side_west	12	-1	minecraft:pale_moss_block	150
side_west	12	-1	minecraft:pale_oak_wood	9
side_west	12	-1	minecraft:smooth_basalt	3
side_west	12	-1	minecraft:snow_block	50
side_west	12	-1	minecraft:stone	251
side_west	12	-1	minecraft:tuff	1
side_west	12	-1	minecraft:white_concrete_powder	128
side_west	13	-1	minecraft:acacia_wood	22
side_west	13	-1	minecraft:andesite	5
side_west	13	-1	minecraft:birch_wood	173
side_west	13	-1	minecraft:cobblestone	83
side_west	13	-1	minecraft:cyan_terracotta	16
side_west	13	-1	minecraft:diorite	103
side_west	13	-1	minecraft:dripstone_block	3
side_west	13	-1	minecraft:light_gray_terracotta	7
side_west	13	-1	minecraft:light_gray_wool	6
side_west	13	-1	minecraft:mud	20
side_west	13	-1	minecraft:pale_moss_block	93
side_west	13	-1	minecraft:smooth_basalt	2
side_west	13	-1	minecraft:snow_block	70
side_west	13	-1	minecraft:stone	148
side_west	13	-1	minecraft:white_concrete_powder	152
side_west	14	-1	minecraft:acacia_wood	30
side_west	14	-1	minecraft:andesite	28
side_west	14	-1	minecraft:basalt	6
side_west	14	-1	minecraft:birch_wood	93
side_west	14	-1	minecraft:cobblestone	114
side_west	14	-1	minecraft:cyan_terracotta	5
side_west	14	-1	minecraft:diorite	71
side_west	14	-1	minecraft:light_gray_wool	25
side_west	14	-1	minecraft:mud	25
side_west	14	-1	minecraft:pale_moss_block	29
side_west	14	-1	minecraft:snow_block	94
side_west	14	-1	minecraft:stone	138
side_west	14	-1	minecraft:white_concrete_powder	93
side_west	15	-1	minecraft:acacia_wood	2
side_west	15	-1	minecraft:andesite	17
side_west	15	-1	minecraft:birch_wood	142
side_west	15	-1	minecraft:cobblestone	30
side_west	15	-1	minecraft:diorite	111
side_west	15	-1	minecraft:light_gray_wool	7
side_west	15	-1	minecraft:pale_moss_block	33
side_west	15	-1	minecraft:snow_block	56
side_west	15	-1	minecraft:stone	33
side_west	15	-1	minecraft:white_concrete_powder	93
side_west	2	-1	minecraft:acacia_wood	225
side_west	2	-1	minecraft:andesite	46
side_west	2	-1	minecraft:basalt	60
side_west	2	-1	minecraft:black_wool	1
side_west	2	-1	minecraft:blackstone	18
side_west	2	-1	minecraft:cobblestone	515
side_west	2	-1	minecraft:cyan_terracotta	263
side_west	2	-1	minecraft:diamond_block	3
side_west	2	-1	minecraft:dirt	1
side_west	2	-1	minecraft:grass_block	286
side_west	2	-1	minecraft:gray_wool	4
side_west	2	-1	minecraft:light_gray_wool	23
side_west	2	-1	minecraft:moss_block	128
side_west	2	-1	minecraft:mud	256
side_west	2	-1	minecraft:pale_moss_block	440
side_west	2	-1	minecraft:pale_oak_wood	82
side_west	2	-1	minecraft:smooth_basalt	105
side_west	2	-1	minecraft:stone	822
side_west	2	-1	minecraft:white_concrete	10
side_west	3	-1	minecraft:acacia_wood	365
side_west	3	-1	minecraft:andesite	155
side_west	3	-1	minecraft:basalt	26
side_west	3	-1	minecraft:black_wool	11
side_west	3	-1	minecraft:blackstone	16
side_west	3	-1	minecraft:cobblestone	371
side_west	3	-1	minecraft:cyan_terracotta	214
side_west	3	-1	minecraft:grass_block	121
side_west	3	-1	minecraft:gray_wool	1
side_west	3	-1	minecraft:light_gray_wool	36
side_west	3	-1	minecraft:moss_block	203
side_west	3	-1	minecraft:mud	222
side_west	3	-1	minecraft:pale_moss_block	586
side_west	3	-1	minecraft:pale_oak_wood	63
side_west	3	-1	minecraft:smooth_basalt	71
side_west	3	-1	minecraft:stone	959
side_west	3	-1	minecraft:tuff	16
side_west	4	-1	minecraft:acacia_wood	338
side_west	4	-1	minecraft:andesite	130
side_west	4	-1	minecraft:basalt	29
side_west	4	-1	minecraft:black_wool	2
side_west	4	-1	minecraft:blackstone	71
side_west	4	-1	minecraft:cobblestone	352
side_west	4	-1	minecraft:cyan_terracotta	221
side_west	4	-1	minecraft:diorite	1
side_west	4	-1	minecraft:dripstone_block	6
side_west	4	-1	minecraft:grass_block	43
side_west	4	-1	minecraft:gray_wool	5
side_west	4	-1	minecraft:light_gray_wool	43
side_west	4	-1	minecraft:moss_block	56
side_west	4	-1	minecraft:mud	161
side_west	4	-1	minecraft:pale_moss_block	640
side_west	4	-1	minecraft:pale_oak_wood	50
side_west	4	-1	minecraft:smooth_basalt	59
side_west	4	-1	minecraft:snow_block	1
side_west	4	-1	minecraft:stone	928
side_west	4	-1	minecraft:tuff	32
side_west	5	-1	minecraft:acacia_wood	303
side_west	5	-1	minecraft:andesite	17
side_west	5	-1	minecraft:basalt	6
side_west	5	-1	minecraft:black_wool	7
side_west	5	-1	minecraft:blackstone	7
side_west	5	-1	minecraft:cobblestone	285
side_west	5	-1	minecraft:cyan_terracotta	169
side_west	5	-1	minecraft:dirt	1
side_west	5	-1	minecraft:grass_block	22
side_west	5	-1	minecraft:gray_wool	32
side_west	5	-1	minecraft:light_gray_wool	28
side_west	5	-1	minecraft:moss_block	73
side_west	5	-1	minecraft:mud	145
side_west	5	-1	minecraft:pale_moss_block	614
side_west	5	-1	minecraft:pale_oak_wood	86
side_west	5	-1	minecraft:smooth_basalt	31
side_west	5	-1	minecraft:snow_block	12
side_west	5	-1	minecraft:stone	979
side_west	5	-1	minecraft:tuff	55
side_west	5	-1	minecraft:white_concrete	43
side_west	6	-1	minecraft:acacia_wood	346
side_west	6	-1	minecraft:andesite	58
side_west	6	-1	minecraft:basalt	41
side_west	6	-1	minecraft:birch_wood	1
side_west	6	-1	minecraft:cobblestone	394
side_west	6	-1	minecraft:cyan_terracotta	202
side_west	6	-1	minecraft:diorite	2
side_west	6	-1	minecraft:gray_wool	4
side_west	6	-1	minecraft:light_gray_wool	38
side_west	6	-1	minecraft:moss_block	129
side_west	6	-1	minecraft:mud	210
side_west	6	-1	minecraft:pale_moss_block	969
side_west	6	-1	minecraft:pale_oak_wood	44
side_west	6	-1	minecraft:smooth_basalt	18
side_west	6	-1	minecraft:snow_block	21
side_west	6	-1	minecraft:stone	1134
side_west	6	-1	minecraft:tuff	34
side_west	6	-1	minecraft:white_concrete	4
side_west	6	-1	minecraft:white_wool	43
side_west	7	-1	minecraft:acacia_wood	309
side_west	7	-1	minecraft:andesite	114
side_west	7	-1	minecraft:basalt	2
side_west	7	-1	minecraft:birch_wood	4
side_west	7	-1	minecraft:blackstone	22
side_west	7	-1	minecraft:cobblestone	386
side_west	7	-1	minecraft:cyan_terracotta	121
side_west	7	-1	minecraft:diorite	1
side_west	7	-1	minecraft:light_gray_terracotta	1
side_west	7	-1	minecraft:light_gray_wool	55
side_west	7	-1	minecraft:moss_block	33
side_west	7	-1	minecraft:mud	180
side_west	7	-1	minecraft:pale_moss_block	545
side_west	7	-1	minecraft:pale_oak_wood	56
side_west	7	-1	minecraft:smooth_basalt	6
side_west	7	-1	minecraft:snow_block	10
side_west	7	-1	minecraft:stone	895
side_west	7	-1	minecraft:tuff	10
side_west	7	-1	minecraft:white_concrete_powder	5
side_west	8	-1	minecraft:acacia_wood	215
side_west	8	-1	minecraft:andesite	176
side_west	8	-1	minecraft:basalt	4
side_west	8	-1	minecraft:birch_wood	40
side_west	8	-1	minecraft:blackstone	4
side_west	8	-1	minecraft:coarse_dirt	11
side_west	8	-1	minecraft:cobblestone	304
side_west	8	-1	minecraft:cyan_terracotta	28
side_west	8	-1	minecraft:diorite	16
side_west	8	-1	minecraft:dripstone_block	16
side_west	8	-1	minecraft:light_gray_terracotta	8
side_west	8	-1	minecraft:light_gray_wool	66
side_west	8	-1	minecraft:moss_block	2
side_west	8	-1	minecraft:mud	120
side_west	8	-1	minecraft:packed_ice	3
side_west	8	-1	minecraft:packed_mud	21
side_west	8	-1	minecraft:pale_moss_block	506
side_west	8	-1	minecraft:pale_oak_wood	42
side_west	8	-1	minecraft:smooth_basalt	2
side_west	8	-1	minecraft:snow_block	20
side_west	8	-1	minecraft:stone	921
side_west	8	-1	minecraft:white_concrete	3
side_west	8	-1	minecraft:white_concrete_powder	18
side_west	9	-1	minecraft:acacia_wood	102
side_west	9	-1	minecraft:andesite	40
side_west	9	-1	minecraft:basalt	16
side_west	9	-1	minecraft:birch_wood	153
side_west	9	-1	minecraft:black_wool	1
side_west	9	-1	minecraft:coarse_dirt	2
side_west	9	-1	minecraft:cobblestone	232
side_west	9	-1	minecraft:cyan_terracotta	32
side_west	9	-1	minecraft:diorite	100
side_west	9	-1	minecraft:granite	1
side_west	9	-1	minecraft:light_gray_terracotta	1
side_west	9	-1	minecraft:light_gray_wool	14
side_west	9	-1	minecraft:mud	75
side_west	9	-1	minecraft:packed_mud	1
side_west	9	-1	minecraft:pale_moss_block	417
side_west	9	-1	minecraft:pale_oak_wood	7
side_west	9	-1	minecraft:smooth_basalt	1
side_west	9	-1	minecraft:snow_block	58
side_west	9	-1	minecraft:stone	632
side_west	9	-1	minecraft:white_concrete_powder	131
top_aspect_east	0	0	minecraft:acacia_wood	2
top_aspect_east	0	0	minecraft:cobblestone	4
top_aspect_east	0	0	minecraft:cyan_terracotta	1
top_aspect_east	0	0	minecraft:grass_block	164
top_aspect_east	0	0	minecraft:moss_block	143
top_aspect_east	0	0	minecraft:mud	7
top_aspect_east	0	0	minecraft:pale_moss_block	7
top_aspect_east	0	0	minecraft:smooth_basalt	1
top_aspect_east	0	0	minecraft:stone	8
top_aspect_east	0	0	minecraft:white_concrete	1
top_aspect_east	0	1	minecraft:acacia_wood	34
top_aspect_east	0	1	minecraft:andesite	2
top_aspect_east	0	1	minecraft:basalt	3
top_aspect_east	0	1	minecraft:cobblestone	2
top_aspect_east	0	1	minecraft:cyan_terracotta	30
top_aspect_east	0	1	minecraft:diamond_block	17
top_aspect_east	0	1	minecraft:dirt	6
top_aspect_east	0	1	minecraft:grass_block	626
top_aspect_east	0	1	minecraft:light_gray_wool	12
top_aspect_east	0	1	minecraft:moss_block	726
top_aspect_east	0	1	minecraft:mud	17
top_aspect_east	0	1	minecraft:pale_moss_block	51
top_aspect_east	0	1	minecraft:pale_oak_wood	15
top_aspect_east	0	1	minecraft:smooth_basalt	2
top_aspect_east	0	1	minecraft:spruce_log	1
top_aspect_east	0	1	minecraft:stone	95
top_aspect_east	0	1	minecraft:tuff	3
top_aspect_east	0	2	minecraft:acacia_wood	91
top_aspect_east	0	2	minecraft:andesite	6
top_aspect_east	0	2	minecraft:basalt	24
top_aspect_east	0	2	minecraft:black_wool	1
top_aspect_east	0	2	minecraft:blackstone	13
top_aspect_east	0	2	minecraft:cobblestone	1
top_aspect_east	0	2	minecraft:cyan_terracotta	62
top_aspect_east	0	2	minecraft:diamond_block	27
top_aspect_east	0	2	minecraft:dirt	3
top_aspect_east	0	2	minecraft:grass_block	354
top_aspect_east	0	2	minecraft:gray_wool	6
top_aspect_east	0	2	minecraft:iron_ore	1
top_aspect_east	0	2	minecraft:light_gray_wool	15
top_aspect_east	0	2	minecraft:moss_block	401
top_aspect_east	0	2	minecraft:mud	63
top_aspect_east	0	2	minecraft:pale_moss_block	97
top_aspect_east	0	2	minecraft:pale_oak_wood	44
top_aspect_east	0	2	minecraft:smooth_basalt	7
top_aspect_east	0	2	minecraft:spruce_log	2
top_aspect_east	0	2	minecraft:stone	217
top_aspect_east	0	2	minecraft:tuff	7
top_aspect_east	0	3	minecraft:acacia_wood	90
top_aspect_east	0	3	minecraft:andesite	1
top_aspect_east	0	3	minecraft:basalt	9
top_aspect_east	0	3	minecraft:black_wool	4
top_aspect_east	0	3	minecraft:blackstone	12
top_aspect_east	0	3	minecraft:calcite	6
top_aspect_east	0	3	minecraft:cyan_terracotta	61
top_aspect_east	0	3	minecraft:dirt	1
top_aspect_east	0	3	minecraft:grass_block	61
top_aspect_east	0	3	minecraft:gray_wool	8
top_aspect_east	0	3	minecraft:light_gray_wool	1
top_aspect_east	0	3	minecraft:moss_block	52
top_aspect_east	0	3	minecraft:mud	71
top_aspect_east	0	3	minecraft:pale_moss_block	75
top_aspect_east	0	3	minecraft:pale_oak_wood	17
top_aspect_east	0	3	minecraft:smooth_basalt	19
top_aspect_east	0	3	minecraft:stone	72
top_aspect_east	0	3	minecraft:tuff	7
top_aspect_east	0	4	minecraft:acacia_wood	6
top_aspect_east	0	4	minecraft:basalt	1
top_aspect_east	0	4	minecraft:black_wool	3
top_aspect_east	0	4	minecraft:blackstone	1
top_aspect_east	0	4	minecraft:cyan_terracotta	6
top_aspect_east	0	4	minecraft:grass_block	21
top_aspect_east	0	4	minecraft:moss_block	6
top_aspect_east	0	4	minecraft:mud	30
top_aspect_east	0	4	minecraft:pale_moss_block	15
top_aspect_east	0	4	minecraft:pale_oak_wood	3
top_aspect_east	0	4	minecraft:smooth_basalt	9
top_aspect_east	0	4	minecraft:stone	5
top_aspect_east	1	0	minecraft:cobblestone	1
top_aspect_east	1	0	minecraft:dirt	6
top_aspect_east	1	0	minecraft:grass_block	286
top_aspect_east	1	0	minecraft:moss_block	119
top_aspect_east	1	0	minecraft:mud	5
top_aspect_east	1	0	minecraft:pale_moss_block	1
top_aspect_east	1	1	minecraft:acacia_wood	16
top_aspect_east	1	1	minecraft:basalt	7
top_aspect_east	1	1	minecraft:calcite	2
top_aspect_east	1	1	minecraft:cobblestone	5
top_aspect_east	1	1	minecraft:cyan_terracotta	19
top_aspect_east	1	1	minecraft:diamond_block	29
top_aspect_east	1	1	minecraft:dirt	9
top_aspect_east	1	1	minecraft:grass_block	648
top_aspect_east	1	1	minecraft:light_gray_wool	3
top_aspect_east	1	1	minecraft:moss_block	424
top_aspect_east	1	1	minecraft:mud	14
top_aspect_east	1	1	minecraft:pale_moss_block	38
top_aspect_east	1	1	minecraft:smooth_basalt	2
top_aspect_east	1	1	minecraft:stone	18
top_aspect_east	1	1	minecraft:white_concrete	5
top_aspect_east	1	2	minecraft:acacia_wood	131
top_aspect_east	1	2	minecraft:basalt	39
top_aspect_east	1	2	minecraft:blackstone	5
top_aspect_east	1	2	minecraft:calcite	3
top_aspect_east	1	2	minecraft:cobblestone	2
top_aspect_east	1	2	minecraft:cyan_terracotta	94
top_aspect_east	1	2	minecraft:diamond_block	27
top_aspect_east	1	2	minecraft:dirt	9
top_aspect_east	1	2	minecraft:grass_block	414
top_aspect_east	1	2	minecraft:light_gray_wool	11
top_aspect_east	1	2	minecraft:moss_block	395
top_aspect_east	1	2	minecraft:mud	67
top_aspect_east	1	2	minecraft:pale_moss_block	215
top_aspect_east	1	2	minecraft:pale_oak_wood	9
top_aspect_east	1	2	minecraft:smooth_basalt	9
top_aspect_east	1	2	minecraft:stone	146
top_aspect_east	1	2	minecraft:tuff	1
top_aspect_east	1	2	minecraft:white_concrete	7
top_aspect_east	1	3	minecraft:acacia_wood	169
top_aspect_east	1	3	minecraft:basalt	59
top_aspect_east	1	3	minecraft:blackstone	34
top_aspect_east	1	3	minecraft:cyan_terracotta	197
top_aspect_east	1	3	minecraft:diamond_block	6
top_aspect_east	1	3	minecraft:dirt	1
top_aspect_east	1	3	minecraft:grass_block	109
top_aspect_east	1	3	minecraft:light_gray_wool	7
top_aspect_east	1	3	minecraft:moss_block	99
top_aspect_east	1	3	minecraft:mud	117
top_aspect_east	1	3	minecraft:pale_moss_block	276
top_aspect_east	1	3	minecraft:pale_oak_wood	33
top_aspect_east	1	3	minecraft:smooth_basalt	33
top_aspect_east	1	3	minecraft:stone	226
top_aspect_east	1	4	minecraft:acacia_wood	43
top_aspect_east	1	4	minecraft:basalt	29
top_aspect_east	1	4	minecraft:blackstone	2
top_aspect_east	1	4	minecraft:cyan_terracotta	79
top_aspect_east	1	4	minecraft:grass_block	3
top_aspect_east	1	4	minecraft:moss_block	7
top_aspect_east	1	4	minecraft:mud	51
top_aspect_east	1	4	minecraft:pale_moss_block	56
top_aspect_east	1	4	minecraft:pale_oak_wood	26
top_aspect_east	1	4	minecraft:smooth_basalt	12
top_aspect_east	1	4	minecraft:stone	36
top_aspect_east	10	0	minecraft:birch_wood	2
top_aspect_east	10	1	minecraft:snow_block	6
top_aspect_east	10	2	minecraft:birch_wood	5
top_aspect_east	10	2	minecraft:cyan_terracotta	1
top_aspect_east	10	2	minecraft:diorite	5
top_aspect_east	10	2	minecraft:ice	1
top_aspect_east	10	2	minecraft:packed_ice	2
top_aspect_east	10	2	minecraft:snow_block	22
top_aspect_east	10	2	minecraft:white_concrete_powder	1
top_aspect_east	10	3	minecraft:acacia_wood	44
top_aspect_east	10	3	minecraft:basalt	14
top_aspect_east	10	3	minecraft:birch_wood	3
top_aspect_east	10	3	minecraft:cyan_terracotta	52
top_aspect_east	10	3	minecraft:diorite	1
top_aspect_east	10	3	minecraft:ice	2
top_aspect_east	10	3	minecraft:mud	13
top_aspect_east	10	3	minecraft:packed_ice	8
top_aspect_east	10	3	minecraft:pale_moss_block	31
top_aspect_east	10	3	minecraft:pale_oak_wood	2
top_aspect_east	10	3	minecraft:smooth_basalt	2
top_aspect_east	10	3	minecraft:snow_block	40
top_aspect_east	10	3	minecraft:stone	27
top_aspect_east	10	3	minecraft:white_concrete_powder	4
top_aspect_east	10	4	minecraft:acacia_wood	84
top_aspect_east	10	4	minecraft:basalt	37
top_aspect_east	10	4	minecraft:cyan_terracotta	164
top_aspect_east	10	4	minecraft:mud	16
top_aspect_east	10	4	minecraft:packed_ice	2
top_aspect_east	10	4	minecraft:pale_moss_block	21
top_aspect_east	10	4	minecraft:pale_oak_wood	10
top_aspect_east	10	4	minecraft:smooth_basalt	5
top_aspect_east	10	4	minecraft:snow_block	13
top_aspect_east	10	4	minecraft:stone	25
top_aspect_east	10	4	minecraft:white_concrete_powder	1
top_aspect_east	11	1	minecraft:diorite	1
top_aspect_east	11	2	minecraft:acacia_wood	2
top_aspect_east	11	2	minecraft:birch_wood	40
top_aspect_east	11	2	minecraft:diorite	15
top_aspect_east	11	2	minecraft:mud	1
top_aspect_east	11	2	minecraft:packed_ice	5
top_aspect_east	11	2	minecraft:pale_moss_block	1
top_aspect_east	11	2	minecraft:snow_block	20
top_aspect_east	11	2	minecraft:stone	11
top_aspect_east	11	2	minecraft:white_concrete_powder	11
top_aspect_east	11	3	minecraft:acacia_wood	98
top_aspect_east	11	3	minecraft:birch_wood	18
top_aspect_east	11	3	minecraft:blackstone	2
top_aspect_east	11	3	minecraft:cyan_terracotta	65
top_aspect_east	11	3	minecraft:diorite	25
top_aspect_east	11	3	minecraft:ice	1
top_aspect_east	11	3	minecraft:mud	3
top_aspect_east	11	3	minecraft:packed_ice	9
top_aspect_east	11	3	minecraft:pale_moss_block	34
top_aspect_east	11	3	minecraft:pale_oak_wood	21
top_aspect_east	11	3	minecraft:smooth_basalt	2
top_aspect_east	11	3	minecraft:snow_block	51
top_aspect_east	11	3	minecraft:stone	21
top_aspect_east	11	3	minecraft:white_concrete_powder	7
top_aspect_east	11	4	minecraft:acacia_wood	72
top_aspect_east	11	4	minecraft:basalt	29
top_aspect_east	11	4	minecraft:birch_wood	1
top_aspect_east	11	4	minecraft:blackstone	1
top_aspect_east	11	4	minecraft:cyan_terracotta	57
top_aspect_east	11	4	minecraft:mud	21
top_aspect_east	11	4	minecraft:packed_ice	3
top_aspect_east	11	4	minecraft:pale_moss_block	29
top_aspect_east	11	4	minecraft:pale_oak_wood	6
top_aspect_east	11	4	minecraft:smooth_basalt	3
top_aspect_east	11	4	minecraft:snow_block	19
top_aspect_east	11	4	minecraft:stone	38
top_aspect_east	12	2	minecraft:acacia_wood	3
top_aspect_east	12	2	minecraft:basalt	1
top_aspect_east	12	2	minecraft:birch_wood	16
top_aspect_east	12	2	minecraft:cyan_terracotta	2
top_aspect_east	12	2	minecraft:diorite	11
top_aspect_east	12	2	minecraft:mud	3
top_aspect_east	12	2	minecraft:pale_moss_block	16
top_aspect_east	12	2	minecraft:pale_oak_wood	3
top_aspect_east	12	2	minecraft:snow_block	2
top_aspect_east	12	2	minecraft:stone	9
top_aspect_east	12	2	minecraft:white_concrete_powder	8
top_aspect_east	12	3	minecraft:acacia_wood	69
top_aspect_east	12	3	minecraft:basalt	14
top_aspect_east	12	3	minecraft:birch_wood	23
top_aspect_east	12	3	minecraft:blackstone	3
top_aspect_east	12	3	minecraft:cyan_terracotta	39
top_aspect_east	12	3	minecraft:diorite	20
top_aspect_east	12	3	minecraft:mud	12
top_aspect_east	12	3	minecraft:pale_moss_block	26
top_aspect_east	12	3	minecraft:pale_oak_wood	32
top_aspect_east	12	3	minecraft:smooth_basalt	1
top_aspect_east	12	3	minecraft:snow_block	40
top_aspect_east	12	3	minecraft:stone	65
top_aspect_east	12	3	minecraft:white_concrete_powder	25
top_aspect_east	12	4	minecraft:acacia_wood	52
top_aspect_east	12	4	minecraft:basalt	19
top_aspect_east	12	4	minecraft:cyan_terracotta	24
top_aspect_east	12	4	minecraft:diorite	1
top_aspect_east	12	4	minecraft:light_gray_wool	2
top_aspect_east	12	4	minecraft:mud	3
top_aspect_east	12	4	minecraft:pale_moss_block	34
top_aspect_east	12	4	minecraft:pale_oak_wood	12
top_aspect_east	12	4	minecraft:snow_block	26
top_aspect_east	12	4	minecraft:stone	9
top_aspect_east	13	1	minecraft:birch_wood	9
top_aspect_east	13	1	minecraft:white_concrete_powder	3
top_aspect_east	13	2	minecraft:acacia_wood	5
top_aspect_east	13	2	minecraft:birch_wood	15
top_aspect_east	13	2	minecraft:cyan_terracotta	6
top_aspect_east	13	2	minecraft:diorite	3
top_aspect_east	13	2	minecraft:mud	18
top_aspect_east	13	2	minecraft:pale_moss_block	19
top_aspect_east	13	2	minecraft:snow_block	5
top_aspect_east	13	2	minecraft:stone	17
top_aspect_east	13	2	minecraft:white_concrete_powder	22
top_aspect_east	13	3	minecraft:acacia_wood	68
top_aspect_east	13	3	minecraft:birch_wood	15
top_aspect_east	13	3	minecraft:cyan_terracotta	60
top_aspect_east	13	3	minecraft:diorite	9
top_aspect_east	13	3	minecraft:light_gray_wool	55
top_aspect_east	13	3	minecraft:mud	14
top_aspect_east	13	3	minecraft:pale_moss_block	48
top_aspect_east	13	3	minecraft:pale_oak_wood	11
top_aspect_east	13	3	minecraft:smooth_basalt	1
top_aspect_east	13	3	minecraft:snow_block	42
top_aspect_east	13	3	minecraft:stone	56
top_aspect_east	13	3	minecraft:white_concrete_powder	14
top_aspect_east	13	4	minecraft:acacia_wood	7
top_aspect_east	13	4	minecraft:cyan_terracotta	5
top_aspect_east	13	4	minecraft:light_gray_wool	16
top_aspect_east	13	4	minecraft:pale_moss_block	2
top_aspect_east	13	4	minecraft:snow_block	2
top_aspect_east	13	4	minecraft:stone	9
top_aspect_east	14	1	minecraft:pale_moss_block	2
top_aspect_east	14	1	minecraft:stone	2
top_aspect_east	14	2	minecraft:acacia_wood	12
top_aspect_east	14	2	minecraft:birch_wood	16
top_aspect_east	14	2	minecraft:diorite	13
top_aspect_east	14	2	minecraft:light_gray_wool	3
top_aspect_east	14	2	minecraft:pale_moss_block	2
top_aspect_east	14	2	minecraft:pale_oak_wood	11
top_aspect_east	14	2	minecraft:snow_block	4
top_aspect_east	14	2	minecraft:stone	29
top_aspect_east	14	2	minecraft:white_concrete_powder	3
top_aspect_east	14	3	minecraft:acacia_wood	66
top_aspect_east	14	3	minecraft:birch_wood	10
top_aspect_east	14	3	minecraft:blackstone	3
top_aspect_east	14	3	minecraft:cyan_terracotta	6
top_aspect_east	14	3	minecraft:diorite	13
top_aspect_east	14	3	minecraft:light_gray_wool	118
top_aspect_east	14	3	minecraft:mud	4
top_aspect_east	14	3	minecraft:pale_moss_block	9
top_aspect_east	14	3	minecraft:pale_oak_wood	34
top_aspect_east	14	3	minecraft:smooth_basalt	2
top_aspect_east	14	3	minecraft:snow_block	2
top_aspect_east	14	3	minecraft:stone	37
top_aspect_east	14	3	minecraft:white_concrete_powder	3
top_aspect_east	14	4	minecraft:acacia_wood	18
top_aspect_east	14	4	minecraft:cyan_terracotta	10
top_aspect_east	14	4	minecraft:light_gray_wool	6
top_aspect_east	14	4	minecraft:pale_oak_wood	8
top_aspect_east	14	4	minecraft:stone	1
top_aspect_east	15	0	minecraft:birch_wood	8
top_aspect_east	15	0	minecraft:diorite	10
top_aspect_east	15	0	minecraft:snow_block	2
top_aspect_east	15	0	minecraft:white_concrete_powder	8
top_aspect_east	15	1	minecraft:birch_wood	98
top_aspect_east	15	1	minecraft:diorite	20
top_aspect_east	15	1	minecraft:light_gray_wool	2
top_aspect_east	15	1	minecraft:snow_block	23
top_aspect_east	15	1	minecraft:stone	1
top_aspect_east	15	1	minecraft:white_concrete_powder	77
top_aspect_east	15	2	minecraft:acacia_wood	1
top_aspect_east	15	2	minecraft:birch_wood	30
top_aspect_east	15	2	minecraft:cyan_terracotta	1
top_aspect_east	15	2	minecraft:diorite	13
top_aspect_east	15	2	minecraft:light_gray_wool	12
top_aspect_east	15	2	minecraft:pale_moss_block	6
top_aspect_east	15	2	minecraft:snow_block	5
top_aspect_east	15	2	minecraft:stone	10
top_aspect_east	15	2	minecraft:white_concrete_powder	33
top_aspect_east	15	3	minecraft:acacia_wood	5
top_aspect_east	15	3	minecraft:birch_wood	8
top_aspect_east	15	3	minecraft:cyan_terracotta	3
top_aspect_east	15	3	minecraft:diorite	4
top_aspect_east	15	3	minecraft:light_gray_wool	28
top_aspect_east	15	3	minecraft:mud	1
top_aspect_east	15	3	minecraft:pale_moss_block	2
top_aspect_east	15	3	minecraft:pale_oak_wood	2
top_aspect_east	15	3	minecraft:snow_block	1
top_aspect_east	15	3	minecraft:stone	12
top_aspect_east	15	3	minecraft:white_concrete_powder	9
top_aspect_east	15	4	minecraft:acacia_wood	8
top_aspect_east	15	4	minecraft:cyan_terracotta	4
top_aspect_east	15	4	minecraft:light_gray_wool	4
top_aspect_east	2	0	minecraft:andesite	2
top_aspect_east	2	0	minecraft:cyan_terracotta	2
top_aspect_east	2	0	minecraft:grass_block	94
top_aspect_east	2	0	minecraft:moss_block	3
top_aspect_east	2	0	minecraft:pale_oak_wood	1
top_aspect_east	2	0	minecraft:smooth_basalt	5
top_aspect_east	2	0	minecraft:stone	2
top_aspect_east	2	1	minecraft:acacia_wood	14
top_aspect_east	2	1	minecraft:basalt	2
top_aspect_east	2	1	minecraft:black_wool	2
top_aspect_east	2	1	minecraft:cobblestone	11
top_aspect_east	2	1	minecraft:cyan_terracotta	8
top_aspect_east	2	1	minecraft:diamond_block	2
top_aspect_east	2	1	minecraft:dirt	5
top_aspect_east	2	1	minecraft:grass_block	349
top_aspect_east	2	1	minecraft:gray_wool	2
top_aspect_east	2	1	minecraft:light_gray_wool	1
top_aspect_east	2	1	minecraft:moss_block	164
top_aspect_east	2	1	minecraft:mud	5
top_aspect_east	2	1	minecraft:pale_moss_block	18
top_aspect_east	2	1	minecraft:pale_oak_wood	4
top_aspect_east	2	1	minecraft:smooth_basalt	14
top_aspect_east	2	1	minecraft:stone	28
top_aspect_east	2	2	minecraft:acacia_wood	118
top_aspect_east	2	2	minecraft:andesite	5
top_aspect_east	2	2	minecraft:basalt	9
top_aspect_east	2	2	minecraft:black_wool	1
top_aspect_east	2	2	minecraft:blackstone	7
top_aspect_east	2	2	minecraft:cobblestone	3
top_aspect_east	2	2	minecraft:cyan_terracotta	76
top_aspect_east	2	2	minecraft:diamond_block	18
top_aspect_east	2	2	minecraft:dirt	4
top_aspect_east	2	2	minecraft:grass_block	350
top_aspect_east	2	2	minecraft:gray_wool	2
top_aspect_east	2	2	minecraft:light_gray_wool	15
top_aspect_east	2	2	minecraft:moss_block	238
top_aspect_east	2	2	minecraft:mud	49
top_aspect_east	2	2	minecraft:pale_moss_block	202
top_aspect_east	2	2	minecraft:pale_oak_wood	25
top_aspect_east	2	2	minecraft:smooth_basalt	14
top_aspect_east	2	2	minecraft:stone	209
top_aspect_east	2	2	minecraft:tuff	6
top_aspect_east	2	3	minecraft:acacia_wood	309
top_aspect_east	2	3	minecraft:basalt	32
top_aspect_east	2	3	minecraft:black_wool	1
top_aspect_east	2	3	minecraft:blackstone	26
top_aspect_east	2	3	minecraft:cobblestone	7
top_aspect_east	2	3	minecraft:cyan_terracotta	158
top_aspect_east	2	3	minecraft:diamond_block	4
top_aspect_east	2	3	minecraft:dirt	1
top_aspect_east	2	3	minecraft:grass_block	70
top_aspect_east	2	3	minecraft:light_gray_wool	21
top_aspect_east	2	3	minecraft:moss_block	25
top_aspect_east	2	3	minecraft:mud	137
top_aspect_east	2	3	minecraft:pale_moss_block	239
top_aspect_east	2	3	minecraft:pale_oak_wood	35
top_aspect_east	2	3	minecraft:smooth_basalt	53
top_aspect_east	2	3	minecraft:stone	258
top_aspect_east	2	3	minecraft:tuff	1
top_aspect_east	2	4	minecraft:acacia_wood	114
top_aspect_east	2	4	minecraft:basalt	38
top_aspect_east	2	4	minecraft:black_wool	4
top_aspect_east	2	4	minecraft:blackstone	24
top_aspect_east	2	4	minecraft:cyan_terracotta	73
top_aspect_east	2	4	minecraft:grass_block	2
top_aspect_east	2	4	minecraft:light_gray_wool	8
top_aspect_east	2	4	minecraft:moss_block	6
top_aspect_east	2	4	minecraft:mud	39
top_aspect_east	2	4	minecraft:pale_moss_block	37
top_aspect_east	2	4	minecraft:pale_oak_wood	25
top_aspect_east	2	4	minecraft:smooth_basalt	24
top_aspect_east	2	4	minecraft:stone	123
top_aspect_east	3	0	minecraft:acacia_wood	1
top_aspect_east	3	0	minecraft:moss_block	2
top_aspect_east	3	0	minecraft:stone	3
top_aspect_east	3	1	minecraft:acacia_wood	11
top_aspect_east	3	1	minecraft:andesite	5
top_aspect_east	3	1	minecraft:basalt	6
top_aspect_east	3	1	minecraft:blackstone	3
top_aspect_east	3	1	minecraft:cobblestone	4
top_aspect_east	3	1	minecraft:cyan_terracotta	13
top_aspect_east	3	1	minecraft:dirt	1
top_aspect_east	3	1	minecraft:grass_block	40
top_aspect_east	3	1	minecraft:light_gray_wool	2
top_aspect_east	3	1	minecraft:moss_block	25
top_aspect_east	3	1	minecraft:mud	2
top_aspect_east	3	1	minecraft:pale_moss_block	32
top_aspect_east	3	1	minecraft:stone	16
top_aspect_east	3	2	minecraft:acacia_wood	71
top_aspect_east	3	2	minecraft:andesite	2
top_aspect_east	3	2	minecraft:basalt	12
top_aspect_east	3	2	minecraft:blackstone	4
top_aspect_east	3	2	minecraft:cobblestone	8
top_aspect_east	3	2	minecraft:cyan_terracotta	116
top_aspect_east	3	2	minecraft:diamond_block	6
top_aspect_east	3	2	minecraft:dirt	1
top_aspect_east	3	2	minecraft:grass_block	198
top_aspect_east	3	2	minecraft:gray_wool	2
top_aspect_east	3	2	minecraft:light_gray_wool	13
top_aspect_east	3	2	minecraft:moss_block	139
top_aspect_east	3	2	minecraft:mud	46
top_aspect_east	3	2	minecraft:pale_moss_block	212
top_aspect_east	3	2	minecraft:pale_oak_wood	11
top_aspect_east	3	2	minecraft:smooth_basalt	4
top_aspect_east	3	2	minecraft:stone	212
top_aspect_east	3	3	minecraft:acacia_wood	277
top_aspect_east	3	3	minecraft:andesite	3
top_aspect_east	3	3	minecraft:basalt	26
top_aspect_east	3	3	minecraft:blackstone	22
top_aspect_east	3	3	minecraft:cobblestone	2
top_aspect_east	3	3	minecraft:cyan_terracotta	179
top_aspect_east	3	3	minecraft:grass_block	130
top_aspect_east	3	3	minecraft:light_gray_wool	18
top_aspect_east	3	3	minecraft:moss_block	41
top_aspect_east	3	3	minecraft:mud	130
top_aspect_east	3	3	minecraft:pale_moss_block	220
top_aspect_east	3	3	minecraft:pale_oak_wood	51
top_aspect_east	3	3	minecraft:smooth_basalt	41
top_aspect_east	3	3	minecraft:stone	430
top_aspect_east	3	4	minecraft:acacia_wood	149
top_aspect_east	3	4	minecraft:andesite	1
top_aspect_east	3	4	minecraft:basalt	9
top_aspect_east	3	4	minecraft:black_wool	7
top_aspect_east	3	4	minecraft:blackstone	14
top_aspect_east	3	4	minecraft:cobblestone	1
top_aspect_east	3	4	minecraft:cyan_terracotta	64
top_aspect_east	3	4	minecraft:light_gray_wool	9
top_aspect_east	3	4	minecraft:moss_block	1
top_aspect_east	3	4	minecraft:mud	53
top_aspect_east	3	4	minecraft:pale_moss_block	33
top_aspect_east	3	4	minecraft:pale_oak_wood	47
top_aspect_east	3	4	minecraft:smooth_basalt	27
top_aspect_east	3	4	minecraft:stone	152
top_aspect_east	4	0	minecraft:acacia_wood	8
top_aspect_east	4	0	minecraft:blackstone	1
top_aspect_east	4	0	minecraft:cyan_terracotta	2
top_aspect_east	4	0	minecraft:dirt	2
top_aspect_east	4	0	minecraft:grass_block	1
top_aspect_east	4	0	minecraft:moss_block	4
top_aspect_east	4	0	minecraft:mud	3
top_aspect_east	4	0	minecraft:pale_moss_block	3
top_aspect_east	4	1	minecraft:acacia_wood	19
top_aspect_east	4	1	minecraft:basalt	14
top_aspect_east	4	1	minecraft:blackstone	1
top_aspect_east	4	1	minecraft:cyan_terracotta	26
top_aspect_east	4	1	minecraft:dirt	13
top_aspect_east	4	1	minecraft:grass_block	47
top_aspect_east	4	1	minecraft:gray_wool	1
top_aspect_east	4	1	minecraft:moss_block	21
top_aspect_east	4	1	minecraft:mud	11
top_aspect_east	4	1	minecraft:pale_moss_block	26
top_aspect_east	4	1	minecraft:pale_oak_wood	1
top_aspect_east	4	1	minecraft:smooth_basalt	5
top_aspect_east	4	1	minecraft:stone	8
top_aspect_east	4	2	minecraft:acacia_wood	106
top_aspect_east	4	2	minecraft:basalt	34
top_aspect_east	4	2	minecraft:blackstone	5
top_aspect_east	4	2	minecraft:cobblestone	1
top_aspect_east	4	2	minecraft:cyan_terracotta	81
top_aspect_east	4	2	minecraft:dirt	4
top_aspect_east	4	2	minecraft:grass_block	197
top_aspect_east	4	2	minecraft:light_gray_wool	7
top_aspect_east	4	2	minecraft:moss_block	36
top_aspect_east	4	2	minecraft:mud	29
top_aspect_east	4	2	minecraft:pale_moss_block	175
top_aspect_east	4	2	minecraft:pale_oak_wood	9
top_aspect_east	4	2	minecraft:smooth_basalt	10
top_aspect_east	4	2	minecraft:stone	186
top_aspect_east	4	3	minecraft:acacia_wood	223
top_aspect_east	4	3	minecraft:basalt	117
top_aspect_east	4	3	minecraft:black_wool	1
top_aspect_east	4	3	minecraft:blackstone	26
top_aspect_east	4	3	minecraft:cyan_terracotta	191
top_aspect_east	4	3	minecraft:grass_block	142
top_aspect_east	4	3	minecraft:gray_wool	10
top_aspect_east	4	3	minecraft:light_gray_wool	29
top_aspect_east	4	3	minecraft:moss_block	13
top_aspect_east	4	3	minecraft:mud	54
top_aspect_east	4	3	minecraft:pale_moss_block	249
top_aspect_east	4	3	minecraft:pale_oak_wood	26
top_aspect_east	4	3	minecraft:smooth_basalt	20
top_aspect_east	4	3	minecraft:stone	257
top_aspect_east	4	3	minecraft:white_concrete	1
top_aspect_east	4	4	minecraft:acacia_wood	132
top_aspect_east	4	4	minecraft:basalt	47
top_aspect_east	4	4	minecraft:blackstone	3
top_aspect_east	4	4	minecraft:cyan_terracotta	79
top_aspect_east	4	4	minecraft:dripstone_block	4
top_aspect_east	4	4	minecraft:grass_block	10
top_aspect_east	4	4	minecraft:gray_wool	8
top_aspect_east	4	4	minecraft:mud	55
top_aspect_east	4	4	minecraft:pale_moss_block	93
top_aspect_east	4	4	minecraft:pale_oak_wood	11
top_aspect_east	4	4	minecraft:smooth_basalt	41
top_aspect_east	4	4	minecraft:stone	49
top_aspect_east	5	0	minecraft:acacia_wood	3
top_aspect_east	5	0	minecraft:grass_block	3
top_aspect_east	5	0	minecraft:gray_wool	3
top_aspect_east	5	0	minecraft:snow_block	2
top_aspect_east	5	0	minecraft:stone	4
top_aspect_east	5	1	minecraft:acacia_wood	24
top_aspect_east	5	1	minecraft:cobblestone	3
top_aspect_east	5	1	minecraft:cyan_terracotta	4
top_aspect_east	5	1	minecraft:dirt	8
top_aspect_east	5	1	minecraft:grass_block	38
top_aspect_east	5	1	minecraft:gray_wool	9
top_aspect_east	5	1	minecraft:moss_block	7
top_aspect_east	5	1	minecraft:mud	6
top_aspect_east	5	1	minecraft:pale_moss_block	5
top_aspect_east	5	1	minecraft:pale_oak_wood	1
top_aspect_east	5	1	minecraft:smooth_basalt	2
top_aspect_east	5	1	minecraft:snow_block	26
top_aspect_east	5	1	minecraft:stone	22
top_aspect_east	5	1	minecraft:white_concrete	4
top_aspect_east	5	2	minecraft:acacia_wood	120
top_aspect_east	5	2	minecraft:basalt	11
top_aspect_east	5	2	minecraft:blackstone	1
top_aspect_east	5	2	minecraft:cyan_terracotta	42
top_aspect_east	5	2	minecraft:dirt	1
top_aspect_east	5	2	minecraft:grass_block	50
top_aspect_east	5	2	minecraft:gray_wool	16
top_aspect_east	5	2	minecraft:light_gray_wool	2
top_aspect_east	5	2	minecraft:moss_block	4
top_aspect_east	5	2	minecraft:mud	27
top_aspect_east	5	2	minecraft:pale_moss_block	148
top_aspect_east	5	2	minecraft:pale_oak_wood	41
top_aspect_east	5	2	minecraft:smooth_basalt	4
top_aspect_east	5	2	minecraft:snow_block	60
top_aspect_east	5	2	minecraft:stone	134
top_aspect_east	5	2	minecraft:white_concrete	6
top_aspect_east	5	3	minecraft:acacia_wood	254
top_aspect_east	5	3	minecraft:basalt	71
top_aspect_east	5	3	minecraft:blackstone	13
top_aspect_east	5	3	minecraft:cyan_terracotta	145
top_aspect_east	5	3	minecraft:grass_block	16
top_aspect_east	5	3	minecraft:gray_wool	59
top_aspect_east	5	3	minecraft:light_gray_wool	27
top_aspect_east	5	3	minecraft:mud	46
top_aspect_east	5	3	minecraft:pale_moss_block	217
top_aspect_east	5	3	minecraft:pale_oak_wood	45
top_aspect_east	5	3	minecraft:smooth_basalt	10
top_aspect_east	5	3	minecraft:snow_block	20
top_aspect_east	5	3	minecraft:stone	189
top_aspect_east	5	3	minecraft:white_concrete	1
top_aspect_east	5	4	minecraft:acacia_wood	105
top_aspect_east	5	4	minecraft:basalt	36
top_aspect_east	5	4	minecraft:blackstone	2
top_aspect_east	5	4	minecraft:cobblestone	6
top_aspect_east	5	4	minecraft:cyan_terracotta	140
top_aspect_east	5	4	minecraft:grass_block	1
top_aspect_east	5	4	minecraft:gravel	4
top_aspect_east	5	4	minecraft:gray_wool	49
top_aspect_east	5	4	minecraft:light_gray_wool	12
top_aspect_east	5	4	minecraft:mud	34
top_aspect_east	5	4	minecraft:pale_moss_block	61
top_aspect_east	5	4	minecraft:pale_oak_wood	10
top_aspect_east	5	4	minecraft:smooth_basalt	2
top_aspect_east	5	4	minecraft:snow_block	16
top_aspect_east	5	4	minecraft:stone	90
top_aspect_east	5	4	minecraft:white_concrete	3
top_aspect_east	6	1	minecraft:basalt	1
top_aspect_east	6	1	minecraft:cobblestone	1
top_aspect_east	6	1	minecraft:cyan_terracotta	2
top_aspect_east	6	1	minecraft:moss_block	1
top_aspect_east	6	1	minecraft:pale_moss_block	4
top_aspect_east	6	1	minecraft:snow_block	23
top_aspect_east	6	1	minecraft:stone	2
top_aspect_east	6	2	minecraft:acacia_wood	40
top_aspect_east	6	2	minecraft:basalt	8
top_aspect_east	6	2	minecraft:coal_ore	1
top_aspect_east	6	2	minecraft:cobblestone	1
top_aspect_east	6	2	minecraft:cyan_terracotta	20
top_aspect_east	6	2	minecraft:gray_wool	3
top_aspect_east	6	2	minecraft:light_gray_wool	1
top_aspect_east	6	2	minecraft:moss_block	1
top_aspect_east	6	2	minecraft:mud	6
top_aspect_east	6	2	minecraft:pale_moss_block	80
top_aspect_east	6	2	minecraft:pale_oak_wood	11
top_aspect_east	6	2	minecraft:smooth_basalt	1
top_aspect_east	6	2	minecraft:snow_block	205
top_aspect_east	6	2	minecraft:stone	83
top_aspect_east	6	3	minecraft:acacia_wood	246
top_aspect_east	6	3	minecraft:basalt	61
top_aspect_east	6	3	minecraft:blackstone	22
top_aspect_east	6	3	minecraft:cyan_terracotta	148
top_aspect_east	6	3	minecraft:grass_block	3
top_aspect_east	6	3	minecraft:light_gray_wool	14
top_aspect_east	6	3	minecraft:mud	32
top_aspect_east	6	3	minecraft:pale_moss_block	144
top_aspect_east	6	3	minecraft:pale_oak_wood	100
top_aspect_east	6	3	minecraft:smooth_basalt	14
top_aspect_east	6	3	minecraft:snow_block	240
top_aspect_east	6	3	minecraft:stone	243
top_aspect_east	6	4	minecraft:acacia_wood	136
top_aspect_east	6	4	minecraft:basalt	39
top_aspect_east	6	4	minecraft:blackstone	9
top_aspect_east	6	4	minecraft:cyan_terracotta	152
top_aspect_east	6	4	minecraft:dirt	4
top_aspect_east	6	4	minecraft:grass_block	1
top_aspect_east	6	4	minecraft:gravel	2
top_aspect_east	6	4	minecraft:iron_ore	2
top_aspect_east	6	4	minecraft:light_gray_wool	4
top_aspect_east	6	4	minecraft:mud	66
top_aspect_east	6	4	minecraft:pale_moss_block	28
top_aspect_east	6	4	minecraft:pale_oak_wood	11
top_aspect_east	6	4	minecraft:smooth_basalt	9
top_aspect_east	6	4	minecraft:snow_block	72
top_aspect_east	6	4	minecraft:stone	105
top_aspect_east	7	0	minecraft:snow_block	3
top_aspect_east	7	1	minecraft:cyan_terracotta	2
top_aspect_east	7	1	minecraft:mud	2
top_aspect_east	7	1	minecraft:powder_snow	2
top_aspect_east	7	1	minecraft:snow_block	31
top_aspect_east	7	1	minecraft:stone	1
top_aspect_east	7	2	minecraft:acacia_wood	11
top_aspect_east	7	2	minecraft:basalt	1
top_aspect_east	7	2	minecraft:cyan_terracotta	2
top_aspect_east	7	2	minecraft:mud	2
top_aspect_east	7	2	minecraft:pale_moss_block	8
top_aspect_east	7	2	minecraft:pale_oak_wood	5
top_aspect_east	7	2	minecraft:powder_snow	2
top_aspect_east	7	2	minecraft:smooth_basalt	1
top_aspect_east	7	2	minecraft:snow_block	56
top_aspect_east	7	2	minecraft:stone	25
top_aspect_east	7	3	minecraft:acacia_wood	145
top_aspect_east	7	3	minecraft:basalt	39
top_aspect_east	7	3	minecraft:blackstone	1
top_aspect_east	7	3	minecraft:cyan_terracotta	69
top_aspect_east	7	3	minecraft:light_gray_wool	5
top_aspect_east	7	3	minecraft:mud	27
top_aspect_east	7	3	minecraft:pale_moss_block	91
top_aspect_east	7	3	minecraft:pale_oak_wood	30
top_aspect_east	7	3	minecraft:smooth_basalt	2
top_aspect_east	7	3	minecraft:snow_block	103
top_aspect_east	7	3	minecraft:stone	126
top_aspect_east	7	3	minecraft:white_concrete_powder	1
top_aspect_east	7	4	minecraft:acacia_wood	157
top_aspect_east	7	4	minecraft:basalt	26
top_aspect_east	7	4	minecraft:blackstone	7
top_aspect_east	7	4	minecraft:cyan_terracotta	111
top_aspect_east	7	4	minecraft:gravel	1
top_aspect_east	7	4	minecraft:light_gray_wool	4
top_aspect_east	7	4	minecraft:mud	49
top_aspect_east	7	4	minecraft:pale_moss_block	34
top_aspect_east	7	4	minecraft:pale_oak_wood	67
top_aspect_east	7	4	minecraft:smooth_basalt	10
top_aspect_east	7	4	minecraft:snow_block	97
top_aspect_east	7	4	minecraft:stone	72
top_aspect_east	8	0	minecraft:pale_moss_block	1
top_aspect_east	8	0	minecraft:snow_block	10
top_aspect_east	8	1	minecraft:birch_wood	13
top_aspect_east	8	1	minecraft:cyan_terracotta	3
top_aspect_east	8	1	minecraft:diorite	3
top_aspect_east	8	1	minecraft:pale_moss_block	7
top_aspect_east	8	1	minecraft:snow_block	56
top_aspect_east	8	1	minecraft:white_concrete_powder	3
top_aspect_east	8	2	minecraft:acacia_wood	5
top_aspect_east	8	2	minecraft:basalt	4
top_aspect_east	8	2	minecraft:birch_wood	23
top_aspect_east	8	2	minecraft:cyan_terracotta	1
top_aspect_east	8	2	minecraft:diorite	12
top_aspect_east	8	2	minecraft:pale_moss_block	13
top_aspect_east	8	2	minecraft:snow_block	67
top_aspect_east	8	2	minecraft:stone	5
top_aspect_east	8	2	minecraft:white_concrete_powder	8
top_aspect_east	8	3	minecraft:acacia_wood	135
top_aspect_east	8	3	minecraft:basalt	2
top_aspect_east	8	3	minecraft:birch_wood	21
top_aspect_east	8	3	minecraft:coal_ore	1
top_aspect_east	8	3	minecraft:cobblestone	1
top_aspect_east	8	3	minecraft:cyan_terracotta	33
top_aspect_east	8	3	minecraft:diorite	25
top_aspect_east	8	3	minecraft:light_gray_wool	2
top_aspect_east	8	3	minecraft:mud	27
top_aspect_east	8	3	minecraft:pale_moss_block	90
top_aspect_east	8	3	minecraft:pale_oak_wood	39
top_aspect_east	8	3	minecraft:snow_block	80
top_aspect_east	8	3	minecraft:stone	100
top_aspect_east	8	3	minecraft:white_concrete_powder	5
top_aspect_east	8	4	minecraft:acacia_wood	140
top_aspect_east	8	4	minecraft:basalt	6
top_aspect_east	8	4	minecraft:birch_wood	1
top_aspect_east	8	4	minecraft:blackstone	3
top_aspect_east	8	4	minecraft:cyan_terracotta	76
top_aspect_east	8	4	minecraft:mud	74
top_aspect_east	8	4	minecraft:pale_moss_block	23
top_aspect_east	8	4	minecraft:pale_oak_wood	68
top_aspect_east	8	4	minecraft:smooth_basalt	8
top_aspect_east	8	4	minecraft:snow_block	44
top_aspect_east	8	4	minecraft:stone	32
top_aspect_east	9	1	minecraft:ice	1
top_aspect_east	9	1	minecraft:snow_block	7
top_aspect_east	9	2	minecraft:birch_wood	4
top_aspect_east	9	2	minecraft:diorite	1
top_aspect_east	9	2	minecraft:pale_moss_block	1
top_aspect_east	9	2	minecraft:snow_block	25
top_aspect_east	9	2	minecraft:stone	1
top_aspect_east	9	2	minecraft:white_concrete_powder	7
top_aspect_east	9	3	minecraft:acacia_wood	80
top_aspect_east	9	3	minecraft:basalt	14
top_aspect_east	9	3	minecraft:birch_wood	13
top_aspect_east	9	3	minecraft:cobblestone	1
top_aspect_east	9	3	minecraft:cyan_terracotta	45
top_aspect_east	9	3	minecraft:diorite	12
top_aspect_east	9	3	minecraft:light_gray_wool	2
top_aspect_east	9	3	minecraft:mud	10
top_aspect_east	9	3	minecraft:packed_ice	1
top_aspect_east	9	3	minecraft:pale_moss_block	76
top_aspect_east	9	3	minecraft:pale_oak_wood	14
top_aspect_east	9	3	minecraft:smooth_basalt	1
top_aspect_east	9	3	minecraft:snow_block	27
top_aspect_east	9	3	minecraft:stone	52
top_aspect_east	9	3	minecraft:white_concrete_powder	14
top_aspect_east	9	4	minecraft:acacia_wood	143
top_aspect_east	9	4	minecraft:basalt	14
top_aspect_east	9	4	minecraft:birch_wood	3
top_aspect_east	9	4	minecraft:blackstone	17
top_aspect_east	9	4	minecraft:cyan_terracotta	101
top_aspect_east	9	4	minecraft:diorite	2
top_aspect_east	9	4	minecraft:light_gray_wool	3
top_aspect_east	9	4	minecraft:mud	43
top_aspect_east	9	4	minecraft:packed_ice	7
top_aspect_east	9	4	minecraft:pale_moss_block	8
top_aspect_east	9	4	minecraft:pale_oak_wood	34
top_aspect_east	9	4	minecraft:powder_snow	2
top_aspect_east	9	4	minecraft:smooth_basalt	19
top_aspect_east	9	4	minecraft:snow_block	24
top_aspect_east	9	4	minecraft:stone	21
top_aspect_north	0	0	minecraft:cobblestone	1
top_aspect_north	0	0	minecraft:cyan_terracotta	1
top_aspect_north	0	0	minecraft:dirt	2
top_aspect_north	0	0	minecraft:grass_block	198
top_aspect_north	0	0	minecraft:gray_wool	1
top_aspect_north	0	0	minecraft:light_gray_wool	2
top_aspect_north	0	0	minecraft:moss_block	119
top_aspect_north	0	0	minecraft:mud	3
top_aspect_north	0	0	minecraft:pale_moss_block	8
top_aspect_north	0	0	minecraft:stone	19
top_aspect_north	0	1	minecraft:acacia_wood	26
top_aspect_north	0	1	minecraft:andesite	10
top_aspect_north	0	1	minecraft:basalt	9
top_aspect_north	0	1	minecraft:coal_ore	1
top_aspect_north	0	1	minecraft:cobblestone	2
top_aspect_north	0	1	minecraft:cyan_terracotta	15
top_aspect_north	0	1	minecraft:diamond_block	24
top_aspect_north	0	1	minecraft:dirt	6
top_aspect_north	0	1	minecraft:grass_block	897
top_aspect_north	0	1	minecraft:light_gray_wool	5
top_aspect_north	0	1	minecraft:moss_block	768
top_aspect_north	0	1	minecraft:mud	12
top_aspect_north	0	1	minecraft:pale_moss_block	67
top_aspect_north	0	1	minecraft:pale_oak_wood	11
top_aspect_north	0	1	minecraft:smooth_basalt	1
top_aspect_north	0	1	minecraft:spruce_log	1
top_aspect_north	0	1	minecraft:stone	137
top_aspect_north	0	2	minecraft:acacia_wood	65
top_aspect_north	0	2	minecraft:andesite	7
top_aspect_north	0	2	minecraft:basalt	24
top_aspect_north	0	2	minecraft:blackstone	3
top_aspect_north	0	2	minecraft:calcite	2
top_aspect_north	0	2	minecraft:cobblestone	2
top_aspect_north	0	2	minecraft:cyan_terracotta	51
top_aspect_north	0	2	minecraft:diamond_block	49
top_aspect_north	0	2	minecraft:dirt	5
top_aspect_north	0	2	minecraft:grass_block	341
top_aspect_north	0	2	minecraft:light_gray_wool	11
top_aspect_north	0	2	minecraft:moss_block	353
top_aspect_north	0	2	minecraft:mud	30
top_aspect_north	0	2	minecraft:pale_moss_block	70
top_aspect_north	0	2	minecraft:pale_oak_wood	29
top_aspect_north	0	2	minecraft:smooth_basalt	5
top_aspect_north	0	2	minecraft:spruce_log	5
top_aspect_north	0	2	minecraft:stone	139
top_aspect_north	0	2	minecraft:tuff	1
top_aspect_north	0	3	minecraft:acacia_wood	53
top_aspect_north	0	3	minecraft:basalt	4
top_aspect_north	0	3	minecraft:black_wool	5
top_aspect_north	0	3	minecraft:blackstone	3
top_aspect_north	0	3	minecraft:cyan_terracotta	39
top_aspect_north	0	3	minecraft:diamond_block	2
top_aspect_north	0	3	minecraft:grass_block	36
top_aspect_north	0	3	minecraft:moss_block	21
top_aspect_north	0	3	minecraft:mud	61
top_aspect_north	0	3	minecraft:pale_moss_block	23
top_aspect_north	0	3	minecraft:pale_oak_wood	20
top_aspect_north	0	3	minecraft:smooth_basalt	23
top_aspect_north	0	3	minecraft:stone	32
top_aspect_north	0	4	minecraft:acacia_wood	6
top_aspect_north	0	4	minecraft:basalt	2
top_aspect_north	0	4	minecraft:cyan_terracotta	5
top_aspect_north	0	4	minecraft:grass_block	32
top_aspect_north	0	4	minecraft:mud	22
top_aspect_north	0	4	minecraft:pale_moss_block	1
top_aspect_north	0	4	minecraft:pale_oak_wood	1
top_aspect_north	0	4	minecraft:smooth_basalt	4
top_aspect_north	1	0	minecraft:cobblestone	1
top_aspect_north	1	0	minecraft:cyan_terracotta	1
top_aspect_north	1	0	minecraft:dirt	2
top_aspect_north	1	0	minecraft:grass_block	334
top_aspect_north	1	0	minecraft:moss_block	42
top_aspect_north	1	0	minecraft:spruce_log	1
top_aspect_north	1	0	minecraft:white_concrete	1
top_aspect_north	1	1	minecraft:acacia_wood	7
top_aspect_north	1	1	minecraft:basalt	5
top_aspect_north	1	1	minecraft:blackstone	2
top_aspect_north	1	1	minecraft:cobblestone	2
top_aspect_north	1	1	minecraft:cyan_terracotta	13
top_aspect_north	1	1	minecraft:diamond_block	5
top_aspect_north	1	1	minecraft:dirt	6
top_aspect_north	1	1	minecraft:grass_block	606
top_aspect_north	1	1	minecraft:light_gray_wool	2
top_aspect_north	1	1	minecraft:moss_block	357
top_aspect_north	1	1	minecraft:mud	5
top_aspect_north	1	1	minecraft:pale_moss_block	21
top_aspect_north	1	1	minecraft:pale_oak_wood	6
top_aspect_north	1	1	minecraft:smooth_basalt	2
top_aspect_north	1	1	minecraft:spruce_log	1
top_aspect_north	1	1	minecraft:stone	23
top_aspect_north	1	1	minecraft:tuff	2
top_aspect_north	1	1	minecraft:white_concrete	7
top_aspect_north	1	2	minecraft:acacia_wood	115
top_aspect_north	1	2	minecraft:basalt	26
top_aspect_north	1	2	minecraft:blackstone	6
top_aspect_north	1	2	minecraft:cobblestone	1
top_aspect_north	1	2	minecraft:cyan_terracotta	76
top_aspect_north	1	2	minecraft:diamond_block	43
top_aspect_north	1	2	minecraft:dirt	3
top_aspect_north	1	2	minecraft:grass_block	170
top_aspect_north	1	2	minecraft:light_gray_wool	17
top_aspect_north	1	2	minecraft:moss_block	375
top_aspect_north	1	2	minecraft:mud	28
top_aspect_north	1	2	minecraft:pale_moss_block	170
top_aspect_north	1	2	minecraft:pale_oak_wood	42
top_aspect_north	1	2	minecraft:smooth_basalt	18
top_aspect_north	1	2	minecraft:stone	120
top_aspect_north	1	2	minecraft:tuff	15
top_aspect_north	1	2	minecraft:white_concrete	9
top_aspect_north	1	3	minecraft:acacia_wood	94
top_aspect_north	1	3	minecraft:basalt	22
top_aspect_north	1	3	minecraft:blackstone	26
top_aspect_north	1	3	minecraft:cyan_terracotta	101
top_aspect_north	1	3	minecraft:dirt	1
top_aspect_north	1	3	minecraft:grass_block	38
top_aspect_north	1	3	minecraft:moss_block	44
top_aspect_north	1	3	minecraft:mud	68
top_aspect_north	1	3	minecraft:pale_moss_block	99
top_aspect_north	1	3	minecraft:pale_oak_wood	22
top_aspect_north	1	3	minecraft:smooth_basalt	28
top_aspect_north	1	3	minecraft:stone	63
top_aspect_north	1	3	minecraft:tuff	6
top_aspect_north	1	4	minecraft:acacia_wood	42
top_aspect_north	1	4	minecraft:basalt	19
top_aspect_north	1	4	minecraft:blackstone	3
top_aspect_north	1	4	minecraft:cyan_terracotta	25
top_aspect_north	1	4	minecraft:diamond_block	1
top_aspect_north	1	4	minecraft:grass_block	8
top_aspect_north	1	4	minecraft:moss_block	3
top_aspect_north	1	4	minecraft:mud	12
top_aspect_north	1	4	minecraft:pale_moss_block	14
top_aspect_north	1	4	minecraft:pale_oak_wood	1
top_aspect_north	1	4	minecraft:smooth_basalt	6
top_aspect_north	1	4	minecraft:stone	5
top_aspect_north	10	1	minecraft:acacia_wood	1
top_aspect_north	10	1	minecraft:birch_wood	17
top_aspect_north	10	1	minecraft:diorite	2
top_aspect_north	10	1	minecraft:pale_moss_block	1
top_aspect_north	10	1	minecraft:snow_block	17
top_aspect_north	10	1	minecraft:stone	1
top_aspect_north	10	1	minecraft:white_concrete_powder	26
top_aspect_north	10	2	minecraft:acacia_wood	19
top_aspect_north	10	2	minecraft:basalt	7
top_aspect_north	10	2	minecraft:birch_wood	92
top_aspect_north	10	2	minecraft:cyan_terracotta	9
top_aspect_north	10	2	minecraft:diorite	60
top_aspect_north	10	2	minecraft:granite	2
top_aspect_north	10	2	minecraft:ice	1
top_aspect_north	10	2	minecraft:light_gray_terracotta	3
top_aspect_north	10	2	minecraft:mud	3
top_aspect_north	10	2	minecraft:packed_ice	2
top_aspect_north	10	2	minecraft:pale_moss_block	20
top_aspect_north	10	2	minecraft:pale_oak_wood	1
top_aspect_north	10	2	minecraft:snow_block	203
top_aspect_north	10	2	minecraft:stone	10
top_aspect_north	10	2	minecraft:white_concrete_powder	142
top_aspect_north	10	3	minecraft:acacia_wood	140
top_aspect_north	10	3	minecraft:basalt	72
top_aspect_north	10	3	minecraft:birch_wood	30
top_aspect_north	10	3	minecraft:black_wool	1
top_aspect_north	10	3	minecraft:cyan_terracotta	136
top_aspect_north	10	3	minecraft:diorite	38
top_aspect_north	10	3	minecraft:dirt	2
top_aspect_north	10	3	minecraft:light_gray_terracotta	2
top_aspect_north	10	3	minecraft:mud	50
top_aspect_north	10	3	minecraft:packed_ice	2
top_aspect_north	10	3	minecraft:pale_moss_block	138
top_aspect_north	10	3	minecraft:pale_oak_wood	13
top_aspect_north	10	3	minecraft:smooth_basalt	12
top_aspect_north	10	3	minecraft:snow_block	95
top_aspect_north	10	3	minecraft:stone	47
top_aspect_north	10	3	minecraft:white_concrete_powder	36
top_aspect_north	10	4	minecraft:acacia_wood	23
top_aspect_north	10	4	minecraft:basalt	15
top_aspect_north	10	4	minecraft:cyan_terracotta	15
top_aspect_north	10	4	minecraft:mud	3
top_aspect_north	10	4	minecraft:pale_moss_block	1
top_aspect_north	10	4	minecraft:smooth_basalt	1
top_aspect_north	11	0	minecraft:birch_wood	2
top_aspect_north	11	1	minecraft:birch_wood	59
top_aspect_north	11	1	minecraft:diorite	42
top_aspect_north	11	1	minecraft:snow_block	12
top_aspect_north	11	1	minecraft:stone	1
top_aspect_north	11	1	minecraft:white_concrete_powder	42
top_aspect_north	11	2	minecraft:acacia_wood	18
top_aspect_north	11	2	minecraft:birch_wood	138
top_aspect_north	11	2	minecraft:coarse_dirt	1
top_aspect_north	11	2	minecraft:cyan_terracotta	11
top_aspect_north	11	2	minecraft:diorite	91
top_aspect_north	11	2	minecraft:mud	1
top_aspect_north	11	2	minecraft:pale_moss_block	11
top_aspect_north	11	2	minecraft:pale_oak_wood	2
top_aspect_north	11	2	minecraft:smooth_basalt	1
top_aspect_north	11	2	minecraft:snow_block	69
top_aspect_north	11	2	minecraft:stone	7
top_aspect_north	11	2	minecraft:white_concrete_powder	101
top_aspect_north	11	3	minecraft:acacia_wood	128
top_aspect_north	11	3	minecraft:basalt	33
top_aspect_north	11	3	minecraft:birch_wood	48
top_aspect_north	11	3	minecraft:black_wool	2
top_aspect_north	11	3	minecraft:blackstone	1
top_aspect_north	11	3	minecraft:coarse_dirt	1
top_aspect_north	11	3	minecraft:cyan_terracotta	136
top_aspect_north	11	3	minecraft:diorite	36
top_aspect_north	11	3	minecraft:light_gray_wool	2
top_aspect_north	11	3	minecraft:mud	14
top_aspect_north	11	3	minecraft:pale_moss_block	193
top_aspect_north	11	3	minecraft:pale_oak_wood	49
top_aspect_north	11	3	minecraft:smooth_basalt	9
top_aspect_north	11	3	minecraft:snow_block	18
top_aspect_north	11	3	minecraft:stone	70
top_aspect_north	11	3	minecraft:tuff	2
top_aspect_north	11	3	minecraft:white_concrete_powder	32
top_aspect_north	11	4	minecraft:acacia_wood	28
top_aspect_north	11	4	minecraft:birch_wood	1
top_aspect_north	11	4	minecraft:cyan_terracotta	2
top_aspect_north	11	4	minecraft:mud	27
top_aspect_north	11	4	minecraft:pale_moss_block	3
top_aspect_north	11	4	minecraft:pale_oak_wood	18
top_aspect_north	11	4	minecraft:smooth_basalt	6
top_aspect_north	11	4	minecraft:snow_block	6
top_aspect_north	12	1	minecraft:birch_wood	15
top_aspect_north	12	1	minecraft:diorite	5
top_aspect_north	12	1	minecraft:pale_moss_block	1
top_aspect_north	12	1	minecraft:snow_block	8
top_aspect_north	12	1	minecraft:stone	2
top_aspect_north	12	1	minecraft:white_concrete_powder	10
top_aspect_north	12	2	minecraft:acacia_wood	23
top_aspect_north	12	2	minecraft:basalt	1
top_aspect_north	12	2	minecraft:birch_wood	221
top_aspect_north	12	2	minecraft:cobblestone	2
top_aspect_north	12	2	minecraft:cyan_terracotta	13
top_aspect_north	12	2	minecraft:diorite	101
top_aspect_north	12	2	minecraft:dripstone_block	1
top_aspect_north	12	2	minecraft:mud	9
top_aspect_north	12	2	minecraft:pale_moss_block	24
top_aspect_north	12	2	minecraft:pale_oak_wood	8
top_aspect_north	12	2	minecraft:snow_block	47
top_aspect_north	12	2	minecraft:stone	20
top_aspect_north	12	2	minecraft:tuff	1
top_aspect_north	12	2	minecraft:white_concrete_powder	105
top_aspect_north	12	3	minecraft:acacia_wood	87
top_aspect_north	12	3	minecraft:basalt	2
top_aspect_north	12	3	minecraft:birch_wood	78
top_aspect_north	12	3	minecraft:blackstone	1
top_aspect_north	12	3	minecraft:cyan_terracotta	43
top_aspect_north	12	3	minecraft:diorite	42
top_aspect_north	12	3	minecraft:light_gray_wool	1
top_aspect_north	12	3	minecraft:mud	20
top_aspect_north	12	3	minecraft:pale_moss_block	64
top_aspect_north	12	3	minecraft:pale_oak_wood	24
top_aspect_north	12	3	minecraft:smooth_basalt	5
top_aspect_north	12	3	minecraft:snow_block	21
top_aspect_north	12	3	minecraft:stone	115
top_aspect_north	12	3	minecraft:tuff	1
top_aspect_north	12	3	minecraft:white_concrete_powder	72
top_aspect_north	12	4	minecraft:acacia_wood	16
top_aspect_north	12	4	minecraft:birch_wood	1
top_aspect_north	12	4	minecraft:blackstone	1
top_aspect_north	12	4	minecraft:cyan_terracotta	1
top_aspect_north	12	4	minecraft:light_gray_wool	2
top_aspect_north	12	4	minecraft:mud	1
top_aspect_north	12	4	minecraft:pale_moss_block	1
top_aspect_north	12	4	minecraft:pale_oak_wood	6
top_aspect_north	12	4	minecraft:snow_block	8
top_aspect_north	12	4	minecraft:stone	6
top_aspect_north	13	1	minecraft:birch_wood	28
top_aspect_north	13	1	minecraft:diorite	26
top_aspect_north	13	1	minecraft:mud	1
top_aspect_north	13	1	minecraft:snow_block	1
top_aspect_north	13	1	minecraft:white_concrete_powder	8
top_aspect_north	13	2	minecraft:acacia_wood	5
top_aspect_north	13	2	minecraft:birch_wood	234
top_aspect_north	13	2	minecraft:blackstone	1
top_aspect_north	13	2	minecraft:cyan_terracotta	5
top_aspect_north	13	2	minecraft:diorite	143
top_aspect_north	13	2	minecraft:mud	2
top_aspect_north	13	2	minecraft:pale_moss_block	22
top_aspect_north	13	2	minecraft:smooth_basalt	1
top_aspect_north	13	2	minecraft:snow_block	37
top_aspect_north	13	2	minecraft:stone	20
top_aspect_north	13	2	minecraft:white_concrete_powder	144
top_aspect_north	13	3	minecraft:acacia_wood	27
top_aspect_north	13	3	minecraft:basalt	2
top_aspect_north	13	3	minecraft:birch_wood	26
top_aspect_north	13	3	minecraft:blackstone	4
top_aspect_north	13	3	minecraft:cyan_terracotta	56
top_aspect_north	13	3	minecraft:diorite	9
top_aspect_north	13	3	minecraft:light_gray_wool	3
top_aspect_north	13	3	minecraft:mud	22
top_aspect_north	13	3	minecraft:pale_moss_block	49
top_aspect_north	13	3	minecraft:pale_oak_wood	25
top_aspect_north	13	3	minecraft:smooth_basalt	2
top_aspect_north	13	3	minecraft:snow_block	70
top_aspect_north	13	3	minecraft:stone	32
top_aspect_north	13	3	minecraft:white_concrete_powder	20
top_aspect_north	13	4	minecraft:acacia_wood	2
top_aspect_north	13	4	minecraft:mud	3
top_aspect_north	13	4	minecraft:pale_oak_wood	1
top_aspect_north	13	4	minecraft:snow_block	1
top_aspect_north	14	1	minecraft:acacia_wood	2
top_aspect_north	14	1	minecraft:birch_wood	4
top_aspect_north	14	1	minecraft:cyan_terracotta	1
top_aspect_north	14	1	minecraft:diorite	8
top_aspect_north	14	1	minecraft:mud	1
top_aspect_north	14	1	minecraft:pale_moss_block	2
top_aspect_north	14	1	minecraft:snow_block	2
top_aspect_north	14	1	minecraft:white_concrete_powder	4
top_aspect_north	14	2	minecraft:acacia_wood	12
top_aspect_north	14	2	minecraft:basalt	2
top_aspect_north	14	2	minecraft:birch_wood	80
top_aspect_north	14	2	minecraft:blackstone	1
top_aspect_north	14	2	minecraft:cyan_terracotta	11
top_aspect_north	14	2	minecraft:diorite	69
top_aspect_north	14	2	minecraft:light_gray_wool	3
top_aspect_north	14	2	minecraft:mud	11
top_aspect_north	14	2	minecraft:pale_moss_block	10
top_aspect_north	14	2	minecraft:pale_oak_wood	1
top_aspect_north	14	2	minecraft:snow_block	35
top_aspect_north	14	2	minecraft:stone	21
top_aspect_north	14	2	minecraft:white_concrete_powder	47
top_aspect_north	14	3	minecraft:acacia_wood	58
top_aspect_north	14	3	minecraft:basalt	2
top_aspect_north	14	3	minecraft:birch_wood	47
top_aspect_north	14	3	minecraft:blackstone	1
top_aspect_north	14	3	minecraft:cyan_terracotta	36
top_aspect_north	14	3	minecraft:diorite	17
top_aspect_north	14	3	minecraft:mud	20
top_aspect_north	14	3	minecraft:pale_moss_block	37
top_aspect_north	14	3	minecraft:pale_oak_wood	2
top_aspect_north	14	3	minecraft:smooth_basalt	2
top_aspect_north	14	3	minecraft:snow_block	60
top_aspect_north	14	3	minecraft:stone	46
top_aspect_north	14	3	minecraft:white_concrete_powder	41
top_aspect_north	14	4	minecraft:acacia_wood	5
top_aspect_north	14	4	minecraft:cyan_terracotta	2
top_aspect_north	14	4	minecraft:mud	9
top_aspect_north	14	4	minecraft:snow_block	14
top_aspect_north	14	4	minecraft:stone	1
top_aspect_north	15	0	minecraft:birch_wood	4
top_aspect_north	15	0	minecraft:diorite	1
top_aspect_north	15	0	minecraft:snow_block	2
top_aspect_north	15	0	minecraft:white_concrete_powder	2
top_aspect_north	15	1	minecraft:birch_wood	44
top_aspect_north	15	1	minecraft:diorite	15
top_aspect_north	15	1	minecraft:pale_moss_block	1
top_aspect_north	15	1	minecraft:snow_block	26
top_aspect_north	15	1	minecraft:white_concrete_powder	50
top_aspect_north	15	2	minecraft:acacia_wood	13
top_aspect_north	15	2	minecraft:basalt	2
top_aspect_north	15	2	minecraft:birch_wood	46
top_aspect_north	15	2	minecraft:cyan_terracotta	3
top_aspect_north	15	2	minecraft:diorite	6
top_aspect_north	15	2	minecraft:pale_moss_block	15
top_aspect_north	15	2	minecraft:snow_block	37
top_aspect_north	15	2	minecraft:stone	10
top_aspect_north	15	2	minecraft:white_concrete_powder	52
top_aspect_north	15	3	minecraft:acacia_wood	19
top_aspect_north	15	3	minecraft:basalt	1
top_aspect_north	15	3	minecraft:birch_wood	15
top_aspect_north	15	3	minecraft:cyan_terracotta	8
top_aspect_north	15	3	minecraft:diorite	3
top_aspect_north	15	3	minecraft:light_gray_wool	1
top_aspect_north	15	3	minecraft:mud	3
top_aspect_north	15	3	minecraft:pale_moss_block	27
top_aspect_north	15	3	minecraft:snow_block	35
top_aspect_north	15	3	minecraft:stone	26
top_aspect_north	15	3	minecraft:white_concrete_powder	25
top_aspect_north	15	4	minecraft:snow_block	1
top_aspect_north	2	0	minecraft:acacia_wood	3
top_aspect_north	2	0	minecraft:cyan_terracotta	1
top_aspect_north	2	0	minecraft:grass_block	83
top_aspect_north	2	0	minecraft:moss_block	46
top_aspect_north	2	0	minecraft:smooth_basalt	6
top_aspect_north	2	0	minecraft:stone	5
top_aspect_north	2	0	minecraft:white_concrete	3
top_aspect_north	2	1	minecraft:acacia_wood	21
top_aspect_north	2	1	minecraft:andesite	1
top_aspect_north	2	1	minecraft:basalt	6
top_aspect_north	2	1	minecraft:cyan_terracotta	13
top_aspect_north	2	1	minecraft:diamond_block	2
top_aspect_north	2	1	minecraft:dirt	3
top_aspect_north	2	1	minecraft:grass_block	317
top_aspect_north	2	1	minecraft:gray_wool	2
top_aspect_north	2	1	minecraft:light_gray_wool	1
top_aspect_north	2	1	minecraft:moss_block	178
top_aspect_north	2	1	minecraft:mud	8
top_aspect_north	2	1	minecraft:pale_moss_block	34
top_aspect_north	2	1	minecraft:pale_oak_wood	2
top_aspect_north	2	1	minecraft:smooth_basalt	7
top_aspect_north	2	1	minecraft:stone	39
top_aspect_north	2	1	minecraft:tuff	1
top_aspect_north	2	1	minecraft:white_concrete	7
top_aspect_north	2	2	minecraft:acacia_wood	125
top_aspect_north	2	2	minecraft:basalt	38
top_aspect_north	2	2	minecraft:black_wool	4
top_aspect_north	2	2	minecraft:blackstone	9
top_aspect_north	2	2	minecraft:cyan_terracotta	89
top_aspect_north	2	2	minecraft:diamond_block	1
top_aspect_north	2	2	minecraft:grass_block	185
top_aspect_north	2	2	minecraft:gray_wool	13
top_aspect_north	2	2	minecraft:light_gray_wool	4
top_aspect_north	2	2	minecraft:moss_block	91
top_aspect_north	2	2	minecraft:mud	33
top_aspect_north	2	2	minecraft:pale_moss_block	194
top_aspect_north	2	2	minecraft:pale_oak_wood	5
top_aspect_north	2	2	minecraft:smooth_basalt	14
top_aspect_north	2	2	minecraft:stone	160
top_aspect_north	2	2	minecraft:white_concrete	2
top_aspect_north	2	3	minecraft:acacia_wood	105
top_aspect_north	2	3	minecraft:basalt	41
top_aspect_north	2	3	minecraft:black_wool	4
top_aspect_north	2	3	minecraft:blackstone	12
top_aspect_north	2	3	minecraft:cyan_terracotta	80
top_aspect_north	2	3	minecraft:diamond_block	2
top_aspect_north	2	3	minecraft:grass_block	10
top_aspect_north	2	3	minecraft:light_gray_wool	6
top_aspect_north	2	3	minecraft:moss_block	6
top_aspect_north	2	3	minecraft:mud	71
top_aspect_north	2	3	minecraft:pale_moss_block	96
top_aspect_north	2	3	minecraft:pale_oak_wood	39
top_aspect_north	2	3	minecraft:smooth_basalt	33
top_aspect_north	2	3	minecraft:stone	77
top_aspect_north	2	4	minecraft:acacia_wood	28
top_aspect_north	2	4	minecraft:basalt	3
top_aspect_north	2	4	minecraft:black_wool	1
top_aspect_north	2	4	minecraft:cyan_terracotta	37
top_aspect_north	2	4	minecraft:grass_block	2
top_aspect_north	2	4	minecraft:light_gray_wool	5
top_aspect_north	2	4	minecraft:moss_block	2
top_aspect_north	2	4	minecraft:mud	9
top_aspect_north	2	4	minecraft:pale_moss_block	24
top_aspect_north	2	4	minecraft:pale_oak_wood	11
top_aspect_north	2	4	minecraft:smooth_basalt	9
top_aspect_north	2	4	minecraft:stone	12
top_aspect_north	3	0	minecraft:cyan_terracotta	1
top_aspect_north	3	0	minecraft:grass_block	7
top_aspect_north	3	0	minecraft:moss_block	3
top_aspect_north	3	0	minecraft:mud	1
top_aspect_north	3	0	minecraft:stone	6
top_aspect_north	3	1	minecraft:acacia_wood	21
top_aspect_north	3	1	minecraft:basalt	5
top_aspect_north	3	1	minecraft:black_wool	1
top_aspect_north	3	1	minecraft:cyan_terracotta	26
top_aspect_north	3	1	minecraft:dirt	3
top_aspect_north	3	1	minecraft:grass_block	81
top_aspect_north	3	1	minecraft:light_gray_wool	1
top_aspect_north	3	1	minecraft:moss_block	127
top_aspect_north	3	1	minecraft:mud	18
top_aspect_north	3	1	minecraft:pale_moss_block	24
top_aspect_north	3	1	minecraft:pale_oak_wood	6
top_aspect_north	3	1	minecraft:smooth_basalt	2
top_aspect_north	3	1	minecraft:stone	49
top_aspect_north	3	2	minecraft:acacia_wood	151
top_aspect_north	3	2	minecraft:andesite	1
top_aspect_north	3	2	minecraft:basalt	15
top_aspect_north	3	2	minecraft:black_wool	10
top_aspect_north	3	2	minecraft:blackstone	4
top_aspect_north	3	2	minecraft:cobblestone	1
top_aspect_north	3	2	minecraft:cyan_terracotta	129
top_aspect_north	3	2	minecraft:grass_block	63
top_aspect_north	3	2	minecraft:gray_wool	1
top_aspect_north	3	2	minecraft:light_gray_wool	6
top_aspect_north	3	2	minecraft:moss_block	92
top_aspect_north	3	2	minecraft:mud	49
top_aspect_north	3	2	minecraft:pale_moss_block	240
top_aspect_north	3	2	minecraft:pale_oak_wood	29
top_aspect_north	3	2	minecraft:smooth_basalt	13
top_aspect_north	3	2	minecraft:stone	335
top_aspect_north	3	2	minecraft:tuff	2
top_aspect_north	3	3	minecraft:acacia_wood	181
top_aspect_north	3	3	minecraft:basalt	11
top_aspect_north	3	3	minecraft:black_wool	4
top_aspect_north	3	3	minecraft:blackstone	8
top_aspect_north	3	3	minecraft:cyan_terracotta	110
top_aspect_north	3	3	minecraft:grass_block	3
top_aspect_north	3	3	minecraft:light_gray_wool	2
top_aspect_north	3	3	minecraft:moss_block	9
top_aspect_north	3	3	minecraft:mud	104
top_aspect_north	3	3	minecraft:pale_moss_block	132
top_aspect_north	3	3	minecraft:pale_oak_wood	23
top_aspect_north	3	3	minecraft:smooth_basalt	40
top_aspect_north	3	3	minecraft:stone	185
top_aspect_north	3	3	minecraft:tuff	3
top_aspect_north	3	4	minecraft:acacia_wood	82
top_aspect_north	3	4	minecraft:black_wool	4
top_aspect_north	3	4	minecraft:blackstone	1
top_aspect_north	3	4	minecraft:cobblestone	1
top_aspect_north	3	4	minecraft:cyan_terracotta	27
top_aspect_north	3	4	minecraft:light_gray_wool	3
top_aspect_north	3	4	minecraft:moss_block	1
top_aspect_north	3	4	minecraft:mud	39
top_aspect_north	3	4	minecraft:pale_moss_block	28
top_aspect_north	3	4	minecraft:pale_oak_wood	6
top_aspect_north	3	4	minecraft:smooth_basalt	21
top_aspect_north	3	4	minecraft:stone	49
top_aspect_north	4	0	minecraft:acacia_wood	4
top_aspect_north	4	0	minecraft:blackstone	1
top_aspect_north	4	0	minecraft:cyan_terracotta	1
top_aspect_north	4	0	minecraft:dirt	1
top_aspect_north	4	0	minecraft:grass_block	2
top_aspect_north	4	0	minecraft:moss_block	2
top_aspect_north	4	0	minecraft:mud	1
top_aspect_north	4	0	minecraft:pale_moss_block	6
top_aspect_north	4	0	minecraft:smooth_basalt	1
top_aspect_north	4	0	minecraft:stone	1
top_aspect_north	4	1	minecraft:acacia_wood	48
top_aspect_north	4	1	minecraft:basalt	8
top_aspect_north	4	1	minecraft:blackstone	1
top_aspect_north	4	1	minecraft:cyan_terracotta	21
top_aspect_north	4	1	minecraft:dirt	7
top_aspect_north	4	1	minecraft:grass_block	22
top_aspect_north	4	1	minecraft:gray_wool	2
top_aspect_north	4	1	minecraft:moss_block	32
top_aspect_north	4	1	minecraft:mud	15
top_aspect_north	4	1	minecraft:pale_moss_block	37
top_aspect_north	4	1	minecraft:smooth_basalt	3
top_aspect_north	4	1	minecraft:stone	32
top_aspect_north	4	2	minecraft:acacia_wood	285
top_aspect_north	4	2	minecraft:andesite	2
top_aspect_north	4	2	minecraft:basalt	34
top_aspect_north	4	2	minecraft:black_wool	1
top_aspect_north	4	2	minecraft:blackstone	9
top_aspect_north	4	2	minecraft:cobblestone	3
top_aspect_north	4	2	minecraft:cyan_terracotta	109
top_aspect_north	4	2	minecraft:diorite	2
top_aspect_north	4	2	minecraft:dirt	3
top_aspect_north	4	2	minecraft:grass_block	12
top_aspect_north	4	2	minecraft:light_gray_wool	12
top_aspect_north	4	2	minecraft:moss_block	40
top_aspect_north	4	2	minecraft:mud	37
top_aspect_north	4	2	minecraft:pale_moss_block	295
top_aspect_north	4	2	minecraft:pale_oak_wood	5
top_aspect_north	4	2	minecraft:smooth_basalt	21
top_aspect_north	4	2	minecraft:stone	209
top_aspect_north	4	2	minecraft:tuff	13
top_aspect_north	4	3	minecraft:acacia_wood	214
top_aspect_north	4	3	minecraft:basalt	32
top_aspect_north	4	3	minecraft:birch_wood	2
top_aspect_north	4	3	minecraft:black_wool	2
top_aspect_north	4	3	minecraft:blackstone	20
top_aspect_north	4	3	minecraft:cobblestone	2
top_aspect_north	4	3	minecraft:cyan_terracotta	120
top_aspect_north	4	3	minecraft:dripstone_block	2
top_aspect_north	4	3	minecraft:grass_block	6
top_aspect_north	4	3	minecraft:light_gray_wool	8
top_aspect_north	4	3	minecraft:moss_block	4
top_aspect_north	4	3	minecraft:mud	89
top_aspect_north	4	3	minecraft:pale_moss_block	242
top_aspect_north	4	3	minecraft:pale_oak_wood	29
top_aspect_north	4	3	minecraft:smooth_basalt	45
top_aspect_north	4	3	minecraft:snow_block	1
top_aspect_north	4	3	minecraft:stone	187
top_aspect_north	4	3	minecraft:tuff	10
top_aspect_north	4	4	minecraft:acacia_wood	70
top_aspect_north	4	4	minecraft:basalt	5
top_aspect_north	4	4	minecraft:blackstone	6
top_aspect_north	4	4	minecraft:cyan_terracotta	53
top_aspect_north	4	4	minecraft:mud	32
top_aspect_north	4	4	minecraft:pale_moss_block	43
top_aspect_north	4	4	minecraft:pale_oak_wood	15
top_aspect_north	4	4	minecraft:smooth_basalt	42
top_aspect_north	4	4	minecraft:stone	36
top_aspect_north	5	0	minecraft:acacia_wood	6
top_aspect_north	5	0	minecraft:gray_wool	3
top_aspect_north	5	0	minecraft:moss_block	4
top_aspect_north	5	0	minecraft:mud	2
top_aspect_north	5	0	minecraft:pale_oak_wood	1
top_aspect_north	5	0	minecraft:snow_block	1
top_aspect_north	5	0	minecraft:stone	3
top_aspect_north	5	1	minecraft:acacia_wood	55
top_aspect_north	5	1	minecraft:black_wool	2
top_aspect_north	5	1	minecraft:cobblestone	1
top_aspect_north	5	1	minecraft:cyan_terracotta	7
top_aspect_north	5	1	minecraft:dirt	4
top_aspect_north	5	1	minecraft:grass_block	7
top_aspect_north	5	1	minecraft:gray_wool	11
top_aspect_north	5	1	minecraft:light_gray_wool	1
top_aspect_north	5	1	minecraft:moss_block	70
top_aspect_north	5	1	minecraft:mud	14
top_aspect_north	5	1	minecraft:pale_moss_block	17
top_aspect_north	5	1	minecraft:pale_oak_wood	16
top_aspect_north	5	1	minecraft:smooth_basalt	4
top_aspect_north	5	1	minecraft:snow_block	4
top_aspect_north	5	1	minecraft:stone	101
top_aspect_north	5	1	minecraft:white_concrete	1
top_aspect_north	5	2	minecraft:acacia_wood	123
top_aspect_north	5	2	minecraft:basalt	3
top_aspect_north	5	2	minecraft:black_wool	1
top_aspect_north	5	2	minecraft:blackstone	2
top_aspect_north	5	2	minecraft:cobblestone	3
top_aspect_north	5	2	minecraft:cyan_terracotta	67
top_aspect_north	5	2	minecraft:grass_block	16
top_aspect_north	5	2	minecraft:gray_wool	10
top_aspect_north	5	2	minecraft:light_gray_wool	13
top_aspect_north	5	2	minecraft:moss_block	23
top_aspect_north	5	2	minecraft:mud	44
top_aspect_north	5	2	minecraft:pale_moss_block	160
top_aspect_north	5	2	minecraft:pale_oak_wood	32
top_aspect_north	5	2	minecraft:smooth_basalt	17
top_aspect_north	5	2	minecraft:snow_block	10
top_aspect_north	5	2	minecraft:stone	259
top_aspect_north	5	2	minecraft:tuff	4
top_aspect_north	5	3	minecraft:acacia_wood	155
top_aspect_north	5	3	minecraft:basalt	11
top_aspect_north	5	3	minecraft:blackstone	12
top_aspect_north	5	3	minecraft:cyan_terracotta	125
top_aspect_north	5	3	minecraft:diorite	2
top_aspect_north	5	3	minecraft:dirt	1
top_aspect_north	5	3	minecraft:grass_block	4
top_aspect_north	5	3	minecraft:gray_wool	4
top_aspect_north	5	3	minecraft:light_gray_wool	11
top_aspect_north	5	3	minecraft:mud	85
top_aspect_north	5	3	minecraft:pale_moss_block	191
top_aspect_north	5	3	minecraft:pale_oak_wood	50
top_aspect_north	5	3	minecraft:smooth_basalt	24
top_aspect_north	5	3	minecraft:snow_block	22
top_aspect_north	5	3	minecraft:stone	227
top_aspect_north	5	3	minecraft:tuff	16
top_aspect_north	5	4	minecraft:acacia_wood	44
top_aspect_north	5	4	minecraft:basalt	18
top_aspect_north	5	4	minecraft:blackstone	9
top_aspect_north	5	4	minecraft:cyan_terracotta	76
top_aspect_north	5	4	minecraft:diorite	1
top_aspect_north	5	4	minecraft:dirt	3
top_aspect_north	5	4	minecraft:light_gray_wool	4
top_aspect_north	5	4	minecraft:mud	35
top_aspect_north	5	4	minecraft:pale_moss_block	38
top_aspect_north	5	4	minecraft:pale_oak_wood	35
top_aspect_north	5	4	minecraft:smooth_basalt	19
top_aspect_north	5	4	minecraft:snow_block	3
top_aspect_north	5	4	minecraft:stone	61
top_aspect_north	5	4	minecraft:white_concrete	6
top_aspect_north	6	0	minecraft:basalt	1
top_aspect_north	6	0	minecraft:moss_block	1
top_aspect_north	6	0	minecraft:mud	1
top_aspect_north	6	0	minecraft:pale_moss_block	1
top_aspect_north	6	0	minecraft:stone	2
top_aspect_north	6	1	minecraft:acacia_wood	9
top_aspect_north	6	1	minecraft:andesite	1
top_aspect_north	6	1	minecraft:basalt	6
top_aspect_north	6	1	minecraft:cobblestone	5
top_aspect_north	6	1	minecraft:cyan_terracotta	5
top_aspect_north	6	1	minecraft:light_gray_wool	1
top_aspect_north	6	1	minecraft:moss_block	81
top_aspect_north	6	1	minecraft:mud	12
top_aspect_north	6	1	minecraft:pale_moss_block	24
top_aspect_north	6	1	minecraft:pale_oak_wood	2
top_aspect_north	6	1	minecraft:smooth_basalt	1
top_aspect_north	6	1	minecraft:snow_block	5
top_aspect_north	6	1	minecraft:stone	53
top_aspect_north	6	2	minecraft:acacia_wood	133
top_aspect_north	6	2	minecraft:basalt	14
top_aspect_north	6	2	minecraft:blackstone	2
top_aspect_north	6	2	minecraft:cyan_terracotta	74
top_aspect_north	6	2	minecraft:diorite	1
top_aspect_north	6	2	minecraft:light_gray_wool	4
top_aspect_north	6	2	minecraft:moss_block	78
top_aspect_north	6	2	minecraft:mud	53
top_aspect_north	6	2	minecraft:pale_moss_block	175
top_aspect_north	6	2	minecraft:pale_oak_wood	10
top_aspect_north	6	2	minecraft:smooth_basalt	19
top_aspect_north	6	2	minecraft:snow_block	14
top_aspect_north	6	2	minecraft:stone	170
top_aspect_north	6	3	minecraft:acacia_wood	227
top_aspect_north	6	3	minecraft:basalt	50
top_aspect_north	6	3	minecraft:birch_wood	3
top_aspect_north	6	3	minecraft:black_wool	5
top_aspect_north	6	3	minecraft:blackstone	12
top_aspect_north	6	3	minecraft:cyan_terracotta	204
top_aspect_north	6	3	minecraft:diorite	8
top_aspect_north	6	3	minecraft:light_gray_wool	8
top_aspect_north	6	3	minecraft:mud	100
top_aspect_north	6	3	minecraft:pale_moss_block	245
top_aspect_north	6	3	minecraft:pale_oak_wood	48
top_aspect_north	6	3	minecraft:smooth_basalt	57
top_aspect_north	6	3	minecraft:snow_block	27
top_aspect_north	6	3	minecraft:stone	197
top_aspect_north	6	3	minecraft:tuff	14
top_aspect_north	6	4	minecraft:acacia_wood	43
top_aspect_north	6	4	minecraft:basalt	13
top_aspect_north	6	4	minecraft:birch_wood	4
top_aspect_north	6	4	minecraft:blackstone	9
top_aspect_north	6	4	minecraft:cyan_terracotta	73
top_aspect_north	6	4	minecraft:diorite	6
top_aspect_north	6	4	minecraft:light_gray_wool	6
top_aspect_north	6	4	minecraft:mud	45
top_aspect_north	6	4	minecraft:pale_moss_block	52
top_aspect_north	6	4	minecraft:pale_oak_wood	5
top_aspect_north	6	4	minecraft:smooth_basalt	11
top_aspect_north	6	4	minecraft:snow_block	20
top_aspect_north	6	4	minecraft:stone	43
top_aspect_north	7	1	minecraft:acacia_wood	7
top_aspect_north	7	1	minecraft:cyan_terracotta	2
top_aspect_north	7	1	minecraft:moss_block	20
top_aspect_north	7	1	minecraft:mud	1
top_aspect_north	7	1	minecraft:pale_moss_block	14
top_aspect_north	7	1	minecraft:pale_oak_wood	1
top_aspect_north	7	1	minecraft:snow_block	5
top_aspect_north	7	1	minecraft:stone	9
top_aspect_north	7	2	minecraft:acacia_wood	175
top_aspect_north	7	2	minecraft:basalt	1
top_aspect_north	7	2	minecraft:cobblestone	1
top_aspect_north	7	2	minecraft:cyan_terracotta	38
top_aspect_north	7	2	minecraft:light_gray_wool	5
top_aspect_north	7	2	minecraft:moss_block	27
top_aspect_north	7	2	minecraft:mud	57
top_aspect_north	7	2	minecraft:pale_moss_block	199
top_aspect_north	7	2	minecraft:pale_oak_wood	18
top_aspect_north	7	2	minecraft:smooth_basalt	1
top_aspect_north	7	2	minecraft:snow_block	2
top_aspect_north	7	2	minecraft:stone	152
top_aspect_north	7	3	minecraft:acacia_wood	182
top_aspect_north	7	3	minecraft:basalt	25
top_aspect_north	7	3	minecraft:blackstone	7
top_aspect_north	7	3	minecraft:cyan_terracotta	120
top_aspect_north	7	3	minecraft:diorite	6
top_aspect_north	7	3	minecraft:light_gray_terracotta	1
top_aspect_north	7	3	minecraft:light_gray_wool	20
top_aspect_north	7	3	minecraft:mud	105
top_aspect_north	7	3	minecraft:pale_moss_block	183
top_aspect_north	7	3	minecraft:pale_oak_wood	55
top_aspect_north	7	3	minecraft:smooth_basalt	15
top_aspect_north	7	3	minecraft:snow_block	34
top_aspect_north	7	3	minecraft:stone	168
top_aspect_north	7	3	minecraft:tuff	7
top_aspect_north	7	4	minecraft:acacia_wood	48
top_aspect_north	7	4	minecraft:basalt	19
top_aspect_north	7	4	minecraft:blackstone	5
top_aspect_north	7	4	minecraft:cyan_terracotta	52
top_aspect_north	7	4	minecraft:diorite	1
top_aspect_north	7	4	minecraft:mud	71
top_aspect_north	7	4	minecraft:pale_moss_block	28
top_aspect_north	7	4	minecraft:pale_oak_wood	9
top_aspect_north	7	4	minecraft:smooth_basalt	2
top_aspect_north	7	4	minecraft:snow_block	7
top_aspect_north	7	4	minecraft:stone	19
top_aspect_north	8	0	minecraft:packed_ice	12
top_aspect_north	8	0	minecraft:pale_moss_block	5
top_aspect_north	8	0	minecraft:snow_block	35
top_aspect_north	8	1	minecraft:acacia_wood	17
top_aspect_north	8	1	minecraft:basalt	3
top_aspect_north	8	1	minecraft:cobblestone	4
top_aspect_north	8	1	minecraft:cyan_terracotta	4
top_aspect_north	8	1	minecraft:mud	1
top_aspect_north	8	1	minecraft:packed_ice	4
top_aspect_north	8	1	minecraft:pale_moss_block	58
top_aspect_north	8	1	minecraft:snow_block	66
top_aspect_north	8	1	minecraft:stone	31
top_aspect_north	8	2	minecraft:acacia_wood	72
top_aspect_north	8	2	minecraft:basalt	3
top_aspect_north	8	2	minecraft:birch_wood	2
top_aspect_north	8	2	minecraft:coarse_dirt	2
top_aspect_north	8	2	minecraft:cobblestone	2
top_aspect_north	8	2	minecraft:cyan_terracotta	8
top_aspect_north	8	2	minecraft:diorite	7
top_aspect_north	8	2	minecraft:dripstone_block	4
top_aspect_north	8	2	minecraft:light_gray_wool	7
top_aspect_north	8	2	minecraft:mud	12
top_aspect_north	8	2	minecraft:packed_mud	7
top_aspect_north	8	2	minecraft:pale_moss_block	163
top_aspect_north	8	2	minecraft:pale_oak_wood	15
top_aspect_north	8	2	minecraft:smooth_basalt	1
top_aspect_north	8	2	minecraft:snow_block	8
top_aspect_north	8	2	minecraft:stone	161
top_aspect_north	8	3	minecraft:acacia_wood	289
top_aspect_north	8	3	minecraft:basalt	19
top_aspect_north	8	3	minecraft:birch_wood	12
top_aspect_north	8	3	minecraft:blackstone	5
top_aspect_north	8	3	minecraft:coarse_dirt	2
top_aspect_north	8	3	minecraft:cyan_terracotta	172
top_aspect_north	8	3	minecraft:diorite	13
top_aspect_north	8	3	minecraft:dripstone_block	4
top_aspect_north	8	3	minecraft:light_gray_terracotta	2
top_aspect_north	8	3	minecraft:light_gray_wool	36
top_aspect_north	8	3	minecraft:mud	82
top_aspect_north	8	3	minecraft:pale_moss_block	165
top_aspect_north	8	3	minecraft:pale_oak_wood	62
top_aspect_north	8	3	minecraft:smooth_basalt	5
top_aspect_north	8	3	minecraft:snow_block	16
top_aspect_north	8	3	minecraft:stone	198
top_aspect_north	8	3	minecraft:white_concrete_powder	2
top_aspect_north	8	4	minecraft:acacia_wood	61
top_aspect_north	8	4	minecraft:basalt	16
top_aspect_north	8	4	minecraft:cyan_terracotta	52
top_aspect_north	8	4	minecraft:diorite	1
top_aspect_north	8	4	minecraft:light_gray_wool	1
top_aspect_north	8	4	minecraft:mud	48
top_aspect_north	8	4	minecraft:pale_moss_block	21
top_aspect_north	8	4	minecraft:pale_oak_wood	19
top_aspect_north	8	4	minecraft:smooth_basalt	12
top_aspect_north	8	4	minecraft:snow_block	1
top_aspect_north	8	4	minecraft:stone	21
top_aspect_north	9	1	minecraft:acacia_wood	7
top_aspect_north	9	1	minecraft:andesite	1
top_aspect_north	9	1	minecraft:basalt	5
top_aspect_north	9	1	minecraft:birch_wood	6
top_aspect_north	9	1	minecraft:cobblestone	8
top_aspect_north	9	1	minecraft:cyan_terracotta	3
top_aspect_north	9	1	minecraft:diorite	11
top_aspect_north	9	1	minecraft:mud	5
top_aspect_north	9	1	minecraft:pale_moss_block	19
top_aspect_north	9	1	minecraft:pale_oak_wood	8
top_aspect_north	9	1	minecraft:snow_block	3
top_aspect_north	9	1	minecraft:stone	65
top_aspect_north	9	1	minecraft:white_concrete_powder	1
top_aspect_north	9	2	minecraft:acacia_wood	39
top_aspect_north	9	2	minecraft:andesite	1
top_aspect_north	9	2	minecraft:basalt	9
top_aspect_north	9	2	minecraft:birch_wood	148
top_aspect_north	9	2	minecraft:cobblestone	1
top_aspect_north	9	2	minecraft:cyan_terracotta	11
top_aspect_north	9	2	minecraft:diorite	91
top_aspect_north	9	2	minecraft:light_gray_terracotta	2
top_aspect_north	9	2	minecraft:light_gray_wool	5
top_aspect_north	9	2	minecraft:mud	7
top_aspect_north	9	2	minecraft:pale_moss_block	67
top_aspect_north	9	2	minecraft:pale_oak_wood	3
top_aspect_north	9	2	minecraft:smooth_basalt	2
top_aspect_north	9	2	minecraft:snow_block	88
top_aspect_north	9	2	minecraft:stone	108
top_aspect_north	9	2	minecraft:white_concrete_powder	130
top_aspect_north	9	3	minecraft:acacia_wood	157
top_aspect_north	9	3	minecraft:basalt	33
top_aspect_north	9	3	minecraft:birch_wood	47
top_aspect_north	9	3	minecraft:cyan_terracotta	195
top_aspect_north	9	3	minecraft:diorite	26
top_aspect_north	9	3	minecraft:light_gray_wool	2
top_aspect_north	9	3	minecraft:mud	37
top_aspect_north	9	3	minecraft:pale_moss_block	140
top_aspect_north	9	3	minecraft:pale_oak_wood	12
top_aspect_north	9	3	minecraft:smooth_basalt	5
top_aspect_north	9	3	minecraft:snow_block	26
top_aspect_north	9	3	minecraft:stone	114
top_aspect_north	9	3	minecraft:white_concrete_powder	43
top_aspect_north	9	4	minecraft:acacia_wood	44
top_aspect_north	9	4	minecraft:basalt	4
top_aspect_north	9	4	minecraft:cyan_terracotta	71
top_aspect_north	9	4	minecraft:mud	3
top_aspect_north	9	4	minecraft:pale_moss_block	3
top_aspect_north	9	4	minecraft:pale_oak_wood	6
top_aspect_north	9	4	minecraft:smooth_basalt	4
top_aspect_north	9	4	minecraft:stone	4
top_aspect_south	0	0	minecraft:acacia_wood	3
top_aspect_south	0	0	minecraft:andesite	2
top_aspect_south	0	0	minecraft:basalt	4
top_aspect_south	0	0	minecraft:cobblestone	12
top_aspect_south	0	0	minecraft:cyan_terracotta	1
top_aspect_south	0	0	minecraft:dirt	7
top_aspect_south	0	0	minecraft:grass_block	1137
top_aspect_south	0	0	minecraft:moss_block	232
top_aspect_south	0	0	minecraft:mud	10
top_aspect_south	0	0	minecraft:pale_moss_block	25
top_aspect_south	0	0	minecraft:pale_oak_wood	1
top_aspect_south	0	0	minecraft:smooth_basalt	2
top_aspect_south	0	0	minecraft:stone	39
top_aspect_south	0	1	minecraft:acacia_wood	11
top_aspect_south	0	1	minecraft:andesite	13
top_aspect_south	0	1	minecraft:basalt	19
top_aspect_south	0	1	minecraft:blackstone	4
top_aspect_south	0	1	minecraft:cobblestone	46
top_aspect_south	0	1	minecraft:cyan_terracotta	27
top_aspect_south	0	1	minecraft:diamond_block	4
top_aspect_south	0	1	minecraft:dirt	12
top_aspect_south	0	1	minecraft:grass_block	1658
top_aspect_south	0	1	minecraft:light_gray_wool	10
top_aspect_south	0	1	minecraft:moss_block	428
top_aspect_south	0	1	minecraft:mud	37
top_aspect_south	0	1	minecraft:pale_moss_block	55
top_aspect_south	0	1	minecraft:pale_oak_wood	16
top_aspect_south	0	1	minecraft:smooth_basalt	13
top_aspect_south	0	1	minecraft:spruce_log	2
top_aspect_south	0	1	minecraft:stone	112
top_aspect_south	0	1	minecraft:tuff	3
top_aspect_south	0	2	minecraft:acacia_wood	56
top_aspect_south	0	2	minecraft:andesite	3
top_aspect_south	0	2	minecraft:basalt	59
top_aspect_south	0	2	minecraft:blackstone	11
top_aspect_south	0	2	minecraft:calcite	4
top_aspect_south	0	2	minecraft:cobblestone	74
top_aspect_south	0	2	minecraft:cyan_terracotta	105
top_aspect_south	0	2	minecraft:diamond_block	2
top_aspect_south	0	2	minecraft:dirt	3
top_aspect_south	0	2	minecraft:grass_block	327
top_aspect_south	0	2	minecraft:light_gray_wool	1
top_aspect_south	0	2	minecraft:moss_block	159
top_aspect_south	0	2	minecraft:mud	131
top_aspect_south	0	2	minecraft:pale_moss_block	83
top_aspect_south	0	2	minecraft:pale_oak_wood	44
top_aspect_south	0	2	minecraft:smooth_basalt	60
top_aspect_south	0	2	minecraft:spruce_log	1
top_aspect_south	0	2	minecraft:stone	156
top_aspect_south	0	2	minecraft:tuff	17
top_aspect_south	0	3	minecraft:acacia_wood	55
top_aspect_south	0	3	minecraft:andesite	10
top_aspect_south	0	3	minecraft:basalt	16
top_aspect_south	0	3	minecraft:blackstone	12
top_aspect_south	0	3	minecraft:calcite	2
top_aspect_south	0	3	minecraft:cobblestone	34
top_aspect_south	0	3	minecraft:cyan_terracotta	63
top_aspect_south	0	3	minecraft:diamond_block	3
top_aspect_south	0	3	minecraft:grass_block	16
top_aspect_south	0	3	minecraft:gray_wool	4
top_aspect_south	0	3	minecraft:moss_block	19
top_aspect_south	0	3	minecraft:mud	23
top_aspect_south	0	3	minecraft:pale_moss_block	69
top_aspect_south	0	3	minecraft:pale_oak_wood	13
top_aspect_south	0	3	minecraft:smooth_basalt	9
top_aspect_south	0	3	minecraft:stone	83
top_aspect_south	0	3	minecraft:tuff	2
top_aspect_south	0	4	minecraft:acacia_wood	3
top_aspect_south	0	4	minecraft:basalt	1
top_aspect_south	0	4	minecraft:blackstone	4
top_aspect_south	0	4	minecraft:cobblestone	2
top_aspect_south	0	4	minecraft:cyan_terracotta	11
top_aspect_south	0	4	minecraft:grass_block	22
top_aspect_south	0	4	minecraft:moss_block	7
top_aspect_south	0	4	minecraft:mud	10
top_aspect_south	0	4	minecraft:pale_moss_block	12
top_aspect_south	0	4	minecraft:pale_oak_wood	1
top_aspect_south	0	4	minecraft:smooth_basalt	8
top_aspect_south	0	4	minecraft:spruce_log	2
top_aspect_south	0	4	minecraft:stone	2
top_aspect_south	1	0	minecraft:acacia_wood	2
top_aspect_south	1	0	minecraft:blackstone	2
top_aspect_south	1	0	minecraft:dirt	14
top_aspect_south	1	0	minecraft:grass_block	764
top_aspect_south	1	0	minecraft:moss_block	142
top_aspect_south	1	0	minecraft:mud	4
top_aspect_south	1	0	minecraft:pale_moss_block	4
top_aspect_south	1	0	minecraft:pale_oak_wood	1
top_aspect_south	1	0	minecraft:stone	4
top_aspect_south	1	0	minecraft:white_concrete	2
top_aspect_south	1	1	minecraft:acacia_wood	22
top_aspect_south	1	1	minecraft:basalt	1
top_aspect_south	1	1	minecraft:blackstone	5
top_aspect_south	1	1	minecraft:calcite	1
top_aspect_south	1	1	minecraft:cobblestone	9
top_aspect_south	1	1	minecraft:cyan_terracotta	19
top_aspect_south	1	1	minecraft:diamond_block	29
top_aspect_south	1	1	minecraft:dirt	10
top_aspect_south	1	1	minecraft:grass_block	1118
top_aspect_south	1	1	minecraft:moss_block	608
top_aspect_south	1	1	minecraft:mud	34
top_aspect_south	1	1	minecraft:pale_moss_block	39
top_aspect_south	1	1	minecraft:pale_oak_wood	7
top_aspect_south	1	1	minecraft:smooth_basalt	3
top_aspect_south	1	1	minecraft:spruce_log	1
top_aspect_south	1	1	minecraft:stone	35
top_aspect_south	1	1	minecraft:white_concrete	1
top_aspect_south	1	2	minecraft:acacia_wood	78
top_aspect_south	1	2	minecraft:andesite	5
top_aspect_south	1	2	minecraft:basalt	36
top_aspect_south	1	2	minecraft:blackstone	8
top_aspect_south	1	2	minecraft:calcite	1
top_aspect_south	1	2	minecraft:cobblestone	92
top_aspect_south	1	2	minecraft:cyan_terracotta	90
top_aspect_south	1	2	minecraft:diamond_block	69
top_aspect_south	1	2	minecraft:dirt	7
top_aspect_south	1	2	minecraft:grass_block	539
top_aspect_south	1	2	minecraft:moss_block	501
top_aspect_south	1	2	minecraft:mud	221
top_aspect_south	1	2	minecraft:pale_moss_block	254
top_aspect_south	1	2	minecraft:pale_oak_wood	15
top_aspect_south	1	2	minecraft:smooth_basalt	36
top_aspect_south	1	2	minecraft:spruce_log	1
top_aspect_south	1	2	minecraft:stone	220
top_aspect_south	1	2	minecraft:tuff	1
top_aspect_south	1	2	minecraft:white_concrete	3
top_aspect_south	1	3	minecraft:acacia_wood	93
top_aspect_south	1	3	minecraft:andesite	1
top_aspect_south	1	3	minecraft:basalt	31
top_aspect_south	1	3	minecraft:blackstone	12
top_aspect_south	1	3	minecraft:calcite	6
top_aspect_south	1	3	minecraft:cobblestone	77
top_aspect_south	1	3	minecraft:cyan_terracotta	94
top_aspect_south	1	3	minecraft:diamond_block	19
top_aspect_south	1	3	minecraft:dirt	2
top_aspect_south	1	3	minecraft:grass_block	53
top_aspect_south	1	3	minecraft:moss_block	28
top_aspect_south	1	3	minecraft:mud	90
top_aspect_south	1	3	minecraft:pale_moss_block	202
top_aspect_south	1	3	minecraft:pale_oak_wood	12
top_aspect_south	1	3	minecraft:smooth_basalt	10
top_aspect_south	1	3	minecraft:stone	162
top_aspect_south	1	4	minecraft:acacia_wood	4
top_aspect_south	1	4	minecraft:andesite	1
top_aspect_south	1	4	minecraft:basalt	4
top_aspect_south	1	4	minecraft:blackstone	4
top_aspect_south	1	4	minecraft:cobblestone	39
top_aspect_south	1	4	minecraft:cyan_terracotta	31
top_aspect_south	1	4	minecraft:grass_block	1
top_aspect_south	1	4	minecraft:moss_block	8
top_aspect_south	1	4	minecraft:mud	12
top_aspect_south	1	4	minecraft:pale_moss_block	57
top_aspect_south	1	4	minecraft:smooth_basalt	4
top_aspect_south	1	4	minecraft:stone	63
top_aspect_south	10	0	minecraft:birch_wood	6
top_aspect_south	10	0	minecraft:diorite	2
top_aspect_south	10	0	minecraft:white_concrete_powder	1
top_aspect_south	10	1	minecraft:birch_wood	20
top_aspect_south	10	1	minecraft:diorite	17
top_aspect_south	10	1	minecraft:snow_block	1
top_aspect_south	10	1	minecraft:stone	1
top_aspect_south	10	1	minecraft:white_concrete_powder	8
top_aspect_south	10	2	minecraft:acacia_wood	1
top_aspect_south	10	2	minecraft:birch_wood	104
top_aspect_south	10	2	minecraft:cobblestone	7
top_aspect_south	10	2	minecraft:diorite	34
top_aspect_south	10	2	minecraft:pale_moss_block	8
top_aspect_south	10	2	minecraft:snow_block	53
top_aspect_south	10	2	minecraft:stone	17
top_aspect_south	10	2	minecraft:white_concrete_powder	155
top_aspect_south	10	3	minecraft:acacia_wood	19
top_aspect_south	10	3	minecraft:andesite	12
top_aspect_south	10	3	minecraft:basalt	3
top_aspect_south	10	3	minecraft:birch_wood	72
top_aspect_south	10	3	minecraft:cobblestone	94
top_aspect_south	10	3	minecraft:cyan_terracotta	24
top_aspect_south	10	3	minecraft:diorite	32
top_aspect_south	10	3	minecraft:ice	2
top_aspect_south	10	3	minecraft:mud	17
top_aspect_south	10	3	minecraft:pale_moss_block	196
top_aspect_south	10	3	minecraft:snow_block	54
top_aspect_south	10	3	minecraft:stone	300
top_aspect_south	10	3	minecraft:white_concrete_powder	81
top_aspect_south	10	4	minecraft:acacia_wood	9
top_aspect_south	10	4	minecraft:andesite	17
top_aspect_south	10	4	minecraft:cobblestone	11
top_aspect_south	10	4	minecraft:cyan_terracotta	15
top_aspect_south	10	4	minecraft:ice	2
top_aspect_south	10	4	minecraft:mud	6
top_aspect_south	10	4	minecraft:packed_ice	6
top_aspect_south	10	4	minecraft:pale_moss_block	36
top_aspect_south	10	4	minecraft:pale_oak_wood	1
top_aspect_south	10	4	minecraft:snow_block	51
top_aspect_south	10	4	minecraft:stone	52
top_aspect_south	11	0	minecraft:birch_wood	3
top_aspect_south	11	0	minecraft:diorite	1
top_aspect_south	11	0	minecraft:white_concrete_powder	1
top_aspect_south	11	1	minecraft:birch_wood	27
top_aspect_south	11	1	minecraft:diorite	14
top_aspect_south	11	1	minecraft:snow_block	1
top_aspect_south	11	1	minecraft:white_concrete_powder	23
top_aspect_south	11	2	minecraft:birch_wood	106
top_aspect_south	11	2	minecraft:cobblestone	18
top_aspect_south	11	2	minecraft:diorite	66
top_aspect_south	11	2	minecraft:pale_moss_block	11
top_aspect_south	11	2	minecraft:pale_oak_wood	1
top_aspect_south	11	2	minecraft:snow_block	44
top_aspect_south	11	2	minecraft:stone	23
top_aspect_south	11	2	minecraft:white_concrete_powder	60
top_aspect_south	11	3	minecraft:acacia_wood	33
top_aspect_south	11	3	minecraft:andesite	1
top_aspect_south	11	3	minecraft:birch_wood	61
top_aspect_south	11	3	minecraft:cobblestone	121
top_aspect_south	11	3	minecraft:cyan_terracotta	16
top_aspect_south	11	3	minecraft:diorite	54
top_aspect_south	11	3	minecraft:mud	1
top_aspect_south	11	3	minecraft:pale_moss_block	185
top_aspect_south	11	3	minecraft:pale_oak_wood	5
top_aspect_south	11	3	minecraft:snow_block	48
top_aspect_south	11	3	minecraft:stone	207
top_aspect_south	11	3	minecraft:white_concrete_powder	44
top_aspect_south	11	4	minecraft:acacia_wood	36
top_aspect_south	11	4	minecraft:basalt	3
top_aspect_south	11	4	minecraft:birch_wood	1
top_aspect_south	11	4	minecraft:cobblestone	10
top_aspect_south	11	4	minecraft:cyan_terracotta	25
top_aspect_south	11	4	minecraft:pale_moss_block	59
top_aspect_south	11	4	minecraft:pale_oak_wood	1
top_aspect_south	11	4	minecraft:snow_block	5
top_aspect_south	11	4	minecraft:stone	55
top_aspect_south	11	4	minecraft:white_concrete_powder	1
top_aspect_south	12	1	minecraft:birch_wood	8
top_aspect_south	12	1	minecraft:diorite	6
top_aspect_south	12	1	minecraft:white_concrete_powder	5
top_aspect_south	12	2	minecraft:andesite	2
top_aspect_south	12	2	minecraft:birch_wood	121
top_aspect_south	12	2	minecraft:cobblestone	15
top_aspect_south	12	2	minecraft:cyan_terracotta	3
top_aspect_south	12	2	minecraft:diorite	47
top_aspect_south	12	2	minecraft:pale_moss_block	6
top_aspect_south	12	2	minecraft:snow_block	14
top_aspect_south	12	2	minecraft:stone	19
top_aspect_south	12	2	minecraft:white_concrete_powder	61
top_aspect_south	12	3	minecraft:acacia_wood	14
top_aspect_south	12	3	minecraft:andesite	4
top_aspect_south	12	3	minecraft:basalt	2
top_aspect_south	12	3	minecraft:birch_wood	39
top_aspect_south	12	3	minecraft:cobblestone	84
top_aspect_south	12	3	minecraft:cyan_terracotta	23
top_aspect_south	12	3	minecraft:diorite	41
top_aspect_south	12	3	minecraft:light_gray_wool	2
top_aspect_south	12	3	minecraft:mud	2
top_aspect_south	12	3	minecraft:pale_moss_block	118
top_aspect_south	12	3	minecraft:snow_block	9
top_aspect_south	12	3	minecraft:stone	226
top_aspect_south	12	3	minecraft:white_concrete_powder	24
top_aspect_south	12	4	minecraft:acacia_wood	2
top_aspect_south	12	4	minecraft:cobblestone	10
top_aspect_south	12	4	minecraft:cyan_terracotta	3
top_aspect_south	12	4	minecraft:diorite	4
top_aspect_south	12	4	minecraft:light_gray_wool	9
top_aspect_south	12	4	minecraft:pale_moss_block	54
top_aspect_south	12	4	minecraft:stone	62
top_aspect_south	13	1	minecraft:birch_wood	2
top_aspect_south	13	1	minecraft:snow_block	2
top_aspect_south	13	1	minecraft:white_concrete_powder	2
top_aspect_south	13	2	minecraft:acacia_wood	1
top_aspect_south	13	2	minecraft:birch_wood	57
top_aspect_south	13	2	minecraft:cobblestone	5
top_aspect_south	13	2	minecraft:diorite	5
top_aspect_south	13	2	minecraft:pale_moss_block	3
top_aspect_south	13	2	minecraft:snow_block	67
top_aspect_south	13	2	minecraft:stone	10
top_aspect_south	13	2	minecraft:white_concrete_powder	147
top_aspect_south	13	3	minecraft:acacia_wood	37
top_aspect_south	13	3	minecraft:andesite	5
top_aspect_south	13	3	minecraft:basalt	3
top_aspect_south	13	3	minecraft:birch_wood	34
top_aspect_south	13	3	minecraft:cobblestone	34
top_aspect_south	13	3	minecraft:cyan_terracotta	5
top_aspect_south	13	3	minecraft:diorite	8
top_aspect_south	13	3	minecraft:light_gray_wool	29
top_aspect_south	13	3	minecraft:mud	11
top_aspect_south	13	3	minecraft:pale_moss_block	58
top_aspect_south	13	3	minecraft:snow_block	15
top_aspect_south	13	3	minecraft:stone	127
top_aspect_south	13	3	minecraft:white_concrete_powder	27
top_aspect_south	13	4	minecraft:acacia_wood	3
top_aspect_south	13	4	minecraft:andesite	2
top_aspect_south	13	4	minecraft:cobblestone	37
top_aspect_south	13	4	minecraft:cyan_terracotta	2
top_aspect_south	13	4	minecraft:light_gray_wool	1
top_aspect_south	13	4	minecraft:mud	6
top_aspect_south	13	4	minecraft:pale_moss_block	10
top_aspect_south	13	4	minecraft:stone	34
top_aspect_south	14	1	minecraft:birch_wood	1
top_aspect_south	14	1	minecraft:cobblestone	1
top_aspect_south	14	1	minecraft:pale_moss_block	2
top_aspect_south	14	1	minecraft:snow_block	2
top_aspect_south	14	1	minecraft:stone	1
top_aspect_south	14	1	minecraft:white_concrete_powder	1
top_aspect_south	14	2	minecraft:birch_wood	48
top_aspect_south	14	2	minecraft:cobblestone	2
top_aspect_south	14	2	minecraft:diorite	48
top_aspect_south	14	2	minecraft:pale_moss_block	16
top_aspect_south	14	2	minecraft:snow_block	18
top_aspect_south	14	2	minecraft:stone	23
top_aspect_south	14	2	minecraft:white_concrete_powder	55
top_aspect_south	14	3	minecraft:acacia_wood	12
top_aspect_south	14	3	minecraft:andesite	23
top_aspect_south	14	3	minecraft:basalt	9
top_aspect_south	14	3	minecraft:birch_wood	10
top_aspect_south	14	3	minecraft:cobblestone	14
top_aspect_south	14	3	minecraft:cyan_terracotta	2
top_aspect_south	14	3	minecraft:diorite	16
top_aspect_south	14	3	minecraft:light_gray_wool	74
top_aspect_south	14	3	minecraft:pale_moss_block	23
top_aspect_south	14	3	minecraft:snow_block	8
top_aspect_south	14	3	minecraft:stone	48
top_aspect_south	14	3	minecraft:white_concrete_powder	9
top_aspect_south	14	4	minecraft:acacia_wood	3
top_aspect_south	14	4	minecraft:andesite	9
top_aspect_south	14	4	minecraft:cobblestone	55
top_aspect_south	14	4	minecraft:cyan_terracotta	3
top_aspect_south	14	4	minecraft:light_gray_wool	22
top_aspect_south	14	4	minecraft:pale_moss_block	9
top_aspect_south	14	4	minecraft:stone	34
top_aspect_south	15	0	minecraft:birch_wood	64
top_aspect_south	15	0	minecraft:diorite	71
top_aspect_south	15	0	minecraft:snow_block	1
top_aspect_south	15	0	minecraft:white_concrete_powder	15
top_aspect_south	15	1	minecraft:birch_wood	135
top_aspect_south	15	1	minecraft:diorite	319
top_aspect_south	15	1	minecraft:pale_moss_block	5
top_aspect_south	15	1	minecraft:snow_block	17
top_aspect_south	15	1	minecraft:stone	2
top_aspect_south	15	1	minecraft:white_concrete_powder	41
top_aspect_south	15	2	minecraft:andesite	2
top_aspect_south	15	2	minecraft:birch_wood	50
top_aspect_south	15	2	minecraft:diorite	84
top_aspect_south	15	2	minecraft:light_gray_wool	3
top_aspect_south	15	2	minecraft:pale_moss_block	8
top_aspect_south	15	2	minecraft:snow_block	17
top_aspect_south	15	2	minecraft:white_concrete_powder	25
top_aspect_south	15	3	minecraft:andesite	12
top_aspect_south	15	3	minecraft:birch_wood	10
top_aspect_south	15	3	minecraft:cobblestone	20
top_aspect_south	15	3	minecraft:diorite	6
top_aspect_south	15	3	minecraft:light_gray_wool	16
top_aspect_south	15	3	minecraft:pale_moss_block	4
top_aspect_south	15	3	minecraft:snow_block	3
top_aspect_south	15	3	minecraft:stone	5
top_aspect_south	15	3	minecraft:white_concrete_powder	17
top_aspect_south	15	4	minecraft:andesite	2
top_aspect_south	15	4	minecraft:cobblestone	1
top_aspect_south	15	4	minecraft:light_gray_wool	3
top_aspect_south	2	0	minecraft:acacia_wood	3
top_aspect_south	2	0	minecraft:basalt	6
top_aspect_south	2	0	minecraft:cyan_terracotta	1
top_aspect_south	2	0	minecraft:dirt	9
top_aspect_south	2	0	minecraft:grass_block	345
top_aspect_south	2	0	minecraft:moss_block	90
top_aspect_south	2	0	minecraft:pale_moss_block	2
top_aspect_south	2	0	minecraft:smooth_basalt	10
top_aspect_south	2	0	minecraft:stone	7
top_aspect_south	2	1	minecraft:acacia_wood	8
top_aspect_south	2	1	minecraft:basalt	1
top_aspect_south	2	1	minecraft:cobblestone	15
top_aspect_south	2	1	minecraft:cyan_terracotta	9
top_aspect_south	2	1	minecraft:grass_block	214
top_aspect_south	2	1	minecraft:light_gray_wool	2
top_aspect_south	2	1	minecraft:moss_block	176
top_aspect_south	2	1	minecraft:mud	11
top_aspect_south	2	1	minecraft:pale_moss_block	5
top_aspect_south	2	1	minecraft:pale_oak_wood	1
top_aspect_south	2	1	minecraft:smooth_basalt	3
top_aspect_south	2	1	minecraft:stone	20
top_aspect_south	2	1	minecraft:tuff	2
top_aspect_south	2	2	minecraft:acacia_wood	60
top_aspect_south	2	2	minecraft:andesite	36
top_aspect_south	2	2	minecraft:basalt	5
top_aspect_south	2	2	minecraft:blackstone	4
top_aspect_south	2	2	minecraft:cobblestone	189
top_aspect_south	2	2	minecraft:cyan_terracotta	61
top_aspect_south	2	2	minecraft:diamond_block	10
top_aspect_south	2	2	minecraft:grass_block	390
top_aspect_south	2	2	minecraft:light_gray_wool	11
top_aspect_south	2	2	minecraft:moss_block	226
top_aspect_south	2	2	minecraft:mud	136
top_aspect_south	2	2	minecraft:pale_moss_block	141
top_aspect_south	2	2	minecraft:pale_oak_wood	24
top_aspect_south	2	2	minecraft:smooth_basalt	5
top_aspect_south	2	2	minecraft:stone	287
top_aspect_south	2	2	minecraft:white_concrete	1
top_aspect_south	2	3	minecraft:acacia_wood	119
top_aspect_south	2	3	minecraft:andesite	25
top_aspect_south	2	3	minecraft:basalt	10
top_aspect_south	2	3	minecraft:blackstone	3
top_aspect_south	2	3	minecraft:cobblestone	150
top_aspect_south	2	3	minecraft:cyan_terracotta	70
top_aspect_south	2	3	minecraft:diamond_block	3
top_aspect_south	2	3	minecraft:grass_block	16
top_aspect_south	2	3	minecraft:light_gray_wool	18
top_aspect_south	2	3	minecraft:moss_block	9
top_aspect_south	2	3	minecraft:mud	121
top_aspect_south	2	3	minecraft:pale_moss_block	127
top_aspect_south	2	3	minecraft:pale_oak_wood	42
top_aspect_south	2	3	minecraft:smooth_basalt	13
top_aspect_south	2	3	minecraft:stone	249
top_aspect_south	2	4	minecraft:acacia_wood	39
top_aspect_south	2	4	minecraft:basalt	10
top_aspect_south	2	4	minecraft:blackstone	9
top_aspect_south	2	4	minecraft:cobblestone	35
top_aspect_south	2	4	minecraft:cyan_terracotta	42
top_aspect_south	2	4	minecraft:grass_block	3
top_aspect_south	2	4	minecraft:moss_block	4
top_aspect_south	2	4	minecraft:mud	19
top_aspect_south	2	4	minecraft:pale_moss_block	38
top_aspect_south	2	4	minecraft:pale_oak_wood	3
top_aspect_south	2	4	minecraft:smooth_basalt	11
top_aspect_south	2	4	minecraft:stone	45
top_aspect_south	3	0	minecraft:acacia_wood	1
top_aspect_south	3	0	minecraft:cyan_terracotta	1
top_aspect_south	3	0	minecraft:grass_block	7
top_aspect_south	3	0	minecraft:moss_block	2
top_aspect_south	3	0	minecraft:mud	2
top_aspect_south	3	0	minecraft:stone	2
top_aspect_south	3	1	minecraft:acacia_wood	7
top_aspect_south	3	1	minecraft:andesite	8
top_aspect_south	3	1	minecraft:blackstone	3
top_aspect_south	3	1	minecraft:cobblestone	7
top_aspect_south	3	1	minecraft:cyan_terracotta	3
top_aspect_south	3	1	minecraft:grass_block	97
top_aspect_south	3	1	minecraft:gray_wool	1
top_aspect_south	3	1	minecraft:light_gray_wool	11
top_aspect_south	3	1	minecraft:moss_block	53
top_aspect_south	3	1	minecraft:mud	1
top_aspect_south	3	1	minecraft:pale_moss_block	5
top_aspect_south	3	1	minecraft:pale_oak_wood	10
top_aspect_south	3	1	minecraft:stone	14
top_aspect_south	3	2	minecraft:acacia_wood	77
top_aspect_south	3	2	minecraft:andesite	75
top_aspect_south	3	2	minecraft:basalt	17
top_aspect_south	3	2	minecraft:blackstone	1
top_aspect_south	3	2	minecraft:cobblestone	187
top_aspect_south	3	2	minecraft:cyan_terracotta	31
top_aspect_south	3	2	minecraft:grass_block	124
top_aspect_south	3	2	minecraft:light_gray_wool	27
top_aspect_south	3	2	minecraft:moss_block	261
top_aspect_south	3	2	minecraft:mud	67
top_aspect_south	3	2	minecraft:pale_moss_block	202
top_aspect_south	3	2	minecraft:pale_oak_wood	22
top_aspect_south	3	2	minecraft:smooth_basalt	1
top_aspect_south	3	2	minecraft:stone	263
top_aspect_south	3	3	minecraft:acacia_wood	112
top_aspect_south	3	3	minecraft:andesite	42
top_aspect_south	3	3	minecraft:basalt	17
top_aspect_south	3	3	minecraft:black_wool	1
top_aspect_south	3	3	minecraft:blackstone	6
top_aspect_south	3	3	minecraft:cobblestone	154
top_aspect_south	3	3	minecraft:cyan_terracotta	83
top_aspect_south	3	3	minecraft:grass_block	21
top_aspect_south	3	3	minecraft:light_gray_wool	8
top_aspect_south	3	3	minecraft:moss_block	12
top_aspect_south	3	3	minecraft:mud	89
top_aspect_south	3	3	minecraft:pale_moss_block	208
top_aspect_south	3	3	minecraft:pale_oak_wood	31
top_aspect_south	3	3	minecraft:smooth_basalt	8
top_aspect_south	3	3	minecraft:stone	296
top_aspect_south	3	4	minecraft:acacia_wood	26
top_aspect_south	3	4	minecraft:andesite	21
top_aspect_south	3	4	minecraft:basalt	1
top_aspect_south	3	4	minecraft:blackstone	3
top_aspect_south	3	4	minecraft:cobblestone	52
top_aspect_south	3	4	minecraft:cyan_terracotta	30
top_aspect_south	3	4	minecraft:grass_block	1
top_aspect_south	3	4	minecraft:light_gray_wool	2
top_aspect_south	3	4	minecraft:moss_block	1
top_aspect_south	3	4	minecraft:mud	29
top_aspect_south	3	4	minecraft:pale_moss_block	56
top_aspect_south	3	4	minecraft:pale_oak_wood	10
top_aspect_south	3	4	minecraft:smooth_basalt	1
top_aspect_south	3	4	minecraft:stone	124
top_aspect_south	4	0	minecraft:acacia_wood	5
top_aspect_south	4	0	minecraft:basalt	1
top_aspect_south	4	0	minecraft:blackstone	1
top_aspect_south	4	0	minecraft:cyan_terracotta	2
top_aspect_south	4	0	minecraft:grass_block	8
top_aspect_south	4	0	minecraft:gray_wool	1
top_aspect_south	4	0	minecraft:mud	2
top_aspect_south	4	0	minecraft:pale_moss_block	6
top_aspect_south	4	1	minecraft:acacia_wood	38
top_aspect_south	4	1	minecraft:andesite	1
top_aspect_south	4	1	minecraft:basalt	8
top_aspect_south	4	1	minecraft:blackstone	6
top_aspect_south	4	1	minecraft:cobblestone	13
top_aspect_south	4	1	minecraft:cyan_terracotta	9
top_aspect_south	4	1	minecraft:dirt	4
top_aspect_south	4	1	minecraft:grass_block	89
top_aspect_south	4	1	minecraft:gray_wool	2
top_aspect_south	4	1	minecraft:moss_block	70
top_aspect_south	4	1	minecraft:mud	13
top_aspect_south	4	1	minecraft:pale_moss_block	40
top_aspect_south	4	1	minecraft:pale_oak_wood	1
top_aspect_south	4	1	minecraft:smooth_basalt	2
top_aspect_south	4	1	minecraft:stone	53
top_aspect_south	4	2	minecraft:acacia_wood	134
top_aspect_south	4	2	minecraft:andesite	62
top_aspect_south	4	2	minecraft:basalt	25
top_aspect_south	4	2	minecraft:blackstone	1
top_aspect_south	4	2	minecraft:cobblestone	133
top_aspect_south	4	2	minecraft:cyan_terracotta	46
top_aspect_south	4	2	minecraft:grass_block	116
top_aspect_south	4	2	minecraft:light_gray_wool	7
top_aspect_south	4	2	minecraft:moss_block	89
top_aspect_south	4	2	minecraft:mud	67
top_aspect_south	4	2	minecraft:pale_moss_block	386
top_aspect_south	4	2	minecraft:pale_oak_wood	5
top_aspect_south	4	2	minecraft:smooth_basalt	1
top_aspect_south	4	2	minecraft:stone	540
top_aspect_south	4	3	minecraft:acacia_wood	81
top_aspect_south	4	3	minecraft:andesite	63
top_aspect_south	4	3	minecraft:basalt	9
top_aspect_south	4	3	minecraft:blackstone	1
top_aspect_south	4	3	minecraft:cobblestone	186
top_aspect_south	4	3	minecraft:cyan_terracotta	71
top_aspect_south	4	3	minecraft:dripstone_block	5
top_aspect_south	4	3	minecraft:grass_block	35
top_aspect_south	4	3	minecraft:light_gray_wool	2
top_aspect_south	4	3	minecraft:moss_block	1
top_aspect_south	4	3	minecraft:mud	73
top_aspect_south	4	3	minecraft:pale_moss_block	260
top_aspect_south	4	3	minecraft:pale_oak_wood	2
top_aspect_south	4	3	minecraft:smooth_basalt	1
top_aspect_south	4	3	minecraft:stone	469
top_aspect_south	4	3	minecraft:white_concrete	1
top_aspect_south	4	4	minecraft:acacia_wood	28
top_aspect_south	4	4	minecraft:andesite	8
top_aspect_south	4	4	minecraft:basalt	5
top_aspect_south	4	4	minecraft:cobblestone	17
top_aspect_south	4	4	minecraft:cyan_terracotta	13
top_aspect_south	4	4	minecraft:dripstone_block	24
top_aspect_south	4	4	minecraft:grass_block	2
top_aspect_south	4	4	minecraft:mud	9
top_aspect_south	4	4	minecraft:pale_moss_block	28
top_aspect_south	4	4	minecraft:pale_oak_wood	1
top_aspect_south	4	4	minecraft:snow_block	1
top_aspect_south	4	4	minecraft:stone	48
top_aspect_south	5	0	minecraft:acacia_wood	2
top_aspect_south	5	0	minecraft:dirt	2
top_aspect_south	5	0	minecraft:grass_block	4
top_aspect_south	5	0	minecraft:gray_wool	4
top_aspect_south	5	0	minecraft:moss_block	17
top_aspect_south	5	0	minecraft:pale_moss_block	7
top_aspect_south	5	0	minecraft:smooth_basalt	1
top_aspect_south	5	0	minecraft:snow_block	1
top_aspect_south	5	0	minecraft:stone	13
top_aspect_south	5	0	minecraft:white_concrete	3
top_aspect_south	5	1	minecraft:acacia_wood	8
top_aspect_south	5	1	minecraft:andesite	1
top_aspect_south	5	1	minecraft:basalt	3
top_aspect_south	5	1	minecraft:cobblestone	31
top_aspect_south	5	1	minecraft:cyan_terracotta	5
top_aspect_south	5	1	minecraft:dirt	4
top_aspect_south	5	1	minecraft:grass_block	37
top_aspect_south	5	1	minecraft:gray_wool	15
top_aspect_south	5	1	minecraft:moss_block	130
top_aspect_south	5	1	minecraft:mud	4
top_aspect_south	5	1	minecraft:pale_moss_block	24
top_aspect_south	5	1	minecraft:pale_oak_wood	2
top_aspect_south	5	1	minecraft:smooth_basalt	3
top_aspect_south	5	1	minecraft:snow_block	7
top_aspect_south	5	1	minecraft:stone	65
top_aspect_south	5	1	minecraft:white_concrete	8
top_aspect_south	5	2	minecraft:acacia_wood	149
top_aspect_south	5	2	minecraft:andesite	9
top_aspect_south	5	2	minecraft:basalt	8
top_aspect_south	5	2	minecraft:cobblestone	135
top_aspect_south	5	2	minecraft:cyan_terracotta	54
top_aspect_south	5	2	minecraft:dirt	2
top_aspect_south	5	2	minecraft:grass_block	44
top_aspect_south	5	2	minecraft:gray_wool	1
top_aspect_south	5	2	minecraft:light_gray_wool	7
top_aspect_south	5	2	minecraft:moss_block	93
top_aspect_south	5	2	minecraft:mud	31
top_aspect_south	5	2	minecraft:pale_moss_block	307
top_aspect_south	5	2	minecraft:pale_oak_wood	31
top_aspect_south	5	2	minecraft:snow_block	8
top_aspect_south	5	2	minecraft:stone	330
top_aspect_south	5	2	minecraft:white_concrete	13
top_aspect_south	5	3	minecraft:acacia_wood	139
top_aspect_south	5	3	minecraft:andesite	3
top_aspect_south	5	3	minecraft:basalt	1
top_aspect_south	5	3	minecraft:black_wool	5
top_aspect_south	5	3	minecraft:cobblestone	112
top_aspect_south	5	3	minecraft:cyan_terracotta	91
top_aspect_south	5	3	minecraft:grass_block	1
top_aspect_south	5	3	minecraft:gray_wool	3
top_aspect_south	5	3	minecraft:light_gray_wool	7
top_aspect_south	5	3	minecraft:moss_block	1
top_aspect_south	5	3	minecraft:mud	78
top_aspect_south	5	3	minecraft:pale_moss_block	334
top_aspect_south	5	3	minecraft:pale_oak_wood	4
top_aspect_south	5	3	minecraft:smooth_basalt	3
top_aspect_south	5	3	minecraft:snow_block	5
top_aspect_south	5	3	minecraft:stone	403
top_aspect_south	5	3	minecraft:white_concrete	10
top_aspect_south	5	4	minecraft:acacia_wood	16
top_aspect_south	5	4	minecraft:coal_ore	1
top_aspect_south	5	4	minecraft:cobblestone	10
top_aspect_south	5	4	minecraft:cyan_terracotta	21
top_aspect_south	5	4	minecraft:gray_wool	1
top_aspect_south	5	4	minecraft:mud	8
top_aspect_south	5	4	minecraft:pale_moss_block	24
top_aspect_south	5	4	minecraft:pale_oak_wood	1
top_aspect_south	5	4	minecraft:snow_block	1
top_aspect_south	5	4	minecraft:stone	19
top_aspect_south	6	0	minecraft:moss_block	2
top_aspect_south	6	0	minecraft:pale_moss_block	1
top_aspect_south	6	0	minecraft:stone	1
top_aspect_south	6	1	minecraft:acacia_wood	7
top_aspect_south	6	1	minecraft:basalt	2
top_aspect_south	6	1	minecraft:cobblestone	9
top_aspect_south	6	1	minecraft:cyan_terracotta	7
top_aspect_south	6	1	minecraft:moss_block	9
top_aspect_south	6	1	minecraft:mud	1
top_aspect_south	6	1	minecraft:pale_moss_block	12
top_aspect_south	6	1	minecraft:snow_block	3
top_aspect_south	6	1	minecraft:stone	33
top_aspect_south	6	1	minecraft:white_wool	1
top_aspect_south	6	2	minecraft:acacia_wood	49
top_aspect_south	6	2	minecraft:andesite	12
top_aspect_south	6	2	minecraft:basalt	2
top_aspect_south	6	2	minecraft:cobblestone	132
top_aspect_south	6	2	minecraft:cyan_terracotta	30
top_aspect_south	6	2	minecraft:light_gray_wool	5
top_aspect_south	6	2	minecraft:moss_block	14
top_aspect_south	6	2	minecraft:mud	4
top_aspect_south	6	2	minecraft:pale_moss_block	136
top_aspect_south	6	2	minecraft:pale_oak_wood	7
top_aspect_south	6	2	minecraft:smooth_basalt	1
top_aspect_south	6	2	minecraft:snow_block	64
top_aspect_south	6	2	minecraft:stone	254
top_aspect_south	6	2	minecraft:white_wool	32
top_aspect_south	6	3	minecraft:acacia_wood	107
top_aspect_south	6	3	minecraft:andesite	55
top_aspect_south	6	3	minecraft:basalt	24
top_aspect_south	6	3	minecraft:cobblestone	179
top_aspect_south	6	3	minecraft:cyan_terracotta	45
top_aspect_south	6	3	minecraft:light_gray_wool	34
top_aspect_south	6	3	minecraft:moss_block	2
top_aspect_south	6	3	minecraft:mud	41
top_aspect_south	6	3	minecraft:pale_moss_block	343
top_aspect_south	6	3	minecraft:pale_oak_wood	50
top_aspect_south	6	3	minecraft:snow_block	82
top_aspect_south	6	3	minecraft:stone	504
top_aspect_south	6	3	minecraft:white_wool	22
top_aspect_south	6	4	minecraft:acacia_wood	27
top_aspect_south	6	4	minecraft:basalt	6
top_aspect_south	6	4	minecraft:coal_ore	2
top_aspect_south	6	4	minecraft:cobblestone	11
top_aspect_south	6	4	minecraft:cyan_terracotta	18
top_aspect_south	6	4	minecraft:light_gray_wool	8
top_aspect_south	6	4	minecraft:moss_block	2
top_aspect_south	6	4	minecraft:mud	1
top_aspect_south	6	4	minecraft:pale_moss_block	57
top_aspect_south	6	4	minecraft:pale_oak_wood	24
top_aspect_south	6	4	minecraft:snow_block	56
top_aspect_south	6	4	minecraft:stone	129
top_aspect_south	7	0	minecraft:snow_block	2
top_aspect_south	7	0	minecraft:stone	1
top_aspect_south	7	1	minecraft:acacia_wood	20
top_aspect_south	7	1	minecraft:andesite	35
top_aspect_south	7	1	minecraft:basalt	2
top_aspect_south	7	1	minecraft:cobblestone	11
top_aspect_south	7	1	minecraft:cyan_terracotta	3
top_aspect_south	7	1	minecraft:light_gray_wool	5
top_aspect_south	7	1	minecraft:moss_block	1
top_aspect_south	7	1	minecraft:mud	2
top_aspect_south	7	1	minecraft:pale_moss_block	10
top_aspect_south	7	1	minecraft:snow_block	22
top_aspect_south	7	1	minecraft:stone	104
top_aspect_south	7	2	minecraft:acacia_wood	39
top_aspect_south	7	2	minecraft:andesite	56
top_aspect_south	7	2	minecraft:basalt	1
top_aspect_south	7	2	minecraft:birch_wood	2
top_aspect_south	7	2	minecraft:cobblestone	180
top_aspect_south	7	2	minecraft:cyan_terracotta	7
top_aspect_south	7	2	minecraft:moss_block	3
top_aspect_south	7	2	minecraft:mud	16
top_aspect_south	7	2	minecraft:pale_moss_block	113
top_aspect_south	7	2	minecraft:pale_oak_wood	4
top_aspect_south	7	2	minecraft:smooth_basalt	3
top_aspect_south	7	2	minecraft:snow_block	26
top_aspect_south	7	2	minecraft:stone	203
top_aspect_south	7	2	minecraft:white_concrete_powder	1
top_aspect_south	7	3	minecraft:acacia_wood	45
top_aspect_south	7	3	minecraft:andesite	76
top_aspect_south	7	3	minecraft:birch_wood	1
top_aspect_south	7	3	minecraft:cobblestone	177
top_aspect_south	7	3	minecraft:cyan_terracotta	10
top_aspect_south	7	3	minecraft:light_gray_wool	17
top_aspect_south	7	3	minecraft:mud	5
top_aspect_south	7	3	minecraft:pale_moss_block	124
top_aspect_south	7	3	minecraft:pale_oak_wood	17
top_aspect_south	7	3	minecraft:snow_block	56
top_aspect_south	7	3	minecraft:stone	386
top_aspect_south	7	3	minecraft:white_concrete_powder	1
top_aspect_south	7	4	minecraft:acacia_wood	41
top_aspect_south	7	4	minecraft:andesite	3
top_aspect_south	7	4	minecraft:cobblestone	25
top_aspect_south	7	4	minecraft:cyan_terracotta	29
top_aspect_south	7	4	minecraft:light_gray_wool	14
top_aspect_south	7	4	minecraft:pale_moss_block	105
top_aspect_south	7	4	minecraft:pale_oak_wood	5
top_aspect_south	7	4	minecraft:snow_block	149
top_aspect_south	7	4	minecraft:stone	171
top_aspect_south	8	0	minecraft:cobblestone	1
top_aspect_south	8	0	minecraft:packed_ice	5
top_aspect_south	8	0	minecraft:pale_moss_block	6
top_aspect_south	8	0	minecraft:snow_block	55
top_aspect_south	8	0	minecraft:stone	8
top_aspect_south	8	1	minecraft:acacia_wood	5
top_aspect_south	8	1	minecraft:basalt	2
top_aspect_south	8	1	minecraft:birch_wood	5
top_aspect_south	8	1	minecraft:coal_ore	1
top_aspect_south	8	1	minecraft:cobblestone	11
top_aspect_south	8	1	minecraft:cyan_terracotta	8
top_aspect_south	8	1	minecraft:diorite	8
top_aspect_south	8	1	minecraft:dripstone_block	1
top_aspect_south	8	1	minecraft:packed_ice	21
top_aspect_south	8	1	minecraft:pale_moss_block	37
top_aspect_south	8	1	minecraft:snow_block	73
top_aspect_south	8	1	minecraft:stone	52
top_aspect_south	8	1	minecraft:white_concrete_powder	6
top_aspect_south	8	2	minecraft:acacia_wood	29
top_aspect_south	8	2	minecraft:andesite	15
top_aspect_south	8	2	minecraft:basalt	13
top_aspect_south	8	2	minecraft:birch_wood	45
top_aspect_south	8	2	minecraft:cobblestone	90
top_aspect_south	8	2	minecraft:cyan_terracotta	15
top_aspect_south	8	2	minecraft:diorite	24
top_aspect_south	8	2	minecraft:dirt	1
top_aspect_south	8	2	minecraft:dripstone_block	1
top_aspect_south	8	2	minecraft:light_gray_wool	17
top_aspect_south	8	2	minecraft:mud	32
top_aspect_south	8	2	minecraft:packed_ice	22
top_aspect_south	8	2	minecraft:pale_moss_block	179
top_aspect_south	8	2	minecraft:pale_oak_wood	2
top_aspect_south	8	2	minecraft:snow_block	56
top_aspect_south	8	2	minecraft:stone	304
top_aspect_south	8	2	minecraft:white_concrete_powder	27
top_aspect_south	8	3	minecraft:acacia_wood	51
top_aspect_south	8	3	minecraft:andesite	64
top_aspect_south	8	3	minecraft:basalt	9
top_aspect_south	8	3	minecraft:birch_wood	58
top_aspect_south	8	3	minecraft:coal_ore	1
top_aspect_south	8	3	minecraft:cobblestone	219
top_aspect_south	8	3	minecraft:cyan_terracotta	12
top_aspect_south	8	3	minecraft:diorite	33
top_aspect_south	8	3	minecraft:dripstone_block	1
top_aspect_south	8	3	minecraft:light_gray_wool	17
top_aspect_south	8	3	minecraft:mud	21
top_aspect_south	8	3	minecraft:packed_ice	5
top_aspect_south	8	3	minecraft:pale_moss_block	173
top_aspect_south	8	3	minecraft:pale_oak_wood	20
top_aspect_south	8	3	minecraft:snow_block	58
top_aspect_south	8	3	minecraft:stone	308
top_aspect_south	8	3	minecraft:white_concrete_powder	28
top_aspect_south	8	4	minecraft:acacia_wood	34
top_aspect_south	8	4	minecraft:andesite	28
top_aspect_south	8	4	minecraft:basalt	4
top_aspect_south	8	4	minecraft:birch_wood	1
top_aspect_south	8	4	minecraft:cobblestone	21
top_aspect_south	8	4	minecraft:diorite	4
top_aspect_south	8	4	minecraft:light_gray_wool	5
top_aspect_south	8	4	minecraft:mud	1
top_aspect_south	8	4	minecraft:packed_ice	2
top_aspect_south	8	4	minecraft:pale_moss_block	65
top_aspect_south	8	4	minecraft:pale_oak_wood	5
top_aspect_south	8	4	minecraft:snow_block	117
top_aspect_south	8	4	minecraft:stone	148
top_aspect_south	9	1	minecraft:andesite	8
top_aspect_south	9	1	minecraft:birch_wood	7
top_aspect_south	9	1	minecraft:cobblestone	12
top_aspect_south	9	1	minecraft:cyan_terracotta	2
top_aspect_south	9	1	minecraft:diorite	8
top_aspect_south	9	1	minecraft:snow_block	12
top_aspect_south	9	1	minecraft:stone	4
top_aspect_south	9	1	minecraft:white_concrete_powder	1
top_aspect_south	9	2	minecraft:acacia_wood	3
top_aspect_south	9	2	minecraft:andesite	28
top_aspect_south	9	2	minecraft:birch_wood	123
top_aspect_south	9	2	minecraft:cobblestone	37
top_aspect_south	9	2	minecraft:diorite	63
top_aspect_south	9	2	minecraft:light_gray_wool	12
top_aspect_south	9	2	minecraft:pale_moss_block	32
top_aspect_south	9	2	minecraft:snow_block	22
top_aspect_south	9	2	minecraft:stone	90
top_aspect_south	9	2	minecraft:white_concrete_powder	84
top_aspect_south	9	3	minecraft:acacia_wood	48
top_aspect_south	9	3	minecraft:andesite	28
top_aspect_south	9	3	minecraft:basalt	1
top_aspect_south	9	3	minecraft:birch_wood	63
top_aspect_south	9	3	minecraft:cobblestone	115
top_aspect_south	9	3	minecraft:cyan_terracotta	19
top_aspect_south	9	3	minecraft:diorite	31
top_aspect_south	9	3	minecraft:light_gray_wool	3
top_aspect_south	9	3	minecraft:mud	4
top_aspect_south	9	3	minecraft:pale_moss_block	256
top_aspect_south	9	3	minecraft:pale_oak_wood	11
top_aspect_south	9	3	minecraft:snow_block	46
top_aspect_south	9	3	minecraft:stone	321
top_aspect_south	9	3	minecraft:white_concrete_powder	58
top_aspect_south	9	4	minecraft:acacia_wood	32
top_aspect_south	9	4	minecraft:andesite	13
top_aspect_south	9	4	minecraft:basalt	3
top_aspect_south	9	4	minecraft:birch_wood	2
top_aspect_south	9	4	minecraft:cobblestone	47
top_aspect_south	9	4	minecraft:cyan_terracotta	2
top_aspect_south	9	4	minecraft:diorite	3
top_aspect_south	9	4	minecraft:ice	2
top_aspect_south	9	4	minecraft:light_gray_wool	6
top_aspect_south	9	4	minecraft:mud	7
top_aspect_south	9	4	minecraft:packed_ice	18
top_aspect_south	9	4	minecraft:pale_moss_block	39
top_aspect_south	9	4	minecraft:pale_oak_wood	11
top_aspect_south	9	4	minecraft:snow_block	42
top_aspect_south	9	4	minecraft:stone	128
top_aspect_west	0	0	minecraft:acacia_wood	3
top_aspect_west	0	0	minecraft:andesite	1
top_aspect_west	0	0	minecraft:basalt	1
top_aspect_west	0	0	minecraft:cobblestone	1
top_aspect_west	0	0	minecraft:dirt	1
top_aspect_west	0	0	minecraft:grass_block	368
top_aspect_west	0	0	minecraft:light_gray_wool	1
top_aspect_west	0	0	minecraft:moss_block	62
top_aspect_west	0	0	minecraft:mud	4
top_aspect_west	0	0	minecraft:pale_moss_block	7
top_aspect_west	0	0	minecraft:stone	10
top_aspect_west	0	1	minecraft:acacia_wood	16
top_aspect_west	0	1	minecraft:andesite	15
top_aspect_west	0	1	minecraft:basalt	6
top_aspect_west	0	1	minecraft:blackstone	2
top_aspect_west	0	1	minecraft:calcite	1
top_aspect_west	0	1	minecraft:cobblestone	26
top_aspect_west	0	1	minecraft:cyan_terracotta	26
top_aspect_west	0	1	minecraft:diamond_block	8
top_aspect_west	0	1	minecraft:dirt	2
top_aspect_west	0	1	minecraft:grass_block	882
top_aspect_west	0	1	minecraft:light_gray_wool	4
top_aspect_west	0	1	minecraft:moss_block	123
top_aspect_west	0	1	minecraft:mud	23
top_aspect_west	0	1	minecraft:pale_moss_block	50
top_aspect_west	0	1	minecraft:pale_oak_wood	6
top_aspect_west	0	1	minecraft:smooth_basalt	5
top_aspect_west	0	1	minecraft:spruce_log	1
top_aspect_west	0	1	minecraft:stone	89
top_aspect_west	0	1	minecraft:tuff	2
top_aspect_west	0	2	minecraft:acacia_wood	26
top_aspect_west	0	2	minecraft:andesite	4
top_aspect_west	0	2	minecraft:basalt	14
top_aspect_west	0	2	minecraft:blackstone	10
top_aspect_west	0	2	minecraft:calcite	1
top_aspect_west	0	2	minecraft:cobblestone	36
top_aspect_west	0	2	minecraft:cyan_terracotta	26
top_aspect_west	0	2	minecraft:diamond_block	4
top_aspect_west	0	2	minecraft:dirt	1
top_aspect_west	0	2	minecraft:grass_block	233
top_aspect_west	0	2	minecraft:light_gray_wool	2
top_aspect_west	0	2	minecraft:moss_block	40
top_aspect_west	0	2	minecraft:mud	28
top_aspect_west	0	2	minecraft:pale_moss_block	127
top_aspect_west	0	2	minecraft:pale_oak_wood	14
top_aspect_west	0	2	minecraft:smooth_basalt	11
top_aspect_west	0	2	minecraft:stone	95
top_aspect_west	0	2	minecraft:tuff	4
top_aspect_west	0	3	minecraft:acacia_wood	37
top_aspect_west	0	3	minecraft:andesite	4
top_aspect_west	0	3	minecraft:blackstone	10
top_aspect_west	0	3	minecraft:cobblestone	20
top_aspect_west	0	3	minecraft:cyan_terracotta	23
top_aspect_west	0	3	minecraft:grass_block	21
top_aspect_west	0	3	minecraft:light_gray_wool	4
top_aspect_west	0	3	minecraft:moss_block	3
top_aspect_west	0	3	minecraft:mud	1
top_aspect_west	0	3	minecraft:pale_moss_block	89
top_aspect_west	0	3	minecraft:pale_oak_wood	2
top_aspect_west	0	3	minecraft:spruce_log	1
top_aspect_west	0	3	minecraft:stone	44
top_aspect_west	0	4	minecraft:acacia_wood	4
top_aspect_west	0	4	minecraft:andesite	1
top_aspect_west	0	4	minecraft:blackstone	8
top_aspect_west	0	4	minecraft:cobblestone	1
top_aspect_west	0	4	minecraft:cyan_terracotta	6
top_aspect_west	0	4	minecraft:grass_block	17
top_aspect_west	0	4	minecraft:light_gray_wool	1
top_aspect_west	0	4	minecraft:pale_moss_block	3
top_aspect_west	0	4	minecraft:pale_oak_wood	5
top_aspect_west	0	4	minecraft:spruce_log	2
top_aspect_west	0	4	minecraft:stone	4
top_aspect_west	1	0	minecraft:acacia_wood	1
top_aspect_west	1	0	minecraft:cyan_terracotta	1
top_aspect_west	1	0	minecraft:dirt	3
top_aspect_west	1	0	minecraft:grass_block	183
top_aspect_west	1	0	minecraft:moss_block	62
top_aspect_west	1	0	minecraft:mud	1
top_aspect_west	1	0	minecraft:stone	2
top_aspect_west	1	1	minecraft:acacia_wood	12
top_aspect_west	1	1	minecraft:basalt	2
top_aspect_west	1	1	minecraft:cobblestone	18
top_aspect_west	1	1	minecraft:cyan_terracotta	5
top_aspect_west	1	1	minecraft:diamond_block	3
top_aspect_west	1	1	minecraft:dirt	2
top_aspect_west	1	1	minecraft:grass_block	268
top_aspect_west	1	1	minecraft:moss_block	175
top_aspect_west	1	1	minecraft:mud	11
top_aspect_west	1	1	minecraft:pale_moss_block	29
top_aspect_west	1	1	minecraft:pale_oak_wood	1
top_aspect_west	1	1	minecraft:smooth_basalt	5
top_aspect_west	1	1	minecraft:spruce_log	1
top_aspect_west	1	1	minecraft:stone	29
top_aspect_west	1	1	minecraft:tuff	3
top_aspect_west	1	2	minecraft:acacia_wood	59
top_aspect_west	1	2	minecraft:andesite	3
top_aspect_west	1	2	minecraft:basalt	17
top_aspect_west	1	2	minecraft:blackstone	1
top_aspect_west	1	2	minecraft:cobblestone	60
top_aspect_west	1	2	minecraft:cyan_terracotta	24
top_aspect_west	1	2	minecraft:diamond_block	2
top_aspect_west	1	2	minecraft:dirt	2
top_aspect_west	1	2	minecraft:grass_block	253
top_aspect_west	1	2	minecraft:moss_block	101
top_aspect_west	1	2	minecraft:mud	24
top_aspect_west	1	2	minecraft:pale_moss_block	154
top_aspect_west	1	2	minecraft:pale_oak_wood	9
top_aspect_west	1	2	minecraft:smooth_basalt	31
top_aspect_west	1	2	minecraft:stone	146
top_aspect_west	1	2	minecraft:tuff	10
top_aspect_west	1	2	minecraft:white_concrete	7
top_aspect_west	1	3	minecraft:acacia_wood	56
top_aspect_west	1	3	minecraft:andesite	3
top_aspect_west	1	3	minecraft:basalt	7
top_aspect_west	1	3	minecraft:blackstone	1
top_aspect_west	1	3	minecraft:cobblestone	74
top_aspect_west	1	3	minecraft:cyan_terracotta	47
top_aspect_west	1	3	minecraft:dirt	2
top_aspect_west	1	3	minecraft:grass_block	52
top_aspect_west	1	3	minecraft:moss_block	19
top_aspect_west	1	3	minecraft:mud	17
top_aspect_west	1	3	minecraft:pale_moss_block	71
top_aspect_west	1	3	minecraft:pale_oak_wood	4
top_aspect_west	1	3	minecraft:smooth_basalt	1
top_aspect_west	1	3	minecraft:stone	56
top_aspect_west	1	3	minecraft:tuff	5
top_aspect_west	1	4	minecraft:acacia_wood	12
top_aspect_west	1	4	minecraft:cobblestone	53
top_aspect_west	1	4	minecraft:cyan_terracotta	10
top_aspect_west	1	4	minecraft:grass_block	3
top_aspect_west	1	4	minecraft:moss_block	2
top_aspect_west	1	4	minecraft:pale_moss_block	11
top_aspect_west	1	4	minecraft:pale_oak_wood	1
top_aspect_west	1	4	minecraft:stone	28
top_aspect_west	10	0	minecraft:birch_wood	1
top_aspect_west	10	0	minecraft:diorite	1
top_aspect_west	10	0	minecraft:snow_block	2
top_aspect_west	10	0	minecraft:white_concrete_powder	1
top_aspect_west	10	1	minecraft:acacia_wood	1
top_aspect_west	10	1	minecraft:birch_wood	59
top_aspect_west	10	1	minecraft:diorite	8
top_aspect_west	10	1	minecraft:pale_moss_block	9
top_aspect_west	10	1	minecraft:snow_block	75
top_aspect_west	10	1	minecraft:stone	4
top_aspect_west	10	1	minecraft:white_concrete_powder	73
top_aspect_west	10	2	minecraft:acacia_wood	17
top_aspect_west	10	2	minecraft:andesite	2
top_aspect_west	10	2	minecraft:birch_wood	186
top_aspect_west	10	2	minecraft:cobblestone	29
top_aspect_west	10	2	minecraft:cyan_terracotta	1
top_aspect_west	10	2	minecraft:diorite	79
top_aspect_west	10	2	minecraft:granite	3
top_aspect_west	10	2	minecraft:light_gray_wool	1
top_aspect_west	10	2	minecraft:pale_moss_block	49
top_aspect_west	10	2	minecraft:snow_block	118
top_aspect_west	10	2	minecraft:stone	65
top_aspect_west	10	2	minecraft:white_concrete_powder	210
top_aspect_west	10	3	minecraft:acacia_wood	16
top_aspect_west	10	3	minecraft:andesite	19
top_aspect_west	10	3	minecraft:birch_wood	33
top_aspect_west	10	3	minecraft:cobblestone	49
top_aspect_west	10	3	minecraft:cyan_terracotta	5
top_aspect_west	10	3	minecraft:diorite	30
top_aspect_west	10	3	minecraft:granite	4
top_aspect_west	10	3	minecraft:light_gray_terracotta	1
top_aspect_west	10	3	minecraft:light_gray_wool	20
top_aspect_west	10	3	minecraft:mud	4
top_aspect_west	10	3	minecraft:pale_moss_block	55
top_aspect_west	10	3	minecraft:pale_oak_wood	3
top_aspect_west	10	3	minecraft:smooth_basalt	1
top_aspect_west	10	3	minecraft:snow_block	17
top_aspect_west	10	3	minecraft:stone	128
top_aspect_west	10	3	minecraft:white_concrete_powder	42
top_aspect_west	11	0	minecraft:birch_wood	6
top_aspect_west	11	0	minecraft:diorite	1
top_aspect_west	11	0	minecraft:snow_block	2
top_aspect_west	11	0	minecraft:white_concrete_powder	2
top_aspect_west	11	1	minecraft:birch_wood	67
top_aspect_west	11	1	minecraft:diorite	57
top_aspect_west	11	1	minecraft:snow_block	10
top_aspect_west	11	1	minecraft:white_concrete_powder	44
top_aspect_west	11	2	minecraft:acacia_wood	3
top_aspect_west	11	2	minecraft:andesite	8
top_aspect_west	11	2	minecraft:birch_wood	135
top_aspect_west	11	2	minecraft:cobblestone	31
top_aspect_west	11	2	minecraft:cyan_terracotta	2
top_aspect_west	11	2	minecraft:diorite	205
top_aspect_west	11	2	minecraft:pale_moss_block	7
top_aspect_west	11	2	minecraft:snow_block	50
top_aspect_west	11	2	minecraft:stone	16
top_aspect_west	11	2	minecraft:white_concrete_powder	67
top_aspect_west	11	3	minecraft:acacia_wood	26
top_aspect_west	11	3	minecraft:andesite	25
top_aspect_west	11	3	minecraft:basalt	1
top_aspect_west	11	3	minecraft:birch_wood	13
top_aspect_west	11	3	minecraft:coarse_dirt	2
top_aspect_west	11	3	minecraft:cobblestone	49
top_aspect_west	11	3	minecraft:cyan_terracotta	8
top_aspect_west	11	3	minecraft:diorite	7
top_aspect_west	11	3	minecraft:granite	2
top_aspect_west	11	3	minecraft:light_gray_wool	6
top_aspect_west	11	3	minecraft:mud	3
top_aspect_west	11	3	minecraft:pale_moss_block	52
top_aspect_west	11	3	minecraft:pale_oak_wood	13
top_aspect_west	11	3	minecraft:snow_block	14
top_aspect_west	11	3	minecraft:stone	79
top_aspect_west	11	3	minecraft:white_concrete_powder	16
top_aspect_west	11	4	minecraft:andesite	9
top_aspect_west	11	4	minecraft:cobblestone	3
top_aspect_west	11	4	minecraft:light_gray_wool	2
top_aspect_west	11	4	minecraft:pale_moss_block	18
top_aspect_west	11	4	minecraft:stone	20
top_aspect_west	12	1	minecraft:acacia_wood	2
top_aspect_west	12	1	minecraft:andesite	1
top_aspect_west	12	1	minecraft:birch_wood	39
top_aspect_west	12	1	minecraft:cyan_terracotta	1
top_aspect_west	12	1	minecraft:diorite	24
top_aspect_west	12	1	minecraft:snow_block	8
top_aspect_west	12	1	minecraft:stone	4
top_aspect_west	12	1	minecraft:white_concrete_powder	15
top_aspect_west	12	2	minecraft:birch_wood	116
top_aspect_west	12	2	minecraft:cobblestone	14
top_aspect_west	12	2	minecraft:cyan_terracotta	3
top_aspect_west	12	2	minecraft:diorite	112
top_aspect_west	12	2	minecraft:dripstone_block	1
top_aspect_west	12	2	minecraft:light_gray_terracotta	3
top_aspect_west	12	2	minecraft:mud	2
top_aspect_west	12	2	minecraft:pale_moss_block	4
top_aspect_west	12	2	minecraft:smooth_basalt	1
top_aspect_west	12	2	minecraft:snow_block	30
top_aspect_west	12	2	minecraft:stone	9
top_aspect_west	12	2	minecraft:white_concrete_powder	60
top_aspect_west	12	3	minecraft:acacia_wood	21
top_aspect_west	12	3	minecraft:andesite	6
top_aspect_west	12	3	minecraft:birch_wood	49
top_aspect_west	12	3	minecraft:cobblestone	28
top_aspect_west	12	3	minecraft:cyan_terracotta	2
top_aspect_west	12	3	minecraft:diorite	34
top_aspect_west	12	3	minecraft:dripstone_block	1
top_aspect_west	12	3	minecraft:light_gray_terracotta	5
top_aspect_west	12	3	minecraft:mud	3
top_aspect_west	12	3	minecraft:pale_moss_block	46
top_aspect_west	12	3	minecraft:smooth_basalt	1
top_aspect_west	12	3	minecraft:snow_block	5
top_aspect_west	12	3	minecraft:stone	92
top_aspect_west	12	3	minecraft:white_concrete_powder	31
top_aspect_west	12	4	minecraft:cobblestone	15
top_aspect_west	12	4	minecraft:pale_moss_block	13
top_aspect_west	12	4	minecraft:snow_block	1
top_aspect_west	12	4	minecraft:stone	27
top_aspect_west	12	4	minecraft:white_concrete_powder	1
top_aspect_west	13	1	minecraft:birch_wood	13
top_aspect_west	13	1	minecraft:diorite	17
top_aspect_west	13	1	minecraft:snow_block	2
top_aspect_west	13	1	minecraft:white_concrete_powder	3
top_aspect_west	13	2	minecraft:acacia_wood	9
top_aspect_west	13	2	minecraft:birch_wood	84
top_aspect_west	13	2	minecraft:black_wool	1
top_aspect_west	13	2	minecraft:cobblestone	8
top_aspect_west	13	2	minecraft:cyan_terracotta	1
top_aspect_west	13	2	minecraft:diorite	75
top_aspect_west	13	2	minecraft:mud	2
top_aspect_west	13	2	minecraft:pale_moss_block	8
top_aspect_west	13	2	minecraft:smooth_basalt	1
top_aspect_west	13	2	minecraft:snow_block	46
top_aspect_west	13	2	minecraft:stone	16
top_aspect_west	13	2	minecraft:white_concrete_powder	96
top_aspect_west	13	3	minecraft:acacia_wood	5
top_aspect_west	13	3	minecraft:birch_wood	31
top_aspect_west	13	3	minecraft:cobblestone	20
top_aspect_west	13	3	minecraft:diorite	4
top_aspect_west	13	3	minecraft:dripstone_block	2
top_aspect_west	13	3	minecraft:light_gray_terracotta	5
top_aspect_west	13	3	minecraft:mud	3
top_aspect_west	13	3	minecraft:pale_moss_block	50
top_aspect_west	13	3	minecraft:snow_block	4
top_aspect_west	13	3	minecraft:stone	39
top_aspect_west	13	3	minecraft:white_concrete_powder	16
top_aspect_west	13	4	minecraft:pale_moss_block	6
top_aspect_west	14	1	minecraft:acacia_wood	1
top_aspect_west	14	1	minecraft:birch_wood	3
top_aspect_west	14	1	minecraft:cobblestone	1
top_aspect_west	14	1	minecraft:diorite	4
top_aspect_west	14	1	minecraft:pale_moss_block	2
top_aspect_west	14	1	minecraft:snow_block	3
top_aspect_west	14	1	minecraft:stone	3
top_aspect_west	14	1	minecraft:white_concrete_powder	2
top_aspect_west	14	2	minecraft:acacia_wood	2
top_aspect_west	14	2	minecraft:basalt	2
top_aspect_west	14	2	minecraft:birch_wood	36
top_aspect_west	14	2	minecraft:cobblestone	14
top_aspect_west	14	2	minecraft:cyan_terracotta	1
top_aspect_west	14	2	minecraft:diorite	22
top_aspect_west	14	2	minecraft:mud	6
top_aspect_west	14	2	minecraft:pale_moss_block	9
top_aspect_west	14	2	minecraft:snow_block	40
top_aspect_west	14	2	minecraft:stone	21
top_aspect_west	14	2	minecraft:white_concrete_powder	31
top_aspect_west	14	3	minecraft:acacia_wood	3
top_aspect_west	14	3	minecraft:andesite	2
top_aspect_west	14	3	minecraft:birch_wood	17
top_aspect_west	14	3	minecraft:cobblestone	15
top_aspect_west	14	3	minecraft:diorite	13
top_aspect_west	14	3	minecraft:mud	4
top_aspect_west	14	3	minecraft:pale_moss_block	7
top_aspect_west	14	3	minecraft:snow_block	18
top_aspect_west	14	3	minecraft:stone	72
top_aspect_west	14	3	minecraft:white_concrete_powder	22
top_aspect_west	15	0	minecraft:birch_wood	6
top_aspect_west	15	0	minecraft:diorite	17
top_aspect_west	15	0	minecraft:white_concrete_powder	4
top_aspect_west	15	1	minecraft:birch_wood	32
top_aspect_west	15	1	minecraft:diorite	22
top_aspect_west	15	1	minecraft:pale_moss_block	1
top_aspect_west	15	1	minecraft:snow_block	6
top_aspect_west	15	1	minecraft:stone	1
top_aspect_west	15	1	minecraft:white_concrete_powder	24
top_aspect_west	15	2	minecraft:acacia_wood	1
top_aspect_west	15	2	minecraft:birch_wood	16
top_aspect_west	15	2	minecraft:cobblestone	5
top_aspect_west	15	2	minecraft:diorite	15
top_aspect_west	15	2	minecraft:pale_moss_block	6
top_aspect_west	15	2	minecraft:snow_block	6
top_aspect_west	15	2	minecraft:stone	18
top_aspect_west	15	2	minecraft:white_concrete_powder	8
top_aspect_west	15	3	minecraft:birch_wood	4
top_aspect_west	15	3	minecraft:cobblestone	4
top_aspect_west	15	3	minecraft:pale_moss_block	3
top_aspect_west	15	3	minecraft:snow_block	1
top_aspect_west	15	3	minecraft:stone	2
top_aspect_west	15	3	minecraft:white_concrete_powder	2
top_aspect_west	2	0	minecraft:acacia_wood	2
top_aspect_west	2	0	minecraft:dirt	3
top_aspect_west	2	0	minecraft:grass_block	97
top_aspect_west	2	0	minecraft:moss_block	25
top_aspect_west	2	1	minecraft:acacia_wood	12
top_aspect_west	2	1	minecraft:blackstone	1
top_aspect_west	2	1	minecraft:cobblestone	7
top_aspect_west	2	1	minecraft:cyan_terracotta	4
top_aspect_west	2	1	minecraft:grass_block	145
top_aspect_west	2	1	minecraft:light_gray_wool	1
top_aspect_west	2	1	minecraft:moss_block	83
top_aspect_west	2	1	minecraft:mud	9
top_aspect_west	2	1	minecraft:pale_moss_block	10
top_aspect_west	2	1	minecraft:pale_oak_wood	2
top_aspect_west	2	1	minecraft:smooth_basalt	4
top_aspect_west	2	1	minecraft:stone	34
top_aspect_west	2	1	minecraft:white_concrete	2
top_aspect_west	2	2	minecraft:acacia_wood	41
top_aspect_west	2	2	minecraft:andesite	1
top_aspect_west	2	2	minecraft:basalt	4
top_aspect_west	2	2	minecraft:blackstone	3
top_aspect_west	2	2	minecraft:cobblestone	74
top_aspect_west	2	2	minecraft:cyan_terracotta	36
top_aspect_west	2	2	minecraft:grass_block	130
top_aspect_west	2	2	minecraft:light_gray_wool	2
top_aspect_west	2	2	minecraft:moss_block	75
top_aspect_west	2	2	minecraft:mud	12
top_aspect_west	2	2	minecraft:pale_moss_block	97
top_aspect_west	2	2	minecraft:pale_oak_wood	13
top_aspect_west	2	2	minecraft:smooth_basalt	23
top_aspect_west	2	2	minecraft:stone	146
top_aspect_west	2	3	minecraft:acacia_wood	35
top_aspect_west	2	3	minecraft:andesite	5
top_aspect_west	2	3	minecraft:basalt	6
top_aspect_west	2	3	minecraft:blackstone	3
top_aspect_west	2	3	minecraft:cobblestone	122
top_aspect_west	2	3	minecraft:cyan_terracotta	42
top_aspect_west	2	3	minecraft:grass_block	46
top_aspect_west	2	3	minecraft:light_gray_wool	5
top_aspect_west	2	3	minecraft:moss_block	31
top_aspect_west	2	3	minecraft:mud	23
top_aspect_west	2	3	minecraft:pale_moss_block	47
top_aspect_west	2	3	minecraft:pale_oak_wood	22
top_aspect_west	2	3	minecraft:smooth_basalt	21
top_aspect_west	2	3	minecraft:stone	158
top_aspect_west	2	4	minecraft:acacia_wood	7
top_aspect_west	2	4	minecraft:andesite	1
top_aspect_west	2	4	minecraft:cobblestone	39
top_aspect_west	2	4	minecraft:cyan_terracotta	17
top_aspect_west	2	4	minecraft:moss_block	9
top_aspect_west	2	4	minecraft:mud	10
top_aspect_west	2	4	minecraft:pale_moss_block	11
top_aspect_west	2	4	minecraft:pale_oak_wood	5
top_aspect_west	2	4	minecraft:smooth_basalt	5
top_aspect_west	2	4	minecraft:stone	33
top_aspect_west	3	0	minecraft:acacia_wood	1
top_aspect_west	3	0	minecraft:grass_block	5
top_aspect_west	3	0	minecraft:mud	1
top_aspect_west	3	1	minecraft:acacia_wood	8
top_aspect_west	3	1	minecraft:cobblestone	3
top_aspect_west	3	1	minecraft:cyan_terracotta	7
top_aspect_west	3	1	minecraft:grass_block	20
top_aspect_west	3	1	minecraft:moss_block	15
top_aspect_west	3	1	minecraft:mud	1
top_aspect_west	3	1	minecraft:pale_moss_block	4
top_aspect_west	3	1	minecraft:pale_oak_wood	1
top_aspect_west	3	1	minecraft:stone	11
top_aspect_west	3	1	minecraft:tuff	2
top_aspect_west	3	2	minecraft:acacia_wood	39
top_aspect_west	3	2	minecraft:andesite	10
top_aspect_west	3	2	minecraft:black_wool	4
top_aspect_west	3	2	minecraft:blackstone	1
top_aspect_west	3	2	minecraft:cobblestone	55
top_aspect_west	3	2	minecraft:cyan_terracotta	21
top_aspect_west	3	2	minecraft:dirt	1
top_aspect_west	3	2	minecraft:grass_block	59
top_aspect_west	3	2	minecraft:light_gray_wool	2
top_aspect_west	3	2	minecraft:moss_block	110
top_aspect_west	3	2	minecraft:mud	4
top_aspect_west	3	2	minecraft:pale_moss_block	123
top_aspect_west	3	2	minecraft:pale_oak_wood	10
top_aspect_west	3	2	minecraft:smooth_basalt	6
top_aspect_west	3	2	minecraft:stone	86
top_aspect_west	3	2	minecraft:tuff	16
top_aspect_west	3	3	minecraft:acacia_wood	73
top_aspect_west	3	3	minecraft:andesite	48
top_aspect_west	3	3	minecraft:black_wool	2
top_aspect_west	3	3	minecraft:cobblestone	103
top_aspect_west	3	3	minecraft:cyan_terracotta	23
top_aspect_west	3	3	minecraft:grass_block	6
top_aspect_west	3	3	minecraft:light_gray_wool	6
top_aspect_west	3	3	minecraft:moss_block	15
top_aspect_west	3	3	minecraft:mud	7
top_aspect_west	3	3	minecraft:pale_moss_block	83
top_aspect_west	3	3	minecraft:pale_oak_wood	7
top_aspect_west	3	3	minecraft:smooth_basalt	6
top_aspect_west	3	3	minecraft:stone	147
top_aspect_west	3	3	minecraft:tuff	4
top_aspect_west	3	4	minecraft:acacia_wood	9
top_aspect_west	3	4	minecraft:andesite	8
top_aspect_west	3	4	minecraft:blackstone	2
top_aspect_west	3	4	minecraft:cobblestone	16
top_aspect_west	3	4	minecraft:cyan_terracotta	27
top_aspect_west	3	4	minecraft:grass_block	1
top_aspect_west	3	4	minecraft:light_gray_wool	2
top_aspect_west	3	4	minecraft:mud	7
top_aspect_west	3	4	minecraft:pale_moss_block	29
top_aspect_west	3	4	minecraft:pale_oak_wood	6
top_aspect_west	3	4	minecraft:stone	62
top_aspect_west	4	0	minecraft:cyan_terracotta	2
top_aspect_west	4	0	minecraft:grass_block	1
top_aspect_west	4	0	minecraft:mud	1
top_aspect_west	4	0	minecraft:pale_moss_block	2
top_aspect_west	4	1	minecraft:blackstone	3
top_aspect_west	4	1	minecraft:cyan_terracotta	1
top_aspect_west	4	1	minecraft:dirt	1
top_aspect_west	4	1	minecraft:grass_block	2
top_aspect_west	4	1	minecraft:moss_block	4
top_aspect_west	4	1	minecraft:mud	4
top_aspect_west	4	1	minecraft:pale_moss_block	10
top_aspect_west	4	1	minecraft:stone	5
top_aspect_west	4	2	minecraft:acacia_wood	30
top_aspect_west	4	2	minecraft:andesite	13
top_aspect_west	4	2	minecraft:blackstone	6
top_aspect_west	4	2	minecraft:cobblestone	39
top_aspect_west	4	2	minecraft:cyan_terracotta	10
top_aspect_west	4	2	minecraft:grass_block	4
top_aspect_west	4	2	minecraft:light_gray_wool	19
top_aspect_west	4	2	minecraft:moss_block	14
top_aspect_west	4	2	minecraft:mud	5
top_aspect_west	4	2	minecraft:pale_moss_block	61
top_aspect_west	4	2	minecraft:pale_oak_wood	7
top_aspect_west	4	2	minecraft:stone	136
top_aspect_west	4	2	minecraft:tuff	7
top_aspect_west	4	3	minecraft:acacia_wood	54
top_aspect_west	4	3	minecraft:andesite	33
top_aspect_west	4	3	minecraft:basalt	1
top_aspect_west	4	3	minecraft:blackstone	4
top_aspect_west	4	3	minecraft:cobblestone	84
top_aspect_west	4	3	minecraft:cyan_terracotta	6
top_aspect_west	4	3	minecraft:light_gray_wool	12
top_aspect_west	4	3	minecraft:mud	14
top_aspect_west	4	3	minecraft:pale_moss_block	65
top_aspect_west	4	3	minecraft:pale_oak_wood	6
top_aspect_west	4	3	minecraft:smooth_basalt	2
top_aspect_west	4	3	minecraft:stone	172
top_aspect_west	4	3	minecraft:tuff	22
top_aspect_west	4	4	minecraft:acacia_wood	19
top_aspect_west	4	4	minecraft:andesite	3
top_aspect_west	4	4	minecraft:blackstone	1
top_aspect_west	4	4	minecraft:cobblestone	28
top_aspect_west	4	4	minecraft:cyan_terracotta	1
top_aspect_west	4	4	minecraft:mud	11
top_aspect_west	4	4	minecraft:pale_moss_block	16
top_aspect_west	4	4	minecraft:pale_oak_wood	5
top_aspect_west	4	4	minecraft:smooth_basalt	1
top_aspect_west	4	4	minecraft:stone	35
top_aspect_west	4	4	minecraft:tuff	1
top_aspect_west	5	0	minecraft:moss_block	17
top_aspect_west	5	0	minecraft:pale_moss_block	2
top_aspect_west	5	0	minecraft:pale_oak_wood	1
top_aspect_west	5	0	minecraft:smooth_basalt	1
top_aspect_west	5	0	minecraft:snow_block	1
top_aspect_west	5	0	minecraft:stone	5
top_aspect_west	5	0	minecraft:white_concrete	1
top_aspect_west	5	1	minecraft:acacia_wood	30
top_aspect_west	5	1	minecraft:cobblestone	13
top_aspect_west	5	1	minecraft:cyan_terracotta	3
top_aspect_west	5	1	minecraft:grass_block	9
top_aspect_west	5	1	minecraft:gray_wool	15
top_aspect_west	5	1	minecraft:light_gray_wool	1
top_aspect_west	5	1	minecraft:moss_block	111
top_aspect_west	5	1	minecraft:mud	4
top_aspect_west	5	1	minecraft:pale_moss_block	41
top_aspect_west	5	1	minecraft:pale_oak_wood	6
top_aspect_west	5	1	minecraft:smooth_basalt	1
top_aspect_west	5	1	minecraft:stone	65
top_aspect_west	5	1	minecraft:white_concrete	1
top_aspect_west	5	2	minecraft:acacia_wood	51
top_aspect_west	5	2	minecraft:andesite	5
top_aspect_west	5	2	minecraft:basalt	4
top_aspect_west	5	2	minecraft:cobblestone	45
top_aspect_west	5	2	minecraft:cyan_terracotta	21
top_aspect_west	5	2	minecraft:grass_block	13
top_aspect_west	5	2	minecraft:gray_wool	4
top_aspect_west	5	2	minecraft:light_gray_wool	10
top_aspect_west	5	2	minecraft:moss_block	60
top_aspect_west	5	2	minecraft:mud	18
top_aspect_west	5	2	minecraft:pale_moss_block	156
top_aspect_west	5	2	minecraft:pale_oak_wood	11
top_aspect_west	5	2	minecraft:smooth_basalt	5
top_aspect_west	5	2	minecraft:stone	214
top_aspect_west	5	3	minecraft:acacia_wood	54
top_aspect_west	5	3	minecraft:andesite	4
top_aspect_west	5	3	minecraft:basalt	5
top_aspect_west	5	3	minecraft:cobblestone	65
top_aspect_west	5	3	minecraft:cyan_terracotta	26
top_aspect_west	5	3	minecraft:grass_block	3
top_aspect_west	5	3	minecraft:light_gray_wool	3
top_aspect_west	5	3	minecraft:moss_block	1
top_aspect_west	5	3	minecraft:mud	16
top_aspect_west	5	3	minecraft:pale_moss_block	89
top_aspect_west	5	3	minecraft:pale_oak_wood	16
top_aspect_west	5	3	minecraft:stone	155
top_aspect_west	5	3	minecraft:tuff	10
top_aspect_west	5	3	minecraft:white_concrete	1
top_aspect_west	5	4	minecraft:acacia_wood	13
top_aspect_west	5	4	minecraft:andesite	2
top_aspect_west	5	4	minecraft:cobblestone	14
top_aspect_west	5	4	minecraft:cyan_terracotta	10
top_aspect_west	5	4	minecraft:mud	5
top_aspect_west	5	4	minecraft:pale_moss_block	14
top_aspect_west	5	4	minecraft:pale_oak_wood	2
top_aspect_west	5	4	minecraft:stone	29
top_aspect_west	5	4	minecraft:tuff	18
top_aspect_west	5	4	minecraft:white_concrete	2
top_aspect_west	6	0	minecraft:acacia_wood	1
top_aspect_west	6	0	minecraft:andesite	1
top_aspect_west	6	0	minecraft:blackstone	1
top_aspect_west	6	0	minecraft:moss_block	3
top_aspect_west	6	0	minecraft:pale_moss_block	1
top_aspect_west	6	0	minecraft:snow_block	1
top_aspect_west	6	1	minecraft:acacia_wood	18
top_aspect_west	6	1	minecraft:andesite	4
top_aspect_west	6	1	minecraft:basalt	2
top_aspect_west	6	1	minecraft:cobblestone	28
top_aspect_west	6	1	minecraft:cyan_terracotta	8
top_aspect_west	6	1	minecraft:light_gray_wool	3
top_aspect_west	6	1	minecraft:moss_block	84
top_aspect_west	6	1	minecraft:mud	10
top_aspect_west	6	1	minecraft:pale_moss_block	34
top_aspect_west	6	1	minecraft:pale_oak_wood	2
top_aspect_west	6	1	minecraft:snow_block	1
top_aspect_west	6	1	minecraft:stone	68
top_aspect_west	6	2	minecraft:acacia_wood	108
top_aspect_west	6	2	minecraft:andesite	26
top_aspect_west	6	2	minecraft:basalt	19
top_aspect_west	6	2	minecraft:cobblestone	151
top_aspect_west	6	2	minecraft:cyan_terracotta	63
top_aspect_west	6	2	minecraft:gray_wool	7
top_aspect_west	6	2	minecraft:light_gray_wool	17
top_aspect_west	6	2	minecraft:moss_block	111
top_aspect_west	6	2	minecraft:mud	65
top_aspect_west	6	2	minecraft:pale_moss_block	424
top_aspect_west	6	2	minecraft:pale_oak_wood	13
top_aspect_west	6	2	minecraft:smooth_basalt	10
top_aspect_west	6	2	minecraft:snow_block	3
top_aspect_west	6	2	minecraft:stone	523
top_aspect_west	6	2	minecraft:white_concrete	1
top_aspect_west	6	2	minecraft:white_wool	15
top_aspect_west	6	3	minecraft:acacia_wood	90
top_aspect_west	6	3	minecraft:andesite	2
top_aspect_west	6	3	minecraft:basalt	12
top_aspect_west	6	3	minecraft:cobblestone	66
top_aspect_west	6	3	minecraft:cyan_terracotta	58
top_aspect_west	6	3	minecraft:light_gray_wool	3
top_aspect_west	6	3	minecraft:mud	30
top_aspect_west	6	3	minecraft:pale_moss_block	184
top_aspect_west	6	3	minecraft:pale_oak_wood	5
top_aspect_west	6	3	minecraft:smooth_basalt	1
top_aspect_west	6	3	minecraft:snow_block	2
top_aspect_west	6	3	minecraft:stone	210
top_aspect_west	6	3	minecraft:tuff	10
top_aspect_west	6	3	minecraft:white_concrete	1
top_aspect_west	6	3	minecraft:white_wool	12
top_aspect_west	6	4	minecraft:acacia_wood	9
top_aspect_west	6	4	minecraft:blackstone	1
top_aspect_west	6	4	minecraft:cobblestone	2
top_aspect_west	6	4	minecraft:cyan_terracotta	3
top_aspect_west	6	4	minecraft:mud	1
top_aspect_west	6	4	minecraft:pale_moss_block	26
top_aspect_west	6	4	minecraft:stone	11
top_aspect_west	6	4	minecraft:tuff	8
top_aspect_west	6	4	minecraft:white_concrete	2
top_aspect_west	7	0	minecraft:moss_block	1
top_aspect_west	7	0	minecraft:snow_block	2
top_aspect_west	7	0	minecraft:stone	1
top_aspect_west	7	1	minecraft:acacia_wood	46
top_aspect_west	7	1	minecraft:andesite	6
top_aspect_west	7	1	minecraft:cobblestone	6
top_aspect_west	7	1	minecraft:cyan_terracotta	3
top_aspect_west	7	1	minecraft:moss_block	17
top_aspect_west	7	1	minecraft:mud	3
top_aspect_west	7	1	minecraft:pale_moss_block	10
top_aspect_west	7	1	minecraft:pale_oak_wood	6
top_aspect_west	7	1	minecraft:stone	71
top_aspect_west	7	2	minecraft:acacia_wood	105
top_aspect_west	7	2	minecraft:andesite	41
top_aspect_west	7	2	minecraft:birch_wood	4
top_aspect_west	7	2	minecraft:cobblestone	155
top_aspect_west	7	2	minecraft:cyan_terracotta	26
top_aspect_west	7	2	minecraft:light_gray_wool	22
top_aspect_west	7	2	minecraft:moss_block	63
top_aspect_west	7	2	minecraft:mud	38
top_aspect_west	7	2	minecraft:pale_moss_block	175
top_aspect_west	7	2	minecraft:pale_oak_wood	10
top_aspect_west	7	2	minecraft:smooth_basalt	5
top_aspect_west	7	2	minecraft:stone	407
top_aspect_west	7	2	minecraft:white_concrete_powder	1
top_aspect_west	7	3	minecraft:acacia_wood	94
top_aspect_west	7	3	minecraft:andesite	16
top_aspect_west	7	3	minecraft:basalt	1
top_aspect_west	7	3	minecraft:birch_wood	6
top_aspect_west	7	3	minecraft:cobblestone	65
top_aspect_west	7	3	minecraft:cyan_terracotta	25
top_aspect_west	7	3	minecraft:diorite	1
top_aspect_west	7	3	minecraft:light_gray_terracotta	1
top_aspect_west	7	3	minecraft:light_gray_wool	7
top_aspect_west	7	3	minecraft:moss_block	3
top_aspect_west	7	3	minecraft:mud	58
top_aspect_west	7	3	minecraft:pale_moss_block	87
top_aspect_west	7	3	minecraft:pale_oak_wood	1
top_aspect_west	7	3	minecraft:stone	171
top_aspect_west	7	3	minecraft:tuff	6
top_aspect_west	7	3	minecraft:white_concrete_powder	8
top_aspect_west	7	4	minecraft:cobblestone	6
top_aspect_west	7	4	minecraft:cyan_terracotta	5
top_aspect_west	7	4	minecraft:light_gray_wool	1
top_aspect_west	7	4	minecraft:mud	1
top_aspect_west	7	4	minecraft:pale_moss_block	13
top_aspect_west	7	4	minecraft:pale_oak_wood	3
top_aspect_west	7	4	minecraft:stone	10
top_aspect_west	8	0	minecraft:pale_moss_block	1
top_aspect_west	8	0	minecraft:snow_block	19
top_aspect_west	8	1	minecraft:acacia_wood	23
top_aspect_west	8	1	minecraft:andesite	6
top_aspect_west	8	1	minecraft:basalt	3
top_aspect_west	8	1	minecraft:cobblestone	28
top_aspect_west	8	1	minecraft:cyan_terracotta	9
top_aspect_west	8	1	minecraft:moss_block	2
top_aspect_west	8	1	minecraft:pale_moss_block	77
top_aspect_west	8	1	minecraft:pale_oak_wood	1
top_aspect_west	8	1	minecraft:snow_block	3
top_aspect_west	8	1	minecraft:stone	90
top_aspect_west	8	2	minecraft:acacia_wood	77
top_aspect_west	8	2	minecraft:andesite	91
top_aspect_west	8	2	minecraft:basalt	11
top_aspect_west	8	2	minecraft:birch_wood	8
top_aspect_west	8	2	minecraft:cobblestone	129
top_aspect_west	8	2	minecraft:cyan_terracotta	11
top_aspect_west	8	2	minecraft:light_gray_wool	10
top_aspect_west	8	2	minecraft:moss_block	3
top_aspect_west	8	2	minecraft:mud	90
top_aspect_west	8	2	minecraft:packed_mud	3
top_aspect_west	8	2	minecraft:pale_moss_block	227
top_aspect_west	8	2	minecraft:pale_oak_wood	7
top_aspect_west	8	2	minecraft:smooth_basalt	1
top_aspect_west	8	2	minecraft:stone	496
top_aspect_west	8	2	minecraft:white_concrete	3
top_aspect_west	8	2	minecraft:white_concrete_powder	8
top_aspect_west	8	3	minecraft:acacia_wood	33
top_aspect_west	8	3	minecraft:andesite	41
top_aspect_west	8	3	minecraft:birch_wood	13
top_aspect_west	8	3	minecraft:coarse_dirt	8
top_aspect_west	8	3	minecraft:cobblestone	62
top_aspect_west	8	3	minecraft:cyan_terracotta	2
top_aspect_west	8	3	minecraft:diorite	7
top_aspect_west	8	3	minecraft:dripstone_block	14
top_aspect_west	8	3	minecraft:light_gray_terracotta	7
top_aspect_west	8	3	minecraft:light_gray_wool	12
top_aspect_west	8	3	minecraft:mud	8
top_aspect_west	8	3	minecraft:packed_mud	12
top_aspect_west	8	3	minecraft:pale_moss_block	94
top_aspect_west	8	3	minecraft:pale_oak_wood	6
top_aspect_west	8	3	minecraft:snow_block	2
top_aspect_west	8	3	minecraft:stone	183
top_aspect_west	8	3	minecraft:white_concrete_powder	13
top_aspect_west	8	4	minecraft:acacia_wood	1
top_aspect_west	8	4	minecraft:andesite	6
top_aspect_west	8	4	minecraft:birch_wood	2
top_aspect_west	8	4	minecraft:cobblestone	9
top_aspect_west	8	4	minecraft:diorite	5
top_aspect_west	8	4	minecraft:light_gray_wool	10
top_aspect_west	8	4	minecraft:stone	8
top_aspect_west	9	0	minecraft:andesite	1
top_aspect_west	9	1	minecraft:acacia_wood	7
top_aspect_west	9	1	minecraft:andesite	7
top_aspect_west	9	1	minecraft:basalt	1
top_aspect_west	9	1	minecraft:birch_wood	6
top_aspect_west	9	1	minecraft:cobblestone	24
top_aspect_west	9	1	minecraft:cyan_terracotta	1
top_aspect_west	9	1	minecraft:diorite	16
top_aspect_west	9	1	minecraft:light_gray_wool	1
top_aspect_west	9	1	minecraft:mud	4
top_aspect_west	9	1	minecraft:pale_moss_block	46
top_aspect_west	9	1	minecraft:pale_oak_wood	5
top_aspect_west	9	1	minecraft:snow_block	5
top_aspect_west	9	1	minecraft:stone	89
top_aspect_west	9	1	minecraft:white_concrete_powder	4
top_aspect_west	9	2	minecraft:acacia_wood	43
top_aspect_west	9	2	minecraft:andesite	7
top_aspect_west	9	2	minecraft:basalt	4
top_aspect_west	9	2	minecraft:birch_wood	73
top_aspect_west	9	2	minecraft:black_wool	1
top_aspect_west	9	2	minecraft:coarse_dirt	1
top_aspect_west	9	2	minecraft:cobblestone	96
top_aspect_west	9	2	minecraft:cyan_terracotta	21
top_aspect_west	9	2	minecraft:diorite	54
top_aspect_west	9	2	minecraft:light_gray_wool	1
top_aspect_west	9	2	minecraft:mud	71
top_aspect_west	9	2	minecraft:pale_moss_block	221
top_aspect_west	9	2	minecraft:pale_oak_wood	6
top_aspect_west	9	2	minecraft:snow_block	46
top_aspect_west	9	2	minecraft:stone	242
top_aspect_west	9	2	minecraft:white_concrete_powder	80
top_aspect_west	9	3	minecraft:acacia_wood	25
top_aspect_west	9	3	minecraft:andesite	2
top_aspect_west	9	3	minecraft:basalt	2
top_aspect_west	9	3	minecraft:birch_wood	20
top_aspect_west	9	3	minecraft:coarse_dirt	1
top_aspect_west	9	3	minecraft:cobblestone	43
top_aspect_west	9	3	minecraft:cyan_terracotta	6
top_aspect_west	9	3	minecraft:diorite	18
top_aspect_west	9	3	minecraft:dripstone_block	1
top_aspect_west	9	3	minecraft:granite	1
top_aspect_west	9	3	minecraft:mud	4
top_aspect_west	9	3	minecraft:packed_mud	1
top_aspect_west	9	3	minecraft:pale_moss_block	115
top_aspect_west	9	3	minecraft:snow_block	14
top_aspect_west	9	3	minecraft:stone	136
top_aspect_west	9	3	minecraft:white_concrete_powder	28
top_aspect_west	9	4	minecraft:acacia_wood	2
top_aspect_west	9	4	minecraft:cobblestone	5
top_aspect_west	9	4	minecraft:cyan_terracotta	2
top_aspect_west	9	4	minecraft:pale_moss_block	4
top_aspect_west	9	4	minecraft:stone	9
top_slope1	0	0	minecraft:acacia_wood	12
top_slope1	0	0	minecraft:andesite	5
top_slope1	0	0	minecraft:basalt	4
top_slope1	0	0	minecraft:blackstone	3
top_slope1	0	0	minecraft:calcite	1
top_slope1	0	0	minecraft:cobblestone	8
top_slope1	0	0	minecraft:cyan_terracotta	16
top_slope1	0	0	minecraft:diamond_block	11
top_slope1	0	0	minecraft:dirt	13
top_slope1	0	0	minecraft:grass_block	3182
top_slope1	0	0	minecraft:light_gray_wool	4
top_slope1	0	0	minecraft:moss_block	1161
top_slope1	0	0	minecraft:mud	16
top_slope1	0	0	minecraft:pale_moss_block	20
top_slope1	0	0	minecraft:pale_oak_wood	7
top_slope1	0	0	minecraft:smooth_basalt	6
top_slope1	0	0	minecraft:spruce_log	10
top_slope1	0	0	minecraft:stone	64
top_slope1	0	0	minecraft:tuff	2
top_slope1	0	2	minecraft:acacia_wood	191
top_slope1	0	2	minecraft:andesite	41
top_slope1	0	2	minecraft:basalt	91
top_slope1	0	2	minecraft:black_wool	4
top_slope1	0	2	minecraft:blackstone	14
top_slope1	0	2	minecraft:calcite	5
top_slope1	0	2	minecraft:cobblestone	105
top_slope1	0	2	minecraft:cyan_terracotta	202
top_slope1	0	2	minecraft:diamond_block	73
top_slope1	0	2	minecraft:dirt	23
top_slope1	0	2	minecraft:grass_block	3366
top_slope1	0	2	minecraft:gray_wool	1
top_slope1	0	2	minecraft:iron_ore	1
top_slope1	0	2	minecraft:light_gray_wool	27
top_slope1	0	2	minecraft:moss_block	2061
top_slope1	0	2	minecraft:mud	185
top_slope1	0	2	minecraft:pale_moss_block	312
top_slope1	0	2	minecraft:pale_oak_wood	83
top_slope1	0	2	minecraft:smooth_basalt	66
top_slope1	0	2	minecraft:spruce_log	2
top_slope1	0	2	minecraft:stone	412
top_slope1	0	2	minecraft:tuff	20
top_slope1	0	2	minecraft:white_concrete	1
top_slope1	0	3	minecraft:acacia_wood	216
top_slope1	0	3	minecraft:andesite	18
top_slope1	0	3	minecraft:basalt	65
top_slope1	0	3	minecraft:black_wool	3
top_slope1	0	3	minecraft:blackstone	30
top_slope1	0	3	minecraft:calcite	3
top_slope1	0	3	minecraft:cobblestone	100
top_slope1	0	3	minecraft:cyan_terracotta	194
top_slope1	0	3	minecraft:diamond_block	47
top_slope1	0	3	minecraft:dirt	11
top_slope1	0	3	minecraft:grass_block	558
top_slope1	0	3	minecraft:gray_wool	4
top_slope1	0	3	minecraft:light_gray_wool	20
top_slope1	0	3	minecraft:moss_block	328
top_slope1	0	3	minecraft:mud	159
top_slope1	0	3	minecraft:pale_moss_block	431
top_slope1	0	3	minecraft:pale_oak_wood	91
top_slope1	0	3	minecraft:smooth_basalt	59
top_slope1	0	3	minecraft:spruce_log	1
top_slope1	0	3	minecraft:stone	522
top_slope1	0	3	minecraft:tuff	20
top_slope1	0	4	minecraft:acacia_wood	168
top_slope1	0	4	minecraft:andesite	15
top_slope1	0	4	minecraft:basalt	36
top_slope1	0	4	minecraft:black_wool	6
top_slope1	0	4	minecraft:blackstone	46
top_slope1	0	4	minecraft:calcite	7
top_slope1	0	4	minecraft:coal_ore	1
top_slope1	0	4	minecraft:cobblestone	51
top_slope1	0	4	minecraft:cyan_terracotta	147
top_slope1	0	4	minecraft:diamond_block	9
top_slope1	0	4	minecraft:dirt	2
top_slope1	0	4	minecraft:grass_block	305
top_slope1	0	4	minecraft:gray_wool	14
top_slope1	0	4	minecraft:light_gray_wool	18
top_slope1	0	4	minecraft:moss_block	112
top_slope1	0	4	minecraft:mud	223
top_slope1	0	4	minecraft:pale_moss_block	171
top_slope1	0	4	minecraft:pale_oak_wood	61
top_slope1	0	4	minecraft:smooth_basalt	48
top_slope1	0	4	minecraft:spruce_log	5
top_slope1	0	4	minecraft:stone	360
top_slope1	0	4	minecraft:tuff	4
top_slope1	1	0	minecraft:acacia_wood	5
top_slope1	1	0	minecraft:basalt	4
top_slope1	1	0	minecraft:blackstone	1
top_slope1	1	0	minecraft:calcite	1
top_slope1	1	0	minecraft:cobblestone	6
top_slope1	1	0	minecraft:cyan_terracotta	3
top_slope1	1	0	minecraft:diamond_block	6
top_slope1	1	0	minecraft:dirt	28
top_slope1	1	0	minecraft:grass_block	2470
top_slope1	1	0	minecraft:light_gray_wool	1
top_slope1	1	0	minecraft:moss_block	900
top_slope1	1	0	minecraft:mud	12
top_slope1	1	0	minecraft:pale_moss_block	18
top_slope1	1	0	minecraft:pale_oak_wood	2
top_slope1	1	0	minecraft:smooth_basalt	3
top_slope1	1	0	minecraft:spruce_log	3
top_slope1	1	0	minecraft:stone	17
top_slope1	1	0	minecraft:tuff	4
top_slope1	1	0	minecraft:white_concrete	4
top_slope1	1	2	minecraft:acacia_wood	263
top_slope1	1	2	minecraft:andesite	5
top_slope1	1	2	minecraft:basalt	90
top_slope1	1	2	minecraft:blackstone	14
top_slope1	1	2	minecraft:calcite	7
top_slope1	1	2	minecraft:cobblestone	108
top_slope1	1	2	minecraft:cyan_terracotta	242
top_slope1	1	2	minecraft:diamond_block	116
top_slope1	1	2	minecraft:dirt	33
top_slope1	1	2	minecraft:grass_block	2574
top_slope1	1	2	minecraft:light_gray_wool	6
top_slope1	1	2	minecraft:moss_block	2097
top_slope1	1	2	minecraft:mud	232
top_slope1	1	2	minecraft:pale_moss_block	533
top_slope1	1	2	minecraft:pale_oak_wood	52
top_slope1	1	2	minecraft:smooth_basalt	63
top_slope1	1	2	minecraft:spruce_log	1
top_slope1	1	2	minecraft:stone	399
top_slope1	1	2	minecraft:tuff	16
top_slope1	1	2	minecraft:white_concrete	17
top_slope1	1	3	minecraft:acacia_wood	354
top_slope1	1	3	minecraft:andesite	2
top_slope1	1	3	minecraft:basalt	106
top_slope1	1	3	minecraft:blackstone	34
top_slope1	1	3	minecraft:calcite	2
top_slope1	1	3	minecraft:cobblestone	128
top_slope1	1	3	minecraft:cyan_terracotta	316
top_slope1	1	3	minecraft:diamond_block	84
top_slope1	1	3	minecraft:dirt	12
top_slope1	1	3	minecraft:grass_block	528
top_slope1	1	3	minecraft:light_gray_wool	9
top_slope1	1	3	minecraft:moss_block	408
top_slope1	1	3	minecraft:mud	257
top_slope1	1	3	minecraft:pale_moss_block	689
top_slope1	1	3	minecraft:pale_oak_wood	84
top_slope1	1	3	minecraft:smooth_basalt	54
top_slope1	1	3	minecraft:stone	533
top_slope1	1	3	minecraft:tuff	17
top_slope1	1	3	minecraft:white_concrete	10
top_slope1	1	4	minecraft:acacia_wood	334
top_slope1	1	4	minecraft:andesite	6
top_slope1	1	4	minecraft:basalt	104
top_slope1	1	4	minecraft:blackstone	62
top_slope1	1	4	minecraft:calcite	3
top_slope1	1	4	minecraft:cobblestone	192
top_slope1	1	4	minecraft:cyan_terracotta	365
top_slope1	1	4	minecraft:diamond_block	27
top_slope1	1	4	minecraft:dirt	6
top_slope1	1	4	minecraft:grass_block	278
top_slope1	1	4	minecraft:light_gray_wool	24
top_slope1	1	4	minecraft:moss_block	106
top_slope1	1	4	minecraft:mud	280
top_slope1	1	4	minecraft:pale_moss_block	471
top_slope1	1	4	minecraft:pale_oak_wood	51
top_slope1	1	4	minecraft:smooth_basalt	80
top_slope1	1	4	minecraft:spruce_log	1
top_slope1	1	4	minecraft:stone	433
top_slope1	1	4	minecraft:tuff	6
top_slope1	1	4	minecraft:white_concrete	11
top_slope1	10	0	minecraft:birch_wood	34
top_slope1	10	0	minecraft:cobblestone	2
top_slope1	10	0	minecraft:diorite	7
top_slope1	10	0	minecraft:pale_moss_block	10
top_slope1	10	0	minecraft:snow_block	37
top_slope1	10	0	minecraft:stone	5
top_slope1	10	0	minecraft:white_concrete_powder	51
top_slope1	10	2	minecraft:acacia_wood	35
top_slope1	10	2	minecraft:andesite	6
top_slope1	10	2	minecraft:basalt	7
top_slope1	10	2	minecraft:birch_wood	359
top_slope1	10	2	minecraft:cobblestone	31
top_slope1	10	2	minecraft:cyan_terracotta	38
top_slope1	10	2	minecraft:diorite	199
top_slope1	10	2	minecraft:granite	3
top_slope1	10	2	minecraft:ice	4
top_slope1	10	2	minecraft:light_gray_terracotta	4
top_slope1	10	2	minecraft:light_gray_wool	2
top_slope1	10	2	minecraft:mud	7
top_slope1	10	2	minecraft:pale_moss_block	94
top_slope1	10	2	minecraft:pale_oak_wood	2
top_slope1	10	2	minecraft:smooth_basalt	1
top_slope1	10	2	minecraft:snow_block	399
top_slope1	10	2	minecraft:stone	97
top_slope1	10	2	minecraft:white_concrete_powder	466
top_slope1	10	3	minecraft:acacia_wood	170
top_slope1	10	3	minecraft:andesite	21
top_slope1	10	3	minecraft:basalt	71
top_slope1	10	3	minecraft:birch_wood	228
top_slope1	10	3	minecraft:black_wool	1
top_slope1	10	3	minecraft:cobblestone	103
top_slope1	10	3	minecraft:cyan_terracotta	184
top_slope1	10	3	minecraft:diorite	93
top_slope1	10	3	minecraft:dirt	2
top_slope1	10	3	minecraft:granite	5
top_slope1	10	3	minecraft:ice	1
top_slope1	10	3	minecraft:light_gray_terracotta	2
top_slope1	10	3	minecraft:light_gray_wool	14
top_slope1	10	3	minecraft:mud	58
top_slope1	10	3	minecraft:pale_moss_block	314
top_slope1	10	3	minecraft:pale_oak_wood	14
top_slope1	10	3	minecraft:smooth_basalt	11
top_slope1	10	3	minecraft:snow_block	233
top_slope1	10	3	minecraft:stone	367
top_slope1	10	3	minecraft:white_concrete_powder	254
top_slope1	10	4	minecraft:acacia_wood	169
top_slope1	10	4	minecraft:andesite	23
top_slope1	10	4	minecraft:basalt	70
top_slope1	10	4	minecraft:birch_wood	9
top_slope1	10	4	minecraft:cobblestone	54
top_slope1	10	4	minecraft:cyan_terracotta	200
top_slope1	10	4	minecraft:diorite	10
top_slope1	10	4	minecraft:granite	1
top_slope1	10	4	minecraft:ice	3
top_slope1	10	4	minecraft:light_gray_wool	5
top_slope1	10	4	minecraft:mud	47
top_slope1	10	4	minecraft:packed_ice	22
top_slope1	10	4	minecraft:pale_moss_block	147
top_slope1	10	4	minecraft:pale_oak_wood	14
top_slope1	10	4	minecraft:smooth_basalt	9
top_slope1	10	4	minecraft:snow_block	98
top_slope1	10	4	minecraft:stone	208
top_slope1	10	4	minecraft:white_concrete_powder	10
top_slope1	11	0	minecraft:birch_wood	63
top_slope1	11	0	minecraft:diorite	44
top_slope1	11	0	minecraft:snow_block	18
top_slope1	11	0	minecraft:white_concrete_powder	40
top_slope1	11	2	minecraft:acacia_wood	22
top_slope1	11	2	minecraft:andesite	2
top_slope1	11	2	minecraft:basalt	6
top_slope1	11	2	minecraft:birch_wood	453
top_slope1	11	2	minecraft:cobblestone	14
top_slope1	11	2	minecraft:cyan_terracotta	29
top_slope1	11	2	minecraft:diorite	365
top_slope1	11	2	minecraft:light_gray_wool	1
top_slope1	11	2	minecraft:mud	3
top_slope1	11	2	minecraft:pale_moss_block	46
top_slope1	11	2	minecraft:pale_oak_wood	9
top_slope1	11	2	minecraft:snow_block	167
top_slope1	11	2	minecraft:stone	63
top_slope1	11	2	minecraft:white_concrete_powder	273
top_slope1	11	3	minecraft:acacia_wood	199
top_slope1	11	3	minecraft:andesite	20
top_slope1	11	3	minecraft:basalt	18
top_slope1	11	3	minecraft:birch_wood	203
top_slope1	11	3	minecraft:black_wool	1
top_slope1	11	3	minecraft:blackstone	2
top_slope1	11	3	minecraft:coarse_dirt	4
top_slope1	11	3	minecraft:cobblestone	146
top_slope1	11	3	minecraft:cyan_terracotta	176
top_slope1	11	3	minecraft:diorite	192
top_slope1	11	3	minecraft:granite	2
top_slope1	11	3	minecraft:ice	1
top_slope1	11	3	minecraft:light_gray_wool	6
top_slope1	11	3	minecraft:mud	21
top_slope1	11	3	minecraft:pale_moss_block	332
top_slope1	11	3	minecraft:pale_oak_wood	53
top_slope1	11	3	minecraft:smooth_basalt	6
top_slope1	11	3	minecraft:snow_block	122
top_slope1	11	3	minecraft:stone	296
top_slope1	11	3	minecraft:tuff	2
top_slope1	11	3	minecraft:white_concrete_powder	136
top_slope1	11	4	minecraft:acacia_wood	223
top_slope1	11	4	minecraft:andesite	21
top_slope1	11	4	minecraft:basalt	42
top_slope1	11	4	minecraft:birch_wood	7
top_slope1	11	4	minecraft:black_wool	1
top_slope1	11	4	minecraft:blackstone	2
top_slope1	11	4	minecraft:cobblestone	72
top_slope1	11	4	minecraft:cyan_terracotta	117
top_slope1	11	4	minecraft:diorite	14
top_slope1	11	4	minecraft:light_gray_wool	3
top_slope1	11	4	minecraft:mud	47
top_slope1	11	4	minecraft:packed_ice	17
top_slope1	11	4	minecraft:pale_moss_block	225
top_slope1	11	4	minecraft:pale_oak_wood	54
top_slope1	11	4	minecraft:smooth_basalt	15
top_slope1	11	4	minecraft:snow_block	62
top_slope1	11	4	minecraft:stone	189
top_slope1	11	4	minecraft:white_concrete_powder	2
top_slope1	12	0	minecraft:birch_wood	31
top_slope1	12	0	minecraft:diorite	13
top_slope1	12	0	minecraft:white_concrete_powder	13
top_slope1	12	2	minecraft:acacia_wood	13
top_slope1	12	2	minecraft:andesite	2
top_slope1	12	2	minecraft:basalt	2
top_slope1	12	2	minecraft:birch_wood	424
top_slope1	12	2	minecraft:cobblestone	24
top_slope1	12	2	minecraft:cyan_terracotta	13
top_slope1	12	2	minecraft:diorite	230
top_slope1	12	2	minecraft:dripstone_block	1
top_slope1	12	2	minecraft:light_gray_wool	5
top_slope1	12	2	minecraft:mud	6
top_slope1	12	2	minecraft:pale_moss_block	37
top_slope1	12	2	minecraft:pale_oak_wood	12
top_slope1	12	2	minecraft:snow_block	67
top_slope1	12	2	minecraft:stone	61
top_slope1	12	2	minecraft:white_concrete_powder	224
top_slope1	12	3	minecraft:acacia_wood	147
top_slope1	12	3	minecraft:andesite	7
top_slope1	12	3	minecraft:basalt	16
top_slope1	12	3	minecraft:birch_wood	257
top_slope1	12	3	minecraft:blackstone	4
top_slope1	12	3	minecraft:cobblestone	82
top_slope1	12	3	minecraft:cyan_terracotta	83
top_slope1	12	3	minecraft:diorite	188
top_slope1	12	3	minecraft:dripstone_block	1
top_slope1	12	3	minecraft:light_gray_terracotta	3
top_slope1	12	3	minecraft:light_gray_wool	7
top_slope1	12	3	minecraft:mud	23
top_slope1	12	3	minecraft:pale_moss_block	209
top_slope1	12	3	minecraft:pale_oak_wood	46
top_slope1	12	3	minecraft:smooth_basalt	6
top_slope1	12	3	minecraft:snow_block	102
top_slope1	12	3	minecraft:stone	405
top_slope1	12	3	minecraft:tuff	2
top_slope1	12	3	minecraft:white_concrete_powder	167
top_slope1	12	4	minecraft:acacia_wood	129
top_slope1	12	4	minecraft:andesite	4
top_slope1	12	4	minecraft:basalt	21
top_slope1	12	4	minecraft:birch_wood	14
top_slope1	12	4	minecraft:blackstone	1
top_slope1	12	4	minecraft:cobblestone	62
top_slope1	12	4	minecraft:cyan_terracotta	61
top_slope1	12	4	minecraft:diorite	17
top_slope1	12	4	minecraft:dripstone_block	1
top_slope1	12	4	minecraft:light_gray_terracotta	5
top_slope1	12	4	minecraft:light_gray_wool	4
top_slope1	12	4	minecraft:mud	26
top_slope1	12	4	minecraft:pale_moss_block	161
top_slope1	12	4	minecraft:pale_oak_wood	27
top_slope1	12	4	minecraft:smooth_basalt	2
top_slope1	12	4	minecraft:snow_block	50
top_slope1	12	4	minecraft:stone	199
top_slope1	12	4	minecraft:white_concrete_powder	13
top_slope1	13	0	minecraft:birch_wood	14
top_slope1	13	0	minecraft:diorite	12
top_slope1	13	0	minecraft:snow_block	5
top_slope1	13	0	minecraft:white_concrete_powder	10
top_slope1	13	2	minecraft:acacia_wood	11
top_slope1	13	2	minecraft:birch_wood	326
top_slope1	13	2	minecraft:blackstone	1
top_slope1	13	2	minecraft:cobblestone	6
top_slope1	13	2	minecraft:cyan_terracotta	8
top_slope1	13	2	minecraft:diorite	193
top_slope1	13	2	minecraft:light_gray_wool	5
top_slope1	13	2	minecraft:mud	4
top_slope1	13	2	minecraft:pale_moss_block	26
top_slope1	13	2	minecraft:snow_block	150
top_slope1	13	2	minecraft:stone	21
top_slope1	13	2	minecraft:white_concrete_powder	329
top_slope1	13	3	minecraft:acacia_wood	84
top_slope1	13	3	minecraft:andesite	2
top_slope1	13	3	minecraft:basalt	3
top_slope1	13	3	minecraft:birch_wood	193
top_slope1	13	3	minecraft:blackstone	3
top_slope1	13	3	minecraft:cobblestone	44
top_slope1	13	3	minecraft:cyan_terracotta	87
top_slope1	13	3	minecraft:diorite	88
top_slope1	13	3	minecraft:light_gray_terracotta	3
top_slope1	13	3	minecraft:light_gray_wool	70
top_slope1	13	3	minecraft:mud	27
top_slope1	13	3	minecraft:pale_moss_block	132
top_slope1	13	3	minecraft:pale_oak_wood	15
top_slope1	13	3	minecraft:smooth_basalt	1
top_slope1	13	3	minecraft:snow_block	89
top_slope1	13	3	minecraft:stone	168
top_slope1	13	3	minecraft:white_concrete_powder	153
top_slope1	13	4	minecraft:acacia_wood	74
top_slope1	13	4	minecraft:andesite	5
top_slope1	13	4	minecraft:basalt	2
top_slope1	13	4	minecraft:birch_wood	15
top_slope1	13	4	minecraft:black_wool	1
top_slope1	13	4	minecraft:blackstone	1
top_slope1	13	4	minecraft:cobblestone	54
top_slope1	13	4	minecraft:cyan_terracotta	45
top_slope1	13	4	minecraft:diorite	6
top_slope1	13	4	minecraft:dripstone_block	2
top_slope1	13	4	minecraft:light_gray_terracotta	2
top_slope1	13	4	minecraft:light_gray_wool	29
top_slope1	13	4	minecraft:mud	51
top_slope1	13	4	minecraft:pale_moss_block	117
top_slope1	13	4	minecraft:pale_oak_wood	22
top_slope1	13	4	minecraft:smooth_basalt	4
top_slope1	13	4	minecraft:snow_block	50
top_slope1	13	4	minecraft:stone	171
top_slope1	13	4	minecraft:white_concrete_powder	10
top_slope1	14	0	minecraft:birch_wood	5
top_slope1	14	0	minecraft:diorite	7
top_slope1	14	0	minecraft:snow_block	1
top_slope1	14	0	minecraft:white_concrete_powder	2
top_slope1	14	2	minecraft:acacia_wood	11
top_slope1	14	2	minecraft:andesite	2
top_slope1	14	2	minecraft:birch_wood	136
top_slope1	14	2	minecraft:blackstone	1
top_slope1	14	2	minecraft:cobblestone	4
top_slope1	14	2	minecraft:cyan_terracotta	3
top_slope1	14	2	minecraft:diorite	96
top_slope1	14	2	minecraft:light_gray_wool	8
top_slope1	14	2	minecraft:mud	6
top_slope1	14	2	minecraft:pale_moss_block	4
top_slope1	14	2	minecraft:pale_oak_wood	3
top_slope1	14	2	minecraft:snow_block	57
top_slope1	14	2	minecraft:stone	29
top_slope1	14	2	minecraft:white_concrete_powder	119
top_slope1	14	3	minecraft:acacia_wood	71
top_slope1	14	3	minecraft:andesite	16
top_slope1	14	3	minecraft:basalt	8
top_slope1	14	3	minecraft:birch_wood	113
top_slope1	14	3	minecraft:blackstone	3
top_slope1	14	3	minecraft:cobblestone	17
top_slope1	14	3	minecraft:cyan_terracotta	18
top_slope1	14	3	minecraft:diorite	109
top_slope1	14	3	minecraft:light_gray_wool	149
top_slope1	14	3	minecraft:mud	22
top_slope1	14	3	minecraft:pale_moss_block	32
top_slope1	14	3	minecraft:pale_oak_wood	22
top_slope1	14	3	minecraft:smooth_basalt	1
top_slope1	14	3	minecraft:snow_block	86
top_slope1	14	3	minecraft:stone	109
top_slope1	14	3	minecraft:white_concrete_powder	81
top_slope1	14	4	minecraft:acacia_wood	112
top_slope1	14	4	minecraft:andesite	16
top_slope1	14	4	minecraft:basalt	7
top_slope1	14	4	minecraft:birch_wood	18
top_slope1	14	4	minecraft:blackstone	1
top_slope1	14	4	minecraft:cobblestone	81
top_slope1	14	4	minecraft:cyan_terracotta	51
top_slope1	14	4	minecraft:diorite	11
top_slope1	14	4	minecraft:light_gray_wool	69
top_slope1	14	4	minecraft:mud	27
top_slope1	14	4	minecraft:pale_moss_block	94
top_slope1	14	4	minecraft:pale_oak_wood	31
top_slope1	14	4	minecraft:smooth_basalt	3
top_slope1	14	4	minecraft:snow_block	62
top_slope1	14	4	minecraft:stone	201
top_slope1	14	4	minecraft:white_concrete_powder	16
top_slope1	15	0	minecraft:birch_wood	176
top_slope1	15	0	minecraft:diorite	280
top_slope1	15	0	minecraft:snow_block	17
top_slope1	15	0	minecraft:white_concrete_powder	72
top_slope1	15	2	minecraft:acacia_wood	2
top_slope1	15	2	minecraft:andesite	1
top_slope1	15	2	minecraft:birch_wood	263
top_slope1	15	2	minecraft:cobblestone	3
top_slope1	15	2	minecraft:cyan_terracotta	1
top_slope1	15	2	minecraft:diorite	266
top_slope1	15	2	minecraft:light_gray_wool	4
top_slope1	15	2	minecraft:pale_moss_block	7
top_slope1	15	2	minecraft:snow_block	67
top_slope1	15	2	minecraft:stone	10
top_slope1	15	2	minecraft:white_concrete_powder	188
top_slope1	15	3	minecraft:acacia_wood	16
top_slope1	15	3	minecraft:andesite	8
top_slope1	15	3	minecraft:basalt	1
top_slope1	15	3	minecraft:birch_wood	101
top_slope1	15	3	minecraft:cobblestone	13
top_slope1	15	3	minecraft:cyan_terracotta	4
top_slope1	15	3	minecraft:diorite	53
top_slope1	15	3	minecraft:light_gray_wool	23
top_slope1	15	3	minecraft:mud	3
top_slope1	15	3	minecraft:pale_moss_block	30
top_slope1	15	3	minecraft:snow_block	62
top_slope1	15	3	minecraft:stone	33
top_slope1	15	3	minecraft:white_concrete_powder	88
top_slope1	15	4	minecraft:acacia_wood	29
top_slope1	15	4	minecraft:andesite	7
top_slope1	15	4	minecraft:basalt	2
top_slope1	15	4	minecraft:birch_wood	30
top_slope1	15	4	minecraft:cobblestone	14
top_slope1	15	4	minecraft:cyan_terracotta	14
top_slope1	15	4	minecraft:diorite	7
top_slope1	15	4	minecraft:light_gray_wool	42
top_slope1	15	4	minecraft:mud	1
top_slope1	15	4	minecraft:pale_moss_block	41
top_slope1	15	4	minecraft:pale_oak_wood	2
top_slope1	15	4	minecraft:snow_block	37
top_slope1	15	4	minecraft:stone	44
top_slope1	15	4	minecraft:white_concrete_powder	44
top_slope1	2	0	minecraft:acacia_wood	6
top_slope1	2	0	minecraft:basalt	9
top_slope1	2	0	minecraft:blackstone	1
top_slope1	2	0	minecraft:cobblestone	1
top_slope1	2	0	minecraft:cyan_terracotta	5
top_slope1	2	0	minecraft:dirt	14
top_slope1	2	0	minecraft:grass_block	1035
top_slope1	2	0	minecraft:light_gray_wool	1
top_slope1	2	0	minecraft:moss_block	366
top_slope1	2	0	minecraft:mud	8
top_slope1	2	0	minecraft:pale_moss_block	10
top_slope1	2	0	minecraft:pale_oak_wood	3
top_slope1	2	0	minecraft:smooth_basalt	32
top_slope1	2	0	minecraft:stone	19
top_slope1	2	2	minecraft:acacia_wood	259
top_slope1	2	2	minecraft:andesite	30
top_slope1	2	2	minecraft:basalt	40
top_slope1	2	2	minecraft:black_wool	3
top_slope1	2	2	minecraft:blackstone	19
top_slope1	2	2	minecraft:cobblestone	198
top_slope1	2	2	minecraft:cyan_terracotta	208
top_slope1	2	2	minecraft:diamond_block	16
top_slope1	2	2	minecraft:dirt	8
top_slope1	2	2	minecraft:grass_block	1522
top_slope1	2	2	minecraft:gray_wool	5
top_slope1	2	2	minecraft:light_gray_wool	27
top_slope1	2	2	minecraft:moss_block	914
top_slope1	2	2	minecraft:mud	197
top_slope1	2	2	minecraft:pale_moss_block	359
top_slope1	2	2	minecraft:pale_oak_wood	71
top_slope1	2	2	minecraft:smooth_basalt	51
top_slope1	2	2	minecraft:stone	504
top_slope1	2	2	minecraft:tuff	3
top_slope1	2	2	minecraft:white_concrete	3
top_slope1	2	3	minecraft:acacia_wood	439
top_slope1	2	3	minecraft:andesite	38
top_slope1	2	3	minecraft:basalt	80
top_slope1	2	3	minecraft:black_wool	9
top_slope1	2	3	minecraft:blackstone	35
top_slope1	2	3	minecraft:cobblestone	242
top_slope1	2	3	minecraft:cyan_terracotta	280
top_slope1	2	3	minecraft:diamond_block	21
top_slope1	2	3	minecraft:dirt	3
top_slope1	2	3	minecraft:grass_block	255
top_slope1	2	3	minecraft:gray_wool	11
top_slope1	2	3	minecraft:light_gray_wool	37
top_slope1	2	3	minecraft:moss_block	184
top_slope1	2	3	minecraft:mud	233
top_slope1	2	3	minecraft:pale_moss_block	525
top_slope1	2	3	minecraft:pale_oak_wood	87
top_slope1	2	3	minecraft:smooth_basalt	89
top_slope1	2	3	minecraft:stone	702
top_slope1	2	3	minecraft:tuff	2
top_slope1	2	3	minecraft:white_concrete	1
top_slope1	2	4	minecraft:acacia_wood	459
top_slope1	2	4	minecraft:andesite	8
top_slope1	2	4	minecraft:basalt	82
top_slope1	2	4	minecraft:black_wool	5
top_slope1	2	4	minecraft:blackstone	46
top_slope1	2	4	minecraft:cobblestone	211
top_slope1	2	4	minecraft:cyan_terracotta	326
top_slope1	2	4	minecraft:diamond_block	5
top_slope1	2	4	minecraft:grass_block	36
top_slope1	2	4	minecraft:gray_wool	3
top_slope1	2	4	minecraft:light_gray_wool	35
top_slope1	2	4	minecraft:moss_block	23
top_slope1	2	4	minecraft:mud	254
top_slope1	2	4	minecraft:pale_moss_block	428
top_slope1	2	4	minecraft:pale_oak_wood	98
top_slope1	2	4	minecraft:smooth_basalt	102
top_slope1	2	4	minecraft:stone	667
top_slope1	2	4	minecraft:tuff	5
top_slope1	2	4	minecraft:white_concrete	11
top_slope1	3	0	minecraft:acacia_wood	19
top_slope1	3	0	minecraft:andesite	1
top_slope1	3	0	minecraft:basalt	2
top_slope1	3	0	minecraft:black_wool	1
top_slope1	3	0	minecraft:blackstone	3
top_slope1	3	0	minecraft:cobblestone	3
top_slope1	3	0	minecraft:cyan_terracotta	11
top_slope1	3	0	minecraft:dirt	1
top_slope1	3	0	minecraft:grass_block	126
top_slope1	3	0	minecraft:light_gray_wool	2
top_slope1	3	0	minecraft:moss_block	101
top_slope1	3	0	minecraft:mud	8
top_slope1	3	0	minecraft:pale_moss_block	13
top_slope1	3	0	minecraft:pale_oak_wood	5
top_slope1	3	0	minecraft:smooth_basalt	2
top_slope1	3	0	minecraft:stone	15
top_slope1	3	0	minecraft:tuff	2
top_slope1	3	2	minecraft:acacia_wood	320
top_slope1	3	2	minecraft:andesite	70
top_slope1	3	2	minecraft:basalt	30
top_slope1	3	2	minecraft:black_wool	3
top_slope1	3	2	minecraft:blackstone	20
top_slope1	3	2	minecraft:cobblestone	204
top_slope1	3	2	minecraft:cyan_terracotta	253
top_slope1	3	2	minecraft:diamond_block	2
top_slope1	3	2	minecraft:dirt	5
top_slope1	3	2	minecraft:grass_block	517
top_slope1	3	2	minecraft:gray_wool	1
top_slope1	3	2	minecraft:light_gray_wool	30
top_slope1	3	2	minecraft:moss_block	654
top_slope1	3	2	minecraft:mud	162
top_slope1	3	2	minecraft:pale_moss_block	542
top_slope1	3	2	minecraft:pale_oak_wood	67
top_slope1	3	2	minecraft:smooth_basalt	45
top_slope1	3	2	minecraft:stone	693
top_slope1	3	2	minecraft:tuff	2
top_slope1	3	3	minecraft:acacia_wood	420
top_slope1	3	3	minecraft:andesite	76
top_slope1	3	3	minecraft:basalt	48
top_slope1	3	3	minecraft:black_wool	11
top_slope1	3	3	minecraft:blackstone	19
top_slope1	3	3	minecraft:cobblestone	195
top_slope1	3	3	minecraft:cyan_terracotta	293
top_slope1	3	3	minecraft:diamond_block	4
top_slope1	3	3	minecraft:grass_block	171
top_slope1	3	3	minecraft:gray_wool	2
top_slope1	3	3	minecraft:light_gray_wool	40
top_slope1	3	3	minecraft:moss_block	141
top_slope1	3	3	minecraft:mud	210
top_slope1	3	3	minecraft:pale_moss_block	665
top_slope1	3	3	minecraft:pale_oak_wood	81
top_slope1	3	3	minecraft:smooth_basalt	41
top_slope1	3	3	minecraft:stone	892
top_slope1	3	3	minecraft:tuff	14
top_slope1	3	4	minecraft:acacia_wood	538
top_slope1	3	4	minecraft:andesite	77
top_slope1	3	4	minecraft:basalt	39
top_slope1	3	4	minecraft:black_wool	18
top_slope1	3	4	minecraft:blackstone	30
top_slope1	3	4	minecraft:cobblestone	192
top_slope1	3	4	minecraft:cyan_terracotta	334
top_slope1	3	4	minecraft:grass_block	49
top_slope1	3	4	minecraft:gray_wool	1
top_slope1	3	4	minecraft:light_gray_wool	40
top_slope1	3	4	minecraft:moss_block	13
top_slope1	3	4	minecraft:mud	270
top_slope1	3	4	minecraft:pale_moss_block	411
top_slope1	3	4	minecraft:pale_oak_wood	117
top_slope1	3	4	minecraft:smooth_basalt	82
top_slope1	3	4	minecraft:stone	842
top_slope1	3	4	minecraft:tuff	9
top_slope1	4	0	minecraft:acacia_wood	24
top_slope1	4	0	minecraft:andesite	1
top_slope1	4	0	minecraft:basalt	11
top_slope1	4	0	minecraft:blackstone	1
top_slope1	4	0	minecraft:cobblestone	4
top_slope1	4	0	minecraft:cyan_terracotta	19
top_slope1	4	0	minecraft:dirt	2
top_slope1	4	0	minecraft:dripstone_block	1
top_slope1	4	0	minecraft:grass_block	86
top_slope1	4	0	minecraft:moss_block	69
top_slope1	4	0	minecraft:mud	3
top_slope1	4	0	minecraft:pale_moss_block	28
top_slope1	4	0	minecraft:pale_oak_wood	1
top_slope1	4	0	minecraft:smooth_basalt	5
top_slope1	4	0	minecraft:stone	35
top_slope1	4	2	minecraft:acacia_wood	468
top_slope1	4	2	minecraft:andesite	78
top_slope1	4	2	minecraft:basalt	98
top_slope1	4	2	minecraft:black_wool	1
top_slope1	4	2	minecraft:blackstone	19
top_slope1	4	2	minecraft:cobblestone	154
top_slope1	4	2	minecraft:cyan_terracotta	206
top_slope1	4	2	minecraft:diorite	1
top_slope1	4	2	minecraft:dirt	27
top_slope1	4	2	minecraft:dripstone_block	7
top_slope1	4	2	minecraft:grass_block	371
top_slope1	4	2	minecraft:gray_wool	3
top_slope1	4	2	minecraft:light_gray_wool	38
top_slope1	4	2	minecraft:moss_block	229
top_slope1	4	2	minecraft:mud	136
top_slope1	4	2	minecraft:pale_moss_block	742
top_slope1	4	2	minecraft:pale_oak_wood	31
top_slope1	4	2	minecraft:smooth_basalt	22
top_slope1	4	2	minecraft:stone	910
top_slope1	4	2	minecraft:tuff	16
top_slope1	4	3	minecraft:acacia_wood	518
top_slope1	4	3	minecraft:andesite	86
top_slope1	4	3	minecraft:basalt	107
top_slope1	4	3	minecraft:black_wool	3
top_slope1	4	3	minecraft:blackstone	33
top_slope1	4	3	minecraft:cobblestone	207
top_slope1	4	3	minecraft:cyan_terracotta	287
top_slope1	4	3	minecraft:diorite	1
top_slope1	4	3	minecraft:dirt	5
top_slope1	4	3	minecraft:dripstone_block	13
top_slope1	4	3	minecraft:grass_block	155
top_slope1	4	3	minecraft:gray_wool	11
top_slope1	4	3	minecraft:light_gray_wool	47
top_slope1	4	3	minecraft:moss_block	31
top_slope1	4	3	minecraft:mud	180
top_slope1	4	3	minecraft:pale_moss_block	773
top_slope1	4	3	minecraft:pale_oak_wood	38
top_slope1	4	3	minecraft:smooth_basalt	65
top_slope1	4	3	minecraft:snow_block	1
top_slope1	4	3	minecraft:stone	959
top_slope1	4	3	minecraft:tuff	22
top_slope1	4	3	minecraft:white_concrete	2
top_slope1	4	4	minecraft:acacia_wood	488
top_slope1	4	4	minecraft:andesite	20
top_slope1	4	4	minecraft:basalt	124
top_slope1	4	4	minecraft:birch_wood	2
top_slope1	4	4	minecraft:blackstone	43
top_slope1	4	4	minecraft:cobblestone	141
top_slope1	4	4	minecraft:cyan_terracotta	332
top_slope1	4	4	minecraft:dirt	1
top_slope1	4	4	minecraft:dripstone_block	14
top_slope1	4	4	minecraft:grass_block	84
top_slope1	4	4	minecraft:gray_wool	10
top_slope1	4	4	minecraft:light_gray_wool	11
top_slope1	4	4	minecraft:moss_block	1
top_slope1	4	4	minecraft:mud	206
top_slope1	4	4	minecraft:pale_moss_block	500
top_slope1	4	4	minecraft:pale_oak_wood	53
top_slope1	4	4	minecraft:smooth_basalt	103
top_slope1	4	4	minecraft:snow_block	1
top_slope1	4	4	minecraft:stone	519
top_slope1	4	4	minecraft:tuff	15
top_slope1	5	0	minecraft:acacia_wood	64
top_slope1	5	0	minecraft:cobblestone	7
top_slope1	5	0	minecraft:cyan_terracotta	12
top_slope1	5	0	minecraft:dirt	8
top_slope1	5	0	minecraft:grass_block	73
top_slope1	5	0	minecraft:gray_wool	18
top_slope1	5	0	minecraft:light_gray_wool	4
top_slope1	5	0	minecraft:moss_block	197
top_slope1	5	0	minecraft:mud	3
top_slope1	5	0	minecraft:pale_moss_block	34
top_slope1	5	0	minecraft:pale_oak_wood	6
top_slope1	5	0	minecraft:snow_block	17
top_slope1	5	0	minecraft:stone	80
top_slope1	5	0	minecraft:white_concrete	5
top_slope1	5	2	minecraft:acacia_wood	418
top_slope1	5	2	minecraft:andesite	6
top_slope1	5	2	minecraft:basalt	31
top_slope1	5	2	minecraft:black_wool	2
top_slope1	5	2	minecraft:blackstone	2
top_slope1	5	2	minecraft:cobblestone	178
top_slope1	5	2	minecraft:cyan_terracotta	174
top_slope1	5	2	minecraft:diorite	1
top_slope1	5	2	minecraft:dirt	5
top_slope1	5	2	minecraft:grass_block	134
top_slope1	5	2	minecraft:gray_wool	56
top_slope1	5	2	minecraft:light_gray_wool	27
top_slope1	5	2	minecraft:moss_block	325
top_slope1	5	2	minecraft:mud	118
top_slope1	5	2	minecraft:pale_moss_block	620
top_slope1	5	2	minecraft:pale_oak_wood	97
top_slope1	5	2	minecraft:smooth_basalt	13
top_slope1	5	2	minecraft:snow_block	45
top_slope1	5	2	minecraft:stone	885
top_slope1	5	2	minecraft:tuff	3
top_slope1	5	2	minecraft:white_concrete	24
top_slope1	5	3	minecraft:acacia_wood	466
top_slope1	5	3	minecraft:andesite	13
top_slope1	5	3	minecraft:basalt	64
top_slope1	5	3	minecraft:black_wool	2
top_slope1	5	3	minecraft:blackstone	13
top_slope1	5	3	minecraft:cobblestone	169
top_slope1	5	3	minecraft:cyan_terracotta	293
top_slope1	5	3	minecraft:diorite	1
top_slope1	5	3	minecraft:dirt	8
top_slope1	5	3	minecraft:grass_block	27
top_slope1	5	3	minecraft:gray_wool	67
top_slope1	5	3	minecraft:light_gray_wool	39
top_slope1	5	3	minecraft:moss_block	16
top_slope1	5	3	minecraft:mud	152
top_slope1	5	3	minecraft:pale_moss_block	770
top_slope1	5	3	minecraft:pale_oak_wood	87
top_slope1	5	3	minecraft:smooth_basalt	25
top_slope1	5	3	minecraft:snow_block	67
top_slope1	5	3	minecraft:stone	849
top_slope1	5	3	minecraft:tuff	17
top_slope1	5	3	minecraft:white_concrete	10
top_slope1	5	4	minecraft:acacia_wood	403
top_slope1	5	4	minecraft:andesite	5
top_slope1	5	4	minecraft:basalt	76
top_slope1	5	4	minecraft:black_wool	4
top_slope1	5	4	minecraft:blackstone	24
top_slope1	5	4	minecraft:coal_ore	1
top_slope1	5	4	minecraft:cobblestone	84
top_slope1	5	4	minecraft:cyan_terracotta	358
top_slope1	5	4	minecraft:diorite	1
top_slope1	5	4	minecraft:dirt	4
top_slope1	5	4	minecraft:grass_block	12
top_slope1	5	4	minecraft:gravel	4
top_slope1	5	4	minecraft:gray_wool	66
top_slope1	5	4	minecraft:light_gray_wool	28
top_slope1	5	4	minecraft:mud	184
top_slope1	5	4	minecraft:pale_moss_block	411
top_slope1	5	4	minecraft:pale_oak_wood	115
top_slope1	5	4	minecraft:smooth_basalt	58
top_slope1	5	4	minecraft:snow_block	58
top_slope1	5	4	minecraft:stone	574
top_slope1	5	4	minecraft:tuff	28
top_slope1	5	4	minecraft:white_concrete	21
top_slope1	6	0	minecraft:acacia_wood	17
top_slope1	6	0	minecraft:andesite	1
top_slope1	6	0	minecraft:basalt	1
top_slope1	6	0	minecraft:blackstone	1
top_slope1	6	0	minecraft:cobblestone	8
top_slope1	6	0	minecraft:cyan_terracotta	11
top_slope1	6	0	minecraft:light_gray_wool	3
top_slope1	6	0	minecraft:moss_block	93
top_slope1	6	0	minecraft:mud	6
top_slope1	6	0	minecraft:pale_moss_block	20
top_slope1	6	0	minecraft:smooth_basalt	4
top_slope1	6	0	minecraft:snow_block	34
top_slope1	6	0	minecraft:stone	40
top_slope1	6	0	minecraft:white_wool	1
top_slope1	6	2	minecraft:acacia_wood	339
top_slope1	6	2	minecraft:andesite	26
top_slope1	6	2	minecraft:basalt	63
top_slope1	6	2	minecraft:birch_wood	1
top_slope1	6	2	minecraft:blackstone	9
top_slope1	6	2	minecraft:cobblestone	205
top_slope1	6	2	minecraft:cyan_terracotta	219
top_slope1	6	2	minecraft:gray_wool	2
top_slope1	6	2	minecraft:light_gray_wool	24
top_slope1	6	2	minecraft:moss_block	269
top_slope1	6	2	minecraft:mud	140
top_slope1	6	2	minecraft:pale_moss_block	611
top_slope1	6	2	minecraft:pale_oak_wood	54
top_slope1	6	2	minecraft:smooth_basalt	23
top_slope1	6	2	minecraft:snow_block	236
top_slope1	6	2	minecraft:stone	836
top_slope1	6	2	minecraft:tuff	5
top_slope1	6	2	minecraft:white_concrete	1
top_slope1	6	2	minecraft:white_wool	52
top_slope1	6	3	minecraft:acacia_wood	500
top_slope1	6	3	minecraft:andesite	43
top_slope1	6	3	minecraft:basalt	109
top_slope1	6	3	minecraft:birch_wood	5
top_slope1	6	3	minecraft:black_wool	4
top_slope1	6	3	minecraft:blackstone	12
top_slope1	6	3	minecraft:cobblestone	267
top_slope1	6	3	minecraft:cyan_terracotta	300
top_slope1	6	3	minecraft:diorite	12
top_slope1	6	3	minecraft:gray_wool	8
top_slope1	6	3	minecraft:light_gray_wool	34
top_slope1	6	3	minecraft:moss_block	27
top_slope1	6	3	minecraft:mud	141
top_slope1	6	3	minecraft:pale_moss_block	857
top_slope1	6	3	minecraft:pale_oak_wood	128
top_slope1	6	3	minecraft:smooth_basalt	52
top_slope1	6	3	minecraft:snow_block	328
top_slope1	6	3	minecraft:stone	1020
top_slope1	6	3	minecraft:tuff	14
top_slope1	6	3	minecraft:white_concrete	1
top_slope1	6	3	minecraft:white_wool	26
top_slope1	6	4	minecraft:acacia_wood	394
top_slope1	6	4	minecraft:andesite	31
top_slope1	6	4	minecraft:basalt	87
top_slope1	6	4	minecraft:birch_wood	1
top_slope1	6	4	minecraft:black_wool	1
top_slope1	6	4	minecraft:blackstone	34
top_slope1	6	4	minecraft:coal_ore	3
top_slope1	6	4	minecraft:cobblestone	105
top_slope1	6	4	minecraft:cyan_terracotta	380
top_slope1	6	4	minecraft:diorite	3
top_slope1	6	4	minecraft:dirt	4
top_slope1	6	4	minecraft:grass_block	4
top_slope1	6	4	minecraft:gravel	2
top_slope1	6	4	minecraft:iron_ore	2
top_slope1	6	4	minecraft:light_gray_wool	47
top_slope1	6	4	minecraft:mud	181
top_slope1	6	4	minecraft:pale_moss_block	483
top_slope1	6	4	minecraft:pale_oak_wood	106
top_slope1	6	4	minecraft:smooth_basalt	45
top_slope1	6	4	minecraft:snow_block	220
top_slope1	6	4	minecraft:stone	735
top_slope1	6	4	minecraft:tuff	13
top_slope1	6	4	minecraft:white_concrete	2
top_slope1	6	4	minecraft:white_wool	3
top_slope1	7	0	minecraft:acacia_wood	28
top_slope1	7	0	minecraft:andesite	7
top_slope1	7	0	minecraft:cobblestone	5
top_slope1	7	0	minecraft:cyan_terracotta	4
top_slope1	7	0	minecraft:light_gray_wool	1
top_slope1	7	0	minecraft:moss_block	30
top_slope1	7	0	minecraft:mud	4
top_slope1	7	0	minecraft:pale_moss_block	22
top_slope1	7	0	minecraft:pale_oak_wood	2
top_slope1	7	0	minecraft:smooth_basalt	1
top_slope1	7	0	minecraft:snow_block	21
top_slope1	7	0	minecraft:stone	102
top_slope1	7	2	minecraft:acacia_wood	335
top_slope1	7	2	minecraft:andesite	116
top_slope1	7	2	minecraft:basalt	11
top_slope1	7	2	minecraft:birch_wood	5
top_slope1	7	2	minecraft:blackstone	1
top_slope1	7	2	minecraft:cobblestone	265
top_slope1	7	2	minecraft:cyan_terracotta	106
top_slope1	7	2	minecraft:light_gray_wool	19
top_slope1	7	2	minecraft:moss_block	93
top_slope1	7	2	minecraft:mud	89
top_slope1	7	2	minecraft:pale_moss_block	425
top_slope1	7	2	minecraft:pale_oak_wood	39
top_slope1	7	2	minecraft:powder_snow	2
top_slope1	7	2	minecraft:smooth_basalt	4
top_slope1	7	2	minecraft:snow_block	171
top_slope1	7	2	minecraft:stone	626
top_slope1	7	2	minecraft:tuff	3
top_slope1	7	2	minecraft:white_concrete_powder	8
top_slope1	7	3	minecraft:acacia_wood	370
top_slope1	7	3	minecraft:andesite	92
top_slope1	7	3	minecraft:basalt	25
top_slope1	7	3	minecraft:birch_wood	8
top_slope1	7	3	minecraft:blackstone	5
top_slope1	7	3	minecraft:cobblestone	252
top_slope1	7	3	minecraft:cyan_terracotta	147
top_slope1	7	3	minecraft:diorite	3
top_slope1	7	3	minecraft:light_gray_terracotta	2
top_slope1	7	3	minecraft:light_gray_wool	43
top_slope1	7	3	minecraft:moss_block	12
top_slope1	7	3	minecraft:mud	153
top_slope1	7	3	minecraft:pale_moss_block	432
top_slope1	7	3	minecraft:pale_oak_wood	65
top_slope1	7	3	minecraft:powder_snow	2
top_slope1	7	3	minecraft:smooth_basalt	21
top_slope1	7	3	minecraft:snow_block	182
top_slope1	7	3	minecraft:stone	827
top_slope1	7	3	minecraft:tuff	8
top_slope1	7	3	minecraft:white_concrete_powder	4
top_slope1	7	4	minecraft:acacia_wood	382
top_slope1	7	4	minecraft:andesite	18
top_slope1	7	4	minecraft:basalt	79
top_slope1	7	4	minecraft:blackstone	14
top_slope1	7	4	minecraft:cobblestone	104
top_slope1	7	4	minecraft:cyan_terracotta	247
top_slope1	7	4	minecraft:diorite	5
top_slope1	7	4	minecraft:gravel	1
top_slope1	7	4	minecraft:light_gray_wool	37
top_slope1	7	4	minecraft:mud	191
top_slope1	7	4	minecraft:pale_moss_block	315
top_slope1	7	4	minecraft:pale_oak_wood	125
top_slope1	7	4	minecraft:smooth_basalt	13
top_slope1	7	4	minecraft:snow_block	221
top_slope1	7	4	minecraft:stone	542
top_slope1	7	4	minecraft:tuff	2
top_slope1	8	0	minecraft:acacia_wood	14
top_slope1	8	0	minecraft:andesite	5
top_slope1	8	0	minecraft:basalt	4
top_slope1	8	0	minecraft:birch_wood	13
top_slope1	8	0	minecraft:cobblestone	20
top_slope1	8	0	minecraft:cyan_terracotta	4
top_slope1	8	0	minecraft:diorite	12
top_slope1	8	0	minecraft:light_gray_wool	1
top_slope1	8	0	minecraft:moss_block	2
top_slope1	8	0	minecraft:mud	10
top_slope1	8	0	minecraft:packed_ice	28
top_slope1	8	0	minecraft:pale_moss_block	76
top_slope1	8	0	minecraft:pale_oak_wood	1
top_slope1	8	0	minecraft:snow_block	188
top_slope1	8	0	minecraft:stone	88
top_slope1	8	0	minecraft:white_concrete_powder	5
top_slope1	8	2	minecraft:acacia_wood	232
top_slope1	8	2	minecraft:andesite	79
top_slope1	8	2	minecraft:basalt	21
top_slope1	8	2	minecraft:birch_wood	127
top_slope1	8	2	minecraft:coal_ore	3
top_slope1	8	2	minecraft:coarse_dirt	4
top_slope1	8	2	minecraft:cobblestone	223
top_slope1	8	2	minecraft:cyan_terracotta	74
top_slope1	8	2	minecraft:diorite	91
top_slope1	8	2	minecraft:dirt	1
top_slope1	8	2	minecraft:dripstone_block	7
top_slope1	8	2	minecraft:light_gray_terracotta	1
top_slope1	8	2	minecraft:light_gray_wool	29
top_slope1	8	2	minecraft:moss_block	3
top_slope1	8	2	minecraft:mud	87
top_slope1	8	2	minecraft:packed_ice	29
top_slope1	8	2	minecraft:packed_mud	5
top_slope1	8	2	minecraft:pale_moss_block	570
top_slope1	8	2	minecraft:pale_oak_wood	29
top_slope1	8	2	minecraft:smooth_basalt	1
top_slope1	8	2	minecraft:snow_block	296
top_slope1	8	2	minecraft:stone	858
top_slope1	8	2	minecraft:white_concrete	3
top_slope1	8	2	minecraft:white_concrete_powder	61
top_slope1	8	3	minecraft:acacia_wood	353
top_slope1	8	3	minecraft:andesite	116
top_slope1	8	3	minecraft:basalt	32
top_slope1	8	3	minecraft:birch_wood	64
top_slope1	8	3	minecraft:blackstone	3
top_slope1	8	3	minecraft:coarse_dirt	6
top_slope1	8	3	minecraft:cobblestone	229
top_slope1	8	3	minecraft:cyan_terracotta	132
top_slope1	8	3	minecraft:diorite	39
top_slope1	8	3	minecraft:dripstone_block	17
top_slope1	8	3	minecraft:light_gray_terracotta	6
top_slope1	8	3	minecraft:light_gray_wool	60
top_slope1	8	3	minecraft:mud	136
top_slope1	8	3	minecraft:packed_ice	10
top_slope1	8	3	minecraft:packed_mud	15
top_slope1	8	3	minecraft:pale_moss_block	518
top_slope1	8	3	minecraft:pale_oak_wood	78
top_slope1	8	3	minecraft:smooth_basalt	9
top_slope1	8	3	minecraft:snow_block	137
top_slope1	8	3	minecraft:stone	767
top_slope1	8	3	minecraft:white_concrete_powder	34
top_slope1	8	4	minecraft:acacia_wood	373
top_slope1	8	4	minecraft:andesite	51
top_slope1	8	4	minecraft:basalt	38
top_slope1	8	4	minecraft:blackstone	5
top_slope1	8	4	minecraft:coarse_dirt	2
top_slope1	8	4	minecraft:cobblestone	105
top_slope1	8	4	minecraft:cyan_terracotta	196
top_slope1	8	4	minecraft:dripstone_block	1
top_slope1	8	4	minecraft:light_gray_terracotta	2
top_slope1	8	4	minecraft:light_gray_wool	27
top_slope1	8	4	minecraft:mud	163
top_slope1	8	4	minecraft:packed_ice	4
top_slope1	8	4	minecraft:packed_mud	2
top_slope1	8	4	minecraft:pale_moss_block	241
top_slope1	8	4	minecraft:pale_oak_wood	136
top_slope1	8	4	minecraft:smooth_basalt	17
top_slope1	8	4	minecraft:snow_block	145
top_slope1	8	4	minecraft:stone	432
top_slope1	9	0	minecraft:acacia_wood	4
top_slope1	9	0	minecraft:andesite	5
top_slope1	9	0	minecraft:basalt	1
top_slope1	9	0	minecraft:birch_wood	12
top_slope1	9	0	minecraft:cobblestone	6
top_slope1	9	0	minecraft:cyan_terracotta	1
top_slope1	9	0	minecraft:diorite	19
top_slope1	9	0	minecraft:ice	1
top_slope1	9	0	minecraft:mud	3
top_slope1	9	0	minecraft:pale_moss_block	19
top_slope1	9	0	minecraft:snow_block	14
top_slope1	9	0	minecraft:stone	45
top_slope1	9	0	minecraft:white_concrete_powder	5
top_slope1	9	2	minecraft:acacia_wood	87
top_slope1	9	2	minecraft:andesite	23
top_slope1	9	2	minecraft:basalt	13
top_slope1	9	2	minecraft:birch_wood	322
top_slope1	9	2	minecraft:blackstone	1
top_slope1	9	2	minecraft:coarse_dirt	1
top_slope1	9	2	minecraft:cobblestone	128
top_slope1	9	2	minecraft:cyan_terracotta	43
top_slope1	9	2	minecraft:diorite	187
top_slope1	9	2	minecraft:dripstone_block	1
top_slope1	9	2	minecraft:light_gray_wool	15
top_slope1	9	2	minecraft:mud	67
top_slope1	9	2	minecraft:packed_mud	1
top_slope1	9	2	minecraft:pale_moss_block	297
top_slope1	9	2	minecraft:pale_oak_wood	26
top_slope1	9	2	minecraft:smooth_basalt	3
top_slope1	9	2	minecraft:snow_block	178
top_slope1	9	2	minecraft:stone	455
top_slope1	9	2	minecraft:white_concrete_powder	283
top_slope1	9	3	minecraft:acacia_wood	260
top_slope1	9	3	minecraft:andesite	44
top_slope1	9	3	minecraft:basalt	30
top_slope1	9	3	minecraft:birch_wood	176
top_slope1	9	3	minecraft:blackstone	4
top_slope1	9	3	minecraft:coarse_dirt	1
top_slope1	9	3	minecraft:cobblestone	153
top_slope1	9	3	minecraft:cyan_terracotta	212
top_slope1	9	3	minecraft:diorite	124
top_slope1	9	3	minecraft:granite	1
top_slope1	9	3	minecraft:light_gray_terracotta	2
top_slope1	9	3	minecraft:light_gray_wool	12
top_slope1	9	3	minecraft:mud	56
top_slope1	9	3	minecraft:pale_moss_block	499
top_slope1	9	3	minecraft:pale_oak_wood	35
top_slope1	9	3	minecraft:powder_snow	1
top_slope1	9	3	minecraft:smooth_basalt	10
top_slope1	9	3	minecraft:snow_block	123
top_slope1	9	3	minecraft:stone	598
top_slope1	9	3	minecraft:white_concrete_powder	157
top_slope1	9	4	minecraft:acacia_wood	279
top_slope1	9	4	minecraft:andesite	24
top_slope1	9	4	minecraft:basalt	46
top_slope1	9	4	minecraft:birch_wood	5
top_slope1	9	4	minecraft:black_wool	1
top_slope1	9	4	minecraft:blackstone	12
top_slope1	9	4	minecraft:cobblestone	102
top_slope1	9	4	minecraft:cyan_terracotta	223
top_slope1	9	4	minecraft:diorite	6
top_slope1	9	4	minecraft:ice	2
top_slope1	9	4	minecraft:light_gray_wool	8
top_slope1	9	4	minecraft:mud	69
top_slope1	9	4	minecraft:packed_ice	26
top_slope1	9	4	minecraft:pale_moss_block	212
top_slope1	9	4	minecraft:pale_oak_wood	49
top_slope1	9	4	minecraft:powder_snow	1
top_slope1	9	4	minecraft:smooth_basalt	18
top_slope1	9	4	minecraft:snow_block	72
top_slope1	9	4	minecraft:stone	286
top_slope1	9	4	minecraft:white_concrete_powder	5
top_slope4	0	0	minecraft:acacia_wood	8
top_slope4	0	0	minecraft:andesite	3
top_slope4	0	0	minecraft:basalt	5
top_slope4	0	0	minecraft:cobblestone	18
top_slope4	0	0	minecraft:cyan_terracotta	3
top_slope4	0	0	minecraft:dirt	10
top_slope4	0	0	minecraft:grass_block	1867
top_slope4	0	0	minecraft:gray_wool	1
top_slope4	0	0	minecraft:light_gray_wool	3
top_slope4	0	0	minecraft:moss_block	556
top_slope4	0	0	minecraft:mud	24
top_slope4	0	0	minecraft:pale_moss_block	47
top_slope4	0	0	minecraft:pale_oak_wood	1
top_slope4	0	0	minecraft:smooth_basalt	3
top_slope4	0	0	minecraft:stone	76
top_slope4	0	0	minecraft:white_concrete	1
top_slope4	0	1	minecraft:acacia_wood	87
top_slope4	0	1	minecraft:andesite	40
top_slope4	0	1	minecraft:basalt	37
top_slope4	0	1	minecraft:blackstone	6
top_slope4	0	1	minecraft:calcite	1
top_slope4	0	1	minecraft:coal_ore	1
top_slope4	0	1	minecraft:cobblestone	76
top_slope4	0	1	minecraft:cyan_terracotta	98
top_slope4	0	1	minecraft:diamond_block	53
top_slope4	0	1	minecraft:dirt	26
top_slope4	0	1	minecraft:grass_block	4063
top_slope4	0	1	minecraft:light_gray_wool	31
top_slope4	0	1	minecraft:moss_block	2045
top_slope4	0	1	minecraft:mud	89
top_slope4	0	1	minecraft:pale_moss_block	223
top_slope4	0	1	minecraft:pale_oak_wood	48
top_slope4	0	1	minecraft:smooth_basalt	21
top_slope4	0	1	minecraft:spruce_log	5
top_slope4	0	1	minecraft:stone	433
top_slope4	0	1	minecraft:tuff	8
top_slope4	0	2	minecraft:acacia_wood	238
top_slope4	0	2	minecraft:andesite	20
top_slope4	0	2	minecraft:basalt	121
top_slope4	0	2	minecraft:black_wool	1
top_slope4	0	2	minecraft:blackstone	37
top_slope4	0	2	minecraft:calcite	7
top_slope4	0	2	minecraft:cobblestone	113
top_slope4	0	2	minecraft:cyan_terracotta	244
top_slope4	0	2	minecraft:diamond_block	82
top_slope4	0	2	minecraft:dirt	12
top_slope4	0	2	minecraft:grass_block	1255
top_slope4	0	2	minecraft:gray_wool	6
top_slope4	0	2	minecraft:iron_ore	1
top_slope4	0	2	minecraft:light_gray_wool	29
top_slope4	0	2	minecraft:moss_block	953
top_slope4	0	2	minecraft:mud	252
top_slope4	0	2	minecraft:pale_moss_block	377
top_slope4	0	2	minecraft:pale_oak_wood	131
top_slope4	0	2	minecraft:smooth_basalt	83
top_slope4	0	2	minecraft:spruce_log	8
top_slope4	0	2	minecraft:stone	607
top_slope4	0	2	minecraft:tuff	29
top_slope4	0	3	minecraft:acacia_wood	235
top_slope4	0	3	minecraft:andesite	15
top_slope4	0	3	minecraft:basalt	29
top_slope4	0	3	minecraft:black_wool	9
top_slope4	0	3	minecraft:blackstone	37
top_slope4	0	3	minecraft:calcite	8
top_slope4	0	3	minecraft:cobblestone	54
top_slope4	0	3	minecraft:cyan_terracotta	186
top_slope4	0	3	minecraft:diamond_block	5
top_slope4	0	3	minecraft:dirt	1
top_slope4	0	3	minecraft:grass_block	134
top_slope4	0	3	minecraft:gray_wool	12
top_slope4	0	3	minecraft:light_gray_wool	5
top_slope4	0	3	minecraft:moss_block	95
top_slope4	0	3	minecraft:mud	156
top_slope4	0	3	minecraft:pale_moss_block	256
top_slope4	0	3	minecraft:pale_oak_wood	52
top_slope4	0	3	minecraft:smooth_basalt	51
top_slope4	0	3	minecraft:spruce_log	1
top_slope4	0	3	minecraft:stone	231
top_slope4	0	3	minecraft:tuff	9
top_slope4	0	4	minecraft:acacia_wood	19
top_slope4	0	4	minecraft:andesite	1
top_slope4	0	4	minecraft:basalt	4
top_slope4	0	4	minecraft:black_wool	3
top_slope4	0	4	minecraft:blackstone	13
top_slope4	0	4	minecraft:cobblestone	3
top_slope4	0	4	minecraft:cyan_terracotta	28
top_slope4	0	4	minecraft:grass_block	92
top_slope4	0	4	minecraft:light_gray_wool	1
top_slope4	0	4	minecraft:moss_block	13
top_slope4	0	4	minecraft:mud	62
top_slope4	0	4	minecraft:pale_moss_block	31
top_slope4	0	4	minecraft:pale_oak_wood	10
top_slope4	0	4	minecraft:smooth_basalt	21
top_slope4	0	4	minecraft:spruce_log	4
top_slope4	0	4	minecraft:stone	11
top_slope4	1	0	minecraft:acacia_wood	3
top_slope4	1	0	minecraft:blackstone	2
top_slope4	1	0	minecraft:cobblestone	2
top_slope4	1	0	minecraft:cyan_terracotta	2
top_slope4	1	0	minecraft:dirt	25
top_slope4	1	0	minecraft:grass_block	1567
top_slope4	1	0	minecraft:moss_block	365
top_slope4	1	0	minecraft:mud	10
top_slope4	1	0	minecraft:pale_moss_block	5
top_slope4	1	0	minecraft:pale_oak_wood	1
top_slope4	1	0	minecraft:spruce_log	1
top_slope4	1	0	minecraft:stone	6
top_slope4	1	0	minecraft:white_concrete	3
top_slope4	1	1	minecraft:acacia_wood	57
top_slope4	1	1	minecraft:basalt	15
top_slope4	1	1	minecraft:blackstone	7
top_slope4	1	1	minecraft:calcite	3
top_slope4	1	1	minecraft:cobblestone	34
top_slope4	1	1	minecraft:cyan_terracotta	56
top_slope4	1	1	minecraft:diamond_block	66
top_slope4	1	1	minecraft:dirt	27
top_slope4	1	1	minecraft:grass_block	2640
top_slope4	1	1	minecraft:light_gray_wool	5
top_slope4	1	1	minecraft:moss_block	1564
top_slope4	1	1	minecraft:mud	64
top_slope4	1	1	minecraft:pale_moss_block	127
top_slope4	1	1	minecraft:pale_oak_wood	14
top_slope4	1	1	minecraft:smooth_basalt	12
top_slope4	1	1	minecraft:spruce_log	3
top_slope4	1	1	minecraft:stone	105
top_slope4	1	1	minecraft:tuff	5
top_slope4	1	1	minecraft:white_concrete	13
top_slope4	1	2	minecraft:acacia_wood	383
top_slope4	1	2	minecraft:andesite	8
top_slope4	1	2	minecraft:basalt	118
top_slope4	1	2	minecraft:blackstone	20
top_slope4	1	2	minecraft:calcite	4
top_slope4	1	2	minecraft:cobblestone	155
top_slope4	1	2	minecraft:cyan_terracotta	284
top_slope4	1	2	minecraft:diamond_block	141
top_slope4	1	2	minecraft:dirt	21
top_slope4	1	2	minecraft:grass_block	1376
top_slope4	1	2	minecraft:light_gray_wool	28
top_slope4	1	2	minecraft:moss_block	1372
top_slope4	1	2	minecraft:mud	340
top_slope4	1	2	minecraft:pale_moss_block	793
top_slope4	1	2	minecraft:pale_oak_wood	75
top_slope4	1	2	minecraft:smooth_basalt	94
top_slope4	1	2	minecraft:spruce_log	1
top_slope4	1	2	minecraft:stone	632
top_slope4	1	2	minecraft:tuff	27
top_slope4	1	2	minecraft:white_concrete	26
top_slope4	1	3	minecraft:acacia_wood	412
top_slope4	1	3	minecraft:andesite	4
top_slope4	1	3	minecraft:basalt	119
top_slope4	1	3	minecraft:blackstone	73
top_slope4	1	3	minecraft:calcite	6
top_slope4	1	3	minecraft:cobblestone	151
top_slope4	1	3	minecraft:cyan_terracotta	439
top_slope4	1	3	minecraft:diamond_block	25
top_slope4	1	3	minecraft:dirt	6
top_slope4	1	3	minecraft:grass_block	252
top_slope4	1	3	minecraft:light_gray_wool	7
top_slope4	1	3	minecraft:moss_block	190
top_slope4	1	3	minecraft:mud	292
top_slope4	1	3	minecraft:pale_moss_block	648
top_slope4	1	3	minecraft:pale_oak_wood	71
top_slope4	1	3	minecraft:smooth_basalt	72
top_slope4	1	3	minecraft:stone	507
top_slope4	1	3	minecraft:tuff	11
top_slope4	1	4	minecraft:acacia_wood	101
top_slope4	1	4	minecraft:andesite	1
top_slope4	1	4	minecraft:basalt	52
top_slope4	1	4	minecraft:blackstone	9
top_slope4	1	4	minecraft:cobblestone	92
top_slope4	1	4	minecraft:cyan_terracotta	145
top_slope4	1	4	minecraft:diamond_block	1
top_slope4	1	4	minecraft:grass_block	15
top_slope4	1	4	minecraft:moss_block	20
top_slope4	1	4	minecraft:mud	75
top_slope4	1	4	minecraft:pale_moss_block	138
top_slope4	1	4	minecraft:pale_oak_wood	28
top_slope4	1	4	minecraft:smooth_basalt	22
top_slope4	1	4	minecraft:stone	132
top_slope4	10	0	minecraft:birch_wood	9
top_slope4	10	0	minecraft:diorite	3
top_slope4	10	0	minecraft:snow_block	2
top_slope4	10	0	minecraft:white_concrete_powder	2
top_slope4	10	1	minecraft:acacia_wood	2
top_slope4	10	1	minecraft:birch_wood	96
top_slope4	10	1	minecraft:diorite	27
top_slope4	10	1	minecraft:pale_moss_block	10
top_slope4	10	1	minecraft:snow_block	99
top_slope4	10	1	minecraft:stone	6
top_slope4	10	1	minecraft:white_concrete_powder	107
top_slope4	10	2	minecraft:acacia_wood	37
top_slope4	10	2	minecraft:andesite	2
top_slope4	10	2	minecraft:basalt	7
top_slope4	10	2	minecraft:birch_wood	387
top_slope4	10	2	minecraft:cobblestone	36
top_slope4	10	2	minecraft:cyan_terracotta	11
top_slope4	10	2	minecraft:diorite	178
top_slope4	10	2	minecraft:granite	5
top_slope4	10	2	minecraft:ice	2
top_slope4	10	2	minecraft:light_gray_terracotta	3
top_slope4	10	2	minecraft:light_gray_wool	1
top_slope4	10	2	minecraft:mud	3
top_slope4	10	2	minecraft:packed_ice	4
top_slope4	10	2	minecraft:pale_moss_block	77
top_slope4	10	2	minecraft:pale_oak_wood	1
top_slope4	10	2	minecraft:snow_block	396
top_slope4	10	2	minecraft:stone	92
top_slope4	10	2	minecraft:white_concrete_powder	508
top_slope4	10	3	minecraft:acacia_wood	219
top_slope4	10	3	minecraft:andesite	31
top_slope4	10	3	minecraft:basalt	89
top_slope4	10	3	minecraft:birch_wood	138
top_slope4	10	3	minecraft:black_wool	1
top_slope4	10	3	minecraft:cobblestone	143
top_slope4	10	3	minecraft:cyan_terracotta	217
top_slope4	10	3	minecraft:diorite	101
top_slope4	10	3	minecraft:dirt	2
top_slope4	10	3	minecraft:granite	4
top_slope4	10	3	minecraft:ice	4
top_slope4	10	3	minecraft:light_gray_terracotta	3
top_slope4	10	3	minecraft:light_gray_wool	20
top_slope4	10	3	minecraft:mud	84
top_slope4	10	3	minecraft:packed_ice	10
top_slope4	10	3	minecraft:pale_moss_block	420
top_slope4	10	3	minecraft:pale_oak_wood	18
top_slope4	10	3	minecraft:smooth_basalt	15
top_slope4	10	3	minecraft:snow_block	206
top_slope4	10	3	minecraft:stone	502
top_slope4	10	3	minecraft:white_concrete_powder	163
top_slope4	10	4	minecraft:acacia_wood	116
top_slope4	10	4	minecraft:andesite	17
top_slope4	10	4	minecraft:basalt	52
top_slope4	10	4	minecraft:cobblestone	11
top_slope4	10	4	minecraft:cyan_terracotta	194
top_slope4	10	4	minecraft:ice	2
top_slope4	10	4	minecraft:mud	25
top_slope4	10	4	minecraft:packed_ice	8
top_slope4	10	4	minecraft:pale_moss_block	58
top_slope4	10	4	minecraft:pale_oak_wood	11
top_slope4	10	4	minecraft:smooth_basalt	6
top_slope4	10	4	minecraft:snow_block	64
top_slope4	10	4	minecraft:stone	77
top_slope4	10	4	minecraft:white_concrete_powder	1
top_slope4	11	0	minecraft:birch_wood	11
top_slope4	11	0	minecraft:diorite	2
top_slope4	11	0	minecraft:snow_block	2
top_slope4	11	0	minecraft:white_concrete_powder	3
top_slope4	11	1	minecraft:birch_wood	153
top_slope4	11	1	minecraft:diorite	114
top_slope4	11	1	minecraft:snow_block	23
top_slope4	11	1	minecraft:stone	1
top_slope4	11	1	minecraft:white_concrete_powder	109
top_slope4	11	2	minecraft:acacia_wood	23
top_slope4	11	2	minecraft:andesite	8
top_slope4	11	2	minecraft:birch_wood	419
top_slope4	11	2	minecraft:coarse_dirt	1
top_slope4	11	2	minecraft:cobblestone	49
top_slope4	11	2	minecraft:cyan_terracotta	13
top_slope4	11	2	minecraft:diorite	377
top_slope4	11	2	minecraft:mud	2
top_slope4	11	2	minecraft:packed_ice	5
top_slope4	11	2	minecraft:pale_moss_block	30
top_slope4	11	2	minecraft:pale_oak_wood	3
top_slope4	11	2	minecraft:smooth_basalt	1
top_slope4	11	2	minecraft:snow_block	183
top_slope4	11	2	minecraft:stone	57
top_slope4	11	2	minecraft:white_concrete_powder	239
top_slope4	11	3	minecraft:acacia_wood	285
top_slope4	11	3	minecraft:andesite	26
top_slope4	11	3	minecraft:basalt	34
top_slope4	11	3	minecraft:birch_wood	140
top_slope4	11	3	minecraft:black_wool	2
top_slope4	11	3	minecraft:blackstone	3
top_slope4	11	3	minecraft:coarse_dirt	3
top_slope4	11	3	minecraft:cobblestone	170
top_slope4	11	3	minecraft:cyan_terracotta	225
top_slope4	11	3	minecraft:diorite	122
top_slope4	11	3	minecraft:granite	2
top_slope4	11	3	minecraft:ice	1
top_slope4	11	3	minecraft:light_gray_wool	8
top_slope4	11	3	minecraft:mud	21
top_slope4	11	3	minecraft:packed_ice	9
top_slope4	11	3	minecraft:pale_moss_block	464
top_slope4	11	3	minecraft:pale_oak_wood	88
top_slope4	11	3	minecraft:smooth_basalt	11
top_slope4	11	3	minecraft:snow_block	131
top_slope4	11	3	minecraft:stone	377
top_slope4	11	3	minecraft:tuff	2
top_slope4	11	3	minecraft:white_concrete_powder	99
top_slope4	11	4	minecraft:acacia_wood	136
top_slope4	11	4	minecraft:andesite	9
top_slope4	11	4	minecraft:basalt	32
top_slope4	11	4	minecraft:birch_wood	3
top_slope4	11	4	minecraft:blackstone	1
top_slope4	11	4	minecraft:cobblestone	13
top_slope4	11	4	minecraft:cyan_terracotta	84
top_slope4	11	4	minecraft:light_gray_wool	2
top_slope4	11	4	minecraft:mud	48
top_slope4	11	4	minecraft:packed_ice	3
top_slope4	11	4	minecraft:pale_moss_block	109
top_slope4	11	4	minecraft:pale_oak_wood	25
top_slope4	11	4	minecraft:smooth_basalt	9
top_slope4	11	4	minecraft:snow_block	30
top_slope4	11	4	minecraft:stone	113
top_slope4	11	4	minecraft:white_concrete_powder	1
top_slope4	12	1	minecraft:acacia_wood	2
top_slope4	12	1	minecraft:andesite	1
top_slope4	12	1	minecraft:birch_wood	62
top_slope4	12	1	minecraft:cyan_terracotta	1
top_slope4	12	1	minecraft:diorite	35
top_slope4	12	1	minecraft:pale_moss_block	1
top_slope4	12	1	minecraft:snow_block	16
top_slope4	12	1	minecraft:stone	6
top_slope4	12	1	minecraft:white_concrete_powder	30
top_slope4	12	2	minecraft:acacia_wood	26
top_slope4	12	2	minecraft:andesite	2
top_slope4	12	2	minecraft:basalt	2
top_slope4	12	2	minecraft:birch_wood	474
top_slope4	12	2	minecraft:cobblestone	31
top_slope4	12	2	minecraft:cyan_terracotta	21
top_slope4	12	2	minecraft:diorite	271
top_slope4	12	2	minecraft:dripstone_block	2
top_slope4	12	2	minecraft:light_gray_terracotta	3
top_slope4	12	2	minecraft:mud	14
top_slope4	12	2	minecraft:pale_moss_block	50
top_slope4	12	2	minecraft:pale_oak_wood	11
top_slope4	12	2	minecraft:smooth_basalt	1
top_slope4	12	2	minecraft:snow_block	93
top_slope4	12	2	minecraft:stone	57
top_slope4	12	2	minecraft:tuff	1
top_slope4	12	2	minecraft:white_concrete_powder	234
top_slope4	12	3	minecraft:acacia_wood	191
top_slope4	12	3	minecraft:andesite	10
top_slope4	12	3	minecraft:basalt	18
top_slope4	12	3	minecraft:birch_wood	189
top_slope4	12	3	minecraft:blackstone	4
top_slope4	12	3	minecraft:cobblestone	112
top_slope4	12	3	minecraft:cyan_terracotta	107
top_slope4	12	3	minecraft:diorite	137
top_slope4	12	3	minecraft:dripstone_block	1
top_slope4	12	3	minecraft:light_gray_terracotta	5
top_slope4	12	3	minecraft:light_gray_wool	3
top_slope4	12	3	minecraft:mud	37
top_slope4	12	3	minecraft:pale_moss_block	254
top_slope4	12	3	minecraft:pale_oak_wood	56
top_slope4	12	3	minecraft:smooth_basalt	7
top_slope4	12	3	minecraft:snow_block	75
top_slope4	12	3	minecraft:stone	498
top_slope4	12	3	minecraft:tuff	1
top_slope4	12	3	minecraft:white_concrete_powder	152
top_slope4	12	4	minecraft:acacia_wood	70
top_slope4	12	4	minecraft:basalt	19
top_slope4	12	4	minecraft:birch_wood	1
top_slope4	12	4	minecraft:blackstone	1
top_slope4	12	4	minecraft:cobblestone	25
top_slope4	12	4	minecraft:cyan_terracotta	28
top_slope4	12	4	minecraft:diorite	5
top_slope4	12	4	minecraft:light_gray_wool	13
top_slope4	12	4	minecraft:mud	4
top_slope4	12	4	minecraft:pale_moss_block	102
top_slope4	12	4	minecraft:pale_oak_wood	18
top_slope4	12	4	minecraft:snow_block	35
top_slope4	12	4	minecraft:stone	104
top_slope4	12	4	minecraft:white_concrete_powder	1
top_slope4	13	1	minecraft:birch_wood	52
top_slope4	13	1	minecraft:diorite	43
top_slope4	13	1	minecraft:mud	1
top_slope4	13	1	minecraft:snow_block	5
top_slope4	13	1	minecraft:white_concrete_powder	16
top_slope4	13	2	minecraft:acacia_wood	20
top_slope4	13	2	minecraft:birch_wood	390
top_slope4	13	2	minecraft:black_wool	1
top_slope4	13	2	minecraft:blackstone	1
top_slope4	13	2	minecraft:cobblestone	13
top_slope4	13	2	minecraft:cyan_terracotta	12
top_slope4	13	2	minecraft:diorite	226
top_slope4	13	2	minecraft:mud	22
top_slope4	13	2	minecraft:pale_moss_block	52
top_slope4	13	2	minecraft:smooth_basalt	2
top_slope4	13	2	minecraft:snow_block	155
top_slope4	13	2	minecraft:stone	63
top_slope4	13	2	minecraft:white_concrete_powder	409
top_slope4	13	3	minecraft:acacia_wood	137
top_slope4	13	3	minecraft:andesite	5
top_slope4	13	3	minecraft:basalt	5
top_slope4	13	3	minecraft:birch_wood	106
top_slope4	13	3	minecraft:blackstone	4
top_slope4	13	3	minecraft:cobblestone	54
top_slope4	13	3	minecraft:cyan_terracotta	121
top_slope4	13	3	minecraft:diorite	30
top_slope4	13	3	minecraft:dripstone_block	2
top_slope4	13	3	minecraft:light_gray_terracotta	5
top_slope4	13	3	minecraft:light_gray_wool	87
top_slope4	13	3	minecraft:mud	50
top_slope4	13	3	minecraft:pale_moss_block	205
top_slope4	13	3	minecraft:pale_oak_wood	36
top_slope4	13	3	minecraft:smooth_basalt	3
top_slope4	13	3	minecraft:snow_block	131
top_slope4	13	3	minecraft:stone	254
top_slope4	13	3	minecraft:white_concrete_powder	77
top_slope4	13	4	minecraft:acacia_wood	12
top_slope4	13	4	minecraft:andesite	2
top_slope4	13	4	minecraft:cobblestone	37
top_slope4	13	4	minecraft:cyan_terracotta	7
top_slope4	13	4	minecraft:light_gray_wool	17
top_slope4	13	4	minecraft:mud	9
top_slope4	13	4	minecraft:pale_moss_block	18
top_slope4	13	4	minecraft:pale_oak_wood	1
top_slope4	13	4	minecraft:snow_block	3
top_slope4	13	4	minecraft:stone	43
top_slope4	14	1	minecraft:acacia_wood	3
top_slope4	14	1	minecraft:birch_wood	8
top_slope4	14	1	minecraft:cobblestone	2
top_slope4	14	1	minecraft:cyan_terracotta	1
top_slope4	14	1	minecraft:diorite	12
top_slope4	14	1	minecraft:mud	1
top_slope4	14	1	minecraft:pale_moss_block	8
top_slope4	14	1	minecraft:snow_block	7
top_slope4	14	1	minecraft:stone	6
top_slope4	14	1	minecraft:white_concrete_powder	7
top_slope4	14	2	minecraft:acacia_wood	26
top_slope4	14	2	minecraft:basalt	4
top_slope4	14	2	minecraft:birch_wood	180
top_slope4	14	2	minecraft:blackstone	1
top_slope4	14	2	minecraft:cobblestone	16
top_slope4	14	2	minecraft:cyan_terracotta	12
top_slope4	14	2	minecraft:diorite	152
top_slope4	14	2	minecraft:light_gray_wool	6
top_slope4	14	2	minecraft:mud	17
top_slope4	14	2	minecraft:pale_moss_block	37
top_slope4	14	2	minecraft:pale_oak_wood	12
top_slope4	14	2	minecraft:snow_block	97
top_slope4	14	2	minecraft:stone	94
top_slope4	14	2	minecraft:white_concrete_powder	136
top_slope4	14	3	minecraft:acacia_wood	139
top_slope4	14	3	minecraft:andesite	25
top_slope4	14	3	minecraft:basalt	11
top_slope4	14	3	minecraft:birch_wood	84
top_slope4	14	3	minecraft:blackstone	4
top_slope4	14	3	minecraft:cobblestone	29
top_slope4	14	3	minecraft:cyan_terracotta	44
top_slope4	14	3	minecraft:diorite	59
top_slope4	14	3	minecraft:light_gray_wool	192
top_slope4	14	3	minecraft:mud	28
top_slope4	14	3	minecraft:pale_moss_block	76
top_slope4	14	3	minecraft:pale_oak_wood	36
top_slope4	14	3	minecraft:smooth_basalt	4
top_slope4	14	3	minecraft:snow_block	88
top_slope4	14	3	minecraft:stone	203
top_slope4	14	3	minecraft:white_concrete_powder	75
top_slope4	14	4	minecraft:acacia_wood	26
top_slope4	14	4	minecraft:andesite	9
top_slope4	14	4	minecraft:cobblestone	55
top_slope4	14	4	minecraft:cyan_terracotta	15
top_slope4	14	4	minecraft:light_gray_wool	28
top_slope4	14	4	minecraft:mud	9
top_slope4	14	4	minecraft:pale_moss_block	9
top_slope4	14	4	minecraft:pale_oak_wood	8
top_slope4	14	4	minecraft:snow_block	14
top_slope4	14	4	minecraft:stone	36
top_slope4	15	0	minecraft:birch_wood	82
top_slope4	15	0	minecraft:diorite	99
top_slope4	15	0	minecraft:snow_block	5
top_slope4	15	0	minecraft:white_concrete_powder	29
top_slope4	15	1	minecraft:birch_wood	309
top_slope4	15	1	minecraft:diorite	376
top_slope4	15	1	minecraft:light_gray_wool	2
top_slope4	15	1	minecraft:pale_moss_block	7
top_slope4	15	1	minecraft:snow_block	72
top_slope4	15	1	minecraft:stone	4
top_slope4	15	1	minecraft:white_concrete_powder	192
top_slope4	15	2	minecraft:acacia_wood	15
top_slope4	15	2	minecraft:andesite	2
top_slope4	15	2	minecraft:basalt	2
top_slope4	15	2	minecraft:birch_wood	142
top_slope4	15	2	minecraft:cobblestone	5
top_slope4	15	2	minecraft:cyan_terracotta	4
top_slope4	15	2	minecraft:diorite	118
top_slope4	15	2	minecraft:light_gray_wool	15
top_slope4	15	2	minecraft:pale_moss_block	35
top_slope4	15	2	minecraft:snow_block	65
top_slope4	15	2	minecraft:stone	38
top_slope4	15	2	minecraft:white_concrete_powder	118
top_slope4	15	3	minecraft:acacia_wood	24
top_slope4	15	3	minecraft:andesite	12
top_slope4	15	3	minecraft:basalt	1
top_slope4	15	3	minecraft:birch_wood	37
top_slope4	15	3	minecraft:cobblestone	24
top_slope4	15	3	minecraft:cyan_terracotta	11
top_slope4	15	3	minecraft:diorite	13
top_slope4	15	3	minecraft:light_gray_wool	45
top_slope4	15	3	minecraft:mud	4
top_slope4	15	3	minecraft:pale_moss_block	36
top_slope4	15	3	minecraft:pale_oak_wood	2
top_slope4	15	3	minecraft:snow_block	40
top_slope4	15	3	minecraft:stone	45
top_slope4	15	3	minecraft:white_concrete_powder	53
top_slope4	15	4	minecraft:acacia_wood	8
top_slope4	15	4	minecraft:andesite	2
top_slope4	15	4	minecraft:cobblestone	1
top_slope4	15	4	minecraft:cyan_terracotta	4
top_slope4	15	4	minecraft:light_gray_wool	7
top_slope4	15	4	minecraft:snow_block	1
top_slope4	2	0	minecraft:acacia_wood	8
top_slope4	2	0	minecraft:andesite	2
top_slope4	2	0	minecraft:basalt	6
top_slope4	2	0	minecraft:cyan_terracotta	4
top_slope4	2	0	minecraft:dirt	12
top_slope4	2	0	minecraft:grass_block	619
top_slope4	2	0	minecraft:moss_block	164
top_slope4	2	0	minecraft:pale_moss_block	2
top_slope4	2	0	minecraft:pale_oak_wood	1
top_slope4	2	0	minecraft:smooth_basalt	21
top_slope4	2	0	minecraft:stone	14
top_slope4	2	0	minecraft:white_concrete	3
top_slope4	2	1	minecraft:acacia_wood	55
top_slope4	2	1	minecraft:andesite	1
top_slope4	2	1	minecraft:basalt	9
top_slope4	2	1	minecraft:black_wool	2
top_slope4	2	1	minecraft:blackstone	1
top_slope4	2	1	minecraft:cobblestone	33
top_slope4	2	1	minecraft:cyan_terracotta	34
top_slope4	2	1	minecraft:diamond_block	4
top_slope4	2	1	minecraft:dirt	8
top_slope4	2	1	minecraft:grass_block	1025
top_slope4	2	1	minecraft:gray_wool	4
top_slope4	2	1	minecraft:light_gray_wool	5
top_slope4	2	1	minecraft:moss_block	601
top_slope4	2	1	minecraft:mud	33
top_slope4	2	1	minecraft:pale_moss_block	67
top_slope4	2	1	minecraft:pale_oak_wood	9
top_slope4	2	1	minecraft:smooth_basalt	28
top_slope4	2	1	minecraft:stone	121
top_slope4	2	1	minecraft:tuff	3
top_slope4	2	1	minecraft:white_concrete	9
top_slope4	2	2	minecraft:acacia_wood	344
top_slope4	2	2	minecraft:andesite	42
top_slope4	2	2	minecraft:basalt	56
top_slope4	2	2	minecraft:black_wool	5
top_slope4	2	2	minecraft:blackstone	23
top_slope4	2	2	minecraft:cobblestone	266
top_slope4	2	2	minecraft:cyan_terracotta	262
top_slope4	2	2	minecraft:diamond_block	29
top_slope4	2	2	minecraft:dirt	4
top_slope4	2	2	minecraft:grass_block	1055
top_slope4	2	2	minecraft:gray_wool	15
top_slope4	2	2	minecraft:light_gray_wool	32
top_slope4	2	2	minecraft:moss_block	630
top_slope4	2	2	minecraft:mud	230
top_slope4	2	2	minecraft:pale_moss_block	634
top_slope4	2	2	minecraft:pale_oak_wood	67
top_slope4	2	2	minecraft:smooth_basalt	56
top_slope4	2	2	minecraft:stone	802
top_slope4	2	2	minecraft:tuff	6
top_slope4	2	2	minecraft:white_concrete	3
top_slope4	2	3	minecraft:acacia_wood	568
top_slope4	2	3	minecraft:andesite	30
top_slope4	2	3	minecraft:basalt	89
top_slope4	2	3	minecraft:black_wool	5
top_slope4	2	3	minecraft:blackstone	44
top_slope4	2	3	minecraft:cobblestone	279
top_slope4	2	3	minecraft:cyan_terracotta	350
top_slope4	2	3	minecraft:diamond_block	9
top_slope4	2	3	minecraft:dirt	1
top_slope4	2	3	minecraft:grass_block	142
top_slope4	2	3	minecraft:light_gray_wool	50
top_slope4	2	3	minecraft:moss_block	71
top_slope4	2	3	minecraft:mud	352
top_slope4	2	3	minecraft:pale_moss_block	509
top_slope4	2	3	minecraft:pale_oak_wood	138
top_slope4	2	3	minecraft:smooth_basalt	120
top_slope4	2	3	minecraft:stone	742
top_slope4	2	3	minecraft:tuff	1
top_slope4	2	4	minecraft:acacia_wood	188
top_slope4	2	4	minecraft:andesite	1
top_slope4	2	4	minecraft:basalt	51
top_slope4	2	4	minecraft:black_wool	5
top_slope4	2	4	minecraft:blackstone	33
top_slope4	2	4	minecraft:cobblestone	74
top_slope4	2	4	minecraft:cyan_terracotta	169
top_slope4	2	4	minecraft:grass_block	7
top_slope4	2	4	minecraft:light_gray_wool	13
top_slope4	2	4	minecraft:moss_block	21
top_slope4	2	4	minecraft:mud	77
top_slope4	2	4	minecraft:pale_moss_block	110
top_slope4	2	4	minecraft:pale_oak_wood	44
top_slope4	2	4	minecraft:smooth_basalt	49
top_slope4	2	4	minecraft:stone	213
top_slope4	3	0	minecraft:acacia_wood	3
top_slope4	3	0	minecraft:cyan_terracotta	2
top_slope4	3	0	minecraft:grass_block	19
top_slope4	3	0	minecraft:moss_block	7
top_slope4	3	0	minecraft:mud	4
top_slope4	3	0	minecraft:stone	11
top_slope4	3	1	minecraft:acacia_wood	47
top_slope4	3	1	minecraft:andesite	13
top_slope4	3	1	minecraft:basalt	11
top_slope4	3	1	minecraft:black_wool	1
top_slope4	3	1	minecraft:blackstone	6
top_slope4	3	1	minecraft:cobblestone	14
top_slope4	3	1	minecraft:cyan_terracotta	49
top_slope4	3	1	minecraft:dirt	4
top_slope4	3	1	minecraft:grass_block	238
top_slope4	3	1	minecraft:gray_wool	1
top_slope4	3	1	minecraft:light_gray_wool	14
top_slope4	3	1	minecraft:moss_block	220
top_slope4	3	1	minecraft:mud	22
top_slope4	3	1	minecraft:pale_moss_block	65
top_slope4	3	1	minecraft:pale_oak_wood	17
top_slope4	3	1	minecraft:smooth_basalt	2
top_slope4	3	1	minecraft:stone	90
top_slope4	3	1	minecraft:tuff	2
top_slope4	3	2	minecraft:acacia_wood	338
top_slope4	3	2	minecraft:andesite	88
top_slope4	3	2	minecraft:basalt	44
top_slope4	3	2	minecraft:black_wool	14
top_slope4	3	2	minecraft:blackstone	10
top_slope4	3	2	minecraft:cobblestone	251
top_slope4	3	2	minecraft:cyan_terracotta	297
top_slope4	3	2	minecraft:diamond_block	6
top_slope4	3	2	minecraft:dirt	2
top_slope4	3	2	minecraft:grass_block	444
top_slope4	3	2	minecraft:gray_wool	3
top_slope4	3	2	minecraft:light_gray_wool	48
top_slope4	3	2	minecraft:moss_block	602
top_slope4	3	2	minecraft:mud	166
top_slope4	3	2	minecraft:pale_moss_block	777
top_slope4	3	2	minecraft:pale_oak_wood	72
top_slope4	3	2	minecraft:smooth_basalt	24
top_slope4	3	2	minecraft:stone	896
top_slope4	3	2	minecraft:tuff	18
top_slope4	3	3	minecraft:acacia_wood	643
top_slope4	3	3	minecraft:andesite	93
top_slope4	3	3	minecraft:basalt	54
top_slope4	3	3	minecraft:black_wool	7
top_slope4	3	3	minecraft:blackstone	36
top_slope4	3	3	minecraft:cobblestone	259
top_slope4	3	3	minecraft:cyan_terracotta	395
top_slope4	3	3	minecraft:grass_block	160
top_slope4	3	3	minecraft:light_gray_wool	34
top_slope4	3	3	minecraft:moss_block	77
top_slope4	3	3	minecraft:mud	330
top_slope4	3	3	minecraft:pale_moss_block	643
top_slope4	3	3	minecraft:pale_oak_wood	112
top_slope4	3	3	minecraft:smooth_basalt	95
top_slope4	3	3	minecraft:stone	1058
top_slope4	3	3	minecraft:tuff	7
top_slope4	3	4	minecraft:acacia_wood	266
top_slope4	3	4	minecraft:andesite	30
top_slope4	3	4	minecraft:basalt	10
top_slope4	3	4	minecraft:black_wool	11
top_slope4	3	4	minecraft:blackstone	20
top_slope4	3	4	minecraft:cobblestone	70
top_slope4	3	4	minecraft:cyan_terracotta	148
top_slope4	3	4	minecraft:grass_block	2
top_slope4	3	4	minecraft:light_gray_wool	16
top_slope4	3	4	minecraft:moss_block	3
top_slope4	3	4	minecraft:mud	128
top_slope4	3	4	minecraft:pale_moss_block	146
top_slope4	3	4	minecraft:pale_oak_wood	69
top_slope4	3	4	minecraft:smooth_basalt	49
top_slope4	3	4	minecraft:stone	387
top_slope4	4	0	minecraft:acacia_wood	17
top_slope4	4	0	minecraft:basalt	1
top_slope4	4	0	minecraft:blackstone	3
top_slope4	4	0	minecraft:cyan_terracotta	7
top_slope4	4	0	minecraft:dirt	3
top_slope4	4	0	minecraft:grass_block	12
top_slope4	4	0	minecraft:gray_wool	1
top_slope4	4	0	minecraft:moss_block	6
top_slope4	4	0	minecraft:mud	7
top_slope4	4	0	minecraft:pale_moss_block	17
top_slope4	4	0	minecraft:smooth_basalt	1
top_slope4	4	0	minecraft:stone	1
top_slope4	4	1	minecraft:acacia_wood	105
top_slope4	4	1	minecraft:andesite	1
top_slope4	4	1	minecraft:basalt	30
top_slope4	4	1	minecraft:blackstone	11
top_slope4	4	1	minecraft:cobblestone	13
top_slope4	4	1	minecraft:cyan_terracotta	57
top_slope4	4	1	minecraft:dirt	25
top_slope4	4	1	minecraft:grass_block	160
top_slope4	4	1	minecraft:gray_wool	5
top_slope4	4	1	minecraft:moss_block	127
top_slope4	4	1	minecraft:mud	43
top_slope4	4	1	minecraft:pale_moss_block	113
top_slope4	4	1	minecraft:pale_oak_wood	2
top_slope4	4	1	minecraft:smooth_basalt	10
top_slope4	4	1	minecraft:stone	98
top_slope4	4	2	minecraft:acacia_wood	555
top_slope4	4	2	minecraft:andesite	77
top_slope4	4	2	minecraft:basalt	93
top_slope4	4	2	minecraft:black_wool	1
top_slope4	4	2	minecraft:blackstone	21
top_slope4	4	2	minecraft:cobblestone	176
top_slope4	4	2	minecraft:cyan_terracotta	246
top_slope4	4	2	minecraft:diorite	2
top_slope4	4	2	minecraft:dirt	7
top_slope4	4	2	minecraft:grass_block	329
top_slope4	4	2	minecraft:light_gray_wool	45
top_slope4	4	2	minecraft:moss_block	179
top_slope4	4	2	minecraft:mud	138
top_slope4	4	2	minecraft:pale_moss_block	917
top_slope4	4	2	minecraft:pale_oak_wood	26
top_slope4	4	2	minecraft:smooth_basalt	32
top_slope4	4	2	minecraft:stone	1071
top_slope4	4	2	minecraft:tuff	20
top_slope4	4	3	minecraft:acacia_wood	572
top_slope4	4	3	minecraft:andesite	96
top_slope4	4	3	minecraft:basalt	159
top_slope4	4	3	minecraft:birch_wood	2
top_slope4	4	3	minecraft:black_wool	3
top_slope4	4	3	minecraft:blackstone	51
top_slope4	4	3	minecraft:cobblestone	272
top_slope4	4	3	minecraft:cyan_terracotta	388
top_slope4	4	3	minecraft:dripstone_block	7
top_slope4	4	3	minecraft:grass_block	183
top_slope4	4	3	minecraft:gray_wool	10
top_slope4	4	3	minecraft:light_gray_wool	51
top_slope4	4	3	minecraft:moss_block	18
top_slope4	4	3	minecraft:mud	230
top_slope4	4	3	minecraft:pale_moss_block	816
top_slope4	4	3	minecraft:pale_oak_wood	63
top_slope4	4	3	minecraft:smooth_basalt	68
top_slope4	4	3	minecraft:snow_block	1
top_slope4	4	3	minecraft:stone	1085
top_slope4	4	3	minecraft:tuff	32
top_slope4	4	3	minecraft:white_concrete	2
top_slope4	4	4	minecraft:acacia_wood	249
top_slope4	4	4	minecraft:andesite	11
top_slope4	4	4	minecraft:basalt	57
top_slope4	4	4	minecraft:blackstone	10
top_slope4	4	4	minecraft:cobblestone	45
top_slope4	4	4	minecraft:cyan_terracotta	146
top_slope4	4	4	minecraft:dripstone_block	28
top_slope4	4	4	minecraft:grass_block	12
top_slope4	4	4	minecraft:gray_wool	8
top_slope4	4	4	minecraft:mud	107
top_slope4	4	4	minecraft:pale_moss_block	180
top_slope4	4	4	minecraft:pale_oak_wood	32
top_slope4	4	4	minecraft:smooth_basalt	84
top_slope4	4	4	minecraft:snow_block	1
top_slope4	4	4	minecraft:stone	168
top_slope4	4	4	minecraft:tuff	1
top_slope4	5	0	minecraft:acacia_wood	11
top_slope4	5	0	minecraft:dirt	2
top_slope4	5	0	minecraft:grass_block	7
top_slope4	5	0	minecraft:gray_wool	10
top_slope4	5	0	minecraft:moss_block	38
top_slope4	5	0	minecraft:mud	2
top_slope4	5	0	minecraft:pale_moss_block	9
top_slope4	5	0	minecraft:pale_oak_wood	2
top_slope4	5	0	minecraft:smooth_basalt	2
top_slope4	5	0	minecraft:snow_block	5
top_slope4	5	0	minecraft:stone	25
top_slope4	5	0	minecraft:white_concrete	4
top_slope4	5	1	minecraft:acacia_wood	117
top_slope4	5	1	minecraft:andesite	1
top_slope4	5	1	minecraft:basalt	3
top_slope4	5	1	minecraft:black_wool	2
top_slope4	5	1	minecraft:cobblestone	48
top_slope4	5	1	minecraft:cyan_terracotta	19
top_slope4	5	1	minecraft:dirt	16
top_slope4	5	1	minecraft:grass_block	91
top_slope4	5	1	minecraft:gray_wool	50
top_slope4	5	1	minecraft:light_gray_wool	2
top_slope4	5	1	minecraft:moss_block	318
top_slope4	5	1	minecraft:mud	28
top_slope4	5	1	minecraft:pale_moss_block	87
top_slope4	5	1	minecraft:pale_oak_wood	25
top_slope4	5	1	minecraft:smooth_basalt	10
top_slope4	5	1	minecraft:snow_block	37
top_slope4	5	1	minecraft:stone	253
top_slope4	5	1	minecraft:white_concrete	14
top_slope4	5	2	minecraft:acacia_wood	443
top_slope4	5	2	minecraft:andesite	14
top_slope4	5	2	minecraft:basalt	26
top_slope4	5	2	minecraft:black_wool	1
top_slope4	5	2	minecraft:blackstone	3
top_slope4	5	2	minecraft:cobblestone	183
top_slope4	5	2	minecraft:cyan_terracotta	184
top_slope4	5	2	minecraft:dirt	3
top_slope4	5	2	minecraft:grass_block	123
top_slope4	5	2	minecraft:gray_wool	31
top_slope4	5	2	minecraft:light_gray_wool	32
top_slope4	5	2	minecraft:moss_block	180
top_slope4	5	2	minecraft:mud	120
top_slope4	5	2	minecraft:pale_moss_block	771
top_slope4	5	2	minecraft:pale_oak_wood	115
top_slope4	5	2	minecraft:smooth_basalt	26
top_slope4	5	2	minecraft:snow_block	78
top_slope4	5	2	minecraft:stone	937
top_slope4	5	2	minecraft:tuff	4
top_slope4	5	2	minecraft:white_concrete	19
top_slope4	5	3	minecraft:acacia_wood	602
top_slope4	5	3	minecraft:andesite	7
top_slope4	5	3	minecraft:basalt	88
top_slope4	5	3	minecraft:black_wool	5
top_slope4	5	3	minecraft:blackstone	25
top_slope4	5	3	minecraft:cobblestone	177
top_slope4	5	3	minecraft:cyan_terracotta	387
top_slope4	5	3	minecraft:diorite	2
top_slope4	5	3	minecraft:dirt	1
top_slope4	5	3	minecraft:grass_block	24
top_slope4	5	3	minecraft:gray_wool	66
top_slope4	5	3	minecraft:light_gray_wool	48
top_slope4	5	3	minecraft:moss_block	2
top_slope4	5	3	minecraft:mud	225
top_slope4	5	3	minecraft:pale_moss_block	831
top_slope4	5	3	minecraft:pale_oak_wood	115
top_slope4	5	3	minecraft:smooth_basalt	37
top_slope4	5	3	minecraft:snow_block	47
top_slope4	5	3	minecraft:stone	974
top_slope4	5	3	minecraft:tuff	26
top_slope4	5	3	minecraft:white_concrete	12
top_slope4	5	4	minecraft:acacia_wood	178
top_slope4	5	4	minecraft:andesite	2
top_slope4	5	4	minecraft:basalt	54
top_slope4	5	4	minecraft:blackstone	11
top_slope4	5	4	minecraft:coal_ore	1
top_slope4	5	4	minecraft:cobblestone	30
top_slope4	5	4	minecraft:cyan_terracotta	247
top_slope4	5	4	minecraft:diorite	1
top_slope4	5	4	minecraft:dirt	3
top_slope4	5	4	minecraft:grass_block	1
top_slope4	5	4	minecraft:gravel	4
top_slope4	5	4	minecraft:gray_wool	50
top_slope4	5	4	minecraft:light_gray_wool	16
top_slope4	5	4	minecraft:mud	82
top_slope4	5	4	minecraft:pale_moss_block	137
top_slope4	5	4	minecraft:pale_oak_wood	48
top_slope4	5	4	minecraft:smooth_basalt	21
top_slope4	5	4	minecraft:snow_block	20
top_slope4	5	4	minecraft:stone	199
top_slope4	5	4	minecraft:tuff	18
top_slope4	5	4	minecraft:white_concrete	11
top_slope4	6	0	minecraft:acacia_wood	1
top_slope4	6	0	minecraft:andesite	1
top_slope4	6	0	minecraft:basalt	1
top_slope4	6	0	minecraft:blackstone	1
top_slope4	6	0	minecraft:moss_block	6
top_slope4	6	0	minecraft:mud	1
top_slope4	6	0	minecraft:pale_moss_block	3
top_slope4	6	0	minecraft:snow_block	1
top_slope4	6	0	minecraft:stone	3
top_slope4	6	1	minecraft:acacia_wood	34
top_slope4	6	1	minecraft:andesite	5
top_slope4	6	1	minecraft:basalt	11
top_slope4	6	1	minecraft:cobblestone	43
top_slope4	6	1	minecraft:cyan_terracotta	22
top_slope4	6	1	minecraft:light_gray_wool	4
top_slope4	6	1	minecraft:moss_block	175
top_slope4	6	1	minecraft:mud	23
top_slope4	6	1	minecraft:pale_moss_block	74
top_slope4	6	1	minecraft:pale_oak_wood	4
top_slope4	6	1	minecraft:smooth_basalt	1
top_slope4	6	1	minecraft:snow_block	32
top_slope4	6	1	minecraft:stone	156
top_slope4	6	1	minecraft:white_wool	1
top_slope4	6	2	minecraft:acacia_wood	330
top_slope4	6	2	minecraft:andesite	38
top_slope4	6	2	minecraft:basalt	43
top_slope4	6	2	minecraft:blackstone	2
top_slope4	6	2	minecraft:coal_ore	1
top_slope4	6	2	minecraft:cobblestone	284
top_slope4	6	2	minecraft:cyan_terracotta	187
top_slope4	6	2	minecraft:diorite	1
top_slope4	6	2	minecraft:gray_wool	10
top_slope4	6	2	minecraft:light_gray_wool	27
top_slope4	6	2	minecraft:moss_block	204
top_slope4	6	2	minecraft:mud	128
top_slope4	6	2	minecraft:pale_moss_block	815
top_slope4	6	2	minecraft:pale_oak_wood	41
top_slope4	6	2	minecraft:smooth_basalt	31
top_slope4	6	2	minecraft:snow_block	286
top_slope4	6	2	minecraft:stone	1030
top_slope4	6	2	minecraft:white_concrete	1
top_slope4	6	2	minecraft:white_wool	47
top_slope4	6	3	minecraft:acacia_wood	670
top_slope4	6	3	minecraft:andesite	57
top_slope4	6	3	minecraft:basalt	147
top_slope4	6	3	minecraft:birch_wood	3
top_slope4	6	3	minecraft:black_wool	5
top_slope4	6	3	minecraft:blackstone	34
top_slope4	6	3	minecraft:cobblestone	245
top_slope4	6	3	minecraft:cyan_terracotta	455
top_slope4	6	3	minecraft:diorite	8
top_slope4	6	3	minecraft:grass_block	3
top_slope4	6	3	minecraft:light_gray_wool	59
top_slope4	6	3	minecraft:moss_block	2
top_slope4	6	3	minecraft:mud	203
top_slope4	6	3	minecraft:pale_moss_block	916
top_slope4	6	3	minecraft:pale_oak_wood	203
top_slope4	6	3	minecraft:smooth_basalt	72
top_slope4	6	3	minecraft:snow_block	351
top_slope4	6	3	minecraft:stone	1154
top_slope4	6	3	minecraft:tuff	24
top_slope4	6	3	minecraft:white_concrete	1
top_slope4	6	3	minecraft:white_wool	34
top_slope4	6	4	minecraft:acacia_wood	215
top_slope4	6	4	minecraft:basalt	58
top_slope4	6	4	minecraft:birch_wood	4
top_slope4	6	4	minecraft:blackstone	19
top_slope4	6	4	minecraft:coal_ore	2
top_slope4	6	4	minecraft:cobblestone	13
top_slope4	6	4	minecraft:cyan_terracotta	246
top_slope4	6	4	minecraft:diorite	6
top_slope4	6	4	minecraft:dirt	4
top_slope4	6	4	minecraft:grass_block	1
top_slope4	6	4	minecraft:gravel	2
top_slope4	6	4	minecraft:iron_ore	2
top_slope4	6	4	minecraft:light_gray_wool	18
top_slope4	6	4	minecraft:moss_block	2
top_slope4	6	4	minecraft:mud	113
top_slope4	6	4	minecraft:pale_moss_block	163
top_slope4	6	4	minecraft:pale_oak_wood	40
top_slope4	6	4	minecraft:smooth_basalt	20
top_slope4	6	4	minecraft:snow_block	148
top_slope4	6	4	minecraft:stone	288
top_slope4	6	4	minecraft:tuff	8
top_slope4	6	4	minecraft:white_concrete	2
top_slope4	7	0	minecraft:moss_block	1
top_slope4	7	0	minecraft:snow_block	7
top_slope4	7	0	minecraft:stone	2
top_slope4	7	1	minecraft:acacia_wood	73
top_slope4	7	1	minecraft:andesite	41
top_slope4	7	1	minecraft:basalt	2
top_slope4	7	1	minecraft:cobblestone	17
top_slope4	7	1	minecraft:cyan_terracotta	10
top_slope4	7	1	minecraft:light_gray_wool	5
top_slope4	7	1	minecraft:moss_block	38
top_slope4	7	1	minecraft:mud	8
top_slope4	7	1	minecraft:pale_moss_block	34
top_slope4	7	1	minecraft:pale_oak_wood	7
top_slope4	7	1	minecraft:powder_snow	2
top_slope4	7	1	minecraft:snow_block	58
top_slope4	7	1	minecraft:stone	185
top_slope4	7	2	minecraft:acacia_wood	330
top_slope4	7	2	minecraft:andesite	97
top_slope4	7	2	minecraft:basalt	3
top_slope4	7	2	minecraft:birch_wood	6
top_slope4	7	2	minecraft:cobblestone	336
top_slope4	7	2	minecraft:cyan_terracotta	73
top_slope4	7	2	minecraft:light_gray_wool	27
top_slope4	7	2	minecraft:moss_block	93
top_slope4	7	2	minecraft:mud	113
top_slope4	7	2	minecraft:pale_moss_block	495
top_slope4	7	2	minecraft:pale_oak_wood	37
top_slope4	7	2	minecraft:powder_snow	2
top_slope4	7	2	minecraft:smooth_basalt	10
top_slope4	7	2	minecraft:snow_block	84
top_slope4	7	2	minecraft:stone	787
top_slope4	7	2	minecraft:white_concrete_powder	2
top_slope4	7	3	minecraft:acacia_wood	466
top_slope4	7	3	minecraft:andesite	92
top_slope4	7	3	minecraft:basalt	65
top_slope4	7	3	minecraft:birch_wood	7
top_slope4	7	3	minecraft:blackstone	8
top_slope4	7	3	minecraft:cobblestone	242
top_slope4	7	3	minecraft:cyan_terracotta	224
top_slope4	7	3	minecraft:diorite	7
top_slope4	7	3	minecraft:light_gray_terracotta	2
top_slope4	7	3	minecraft:light_gray_wool	49
top_slope4	7	3	minecraft:moss_block	3
top_slope4	7	3	minecraft:mud	195
top_slope4	7	3	minecraft:pale_moss_block	485
top_slope4	7	3	minecraft:pale_oak_wood	103
top_slope4	7	3	minecraft:smooth_basalt	17
top_slope4	7	3	minecraft:snow_block	193
top_slope4	7	3	minecraft:stone	851
top_slope4	7	3	minecraft:tuff	13
top_slope4	7	3	minecraft:white_concrete_powder	10
top_slope4	7	4	minecraft:acacia_wood	246
top_slope4	7	4	minecraft:andesite	3
top_slope4	7	4	minecraft:basalt	45
top_slope4	7	4	minecraft:blackstone	12
top_slope4	7	4	minecraft:cobblestone	31
top_slope4	7	4	minecraft:cyan_terracotta	197
top_slope4	7	4	minecraft:diorite	1
top_slope4	7	4	minecraft:gravel	1
top_slope4	7	4	minecraft:light_gray_wool	19
top_slope4	7	4	minecraft:mud	121
top_slope4	7	4	minecraft:pale_moss_block	180
top_slope4	7	4	minecraft:pale_oak_wood	84
top_slope4	7	4	minecraft:smooth_basalt	12
top_slope4	7	4	minecraft:snow_block	253
top_slope4	7	4	minecraft:stone	272
top_slope4	8	0	minecraft:cobblestone	1
top_slope4	8	0	minecraft:packed_ice	17
top_slope4	8	0	minecraft:pale_moss_block	13
top_slope4	8	0	minecraft:snow_block	119
top_slope4	8	0	minecraft:stone	8
top_slope4	8	1	minecraft:acacia_wood	45
top_slope4	8	1	minecraft:andesite	6
top_slope4	8	1	minecraft:basalt	8
top_slope4	8	1	minecraft:birch_wood	18
top_slope4	8	1	minecraft:coal_ore	1
top_slope4	8	1	minecraft:cobblestone	43
top_slope4	8	1	minecraft:cyan_terracotta	24
top_slope4	8	1	minecraft:diorite	11
top_slope4	8	1	minecraft:dripstone_block	1
top_slope4	8	1	minecraft:moss_block	2
top_slope4	8	1	minecraft:mud	1
top_slope4	8	1	minecraft:packed_ice	25
top_slope4	8	1	minecraft:pale_moss_block	179
top_slope4	8	1	minecraft:pale_oak_wood	1
top_slope4	8	1	minecraft:snow_block	198
top_slope4	8	1	minecraft:stone	173
top_slope4	8	1	minecraft:white_concrete_powder	9
top_slope4	8	2	minecraft:acacia_wood	183
top_slope4	8	2	minecraft:andesite	106
top_slope4	8	2	minecraft:basalt	31
top_slope4	8	2	minecraft:birch_wood	78
top_slope4	8	2	minecraft:coarse_dirt	2
top_slope4	8	2	minecraft:cobblestone	221
top_slope4	8	2	minecraft:cyan_terracotta	35
top_slope4	8	2	minecraft:diorite	43
top_slope4	8	2	minecraft:dirt	1
top_slope4	8	2	minecraft:dripstone_block	5
top_slope4	8	2	minecraft:light_gray_wool	34
top_slope4	8	2	minecraft:moss_block	3
top_slope4	8	2	minecraft:mud	134
top_slope4	8	2	minecraft:packed_ice	22
top_slope4	8	2	minecraft:packed_mud	10
top_slope4	8	2	minecraft:pale_moss_block	582
top_slope4	8	2	minecraft:pale_oak_wood	24
top_slope4	8	2	minecraft:smooth_basalt	2
top_slope4	8	2	minecraft:snow_block	131
top_slope4	8	2	minecraft:stone	966
top_slope4	8	2	minecraft:white_concrete	3
top_slope4	8	2	minecraft:white_concrete_powder	43
top_slope4	8	3	minecraft:acacia_wood	508
top_slope4	8	3	minecraft:andesite	105
top_slope4	8	3	minecraft:basalt	30
top_slope4	8	3	minecraft:birch_wood	104
top_slope4	8	3	minecraft:blackstone	5
top_slope4	8	3	minecraft:coal_ore	2
top_slope4	8	3	minecraft:coarse_dirt	10
top_slope4	8	3	minecraft:cobblestone	282
top_slope4	8	3	minecraft:cyan_terracotta	219
top_slope4	8	3	minecraft:diorite	78
top_slope4	8	3	minecraft:dripstone_block	19
top_slope4	8	3	minecraft:light_gray_terracotta	9
top_slope4	8	3	minecraft:light_gray_wool	67
top_slope4	8	3	minecraft:mud	138
top_slope4	8	3	minecraft:packed_ice	5
top_slope4	8	3	minecraft:packed_mud	12
top_slope4	8	3	minecraft:pale_moss_block	522
top_slope4	8	3	minecraft:pale_oak_wood	127
top_slope4	8	3	minecraft:smooth_basalt	5
top_slope4	8	3	minecraft:snow_block	156
top_slope4	8	3	minecraft:stone	789
top_slope4	8	3	minecraft:white_concrete_powder	48
top_slope4	8	4	minecraft:acacia_wood	236
top_slope4	8	4	minecraft:andesite	34
top_slope4	8	4	minecraft:basalt	26
top_slope4	8	4	minecraft:birch_wood	4
top_slope4	8	4	minecraft:blackstone	3
top_slope4	8	4	minecraft:cobblestone	30
top_slope4	8	4	minecraft:cyan_terracotta	128
top_slope4	8	4	minecraft:diorite	10
top_slope4	8	4	minecraft:light_gray_wool	16
top_slope4	8	4	minecraft:mud	123
top_slope4	8	4	minecraft:packed_ice	2
top_slope4	8	4	minecraft:pale_moss_block	109
top_slope4	8	4	minecraft:pale_oak_wood	92
top_slope4	8	4	minecraft:smooth_basalt	20
top_slope4	8	4	minecraft:snow_block	162
top_slope4	8	4	minecraft:stone	209
top_slope4	9	0	minecraft:andesite	1
top_slope4	9	1	minecraft:acacia_wood	14
top_slope4	9	1	minecraft:andesite	16
top_slope4	9	1	minecraft:basalt	6
top_slope4	9	1	minecraft:birch_wood	19
top_slope4	9	1	minecraft:cobblestone	44
top_slope4	9	1	minecraft:cyan_terracotta	6
top_slope4	9	1	minecraft:diorite	35
top_slope4	9	1	minecraft:ice	1
top_slope4	9	1	minecraft:light_gray_wool	1
top_slope4	9	1	minecraft:mud	9
top_slope4	9	1	minecraft:pale_moss_block	65
top_slope4	9	1	minecraft:pale_oak_wood	13
top_slope4	9	1	minecraft:snow_block	27
top_slope4	9	1	minecraft:stone	158
top_slope4	9	1	minecraft:white_concrete_powder	6
top_slope4	9	2	minecraft:acacia_wood	85
top_slope4	9	2	minecraft:andesite	36
top_slope4	9	2	minecraft:basalt	13
top_slope4	9	2	minecraft:birch_wood	348
top_slope4	9	2	minecraft:black_wool	1
top_slope4	9	2	minecraft:coarse_dirt	1
top_slope4	9	2	minecraft:cobblestone	134
top_slope4	9	2	minecraft:cyan_terracotta	32
top_slope4	9	2	minecraft:diorite	209
top_slope4	9	2	minecraft:light_gray_terracotta	2
top_slope4	9	2	minecraft:light_gray_wool	18
top_slope4	9	2	minecraft:mud	78
top_slope4	9	2	minecraft:pale_moss_block	321
top_slope4	9	2	minecraft:pale_oak_wood	9
top_slope4	9	2	minecraft:smooth_basalt	2
top_slope4	9	2	minecraft:snow_block	181
top_slope4	9	2	minecraft:stone	441
top_slope4	9	2	minecraft:white_concrete_powder	301
top_slope4	9	3	minecraft:acacia_wood	310
top_slope4	9	3	minecraft:andesite	30
top_slope4	9	3	minecraft:basalt	50
top_slope4	9	3	minecraft:birch_wood	143
top_slope4	9	3	minecraft:coarse_dirt	1
top_slope4	9	3	minecraft:cobblestone	159
top_slope4	9	3	minecraft:cyan_terracotta	265
top_slope4	9	3	minecraft:diorite	87
top_slope4	9	3	minecraft:dripstone_block	1
top_slope4	9	3	minecraft:granite	1
top_slope4	9	3	minecraft:light_gray_wool	7
top_slope4	9	3	minecraft:mud	55
top_slope4	9	3	minecraft:packed_ice	1
top_slope4	9	3	minecraft:packed_mud	1
top_slope4	9	3	minecraft:pale_moss_block	587
top_slope4	9	3	minecraft:pale_oak_wood	37
top_slope4	9	3	minecraft:smooth_basalt	6
top_slope4	9	3	minecraft:snow_block	113
top_slope4	9	3	minecraft:stone	623
top_slope4	9	3	minecraft:white_concrete_powder	143
top_slope4	9	4	minecraft:acacia_wood	221
top_slope4	9	4	minecraft:andesite	13
top_slope4	9	4	minecraft:basalt	21
top_slope4	9	4	minecraft:birch_wood	5
top_slope4	9	4	minecraft:blackstone	17
top_slope4	9	4	minecraft:cobblestone	52
top_slope4	9	4	minecraft:cyan_terracotta	176
top_slope4	9	4	minecraft:diorite	5
top_slope4	9	4	minecraft:ice	2
top_slope4	9	4	minecraft:light_gray_wool	9
top_slope4	9	4	minecraft:mud	53
top_slope4	9	4	minecraft:packed_ice	25
top_slope4	9	4	minecraft:pale_moss_block	54
top_slope4	9	4	minecraft:pale_oak_wood	51
top_slope4	9	4	minecraft:powder_snow	2
top_slope4	9	4	minecraft:smooth_basalt	23
top_slope4	9	4	minecraft:snow_block	66
top_slope4	9	4	minecraft:stone	162
top_slope8	0	0	minecraft:acacia_wood	23
top_slope8	0	0	minecraft:andesite	5
top_slope8	0	0	minecraft:basalt	7
top_slope8	0	0	minecraft:blackstone	7
top_slope8	0	0	minecraft:coal_ore	1
top_slope8	0	0	minecraft:cobblestone	34
top_slope8	0	0	minecraft:cyan_terracotta	13
top_slope8	0	0	minecraft:diamond_block	10
top_slope8	0	0	minecraft:dirt	15
top_slope8	0	0	minecraft:grass_block	2466
top_slope8	0	0	minecraft:gray_wool	4
top_slope8	0	0	minecraft:light_gray_wool	4
top_slope8	0	0	minecraft:moss_block	669
top_slope8	0	0	minecraft:mud	34
top_slope8	0	0	minecraft:pale_moss_block	99
top_slope8	0	0	minecraft:pale_oak_wood	10
top_slope8	0	0	minecraft:smooth_basalt	9
top_slope8	0	0	minecraft:spruce_log	1
top_slope8	0	0	minecraft:stone	188
top_slope8	0	1	minecraft:acacia_wood	202
top_slope8	0	1	minecraft:andesite	62
top_slope8	0	1	minecraft:basalt	72
top_slope8	0	1	minecraft:blackstone	18
top_slope8	0	1	minecraft:calcite	11
top_slope8	0	1	minecraft:cobblestone	132
top_slope8	0	1	minecraft:cyan_terracotta	175
top_slope8	0	1	minecraft:diamond_block	121
top_slope8	0	1	minecraft:dirt	29
top_slope8	0	1	minecraft:grass_block	4250
top_slope8	0	1	minecraft:gray_wool	10
top_slope8	0	1	minecraft:iron_ore	1
top_slope8	0	1	minecraft:light_gray_wool	47
top_slope8	0	1	minecraft:moss_block	2284
top_slope8	0	1	minecraft:mud	176
top_slope8	0	1	minecraft:pale_moss_block	347
top_slope8	0	1	minecraft:pale_oak_wood	90
top_slope8	0	1	minecraft:smooth_basalt	47
top_slope8	0	1	minecraft:spruce_log	9
top_slope8	0	1	minecraft:stone	710
top_slope8	0	1	minecraft:tuff	21
top_slope8	0	1	minecraft:white_concrete	1
top_slope8	0	2	minecraft:acacia_wood	286
top_slope8	0	2	minecraft:andesite	10
top_slope8	0	2	minecraft:basalt	94
top_slope8	0	2	minecraft:black_wool	4
top_slope8	0	2	minecraft:blackstone	51
top_slope8	0	2	minecraft:calcite	5
top_slope8	0	2	minecraft:cobblestone	89
top_slope8	0	2	minecraft:cyan_terracotta	283
top_slope8	0	2	minecraft:diamond_block	9
top_slope8	0	2	minecraft:dirt	5
top_slope8	0	2	minecraft:grass_block	627
top_slope8	0	2	minecraft:gray_wool	4
top_slope8	0	2	minecraft:light_gray_wool	16
top_slope8	0	2	minecraft:moss_block	656
top_slope8	0	2	minecraft:mud	273
top_slope8	0	2	minecraft:pale_moss_block	395
top_slope8	0	2	minecraft:pale_oak_wood	127
top_slope8	0	2	minecraft:smooth_basalt	94
top_slope8	0	2	minecraft:spruce_log	4
top_slope8	0	2	minecraft:stone	414
top_slope8	0	2	minecraft:tuff	25
top_slope8	0	3	minecraft:acacia_wood	76
top_slope8	0	3	minecraft:andesite	2
top_slope8	0	3	minecraft:basalt	23
top_slope8	0	3	minecraft:black_wool	9
top_slope8	0	3	minecraft:blackstone	16
top_slope8	0	3	minecraft:cobblestone	9
top_slope8	0	3	minecraft:cyan_terracotta	88
top_slope8	0	3	minecraft:grass_block	48
top_slope8	0	3	minecraft:gray_wool	1
top_slope8	0	3	minecraft:light_gray_wool	2
top_slope8	0	3	minecraft:moss_block	53
top_slope8	0	3	minecraft:mud	97
top_slope8	0	3	minecraft:pale_moss_block	92
top_slope8	0	3	minecraft:pale_oak_wood	15
top_slope8	0	3	minecraft:smooth_basalt	29
top_slope8	0	3	minecraft:spruce_log	3
top_slope8	0	3	minecraft:stone	46
top_slope8	0	4	minecraft:blackstone	1
top_slope8	0	4	minecraft:grass_block	20
top_slope8	0	4	minecraft:mud	3
top_slope8	0	4	minecraft:pale_moss_block	1
top_slope8	0	4	minecraft:spruce_log	1
top_slope8	1	0	minecraft:acacia_wood	8
top_slope8	1	0	minecraft:basalt	2
top_slope8	1	0	minecraft:blackstone	1
top_slope8	1	0	minecraft:cobblestone	5
top_slope8	1	0	minecraft:cyan_terracotta	11
top_slope8	1	0	minecraft:diamond_block	10
top_slope8	1	0	minecraft:dirt	31
top_slope8	1	0	minecraft:grass_block	1909
top_slope8	1	0	minecraft:moss_block	340
top_slope8	1	0	minecraft:mud	17
top_slope8	1	0	minecraft:pale_moss_block	18
top_slope8	1	0	minecraft:pale_oak_wood	3
top_slope8	1	0	minecraft:smooth_basalt	1
top_slope8	1	0	minecraft:spruce_log	1
top_slope8	1	0	minecraft:stone	31
top_slope8	1	0	minecraft:white_concrete	5
top_slope8	1	1	minecraft:acacia_wood	205
top_slope8	1	1	minecraft:andesite	3
top_slope8	1	1	minecraft:basalt	59
top_slope8	1	1	minecraft:blackstone	14
top_slope8	1	1	minecraft:calcite	5
top_slope8	1	1	minecraft:cobblestone	93
top_slope8	1	1	minecraft:cyan_terracotta	184
top_slope8	1	1	minecraft:diamond_block	112
top_slope8	1	1	minecraft:dirt	39
top_slope8	1	1	minecraft:grass_block	2768
top_slope8	1	1	minecraft:light_gray_wool	23
top_slope8	1	1	minecraft:moss_block	1730
top_slope8	1	1	minecraft:mud	147
top_slope8	1	1	minecraft:pale_moss_block	409
top_slope8	1	1	minecraft:pale_oak_wood	34
top_slope8	1	1	minecraft:smooth_basalt	54
top_slope8	1	1	minecraft:spruce_log	2
top_slope8	1	1	minecraft:stone	298
top_slope8	1	1	minecraft:tuff	16
top_slope8	1	1	minecraft:white_concrete	26
top_slope8	1	2	minecraft:acacia_wood	491
top_slope8	1	2	minecraft:andesite	9
top_slope8	1	2	minecraft:basalt	147
top_slope8	1	2	minecraft:blackstone	54
top_slope8	1	2	minecraft:calcite	8
top_slope8	1	2	minecraft:cobblestone	197
top_slope8	1	2	minecraft:cyan_terracotta	359
top_slope8	1	2	minecraft:diamond_block	109
top_slope8	1	2	minecraft:dirt	9
top_slope8	1	2	minecraft:grass_block	1105
top_slope8	1	2	minecraft:light_gray_wool	14
top_slope8	1	2	minecraft:moss_block	1308
top_slope8	1	2	minecraft:mud	438
top_slope8	1	2	minecraft:pale_moss_block	872
top_slope8	1	2	minecraft:pale_oak_wood	104
top_slope8	1	2	minecraft:smooth_basalt	87
top_slope8	1	2	minecraft:spruce_log	2
top_slope8	1	2	minecraft:stone	683
top_slope8	1	2	minecraft:tuff	27
top_slope8	1	2	minecraft:white_concrete	11
top_slope8	1	3	minecraft:acacia_wood	239
top_slope8	1	3	minecraft:andesite	1
top_slope8	1	3	minecraft:basalt	96
top_slope8	1	3	minecraft:blackstone	42
top_slope8	1	3	minecraft:cobblestone	137
top_slope8	1	3	minecraft:cyan_terracotta	370
top_slope8	1	3	minecraft:diamond_block	2
top_slope8	1	3	minecraft:grass_block	66
top_slope8	1	3	minecraft:light_gray_wool	3
top_slope8	1	3	minecraft:moss_block	124
top_slope8	1	3	minecraft:mud	169
top_slope8	1	3	minecraft:pale_moss_block	407
top_slope8	1	3	minecraft:pale_oak_wood	40
top_slope8	1	3	minecraft:smooth_basalt	57
top_slope8	1	3	minecraft:stone	347
top_slope8	1	4	minecraft:acacia_wood	13
top_slope8	1	4	minecraft:cobblestone	2
top_slope8	1	4	minecraft:cyan_terracotta	2
top_slope8	1	4	minecraft:grass_block	2
top_slope8	1	4	minecraft:moss_block	9
top_slope8	1	4	minecraft:mud	10
top_slope8	1	4	minecraft:pale_moss_block	5
top_slope8	1	4	minecraft:pale_oak_wood	8
top_slope8	1	4	minecraft:smooth_basalt	1
top_slope8	1	4	minecraft:stone	23
top_slope8	10	1	minecraft:acacia_wood	8
top_slope8	10	1	minecraft:birch_wood	127
top_slope8	10	1	minecraft:cobblestone	4
top_slope8	10	1	minecraft:diorite	54
top_slope8	10	1	minecraft:pale_moss_block	10
top_slope8	10	1	minecraft:snow_block	106
top_slope8	10	1	minecraft:stone	5
top_slope8	10	1	minecraft:white_concrete_powder	155
top_slope8	10	2	minecraft:acacia_wood	75
top_slope8	10	2	minecraft:basalt	18
top_slope8	10	2	minecraft:birch_wood	365
top_slope8	10	2	minecraft:cobblestone	106
top_slope8	10	2	minecraft:cyan_terracotta	19
top_slope8	10	2	minecraft:diorite	125
top_slope8	10	2	minecraft:granite	9
top_slope8	10	2	minecraft:ice	1
top_slope8	10	2	minecraft:light_gray_terracotta	6
top_slope8	10	2	minecraft:mud	7
top_slope8	10	2	minecraft:packed_ice	9
top_slope8	10	2	minecraft:pale_moss_block	168
top_slope8	10	2	minecraft:pale_oak_wood	7
top_slope8	10	2	minecraft:smooth_basalt	2
top_slope8	10	2	minecraft:snow_block	399
top_slope8	10	2	minecraft:stone	224
top_slope8	10	2	minecraft:white_concrete_powder	504
top_slope8	10	3	minecraft:acacia_wood	208
top_slope8	10	3	minecraft:andesite	50
top_slope8	10	3	minecraft:basalt	94
top_slope8	10	3	minecraft:birch_wood	138
top_slope8	10	3	minecraft:black_wool	1
top_slope8	10	3	minecraft:cobblestone	78
top_slope8	10	3	minecraft:cyan_terracotta	275
top_slope8	10	3	minecraft:diorite	129
top_slope8	10	3	minecraft:dirt	2
top_slope8	10	3	minecraft:ice	5
top_slope8	10	3	minecraft:light_gray_wool	21
top_slope8	10	3	minecraft:mud	79
top_slope8	10	3	minecraft:packed_ice	7
top_slope8	10	3	minecraft:pale_moss_block	354
top_slope8	10	3	minecraft:pale_oak_wood	13
top_slope8	10	3	minecraft:smooth_basalt	17
top_slope8	10	3	minecraft:snow_block	221
top_slope8	10	3	minecraft:stone	397
top_slope8	10	3	minecraft:white_concrete_powder	121
top_slope8	10	4	minecraft:acacia_wood	83
top_slope8	10	4	minecraft:basalt	36
top_slope8	10	4	minecraft:cobblestone	2
top_slope8	10	4	minecraft:cyan_terracotta	128
top_slope8	10	4	minecraft:diorite	1
top_slope8	10	4	minecraft:ice	2
top_slope8	10	4	minecraft:mud	26
top_slope8	10	4	minecraft:packed_ice	6
top_slope8	10	4	minecraft:pale_moss_block	33
top_slope8	10	4	minecraft:pale_oak_wood	10
top_slope8	10	4	minecraft:smooth_basalt	2
top_slope8	10	4	minecraft:snow_block	41
top_slope8	10	4	minecraft:stone	51
top_slope8	10	4	minecraft:white_concrete_powder	1
top_slope8	11	0	minecraft:birch_wood	6
top_slope8	11	0	minecraft:diorite	1
top_slope8	11	0	minecraft:white_concrete_powder	1
top_slope8	11	1	minecraft:acacia_wood	7
top_slope8	11	1	minecraft:birch_wood	178
top_slope8	11	1	minecraft:cobblestone	2
top_slope8	11	1	minecraft:diorite	161
top_slope8	11	1	minecraft:packed_ice	3
top_slope8	11	1	minecraft:pale_moss_block	2
top_slope8	11	1	minecraft:snow_block	29
top_slope8	11	1	minecraft:stone	7
top_slope8	11	1	minecraft:white_concrete_powder	72
top_slope8	11	2	minecraft:acacia_wood	76
top_slope8	11	2	minecraft:andesite	14
top_slope8	11	2	minecraft:basalt	7
top_slope8	11	2	minecraft:birch_wood	376
top_slope8	11	2	minecraft:coarse_dirt	4
top_slope8	11	2	minecraft:cobblestone	94
top_slope8	11	2	minecraft:cyan_terracotta	21
top_slope8	11	2	minecraft:diorite	345
top_slope8	11	2	minecraft:granite	2
top_slope8	11	2	minecraft:light_gray_wool	3
top_slope8	11	2	minecraft:mud	7
top_slope8	11	2	minecraft:packed_ice	14
top_slope8	11	2	minecraft:pale_moss_block	136
top_slope8	11	2	minecraft:pale_oak_wood	34
top_slope8	11	2	minecraft:smooth_basalt	6
top_slope8	11	2	minecraft:snow_block	201
top_slope8	11	2	minecraft:stone	142
top_slope8	11	2	minecraft:tuff	2
top_slope8	11	2	minecraft:white_concrete_powder	266
top_slope8	11	3	minecraft:acacia_wood	308
top_slope8	11	3	minecraft:andesite	29
top_slope8	11	3	minecraft:basalt	29
top_slope8	11	3	minecraft:birch_wood	164
top_slope8	11	3	minecraft:black_wool	2
top_slope8	11	3	minecraft:blackstone	4
top_slope8	11	3	minecraft:cobblestone	134
top_slope8	11	3	minecraft:cyan_terracotta	228
top_slope8	11	3	minecraft:diorite	107
top_slope8	11	3	minecraft:ice	1
top_slope8	11	3	minecraft:light_gray_wool	7
top_slope8	11	3	minecraft:mud	43
top_slope8	11	3	minecraft:pale_moss_block	422
top_slope8	11	3	minecraft:pale_oak_wood	80
top_slope8	11	3	minecraft:smooth_basalt	13
top_slope8	11	3	minecraft:snow_block	127
top_slope8	11	3	minecraft:stone	351
top_slope8	11	3	minecraft:white_concrete_powder	108
top_slope8	11	4	minecraft:acacia_wood	53
top_slope8	11	4	minecraft:basalt	30
top_slope8	11	4	minecraft:birch_wood	2
top_slope8	11	4	minecraft:cobblestone	2
top_slope8	11	4	minecraft:cyan_terracotta	73
top_slope8	11	4	minecraft:diorite	1
top_slope8	11	4	minecraft:mud	21
top_slope8	11	4	minecraft:pale_moss_block	43
top_slope8	11	4	minecraft:pale_oak_wood	2
top_slope8	11	4	minecraft:smooth_basalt	2
top_slope8	11	4	minecraft:snow_block	12
top_slope8	11	4	minecraft:stone	48
top_slope8	11	4	minecraft:white_concrete_powder	4
top_slope8	12	1	minecraft:acacia_wood	6
top_slope8	12	1	minecraft:basalt	1
top_slope8	12	1	minecraft:birch_wood	20
top_slope8	12	1	minecraft:cobblestone	2
top_slope8	12	1	minecraft:cyan_terracotta	6
top_slope8	12	1	minecraft:diorite	29
top_slope8	12	1	minecraft:mud	1
top_slope8	12	1	minecraft:pale_moss_block	14
top_slope8	12	1	minecraft:snow_block	19
top_slope8	12	1	minecraft:stone	19
top_slope8	12	1	minecraft:white_concrete_powder	20
top_slope8	12	2	minecraft:acacia_wood	69
top_slope8	12	2	minecraft:andesite	2
top_slope8	12	2	minecraft:basalt	5
top_slope8	12	2	minecraft:birch_wood	508
top_slope8	12	2	minecraft:cobblestone	37
top_slope8	12	2	minecraft:cyan_terracotta	31
top_slope8	12	2	minecraft:diorite	284
top_slope8	12	2	minecraft:dripstone_block	3
top_slope8	12	2	minecraft:light_gray_terracotta	8
top_slope8	12	2	minecraft:light_gray_wool	3
top_slope8	12	2	minecraft:mud	13
top_slope8	12	2	minecraft:pale_moss_block	76
top_slope8	12	2	minecraft:pale_oak_wood	26
top_slope8	12	2	minecraft:smooth_basalt	7
top_slope8	12	2	minecraft:snow_block	85
top_slope8	12	2	minecraft:stone	142
top_slope8	12	2	minecraft:tuff	1
top_slope8	12	2	minecraft:white_concrete_powder	253
top_slope8	12	3	minecraft:acacia_wood	197
top_slope8	12	3	minecraft:andesite	11
top_slope8	12	3	minecraft:basalt	19
top_slope8	12	3	minecraft:birch_wood	197
top_slope8	12	3	minecraft:blackstone	5
top_slope8	12	3	minecraft:cobblestone	126
top_slope8	12	3	minecraft:cyan_terracotta	103
top_slope8	12	3	minecraft:diorite	134
top_slope8	12	3	minecraft:light_gray_wool	10
top_slope8	12	3	minecraft:mud	41
top_slope8	12	3	minecraft:pale_moss_block	251
top_slope8	12	3	minecraft:pale_oak_wood	59
top_slope8	12	3	minecraft:smooth_basalt	1
top_slope8	12	3	minecraft:snow_block	115
top_slope8	12	3	minecraft:stone	449
top_slope8	12	3	minecraft:tuff	1
top_slope8	12	3	minecraft:white_concrete_powder	144
top_slope8	12	4	minecraft:acacia_wood	17
top_slope8	12	4	minecraft:basalt	14
top_slope8	12	4	minecraft:birch_wood	1
top_slope8	12	4	minecraft:cobblestone	3
top_slope8	12	4	minecraft:cyan_terracotta	17
top_slope8	12	4	minecraft:diorite	1
top_slope8	12	4	minecraft:light_gray_wool	3
top_slope8	12	4	minecraft:pale_moss_block	66
top_slope8	12	4	minecraft:stone	55
top_slope8	13	1	minecraft:acacia_wood	5
top_slope8	13	1	minecraft:birch_wood	48
top_slope8	13	1	minecraft:cyan_terracotta	12
top_slope8	13	1	minecraft:diorite	41
top_slope8	13	1	minecraft:light_gray_terracotta	1
top_slope8	13	1	minecraft:mud	2
top_slope8	13	1	minecraft:pale_moss_block	15
top_slope8	13	1	minecraft:snow_block	2
top_slope8	13	1	minecraft:stone	15
top_slope8	13	1	minecraft:white_concrete_powder	10
top_slope8	13	2	minecraft:acacia_wood	44
top_slope8	13	2	minecraft:birch_wood	423
top_slope8	13	2	minecraft:black_wool	1
top_slope8	13	2	minecraft:blackstone	5
top_slope8	13	2	minecraft:cobblestone	24
top_slope8	13	2	minecraft:cyan_terracotta	47
top_slope8	13	2	minecraft:diorite	238
top_slope8	13	2	minecraft:dripstone_block	2
top_slope8	13	2	minecraft:light_gray_terracotta	4
top_slope8	13	2	minecraft:light_gray_wool	3
top_slope8	13	2	minecraft:mud	60
top_slope8	13	2	minecraft:pale_moss_block	99
top_slope8	13	2	minecraft:pale_oak_wood	20
top_slope8	13	2	minecraft:smooth_basalt	3
top_slope8	13	2	minecraft:snow_block	125
top_slope8	13	2	minecraft:stone	86
top_slope8	13	2	minecraft:white_concrete_powder	393
top_slope8	13	3	minecraft:acacia_wood	118
top_slope8	13	3	minecraft:andesite	6
top_slope8	13	3	minecraft:basalt	5
top_slope8	13	3	minecraft:birch_wood	77
top_slope8	13	3	minecraft:cobblestone	45
top_slope8	13	3	minecraft:cyan_terracotta	79
top_slope8	13	3	minecraft:diorite	20
top_slope8	13	3	minecraft:light_gray_wool	92
top_slope8	13	3	minecraft:mud	20
top_slope8	13	3	minecraft:pale_moss_block	147
top_slope8	13	3	minecraft:pale_oak_wood	17
top_slope8	13	3	minecraft:smooth_basalt	2
top_slope8	13	3	minecraft:snow_block	167
top_slope8	13	3	minecraft:stone	226
top_slope8	13	3	minecraft:white_concrete_powder	99
top_slope8	13	4	minecraft:acacia_wood	2
top_slope8	13	4	minecraft:andesite	1
top_slope8	13	4	minecraft:cobblestone	35
top_slope8	13	4	minecraft:cyan_terracotta	2
top_slope8	13	4	minecraft:light_gray_wool	9
top_slope8	13	4	minecraft:pale_moss_block	14
top_slope8	13	4	minecraft:stone	33
top_slope8	14	1	minecraft:acacia_wood	16
top_slope8	14	1	minecraft:basalt	5
top_slope8	14	1	minecraft:birch_wood	1
top_slope8	14	1	minecraft:cobblestone	7
top_slope8	14	1	minecraft:cyan_terracotta	22
top_slope8	14	1	minecraft:diorite	1
top_slope8	14	1	minecraft:mud	2
top_slope8	14	1	minecraft:pale_moss_block	28
top_slope8	14	1	minecraft:snow_block	6
top_slope8	14	1	minecraft:stone	29
top_slope8	14	1	minecraft:white_concrete_powder	2
top_slope8	14	2	minecraft:acacia_wood	67
top_slope8	14	2	minecraft:andesite	1
top_slope8	14	2	minecraft:basalt	9
top_slope8	14	2	minecraft:birch_wood	196
top_slope8	14	2	minecraft:blackstone	2
top_slope8	14	2	minecraft:cobblestone	32
top_slope8	14	2	minecraft:cyan_terracotta	20
top_slope8	14	2	minecraft:diorite	161
top_slope8	14	2	minecraft:light_gray_wool	28
top_slope8	14	2	minecraft:mud	29
top_slope8	14	2	minecraft:pale_moss_block	69
top_slope8	14	2	minecraft:pale_oak_wood	21
top_slope8	14	2	minecraft:smooth_basalt	1
top_slope8	14	2	minecraft:snow_block	119
top_slope8	14	2	minecraft:stone	166
top_slope8	14	2	minecraft:white_concrete_powder	156
top_slope8	14	3	minecraft:acacia_wood	111
top_slope8	14	3	minecraft:andesite	28
top_slope8	14	3	minecraft:basalt	1
top_slope8	14	3	minecraft:birch_wood	75
top_slope8	14	3	minecraft:blackstone	3
top_slope8	14	3	minecraft:cobblestone	44
top_slope8	14	3	minecraft:cyan_terracotta	25
top_slope8	14	3	minecraft:diorite	61
top_slope8	14	3	minecraft:light_gray_wool	187
top_slope8	14	3	minecraft:mud	24
top_slope8	14	3	minecraft:pale_moss_block	32
top_slope8	14	3	minecraft:pale_oak_wood	35
top_slope8	14	3	minecraft:smooth_basalt	3
top_slope8	14	3	minecraft:snow_block	81
top_slope8	14	3	minecraft:stone	134
top_slope8	14	3	minecraft:white_concrete_powder	60
top_slope8	14	4	minecraft:andesite	5
top_slope8	14	4	minecraft:cobblestone	19
top_slope8	14	4	minecraft:cyan_terracotta	5
top_slope8	14	4	minecraft:light_gray_wool	11
top_slope8	14	4	minecraft:pale_moss_block	1
top_slope8	14	4	minecraft:stone	10
top_slope8	15	0	minecraft:acacia_wood	2
top_slope8	15	0	minecraft:birch_wood	97
top_slope8	15	0	minecraft:diorite	97
top_slope8	15	0	minecraft:pale_moss_block	1
top_slope8	15	0	minecraft:snow_block	13
top_slope8	15	0	minecraft:white_concrete_powder	46
top_slope8	15	1	minecraft:acacia_wood	22
top_slope8	15	1	minecraft:basalt	1
top_slope8	15	1	minecraft:birch_wood	287
top_slope8	15	1	minecraft:cobblestone	3
top_slope8	15	1	minecraft:cyan_terracotta	1
top_slope8	15	1	minecraft:diorite	323
top_slope8	15	1	minecraft:light_gray_wool	3
top_slope8	15	1	minecraft:pale_moss_block	25
top_slope8	15	1	minecraft:snow_block	82
top_slope8	15	1	minecraft:stone	12
top_slope8	15	1	minecraft:white_concrete_powder	190
top_slope8	15	2	minecraft:acacia_wood	6
top_slope8	15	2	minecraft:andesite	7
top_slope8	15	2	minecraft:basalt	2
top_slope8	15	2	minecraft:birch_wood	175
top_slope8	15	2	minecraft:cobblestone	10
top_slope8	15	2	minecraft:cyan_terracotta	9
top_slope8	15	2	minecraft:diorite	170
top_slope8	15	2	minecraft:light_gray_wool	40
top_slope8	15	2	minecraft:pale_moss_block	46
top_slope8	15	2	minecraft:pale_oak_wood	2
top_slope8	15	2	minecraft:snow_block	64
top_slope8	15	2	minecraft:stone	67
top_slope8	15	2	minecraft:white_concrete_powder	137
top_slope8	15	3	minecraft:acacia_wood	17
top_slope8	15	3	minecraft:andesite	9
top_slope8	15	3	minecraft:birch_wood	11
top_slope8	15	3	minecraft:cobblestone	17
top_slope8	15	3	minecraft:cyan_terracotta	9
top_slope8	15	3	minecraft:diorite	16
top_slope8	15	3	minecraft:light_gray_wool	26
top_slope8	15	3	minecraft:mud	4
top_slope8	15	3	minecraft:pale_moss_block	6
top_slope8	15	3	minecraft:snow_block	24
top_slope8	15	3	minecraft:stone	8
top_slope8	15	3	minecraft:white_concrete_powder	19
top_slope8	2	0	minecraft:acacia_wood	10
top_slope8	2	0	minecraft:andesite	3
top_slope8	2	0	minecraft:basalt	11
top_slope8	2	0	minecraft:blackstone	1
top_slope8	2	0	minecraft:cobblestone	9
top_slope8	2	0	minecraft:cyan_terracotta	9
top_slope8	2	0	minecraft:dirt	12
top_slope8	2	0	minecraft:grass_block	704
top_slope8	2	0	minecraft:moss_block	191
top_slope8	2	0	minecraft:mud	3
top_slope8	2	0	minecraft:pale_moss_block	25
top_slope8	2	0	minecraft:pale_oak_wood	1
top_slope8	2	0	minecraft:smooth_basalt	31
top_slope8	2	0	minecraft:stone	21
top_slope8	2	0	minecraft:tuff	3
top_slope8	2	0	minecraft:white_concrete	2
top_slope8	2	1	minecraft:acacia_wood	130
top_slope8	2	1	minecraft:andesite	8
top_slope8	2	1	minecraft:basalt	25
top_slope8	2	1	minecraft:black_wool	5
top_slope8	2	1	minecraft:blackstone	11
top_slope8	2	1	minecraft:cobblestone	99
top_slope8	2	1	minecraft:cyan_terracotta	110
top_slope8	2	1	minecraft:diamond_block	11
top_slope8	2	1	minecraft:dirt	9
top_slope8	2	1	minecraft:grass_block	986
top_slope8	2	1	minecraft:gray_wool	9
top_slope8	2	1	minecraft:light_gray_wool	4
top_slope8	2	1	minecraft:moss_block	553
top_slope8	2	1	minecraft:mud	54
top_slope8	2	1	minecraft:pale_moss_block	195
top_slope8	2	1	minecraft:pale_oak_wood	26
top_slope8	2	1	minecraft:smooth_basalt	38
top_slope8	2	1	minecraft:stone	334
top_slope8	2	1	minecraft:tuff	7
top_slope8	2	1	minecraft:white_concrete	13
top_slope8	2	2	minecraft:acacia_wood	504
top_slope8	2	2	minecraft:andesite	41
top_slope8	2	2	minecraft:basalt	98
top_slope8	2	2	minecraft:black_wool	3
top_slope8	2	2	minecraft:blackstone	50
top_slope8	2	2	minecraft:cobblestone	338
top_slope8	2	2	minecraft:cyan_terracotta	311
top_slope8	2	2	minecraft:diamond_block	30
top_slope8	2	2	minecraft:dirt	4
top_slope8	2	2	minecraft:grass_block	974
top_slope8	2	2	minecraft:gray_wool	10
top_slope8	2	2	minecraft:light_gray_wool	48
top_slope8	2	2	minecraft:moss_block	648
top_slope8	2	2	minecraft:mud	427
top_slope8	2	2	minecraft:pale_moss_block	733
top_slope8	2	2	minecraft:pale_oak_wood	118
top_slope8	2	2	minecraft:smooth_basalt	104
top_slope8	2	2	minecraft:stone	1030
top_slope8	2	3	minecraft:acacia_wood	477
top_slope8	2	3	minecraft:andesite	24
top_slope8	2	3	minecraft:basalt	74
top_slope8	2	3	minecraft:black_wool	9
top_slope8	2	3	minecraft:blackstone	32
top_slope8	2	3	minecraft:cobblestone	205
top_slope8	2	3	minecraft:cyan_terracotta	373
top_slope8	2	3	minecraft:diamond_block	1
top_slope8	2	3	minecraft:grass_block	182
top_slope8	2	3	minecraft:light_gray_wool	47
top_slope8	2	3	minecraft:moss_block	88
top_slope8	2	3	minecraft:mud	186
top_slope8	2	3	minecraft:pale_moss_block	368
top_slope8	2	3	minecraft:pale_oak_wood	103
top_slope8	2	3	minecraft:smooth_basalt	99
top_slope8	2	3	minecraft:stone	498
top_slope8	2	4	minecraft:acacia_wood	42
top_slope8	2	4	minecraft:basalt	3
top_slope8	2	4	minecraft:blackstone	7
top_slope8	2	4	minecraft:cobblestone	1
top_slope8	2	4	minecraft:cyan_terracotta	16
top_slope8	2	4	minecraft:grass_block	2
top_slope8	2	4	minecraft:light_gray_wool	1
top_slope8	2	4	minecraft:moss_block	7
top_slope8	2	4	minecraft:mud	22
top_slope8	2	4	minecraft:pale_moss_block	1
top_slope8	2	4	minecraft:pale_oak_wood	11
top_slope8	2	4	minecraft:smooth_basalt	2
top_slope8	2	4	minecraft:stone	9
top_slope8	3	0	minecraft:acacia_wood	4
top_slope8	3	0	minecraft:andesite	1
top_slope8	3	0	minecraft:grass_block	36
top_slope8	3	0	minecraft:light_gray_wool	2
top_slope8	3	0	minecraft:moss_block	7
top_slope8	3	0	minecraft:pale_moss_block	6
top_slope8	3	0	minecraft:stone	14
top_slope8	3	1	minecraft:acacia_wood	91
top_slope8	3	1	minecraft:andesite	26
top_slope8	3	1	minecraft:basalt	16
top_slope8	3	1	minecraft:black_wool	2
top_slope8	3	1	minecraft:blackstone	1
top_slope8	3	1	minecraft:cobblestone	53
top_slope8	3	1	minecraft:cyan_terracotta	90
top_slope8	3	1	minecraft:diamond_block	3
top_slope8	3	1	minecraft:dirt	3
top_slope8	3	1	minecraft:grass_block	195
top_slope8	3	1	minecraft:gray_wool	1
top_slope8	3	1	minecraft:light_gray_wool	21
top_slope8	3	1	minecraft:moss_block	147
top_slope8	3	1	minecraft:mud	72
top_slope8	3	1	minecraft:pale_moss_block	165
top_slope8	3	1	minecraft:pale_oak_wood	19
top_slope8	3	1	minecraft:smooth_basalt	21
top_slope8	3	1	minecraft:stone	251
top_slope8	3	2	minecraft:acacia_wood	509
top_slope8	3	2	minecraft:andesite	106
top_slope8	3	2	minecraft:basalt	61
top_slope8	3	2	minecraft:black_wool	20
top_slope8	3	2	minecraft:blackstone	32
top_slope8	3	2	minecraft:cobblestone	333
top_slope8	3	2	minecraft:cyan_terracotta	411
top_slope8	3	2	minecraft:diamond_block	3
top_slope8	3	2	minecraft:dirt	3
top_slope8	3	2	minecraft:grass_block	457
top_slope8	3	2	minecraft:gray_wool	3
top_slope8	3	2	minecraft:light_gray_wool	63
top_slope8	3	2	minecraft:moss_block	632
top_slope8	3	2	minecraft:mud	288
top_slope8	3	2	minecraft:pale_moss_block	1015
top_slope8	3	2	minecraft:pale_oak_wood	106
top_slope8	3	2	minecraft:smooth_basalt	67
top_slope8	3	2	minecraft:stone	1273
top_slope8	3	2	minecraft:tuff	26
top_slope8	3	3	minecraft:acacia_wood	643
top_slope8	3	3	minecraft:andesite	88
top_slope8	3	3	minecraft:basalt	40
top_slope8	3	3	minecraft:black_wool	11
top_slope8	3	3	minecraft:blackstone	32
top_slope8	3	3	minecraft:cobblestone	195
top_slope8	3	3	minecraft:cyan_terracotta	361
top_slope8	3	3	minecraft:grass_block	166
top_slope8	3	3	minecraft:light_gray_wool	26
top_slope8	3	3	minecraft:moss_block	120
top_slope8	3	3	minecraft:mud	253
top_slope8	3	3	minecraft:pale_moss_block	438
top_slope8	3	3	minecraft:pale_oak_wood	142
top_slope8	3	3	minecraft:smooth_basalt	63
top_slope8	3	3	minecraft:stone	884
top_slope8	3	3	minecraft:tuff	1
top_slope8	3	4	minecraft:acacia_wood	50
top_slope8	3	4	minecraft:andesite	3
top_slope8	3	4	minecraft:basalt	2
top_slope8	3	4	minecraft:blackstone	7
top_slope8	3	4	minecraft:cobblestone	13
top_slope8	3	4	minecraft:cyan_terracotta	29
top_slope8	3	4	minecraft:grass_block	9
top_slope8	3	4	minecraft:moss_block	3
top_slope8	3	4	minecraft:mud	37
top_slope8	3	4	minecraft:pale_moss_block	7
top_slope8	3	4	minecraft:pale_oak_wood	3
top_slope8	3	4	minecraft:smooth_basalt	19
top_slope8	3	4	minecraft:stone	20
top_slope8	4	0	minecraft:acacia_wood	8
top_slope8	4	0	minecraft:blackstone	1
top_slope8	4	0	minecraft:cyan_terracotta	4
top_slope8	4	0	minecraft:dirt	4
top_slope8	4	0	minecraft:grass_block	4
top_slope8	4	0	minecraft:moss_block	17
top_slope8	4	0	minecraft:mud	6
top_slope8	4	0	minecraft:pale_moss_block	16
top_slope8	4	0	minecraft:stone	1
top_slope8	4	1	minecraft:acacia_wood	136
top_slope8	4	1	minecraft:basalt	46
top_slope8	4	1	minecraft:blackstone	15
top_slope8	4	1	minecraft:cobblestone	4
top_slope8	4	1	minecraft:cyan_terracotta	60
top_slope8	4	1	minecraft:dirt	26
top_slope8	4	1	minecraft:grass_block	132
top_slope8	4	1	minecraft:gray_wool	2
top_slope8	4	1	minecraft:light_gray_wool	4
top_slope8	4	1	minecraft:moss_block	118
top_slope8	4	1	minecraft:mud	46
top_slope8	4	1	minecraft:pale_moss_block	162
top_slope8	4	1	minecraft:smooth_basalt	2
top_slope8	4	1	minecraft:stone	97
top_slope8	4	2	minecraft:acacia_wood	697
top_slope8	4	2	minecraft:andesite	62
top_slope8	4	2	minecraft:basalt	112
top_slope8	4	2	minecraft:black_wool	1
top_slope8	4	2	minecraft:blackstone	39
top_slope8	4	2	minecraft:cobblestone	208
top_slope8	4	2	minecraft:cyan_terracotta	249
top_slope8	4	2	minecraft:diorite	1
top_slope8	4	2	minecraft:dirt	5
top_slope8	4	2	minecraft:grass_block	325
top_slope8	4	2	minecraft:gray_wool	5
top_slope8	4	2	minecraft:light_gray_wool	54
top_slope8	4	2	minecraft:moss_block	161
top_slope8	4	2	minecraft:mud	199
top_slope8	4	2	minecraft:pale_moss_block	1017
top_slope8	4	2	minecraft:pale_oak_wood	65
top_slope8	4	2	minecraft:smooth_basalt	49
top_slope8	4	2	minecraft:stone	1250
top_slope8	4	2	minecraft:tuff	33
top_slope8	4	2	minecraft:white_concrete	1
top_slope8	4	3	minecraft:acacia_wood	596
top_slope8	4	3	minecraft:andesite	120
top_slope8	4	3	minecraft:basalt	172
top_slope8	4	3	minecraft:birch_wood	2
top_slope8	4	3	minecraft:black_wool	3
top_slope8	4	3	minecraft:blackstone	41
top_slope8	4	3	minecraft:cobblestone	278
top_slope8	4	3	minecraft:cyan_terracotta	494
top_slope8	4	3	minecraft:diorite	1
top_slope8	4	3	minecraft:dripstone_block	14
top_slope8	4	3	minecraft:grass_block	225
top_slope8	4	3	minecraft:gray_wool	17
top_slope8	4	3	minecraft:light_gray_wool	38
top_slope8	4	3	minecraft:moss_block	34
top_slope8	4	3	minecraft:mud	261
top_slope8	4	3	minecraft:pale_moss_block	808
top_slope8	4	3	minecraft:pale_oak_wood	44
top_slope8	4	3	minecraft:smooth_basalt	103
top_slope8	4	3	minecraft:snow_block	2
top_slope8	4	3	minecraft:stone	1036
top_slope8	4	3	minecraft:tuff	20
top_slope8	4	3	minecraft:white_concrete	1
top_slope8	4	4	minecraft:acacia_wood	61
top_slope8	4	4	minecraft:andesite	3
top_slope8	4	4	minecraft:basalt	10
top_slope8	4	4	minecraft:cobblestone	16
top_slope8	4	4	minecraft:cyan_terracotta	37
top_slope8	4	4	minecraft:dripstone_block	21
top_slope8	4	4	minecraft:grass_block	10
top_slope8	4	4	minecraft:mud	13
top_slope8	4	4	minecraft:pale_moss_block	40
top_slope8	4	4	minecraft:pale_oak_wood	14
top_slope8	4	4	minecraft:smooth_basalt	41
top_slope8	4	4	minecraft:stone	39
top_slope8	5	0	minecraft:acacia_wood	26
top_slope8	5	0	minecraft:cobblestone	1
top_slope8	5	0	minecraft:dirt	5
top_slope8	5	0	minecraft:grass_block	3
top_slope8	5	0	minecraft:gray_wool	16
top_slope8	5	0	minecraft:moss_block	58
top_slope8	5	0	minecraft:mud	2
top_slope8	5	0	minecraft:pale_moss_block	5
top_slope8	5	0	minecraft:smooth_basalt	1
top_slope8	5	0	minecraft:snow_block	8
top_slope8	5	0	minecraft:stone	26
top_slope8	5	1	minecraft:acacia_wood	143
top_slope8	5	1	minecraft:andesite	1
top_slope8	5	1	minecraft:basalt	4
top_slope8	5	1	minecraft:blackstone	1
top_slope8	5	1	minecraft:cobblestone	41
top_slope8	5	1	minecraft:cyan_terracotta	31
top_slope8	5	1	minecraft:dirt	19
top_slope8	5	1	minecraft:grass_block	35
top_slope8	5	1	minecraft:gray_wool	58
top_slope8	5	1	minecraft:light_gray_wool	9
top_slope8	5	1	minecraft:moss_block	254
top_slope8	5	1	minecraft:mud	15
top_slope8	5	1	minecraft:pale_moss_block	135
top_slope8	5	1	minecraft:pale_oak_wood	26
top_slope8	5	1	minecraft:smooth_basalt	8
top_slope8	5	1	minecraft:snow_block	84
top_slope8	5	1	minecraft:stone	294
top_slope8	5	1	minecraft:white_concrete	2
top_slope8	5	2	minecraft:acacia_wood	531
top_slope8	5	2	minecraft:andesite	12
top_slope8	5	2	minecraft:basalt	18
top_slope8	5	2	minecraft:black_wool	3
top_slope8	5	2	minecraft:blackstone	15
top_slope8	5	2	minecraft:cobblestone	217
top_slope8	5	2	minecraft:cyan_terracotta	254
top_slope8	5	2	minecraft:grass_block	171
top_slope8	5	2	minecraft:gray_wool	20
top_slope8	5	2	minecraft:light_gray_wool	29
top_slope8	5	2	minecraft:moss_block	203
top_slope8	5	2	minecraft:mud	215
top_slope8	5	2	minecraft:pale_moss_block	936
top_slope8	5	2	minecraft:pale_oak_wood	129
top_slope8	5	2	minecraft:smooth_basalt	40
top_slope8	5	2	minecraft:snow_block	66
top_slope8	5	2	minecraft:stone	1180
top_slope8	5	2	minecraft:tuff	4
top_slope8	5	2	minecraft:white_concrete	30
top_slope8	5	3	minecraft:acacia_wood	571
top_slope8	5	3	minecraft:andesite	11
top_slope8	5	3	minecraft:basalt	146
top_slope8	5	3	minecraft:black_wool	5
top_slope8	5	3	minecraft:blackstone	23
top_slope8	5	3	minecraft:coal_ore	1
top_slope8	5	3	minecraft:cobblestone	165
top_slope8	5	3	minecraft:cyan_terracotta	450
top_slope8	5	3	minecraft:diorite	2
top_slope8	5	3	minecraft:dirt	1
top_slope8	5	3	minecraft:grass_block	37
top_slope8	5	3	minecraft:gray_wool	81
top_slope8	5	3	minecraft:light_gray_wool	45
top_slope8	5	3	minecraft:moss_block	22
top_slope8	5	3	minecraft:mud	212
top_slope8	5	3	minecraft:pale_moss_block	721
top_slope8	5	3	minecraft:pale_oak_wood	128
top_slope8	5	3	minecraft:smooth_basalt	37
top_slope8	5	3	minecraft:snow_block	15
top_slope8	5	3	minecraft:stone	820
top_slope8	5	3	minecraft:tuff	44
top_slope8	5	3	minecraft:white_concrete	26
top_slope8	5	4	minecraft:acacia_wood	80
top_slope8	5	4	minecraft:basalt	3
top_slope8	5	4	minecraft:cobblestone	14
top_slope8	5	4	minecraft:cyan_terracotta	102
top_slope8	5	4	minecraft:diorite	1
top_slope8	5	4	minecraft:gravel	4
top_slope8	5	4	minecraft:gray_wool	32
top_slope8	5	4	minecraft:light_gray_wool	15
top_slope8	5	4	minecraft:moss_block	1
top_slope8	5	4	minecraft:mud	13
top_slope8	5	4	minecraft:pale_moss_block	38
top_slope8	5	4	minecraft:pale_oak_wood	22
top_slope8	5	4	minecraft:smooth_basalt	10
top_slope8	5	4	minecraft:snow_block	14
top_slope8	5	4	minecraft:stone	68
top_slope8	5	4	minecraft:white_concrete	2
top_slope8	6	0	minecraft:andesite	1
top_slope8	6	0	minecraft:cobblestone	7
top_slope8	6	0	minecraft:moss_block	4
top_slope8	6	0	minecraft:snow_block	1
top_slope8	6	0	minecraft:stone	10
top_slope8	6	1	minecraft:acacia_wood	41
top_slope8	6	1	minecraft:andesite	4
top_slope8	6	1	minecraft:basalt	20
top_slope8	6	1	minecraft:cobblestone	72
top_slope8	6	1	minecraft:cyan_terracotta	25
top_slope8	6	1	minecraft:gray_wool	7
top_slope8	6	1	minecraft:light_gray_wool	8
top_slope8	6	1	minecraft:moss_block	164
top_slope8	6	1	minecraft:mud	60
top_slope8	6	1	minecraft:pale_moss_block	212
top_slope8	6	1	minecraft:pale_oak_wood	4
top_slope8	6	1	minecraft:smooth_basalt	5
top_slope8	6	1	minecraft:snow_block	127
top_slope8	6	1	minecraft:stone	374
top_slope8	6	2	minecraft:acacia_wood	406
top_slope8	6	2	minecraft:andesite	54
top_slope8	6	2	minecraft:basalt	62
top_slope8	6	2	minecraft:blackstone	3
top_slope8	6	2	minecraft:coal_ore	1
top_slope8	6	2	minecraft:cobblestone	321
top_slope8	6	2	minecraft:cyan_terracotta	291
top_slope8	6	2	minecraft:gray_wool	3
top_slope8	6	2	minecraft:light_gray_wool	28
top_slope8	6	2	minecraft:moss_block	212
top_slope8	6	2	minecraft:mud	127
top_slope8	6	2	minecraft:pale_moss_block	962
top_slope8	6	2	minecraft:pale_oak_wood	69
top_slope8	6	2	minecraft:smooth_basalt	52
top_slope8	6	2	minecraft:snow_block	321
top_slope8	6	2	minecraft:stone	1125
top_slope8	6	2	minecraft:white_concrete	2
top_slope8	6	2	minecraft:white_wool	53
top_slope8	6	3	minecraft:acacia_wood	673
top_slope8	6	3	minecraft:andesite	42
top_slope8	6	3	minecraft:basalt	156
top_slope8	6	3	minecraft:birch_wood	1
top_slope8	6	3	minecraft:black_wool	5
top_slope8	6	3	minecraft:blackstone	52
top_slope8	6	3	minecraft:cobblestone	181
top_slope8	6	3	minecraft:cyan_terracotta	467
top_slope8	6	3	minecraft:diorite	8
top_slope8	6	3	minecraft:grass_block	2
top_slope8	6	3	minecraft:light_gray_wool	68
top_slope8	6	3	minecraft:moss_block	9
top_slope8	6	3	minecraft:mud	262
top_slope8	6	3	minecraft:pale_moss_block	752
top_slope8	6	3	minecraft:pale_oak_wood	212
top_slope8	6	3	minecraft:smooth_basalt	52
top_slope8	6	3	minecraft:snow_block	232
top_slope8	6	3	minecraft:stone	949
top_slope8	6	3	minecraft:tuff	32
top_slope8	6	3	minecraft:white_concrete	2
top_slope8	6	3	minecraft:white_wool	29
top_slope8	6	4	minecraft:acacia_wood	130
top_slope8	6	4	minecraft:basalt	22
top_slope8	6	4	minecraft:birch_wood	6
top_slope8	6	4	minecraft:blackstone	1
top_slope8	6	4	minecraft:coal_ore	2
top_slope8	6	4	minecraft:cobblestone	4
top_slope8	6	4	minecraft:cyan_terracotta	127
top_slope8	6	4	minecraft:diorite	7
top_slope8	6	4	minecraft:dirt	4
top_slope8	6	4	minecraft:grass_block	2
top_slope8	6	4	minecraft:gravel	2
top_slope8	6	4	minecraft:iron_ore	2
top_slope8	6	4	minecraft:light_gray_wool	4
top_slope8	6	4	minecraft:mud	19
top_slope8	6	4	minecraft:pale_moss_block	45
top_slope8	6	4	minecraft:pale_oak_wood	3
top_slope8	6	4	minecraft:smooth_basalt	15
top_slope8	6	4	minecraft:snow_block	137
top_slope8	6	4	minecraft:stone	173
top_slope8	7	1	minecraft:acacia_wood	97
top_slope8	7	1	minecraft:andesite	17
top_slope8	7	1	minecraft:basalt	1
top_slope8	7	1	minecraft:cobblestone	22
top_slope8	7	1	minecraft:cyan_terracotta	23
top_slope8	7	1	minecraft:light_gray_wool	4
top_slope8	7	1	minecraft:moss_block	12
top_slope8	7	1	minecraft:mud	7
top_slope8	7	1	minecraft:pale_moss_block	31
top_slope8	7	1	minecraft:pale_oak_wood	3
top_slope8	7	1	minecraft:smooth_basalt	2
top_slope8	7	1	minecraft:snow_block	45
top_slope8	7	1	minecraft:stone	206
top_slope8	7	2	minecraft:acacia_wood	385
top_slope8	7	2	minecraft:andesite	141
top_slope8	7	2	minecraft:basalt	6
top_slope8	7	2	minecraft:birch_wood	7
top_slope8	7	2	minecraft:cobblestone	407
top_slope8	7	2	minecraft:cyan_terracotta	67
top_slope8	7	2	minecraft:diorite	1
top_slope8	7	2	minecraft:light_gray_wool	39
top_slope8	7	2	minecraft:moss_block	116
top_slope8	7	2	minecraft:mud	174
top_slope8	7	2	minecraft:pale_moss_block	600
top_slope8	7	2	minecraft:pale_oak_wood	40
top_slope8	7	2	minecraft:powder_snow	4
top_slope8	7	2	minecraft:smooth_basalt	7
top_slope8	7	2	minecraft:snow_block	103
top_slope8	7	2	minecraft:stone	960
top_slope8	7	3	minecraft:acacia_wood	493
top_slope8	7	3	minecraft:andesite	75
top_slope8	7	3	minecraft:basalt	91
top_slope8	7	3	minecraft:birch_wood	6
top_slope8	7	3	minecraft:blackstone	15
top_slope8	7	3	minecraft:cobblestone	189
top_slope8	7	3	minecraft:cyan_terracotta	354
top_slope8	7	3	minecraft:diorite	6
top_slope8	7	3	minecraft:light_gray_terracotta	2
top_slope8	7	3	minecraft:light_gray_wool	55
top_slope8	7	3	minecraft:moss_block	7
top_slope8	7	3	minecraft:mud	182
top_slope8	7	3	minecraft:pale_moss_block	473
top_slope8	7	3	minecraft:pale_oak_wood	136
top_slope8	7	3	minecraft:smooth_basalt	23
top_slope8	7	3	minecraft:snow_block	182
top_slope8	7	3	minecraft:stone	798
top_slope8	7	3	minecraft:tuff	13
top_slope8	7	3	minecraft:white_concrete_powder	11
top_slope8	7	4	minecraft:acacia_wood	140
top_slope8	7	4	minecraft:basalt	17
top_slope8	7	4	minecraft:blackstone	5
top_slope8	7	4	minecraft:cobblestone	8
top_slope8	7	4	minecraft:cyan_terracotta	60
top_slope8	7	4	minecraft:diorite	1
top_slope8	7	4	minecraft:gravel	1
top_slope8	7	4	minecraft:light_gray_wool	2
top_slope8	7	4	minecraft:mud	74
top_slope8	7	4	minecraft:pale_moss_block	90
top_slope8	7	4	minecraft:pale_oak_wood	52
top_slope8	7	4	minecraft:smooth_basalt	7
top_slope8	7	4	minecraft:snow_block	265
top_slope8	7	4	minecraft:stone	133
top_slope8	7	4	minecraft:white_concrete_powder	1
top_slope8	8	0	minecraft:packed_ice	16
top_slope8	8	0	minecraft:snow_block	159
top_slope8	8	0	minecraft:stone	3
top_slope8	8	1	minecraft:acacia_wood	25
top_slope8	8	1	minecraft:andesite	2
top_slope8	8	1	minecraft:basalt	4
top_slope8	8	1	minecraft:coal_ore	1
top_slope8	8	1	minecraft:cobblestone	59
top_slope8	8	1	minecraft:cyan_terracotta	15
top_slope8	8	1	minecraft:dripstone_block	1
top_slope8	8	1	minecraft:moss_block	1
top_slope8	8	1	minecraft:mud	10
top_slope8	8	1	minecraft:packed_ice	28
top_slope8	8	1	minecraft:pale_moss_block	130
top_slope8	8	1	minecraft:snow_block	113
top_slope8	8	1	minecraft:stone	222
top_slope8	8	2	minecraft:acacia_wood	253
top_slope8	8	2	minecraft:andesite	146
top_slope8	8	2	minecraft:basalt	43
top_slope8	8	2	minecraft:birch_wood	33
top_slope8	8	2	minecraft:coarse_dirt	1
top_slope8	8	2	minecraft:cobblestone	307
top_slope8	8	2	minecraft:cyan_terracotta	59
top_slope8	8	2	minecraft:diorite	27
top_slope8	8	2	minecraft:dirt	1
top_slope8	8	2	minecraft:dripstone_block	3
top_slope8	8	2	minecraft:light_gray_terracotta	6
top_slope8	8	2	minecraft:light_gray_wool	53
top_slope8	8	2	minecraft:moss_block	4
top_slope8	8	2	minecraft:mud	123
top_slope8	8	2	minecraft:packed_ice	18
top_slope8	8	2	minecraft:packed_mud	6
top_slope8	8	2	minecraft:pale_moss_block	784
top_slope8	8	2	minecraft:pale_oak_wood	36
top_slope8	8	2	minecraft:smooth_basalt	3
top_slope8	8	2	minecraft:snow_block	169
top_slope8	8	2	minecraft:stone	1075
top_slope8	8	2	minecraft:white_concrete	3
top_slope8	8	2	minecraft:white_concrete_powder	24
top_slope8	8	3	minecraft:acacia_wood	536
top_slope8	8	3	minecraft:andesite	96
top_slope8	8	3	minecraft:basalt	33
top_slope8	8	3	minecraft:birch_wood	164
top_slope8	8	3	minecraft:blackstone	8
top_slope8	8	3	minecraft:coal_ore	2
top_slope8	8	3	minecraft:coarse_dirt	11
top_slope8	8	3	minecraft:cobblestone	196
top_slope8	8	3	minecraft:cyan_terracotta	280
top_slope8	8	3	minecraft:diorite	110
top_slope8	8	3	minecraft:dripstone_block	21
top_slope8	8	3	minecraft:light_gray_terracotta	3
top_slope8	8	3	minecraft:light_gray_wool	64
top_slope8	8	3	minecraft:mud	194
top_slope8	8	3	minecraft:packed_ice	7
top_slope8	8	3	minecraft:packed_mud	16
top_slope8	8	3	minecraft:pale_moss_block	456
top_slope8	8	3	minecraft:pale_oak_wood	150
top_slope8	8	3	minecraft:smooth_basalt	7
top_slope8	8	3	minecraft:snow_block	163
top_slope8	8	3	minecraft:stone	729
top_slope8	8	3	minecraft:white_concrete_powder	74
top_slope8	8	4	minecraft:acacia_wood	158
top_slope8	8	4	minecraft:andesite	7
top_slope8	8	4	minecraft:basalt	15
top_slope8	8	4	minecraft:birch_wood	7
top_slope8	8	4	minecraft:cobblestone	15
top_slope8	8	4	minecraft:cyan_terracotta	52
top_slope8	8	4	minecraft:diorite	5
top_slope8	8	4	minecraft:mud	69
top_slope8	8	4	minecraft:packed_ice	2
top_slope8	8	4	minecraft:pale_moss_block	35
top_slope8	8	4	minecraft:pale_oak_wood	58
top_slope8	8	4	minecraft:smooth_basalt	17
top_slope8	8	4	minecraft:snow_block	162
top_slope8	8	4	minecraft:stone	116
top_slope8	8	4	minecraft:white_concrete_powder	2
top_slope8	9	1	minecraft:acacia_wood	15
top_slope8	9	1	minecraft:andesite	33
top_slope8	9	1	minecraft:birch_wood	20
top_slope8	9	1	minecraft:cobblestone	59
top_slope8	9	1	minecraft:cyan_terracotta	2
top_slope8	9	1	minecraft:diorite	37
top_slope8	9	1	minecraft:ice	1
top_slope8	9	1	minecraft:light_gray_wool	4
top_slope8	9	1	minecraft:mud	33
top_slope8	9	1	minecraft:pale_moss_block	67
top_slope8	9	1	minecraft:pale_oak_wood	13
top_slope8	9	1	minecraft:snow_block	27
top_slope8	9	1	minecraft:stone	169
top_slope8	9	1	minecraft:white_concrete_powder	10
top_slope8	9	2	minecraft:acacia_wood	95
top_slope8	9	2	minecraft:andesite	31
top_slope8	9	2	minecraft:basalt	19
top_slope8	9	2	minecraft:birch_wood	275
top_slope8	9	2	minecraft:black_wool	1
top_slope8	9	2	minecraft:cobblestone	178
top_slope8	9	2	minecraft:cyan_terracotta	39
top_slope8	9	2	minecraft:diorite	190
top_slope8	9	2	minecraft:light_gray_terracotta	1
top_slope8	9	2	minecraft:light_gray_wool	18
top_slope8	9	2	minecraft:mud	57
top_slope8	9	2	minecraft:pale_moss_block	406
top_slope8	9	2	minecraft:pale_oak_wood	9
top_slope8	9	2	minecraft:smooth_basalt	3
top_slope8	9	2	minecraft:snow_block	181
top_slope8	9	2	minecraft:stone	575
top_slope8	9	2	minecraft:white_concrete_powder	271
top_slope8	9	3	minecraft:acacia_wood	344
top_slope8	9	3	minecraft:andesite	32
top_slope8	9	3	minecraft:basalt	65
top_slope8	9	3	minecraft:birch_wood	210
top_slope8	9	3	minecraft:blackstone	3
top_slope8	9	3	minecraft:coarse_dirt	2
top_slope8	9	3	minecraft:cobblestone	123
top_slope8	9	3	minecraft:cyan_terracotta	335
top_slope8	9	3	minecraft:diorite	102
top_slope8	9	3	minecraft:dripstone_block	1
top_slope8	9	3	minecraft:granite	1
top_slope8	9	3	minecraft:light_gray_terracotta	1
top_slope8	9	3	minecraft:light_gray_wool	13
top_slope8	9	3	minecraft:mud	84
top_slope8	9	3	minecraft:packed_ice	4
top_slope8	9	3	minecraft:packed_mud	1
top_slope8	9	3	minecraft:pale_moss_block	536
top_slope8	9	3	minecraft:pale_oak_wood	52
top_slope8	9	3	minecraft:smooth_basalt	5
top_slope8	9	3	minecraft:snow_block	131
top_slope8	9	3	minecraft:stone	581
top_slope8	9	3	minecraft:white_concrete_powder	166
top_slope8	9	4	minecraft:acacia_wood	176
top_slope8	9	4	minecraft:basalt	6
top_slope8	9	4	minecraft:birch_wood	10
top_slope8	9	4	minecraft:blackstone	14
top_slope8	9	4	minecraft:cobblestone	29
top_slope8	9	4	minecraft:cyan_terracotta	103
top_slope8	9	4	minecraft:diorite	7
top_slope8	9	4	minecraft:ice	2
top_slope8	9	4	minecraft:mud	21
top_slope8	9	4	minecraft:packed_ice	22
top_slope8	9	4	minecraft:pale_moss_block	18
top_slope8	9	4	minecraft:pale_oak_wood	36
top_slope8	9	4	minecraft:powder_snow	2
top_slope8	9	4	minecraft:smooth_basalt	23
top_slope8	9	4	minecraft:snow_block	48
top_slope8	9	4	minecraft:stone	59
top_slope8	9	4	minecraft:white_concrete_powder	3
