block	area	min_x	min_y	max_x	max_y
minecraft:snow_block	2698	0	0	47	120
minecraft:packed_ice	10	3	0	5	4
minecraft:ice	1	23	0	23	0
minecraft:stone	2	39	0	39	1
minecraft:stone	7	43	0	44	3
minecraft:gravel	1	44	0	44	0
minecraft:stone	29	46	0	50	10
minecraft:gravel	2	49	0	49	1
minecraft:snow_block	2	50	0	50	1
minecraft:gravel	3	51	0	51	2
minecraft:gray_wool	14	52	0	58	3
minecraft:grass_block	1142	34	0	117	43
minecraft:moss_block	4	71	0	73	1
minecraft:moss_block	6	79	0	82	1
minecraft:stone	4	118	0	119	2
minecraft:pale_moss_block	1	119	0	119	0
minecraft:grass_block	83	119	0	130	14
minecraft:moss_block	108	125	0	140	20
minecraft:grass_block	76	133	0	143	15
minecraft:moss_block	1	144	0	144	0
minecraft:pale_moss_block	119	144	0	167	14
minecraft:acacia_wood	1	146	0	146	0
minecraft:stone	3	147	0	148	1
minecraft:moss_block	2	149	0	150	0
minecraft:pale_moss_block	1	151	0	151	0
minecraft:moss_block	22	151	0	155	6
minecraft:pale_moss_block	2	153	0	153	1
minecraft:cyan_terracotta	4	157	0	159	1
minecraft:moss_block	5	160	0	163	1
minecraft:acacia_wood	5	163	0	165	1
minecraft:stone	10	166	0	169	5
minecraft:acacia_wood	2	167	0	168	0
minecraft:pale_oak_wood	1	169	0	169	0
minecraft:acacia_wood	8	169	0	171	3
minecraft:moss_block	25	170	0	172	11
minecraft:acacia_wood	1	173	0	173	0
minecraft:stone	98	172	0	185	16
minecraft:grass_block	3	176	0	176	2
minecraft:grass_block	16	178	0	184	2
minecraft:cyan_terracotta	8	186	0	188	2
minecraft:grass_block	132	186	0	204	17
minecraft:pale_oak_wood	1	197	0	197	0
minecraft:stone	13	204	0	206	4
minecraft:pale_moss_block	8	207	0	209	2
minecraft:acacia_wood	2	210	0	210	1
minecraft:basalt	3	211	0	212	1
minecraft:grass_block	42	208	0	223	7
minecraft:pale_moss_block	4	224	0	225	1
minecraft:moss_block	294	214	0	243	21
minecraft:grass_block	2	228	0	229	0
minecraft:mud	1	231	0	231	0
minecraft:pale_moss_block	2	233	0	234	0
minecraft:pale_moss_block	1	238	0	238	0
minecraft:stone	28	244	0	253	4
minecraft:light_gray_wool	6	253	0	256	1
minecraft:stone	1	256	0	256	0
minecraft:light_gray_wool	4	257	0	259	1
minecraft:grass_block	1	304	0	304	0
minecraft:grass_block	34	306	0	320	2
minecraft:light_gray_wool	28	52	1	58	7
minecraft:moss_block	1	70	1	70	1
minecraft:grass_block	1	71	1	71	1
minecraft:cyan_terracotta	1	127	1	127	1
minecraft:pale_moss_block	2	149	1	150	1
minecraft:blackstone	11	158	1	162	4
minecraft:cyan_terracotta	1	161	1	161	1
minecraft:moss_block	2	175	1	175	2
minecraft:pale_moss_block	2	191	1	191	2
minecraft:mud	1	192	1	192	1
minecraft:basalt	3	216	1	216	3
minecraft:stone	1	257	1	257	1
minecraft:moss_block	1	71	2	71	2
minecraft:moss_block	101	97	2	109	17
minecraft:acacia_wood	1	118	2	118	2
minecraft:stone	19	121	2	124	13
minecraft:pale_moss_block	1	127	2	127	2
minecraft:moss_block	46	142	2	149	11
minecraft:stone	2	149	2	150	2
minecraft:cyan_terracotta	1	157	2	157	2
minecraft:stone	4	164	2	166	3
minecraft:acacia_wood	4	166	2	167	4
minecraft:acacia_wood	8	173	2	174	7
minecraft:acacia_wood	4	178	2	179	3
minecraft:cyan_terracotta	1	190	2	190	2
minecraft:acacia_wood	7	192	2	194	4
minecraft:basalt	4	209	2	210	3
minecraft:smooth_basalt	1	215	2	215	2
minecraft:acacia_wood	1	217	2	217	2
minecraft:moss_block	5	218	2	219	4
minecraft:cyan_terracotta	4	219	2	221	3
minecraft:moss_block	2	222	2	223	2
minecraft:mud	1	224	2	224	2
minecraft:basalt	1	225	2	225	2
minecraft:acacia_wood	5	246	2	249	3
minecraft:pale_oak_wood	1	250	2	250	2
minecraft:pale_oak_wood	8	251	2	256	3
minecraft:moss_block	2	276	2	277	2
minecraft:packed_ice	3	17	3	18	4
minecraft:snow_block	1	50	3	50	3
minecraft:light_gray_wool	1	51	3	51	3
minecraft:acacia_wood	10	117	3	117	12
minecraft:stone	26	117	3	119	19
minecraft:cobblestone	2	119	3	119	4
minecraft:acacia_wood	3	124	3	124	5
minecraft:stone	1	127	3	127	3
minecraft:moss_block	2	128	3	128	4
minecraft:stone	1	151	3	151	3
minecraft:cobblestone	1	158	3	158	3
minecraft:cyan_terracotta	1	162	3	162	3
minecraft:cyan_terracotta	1	164	3	164	3
minecraft:acacia_wood	17	182	3	187	7
minecraft:stone	1	186	3	186	3
minecraft:cyan_terracotta	6	206	3	208	6
minecraft:pale_moss_block	1	215	3	215	3
minecraft:pale_moss_block	15	216	3	221	7
minecraft:pale_moss_block	1	221	3	221	3
minecraft:cyan_terracotta	1	222	3	222	3
minecraft:basalt	2	223	3	224	3
minecraft:pale_moss_block	24	223	3	230	8
minecraft:mud	7	248	3	250	5
minecraft:pale_moss_block	5	274	3	276	5
minecraft:mud	1	277	3	277	3
minecraft:stone	34	281	3	289	11
minecraft:ice	1	2	4	2	4
minecraft:ice	1	14	4	14	4
minecraft:stone	1	42	4	42	4
minecraft:gray_wool	32	49	4	52	15
minecraft:moss_block	1	78	4	78	4
minecraft:stone	58	104	4	111	21
minecraft:pale_moss_block	7	126	4	127	9
minecraft:pale_moss_block	1	143	4	143	4
minecraft:cyan_terracotta	1	158	4	158	4
minecraft:mud	1	160	4	160	4
minecraft:cyan_terracotta	1	161	4	161	4
minecraft:cyan_terracotta	1	166	4	166	4
minecraft:mud	1	170	4	170	4
minecraft:grass_block	1	186	4	186	4
minecraft:acacia_wood	1	187	4	187	4
minecraft:cyan_terracotta	7	192	4	195	6
minecraft:blackstone	1	196	4	196	4
minecraft:pale_moss_block	11	201	4	204	9
minecraft:basalt	1	208	4	208	4
minecraft:cyan_terracotta	1	209	4	209	4
minecraft:moss_block	1	214	4	214	4
minecraft:cyan_terracotta	12	211	4	216	9
minecraft:cyan_terracotta	1	221	4	221	4
minecraft:acacia_wood	4	222	4	224	5
minecraft:basalt	1	225	4	225	4
minecraft:mud	3	226	4	227	5
minecraft:stone	6	238	4	241	6
minecraft:pale_oak_wood	9	244	4	246	7
minecraft:smooth_basalt	10	247	4	250	8
minecraft:moss_block	11	274	4	277	7
minecraft:pale_moss_block	3	277	4	278	5
minecraft:pale_moss_block	3	282	4	284	4
minecraft:light_gray_wool	2	290	4	291	4
minecraft:grass_block	135	286	4	307	20
minecraft:packed_ice	2	7	5	7	6
minecraft:packed_ice	9	18	5	20	8
minecraft:packed_ice	12	21	5	23	13
minecraft:dirt	1	46	5	46	5
minecraft:stone	12	53	5	57	9
minecraft:stone	1	151	5	151	5
minecraft:cyan_terracotta	1	157	5	157	5
minecraft:mud	2	158	5	159	5
minecraft:cyan_terracotta	1	160	5	160	5
minecraft:moss_block	8	162	5	164	8
minecraft:acacia_wood	2	169	5	170	5
minecraft:smooth_basalt	1	187	5	187	5
minecraft:acacia_wood	1	205	5	205	5
minecraft:smooth_basalt	21	203	5	208	12
minecraft:moss_block	4	211	5	213	6
minecraft:smooth_basalt	1	214	5	214	5
minecraft:cyan_terracotta	1	226	5	226	5
minecraft:cyan_terracotta	1	228	5	228	5
minecraft:cyan_terracotta	3	236	5	237	6
minecraft:stone	18	240	5	244	14
minecraft:moss_block	1	254	5	254	5
minecraft:pale_oak_wood	1	255	5	255	5
minecraft:cyan_terracotta	2	281	5	281	6
minecraft:stone	2	39	6	39	7
minecraft:stone	1	44	6	44	6
minecraft:dirt	3	44	6	45	7
minecraft:moss_block	1	64	6	64	6
minecraft:moss_block	1	111	6	111	6
minecraft:stone	11	114	6	114	16
minecraft:moss_block	9	115	6	116	13
minecraft:acacia_wood	2	126	6	126	7
minecraft:pale_moss_block	65	138	6	148	19
minecraft:pale_moss_block	1	144	6	144	6
minecraft:cobblestone	1	152	6	152	6
minecraft:cyan_terracotta	2	158	6	159	6
minecraft:acacia_wood	1	168	6	168	6
minecraft:mud	99	162	6	171	29
minecraft:pale_moss_block	1	178	6	178	6
minecraft:cyan_terracotta	2	188	6	188	7
minecraft:acacia_wood	2	191	6	191	7
minecraft:basalt	17	192	6	196	11
minecraft:cyan_terracotta	3	196	6	197	7
minecraft:pale_moss_block	4	197	6	198	8
minecraft:acacia_wood	2	204	6	204	7
minecraft:cyan_terracotta	1	227	6	227	6
minecraft:mud	1	228	6	228	6
minecraft:pale_moss_block	7	232	6	236	7
minecraft:mud	1	251	6	251	6
minecraft:smooth_basalt	1	252	6	252	6
minecraft:pale_oak_wood	22	249	6	255	11
minecraft:smooth_basalt	1	255	6	255	6
minecraft:pale_oak_wood	1	256	6	256	6
minecraft:stone	46	251	6	264	13
minecraft:pale_moss_block	5	270	6	273	7
minecraft:stone	1	278	6	278	6
minecraft:mud	3	302	6	303	7
minecraft:packed_ice	4	9	7	11	8
minecraft:white_concrete	1	58	7	58	7
minecraft:moss_block	57	109	7	115	23
minecraft:moss_block	1	141	7	141	7
minecraft:mud	1	155	7	155	7
minecraft:basalt	1	158	7	158	7
minecraft:mud	3	173	7	173	9
minecraft:smooth_basalt	1	184	7	184	7
minecraft:cyan_terracotta	1	190	7	190	7
minecraft:moss_block	1	210	7	210	7
minecraft:smooth_basalt	1	211	7	211	7
minecraft:stone	35	212	7	218	17
minecraft:black_wool	12	245	7	248	11
minecraft:mud	3	256	7	256	9
minecraft:pale_oak_wood	2	257	7	258	7
minecraft:mud	1	270	7	270	7
minecraft:moss_block	101	260	7	272	24
minecraft:stone	59	273	7	281	23
minecraft:pale_moss_block	1	278	7	278	7
minecraft:cyan_terracotta	1	280	7	280	7
minecraft:packed_ice	5	6	8	7	11
minecraft:stone	1	38	8	38	8
minecraft:white_concrete	1	57	8	57	8
minecraft:stone	1	71	8	71	8
minecraft:pale_moss_block	1	115	8	115	8
minecraft:acacia_wood	3	123	8	123	10
minecraft:grass_block	1	132	8	132	8
minecraft:grass_block	1	141	8	141	8
minecraft:pale_moss_block	1	142	8	142	8
minecraft:pale_moss_block	1	147	8	147	8
minecraft:stone	4	153	8	153	11
minecraft:cyan_terracotta	1	166	8	166	8
minecraft:acacia_wood	1	167	8	167	8
minecraft:acacia_wood	1	169	8	169	8
minecraft:pale_oak_wood	1	174	8	174	8
minecraft:pale_oak_wood	13	183	8	186	14
minecraft:smooth_basalt	1	185	8	185	8
minecraft:pale_moss_block	3	191	8	192	9
minecraft:acacia_wood	2	192	8	193	8
minecraft:acacia_wood	2	203	8	203	9
minecraft:mud	7	207	8	210	9
minecraft:acacia_wood	2	213	8	214	8
minecraft:pale_oak_wood	4	243	8	244	10
minecraft:light_gray_wool	1	253	8	253	8
minecraft:acacia_wood	1	257	8	257	8
minecraft:pale_moss_block	10	272	8	274	13
minecraft:moss_block	19	280	8	282	15
minecraft:moss_block	830	271	8	330	52
minecraft:stone	10	288	8	289	13
minecraft:pale_moss_block	2	304	8	304	9
minecraft:ice	1	17	9	17	9
minecraft:packed_ice	2	28	9	28	10
minecraft:stone	1	36	9	36	9
minecraft:moss_block	1	68	9	68	9
minecraft:moss_block	4	70	9	71	10
minecraft:stone	1	81	9	81	9
minecraft:gray_wool	1	83	9	83	9
minecraft:acacia_wood	4	115	9	115	12
minecraft:acacia_wood	1	126	9	126	9
minecraft:moss_block	1	128	9	128	9
minecraft:moss_block	1	136	9	136	9
minecraft:moss_block	24	155	9	160	13
minecraft:acacia_wood	1	166	9	166	9
minecraft:acacia_wood	12	196	9	198	17
minecraft:acacia_wood	14	199	9	201	15
minecraft:moss_block	1	209	9	209	9
minecraft:acacia_wood	1	212	9	212	9
minecraft:smooth_basalt	13	244	9	247	14
minecraft:light_gray_wool	1	252	9	252	9
minecraft:pale_oak_wood	1	257	9	257	9
minecraft:moss_block	7	257	9	260	12
minecraft:packed_ice	1	18	10	18	10
minecraft:stone	2	32	10	32	11
minecraft:moss_block	1	67	10	67	10
minecraft:pale_oak_wood	1	108	10	108	10
minecraft:grass_block	1	113	10	113	10
minecraft:acacia_wood	3	125	10	125	12
minecraft:pale_moss_block	1	126	10	126	10
minecraft:grass_block	3	127	10	128	11
minecraft:acacia_wood	3	143	10	144	11
minecraft:acacia_wood	1	168	10	168	10
minecraft:mud	2	172	10	172	11
minecraft:pale_oak_wood	1	173	10	173	10
minecraft:grass_block	2	177	10	177	11
minecraft:grass_block	10	181	10	184	14
minecraft:cyan_terracotta	1	192	10	192	10
minecraft:pale_moss_block	1	193	10	193	10
minecraft:basalt	1	202	10	202	10
minecraft:mud	1	203	10	203	10
minecraft:mud	3	205	10	205	12
minecraft:mud	1	209	10	209	10
minecraft:smooth_basalt	5	209	10	211	12
minecraft:stone	1	223	10	223	10
minecraft:cobblestone	2	224	10	225	10
minecraft:stone	3	225	10	226	11
minecraft:moss_block	13	276	10	277	16
minecraft:acacia_wood	1	279	10	279	10
minecraft:ice	3	13	11	14	12
minecraft:stone	1	39	11	39	11
minecraft:light_gray_wool	6	47	11	49	14
minecraft:stone	3	51	11	52	12
minecraft:stone	1	68	11	68	11
minecraft:grass_block	1	102	11	102	11
minecraft:moss_block	15	118	11	120	20
minecraft:stone	9	124	11	126	16
minecraft:cyan_terracotta	11	133	11	136	17
minecraft:pale_moss_block	3	136	11	136	13
minecraft:pale_moss_block	3	147	11	148	12
minecraft:cyan_terracotta	1	148	11	148	11
minecraft:basalt	2	163	11	163	12
minecraft:cyan_terracotta	1	164	11	164	11
minecraft:acacia_wood	1	167	11	167	11
minecraft:moss_block	2	176	11	176	12
minecraft:stone	3	184	11	185	12
minecraft:cyan_terracotta	1	191	11	191	11
minecraft:pale_moss_block	1	192	11	192	11
minecraft:cyan_terracotta	1	193	11	193	11
minecraft:grass_block	2	195	11	196	11
minecraft:moss_block	6	198	11	199	15
minecraft:cyan_terracotta	1	202	11	202	11
minecraft:acacia_wood	9	206	11	210	13
minecraft:acacia_wood	1	211	11	211	11
minecraft:acacia_wood	4	221	11	224	11
minecraft:cobblestone	1	227	11	227	11
minecraft:stone	1	228	11	228	11
minecraft:acacia_wood	1	237	11	237	11
minecraft:stone	3	237	11	238	12
minecraft:acacia_wood	5	242	11	243	14
minecraft:pale_oak_wood	1	252	11	252	11
minecraft:pale_moss_block	1	257	11	257	11
minecraft:acacia_wood	1	263	11	263	11
minecraft:stone	1	295	11	295	11
minecraft:pale_moss_block	1	304	11	304	11
minecraft:stone	2	72	12	72	13
minecraft:pale_oak_wood	1	107	12	107	12
minecraft:pale_moss_block	2	130	12	130	13
minecraft:moss_block	6	137	12	138	16
minecraft:stone	1	138	12	138	12
minecraft:stone	2	141	12	142	12
minecraft:cyan_terracotta	1	146	12	146	12
minecraft:cyan_terracotta	7	147	12	150	14
minecraft:stone	134	152	12	162	35
minecraft:stone	2	160	12	160	13
minecraft:cyan_terracotta	6	161	12	162	16
minecraft:smooth_basalt	1	164	12	164	12
minecraft:moss_block	3	168	12	169	13
minecraft:pale_oak_wood	1	172	12	172	12
minecraft:pale_moss_block	67	168	12	177	26
minecraft:acacia_wood	3	179	12	180	13
minecraft:stone	1	190	12	190	12
minecraft:pale_moss_block	6	191	12	193	14
minecraft:cyan_terracotta	1	192	12	192	12
minecraft:cyan_terracotta	2	194	12	194	13
minecraft:mud	1	195	12	195	12
minecraft:basalt	8	195	12	196	16
minecraft:mud	8	202	12	204	15
minecraft:pale_oak_wood	2	211	12	211	13
minecraft:acacia_wood	13	225	12	228	19
minecraft:stone	1	227	12	227	12
minecraft:cobblestone	1	228	12	228	12
minecraft:mud	3	244	12	244	14
minecraft:acacia_wood	12	247	12	251	15
minecraft:pale_moss_block	24	251	12	261	16
minecraft:acacia_wood	1	262	12	262	12
minecraft:mud	1	278	12	278	12
minecraft:acacia_wood	7	279	12	281	16
minecraft:acacia_wood	6	282	12	283	15
minecraft:pale_oak_wood	8	288	12	290	15
minecraft:stone	2	293	12	294	12
minecraft:grass_block	1	295	12	295	12
minecraft:packed_ice	14	14	13	17	17
minecraft:grass_block	2	44	13	45	13
minecraft:moss_block	4	107	13	108	15
minecraft:mud	1	115	13	115	13
minecraft:acacia_wood	1	122	13	122	13
minecraft:acacia_wood	2	124	13	124	14
minecraft:cyan_terracotta	1	165	13	165	13
minecraft:moss_block	12	179	13	183	16
minecraft:stone	2	185	13	185	14
minecraft:basalt	2	201	13	201	14
minecraft:cyan_terracotta	49	202	13	213	20
minecraft:smooth_basalt	1	227	13	227	13
minecraft:stone	4	228	13	228	16
minecraft:cobblestone	13	229	13	231	19
minecraft:grass_block	1	240	13	240	13
minecraft:mud	2	246	13	246	14
minecraft:acacia_wood	1	261	13	261	13
minecraft:stone	4	278	13	278	16
minecraft:stone	9	282	13	284	18
minecraft:moss_block	1	291	13	291	13
minecraft:pale_oak_wood	1	292	13	292	13
minecraft:grass_block	2	293	13	294	13
minecraft:stone	2	28	14	28	15
minecraft:stone	1	44	14	44	14
minecraft:gray_wool	25	44	14	49	20
minecraft:stone	1	51	14	51	14
minecraft:stone	1	87	14	87	14
minecraft:acacia_wood	5	115	14	116	17
minecraft:mud	2	116	14	116	15
minecraft:acacia_wood	1	117	14	117	14
minecraft:pale_oak_wood	2	121	14	122	14
minecraft:smooth_basalt	1	134	14	134	14
minecraft:pale_moss_block	1	149	14	149	14
minecraft:acacia_wood	3	151	14	152	15
minecraft:pale_moss_block	1	158	14	158	14
minecraft:cyan_terracotta	1	164	14	164	14
minecraft:acacia_wood	1	171	14	171	14
minecraft:moss_block	2	175	14	175	15
minecraft:cyan_terracotta	1	179	14	179	14
minecraft:stone	1	191	14	191	14
minecraft:cyan_terracotta	10	193	14	195	19
minecraft:mud	1	194	14	194	14
minecraft:acacia_wood	1	211	14	211	14
minecraft:acacia_wood	1	217	14	217	14
minecraft:grass_block	93	231	14	240	31
minecraft:cyan_terracotta	3	258	14	260	14
minecraft:cyan_terracotta	6	273	14	273	19
minecraft:stone	5	287	14	289	16
minecraft:stone	2	291	14	292	14
minecraft:stone	2	36	15	36	16
minecraft:gray_wool	1	44	15	44	15
minecraft:light_gray_wool	1	45	15	45	15
minecraft:light_gray_wool	1	49	15	49	15
minecraft:gray_wool	1	69	15	69	15
minecraft:gray_wool	1	77	15	77	15
minecraft:stone	34	77	15	83	23
minecraft:light_gray_wool	2	79	15	80	15
minecraft:dirt	1	82	15	82	15
minecraft:stone	9	120	15	121	19
minecraft:moss_block	9	122	15	123	20
minecraft:grass_block	2	139	15	139	16
minecraft:acacia_wood	1	149	15	149	15
minecraft:stone	1	150	15	150	15
minecraft:acacia_wood	1	166	15	166	15
minecraft:acacia_wood	1	170	15	170	15
minecraft:acacia_wood	1	173	15	173	15
minecraft:stone	86	182	15	196	29
minecraft:moss_block	2	185	15	185	16
minecraft:stone	2	186	15	186	16
minecraft:stone	2	192	15	192	16
minecraft:basalt	1	200	15	200	15
minecraft:cyan_terracotta	1	201	15	201	15
minecraft:acacia_wood	1	213	15	213	15
minecraft:acacia_wood	3	215	15	216	16
minecraft:pale_moss_block	85	239	15	252	34
minecraft:cyan_terracotta	33	241	15	248	25
minecraft:smooth_basalt	1	244	15	244	15
minecraft:mud	1	245	15	245	15
minecraft:smooth_basalt	1	246	15	246	15
minecraft:pale_moss_block	4	249	15	250	17
minecraft:cyan_terracotta	1	250	15	250	15
minecraft:cyan_terracotta	90	250	15	260	36
minecraft:cyan_terracotta	2	256	15	257	15
minecraft:mud	8	256	15	260	17
minecraft:smooth_basalt	1	281	15	281	15
minecraft:pale_moss_block	3	304	15	305	16
minecraft:ice	2	10	16	10	17
minecraft:stone	1	14	16	14	16
minecraft:stone	1	20	16	20	16
minecraft:stone	1	44	16	44	16
minecraft:stone	1	50	16	50	16
minecraft:moss_block	1	57	16	57	16
minecraft:gray_wool	1	59	16	59	16
minecraft:stone	51	59	16	70	23
minecraft:light_gray_wool	2	64	16	65	16
minecraft:gray_wool	2	70	16	71	16
minecraft:gray_wool	16	71	16	76	21
minecraft:stone	1	90	16	90	16
minecraft:basalt	1	136	16	136	16
minecraft:cyan_terracotta	1	137	16	137	16
minecraft:cyan_terracotta	4	140	16	142	17
minecraft:stone	29	145	16	149	24
minecraft:acacia_wood	1	150	16	150	16
minecraft:stone	1	151	16	151	16
minecraft:pale_oak_wood	1	152	16	152	16
minecraft:cyan_terracotta	1	163	16	163	16
minecraft:acacia_wood	1	169	16	169	16
minecraft:moss_block	4	173	16	174	17
minecraft:acacia_wood	2	175	16	175	17
minecraft:mud	1	179	16	179	16
minecraft:acacia_wood	3	181	16	181	18
minecraft:basalt	1	199	16	199	16
minecraft:cyan_terracotta	2	200	16	200	17
minecraft:mud	2	201	16	201	17
minecraft:acacia_wood	1	212	16	212	16
minecraft:smooth_basalt	7	243	16	245	18
minecraft:mud	1	244	16	244	16
minecraft:pale_moss_block	1	268	16	268	16
minecraft:mud	1	269	16	269	16
minecraft:pale_moss_block	7	269	16	272	18
minecraft:ice	1	12	17	12	17
minecraft:stone	1	13	17	13	17
minecraft:stone	21	14	17	19	25
minecraft:grass_block	1	42	17	42	17
minecraft:stone	1	43	17	43	17
minecraft:light_gray_wool	1	44	17	44	17
minecraft:black_wool	1	70	17	70	17
minecraft:grass_block	1	80	17	80	17
minecraft:stone	5	88	17	89	20
minecraft:pale_moss_block	18	96	17	102	20
minecraft:acacia_wood	1	101	17	101	17
minecraft:acacia_wood	16	103	17	107	21
minecraft:pale_oak_wood	1	105	17	105	17
minecraft:pale_oak_wood	1	116	17	116	17
minecraft:acacia_wood	1	124	17	124	17
minecraft:grass_block	11	130	17	132	21
minecraft:basalt	1	134	17	134	17
minecraft:pale_moss_block	1	135	17	135	17
minecraft:acacia_wood	2	136	17	137	17
minecraft:cyan_terracotta	4	138	17	140	18
minecraft:grass_block	1	140	17	140	17
minecraft:acacia_wood	1	149	17	149	17
minecraft:stone	1	150	17	150	17
minecraft:pale_oak_wood	1	151	17	151	17
minecraft:light_gray_wool	29	149	17	155	27
minecraft:acacia_wood	12	160	17	162	24
minecraft:acacia_wood	2	168	17	168	18
minecraft:cyan_terracotta	1	178	17	178	17
minecraft:moss_block	10	176	17	179	22
minecraft:mud	2	180	17	180	18
minecraft:moss_block	2	183	17	183	18
minecraft:pale_oak_wood	1	186	17	186	17
minecraft:moss_block	7	189	17	192	18
minecraft:pale_moss_block	1	193	17	193	17
minecraft:moss_block	2	197	17	197	18
minecraft:pale_moss_block	3	198	17	199	18
minecraft:acacia_wood	8	201	17	203	20
minecraft:pale_moss_block	32	201	17	210	23
minecraft:acacia_wood	16	209	17	214	23
minecraft:smooth_basalt	2	215	17	216	17
minecraft:grass_block	6	226	17	227	20
minecraft:acacia_wood	2	254	17	254	18
minecraft:dirt	2	265	17	266	17
minecraft:pale_moss_block	1	267	17	267	17
minecraft:mud	1	268	17	268	17
minecraft:pale_moss_block	1	278	17	278	17
minecraft:smooth_basalt	3	279	17	281	17
minecraft:grass_block	1	310	17	310	17
minecraft:ice	1	9	18	9	18
minecraft:snow_block	1	10	18	10	18
minecraft:packed_ice	5	10	18	12	20
minecraft:stone	2	20	18	20	19
minecraft:stone	1	25	18	25	18
minecraft:grass_block	1	41	18	41	18
minecraft:stone	20	40	18	47	23
minecraft:light_gray_wool	1	43	18	43	18
minecraft:gray_wool	1	69	18	69	18
minecraft:grass_block	1	70	18	70	18
minecraft:stone	1	71	18	71	18
minecraft:black_wool	1	72	18	72	18
minecraft:pale_moss_block	73	72	18	79	33
minecraft:light_gray_wool	2	83	18	83	19
minecraft:stone	1	96	18	96	18
minecraft:cyan_terracotta	5	102	18	104	20
minecraft:acacia_wood	6	114	18	116	21
minecraft:acacia_wood	1	122	18	122	18
minecraft:cyan_terracotta	6	124	18	125	22
minecraft:pale_moss_block	1	125	18	125	18
minecraft:basalt	1	133	18	133	18
minecraft:pale_moss_block	1	134	18	134	18
minecraft:acacia_wood	11	133	18	136	23
minecraft:pale_moss_block	2	136	18	137	18
minecraft:acacia_wood	4	138	18	139	20
minecraft:black_wool	7	141	18	143	21
minecraft:cyan_terracotta	2	143	18	143	19
minecraft:pale_oak_wood	1	150	18	150	18
minecraft:stone	5	168	18	169	20
minecraft:acacia_wood	2	173	18	174	18
minecraft:cyan_terracotta	1	177	18	177	18
minecraft:mud	1	178	18	178	18
minecraft:light_gray_wool	1	187	18	187	18
minecraft:pale_oak_wood	10	186	18	190	21
minecraft:acacia_wood	2	193	18	193	19
minecraft:pale_moss_block	11	195	18	198	22
minecraft:cyan_terracotta	4	198	18	199	20
minecraft:blackstone	2	200	18	200	19
minecraft:mud	2	215	18	215	19
minecraft:pale_moss_block	6	246	18	248	21
minecraft:grass_block	2	248	18	249	18
minecraft:pale_moss_block	1	251	18	251	18
minecraft:basalt	2	258	18	259	18
minecraft:pale_moss_block	9	263	18	266	21
minecraft:acacia_wood	7	265	18	268	20
minecraft:moss_block	3	270	18	272	18
minecraft:acacia_wood	1	279	18	279	18
minecraft:mud	1	280	18	280	18
minecraft:acacia_wood	1	281	18	281	18
minecraft:stone	1	296	18	296	18
minecraft:moss_block	1	310	18	310	18
minecraft:ice	1	0	19	0	19
minecraft:light_gray_wool	4	44	19	45	21
minecraft:stone	2	53	19	53	20
minecraft:grass_block	1	61	19	61	19
minecraft:grass_block	2	65	19	65	20
minecraft:stone	1	75	19	75	19
minecraft:pale_oak_wood	1	84	19	84	19
minecraft:pale_moss_block	1	121	19	121	19
minecraft:cyan_terracotta	1	122	19	122	19
minecraft:cyan_terracotta	5	129	19	130	22
minecraft:pale_moss_block	1	133	19	133	19
minecraft:stone	11	135	19	137	23
minecraft:smooth_basalt	1	140	19	140	19
minecraft:pale_oak_wood	1	151	19	151	19
minecraft:cyan_terracotta	1	163	19	163	19
minecraft:cyan_terracotta	1	176	19	176	19
minecraft:mud	1	177	19	177	19
minecraft:cyan_terracotta	2	180	19	180	20
minecraft:pale_moss_block	2	181	19	181	20
minecraft:mud	3	182	19	182	21
minecraft:stone	1	183	19	183	19
minecraft:moss_block	1	184	19	184	19
minecraft:stone	1	203	19	203	19
minecraft:cyan_terracotta	1	207	19	207	19
minecraft:acacia_wood	9	216	19	220	22
minecraft:cyan_terracotta	6	221	19	224	20
minecraft:stone	1	229	19	229	19
minecraft:pale_moss_block	1	237	19	237	19
minecraft:smooth_basalt	1	242	19	242	19
minecraft:mud	2	243	19	244	19
minecraft:basalt	1	249	19	249	19
minecraft:pale_moss_block	3	249	19	250	20
minecraft:mud	1	268	19	268	19
minecraft:acacia_wood	1	269	19	269	19
minecraft:pale_moss_block	37	269	19	274	30
minecraft:stone	1	310	19	310	19
minecraft:stone	1	19	20	19	20
minecraft:pale_moss_block	10	69	20	70	25
minecraft:black_wool	2	71	20	72	20
minecraft:pale_oak_wood	6	82	20	83	23
minecraft:moss_block	51	84	20	95	28
minecraft:stone	2	95	20	96	20
minecraft:grass_block	3	98	20	100	20
minecraft:pale_moss_block	20	115	20	120	25
minecraft:cyan_terracotta	3	121	20	121	22
minecraft:mud	10	122	20	123	26
minecraft:acacia_wood	3	125	20	125	22
minecraft:stone	12	125	20	128	24
minecraft:pale_moss_block	1	128	20	128	20
minecraft:smooth_basalt	1	132	20	132	20
minecraft:pale_moss_block	12	137	20	141	24
minecraft:pale_moss_block	1	140	20	140	20
minecraft:cyan_terracotta	1	141	20	141	20
minecraft:acacia_wood	1	144	20	144	20
minecraft:stone	1	153	20	153	20
minecraft:acacia_wood	4	167	20	167	23
minecraft:cyan_terracotta	1	175	20	175	20
minecraft:mud	74	170	20	178	42
minecraft:mud	1	179	20	179	20
minecraft:moss_block	25	182	20	190	26
minecraft:blackstone	1	199	20	199	20
minecraft:cyan_terracotta	12	197	20	201	24
minecraft:pale_moss_block	150	219	20	231	53
minecraft:cyan_terracotta	39	225	20	232	34
minecraft:acacia_wood	1	229	20	229	20
minecraft:pale_moss_block	1	230	20	230	20
minecraft:stone	4	230	20	232	21
minecraft:acacia_wood	1	248	20	248	20
minecraft:basalt	2	251	20	251	21
minecraft:pale_moss_block	2	257	20	257	21
minecraft:moss_block	23	264	20	268	25
minecraft:mud	1	269	20	269	20
minecraft:moss_block	2	271	20	271	21
minecraft:acacia_wood	1	273	20	273	20
minecraft:pale_moss_block	1	279	20	279	20
minecraft:light_gray_wool	1	292	20	292	20
minecraft:pale_oak_wood	1	293	20	293	20
minecraft:white_concrete	23	39	21	45	30
minecraft:mud	1	41	21	41	21
minecraft:gray_wool	1	53	21	53	21
minecraft:grass_block	18	60	21	65	26
minecraft:grass_block	2	67	21	68	21
minecraft:pale_moss_block	11	95	21	98	27
minecraft:acacia_wood	1	97	21	97	21
minecraft:moss_block	24	98	21	103	26
minecraft:stone	2	102	21	103	21
minecraft:stone	1	106	21	106	21
minecraft:pale_moss_block	1	109	21	109	21
minecraft:stone	1	116	21	116	21
minecraft:cyan_terracotta	1	132	21	132	21
minecraft:acacia_wood	1	140	21	140	21
minecraft:pale_moss_block	1	141	21	141	21
minecraft:cyan_terracotta	1	142	21	142	21
minecraft:cyan_terracotta	1	144	21	144	21
minecraft:cyan_terracotta	2	174	21	174	22
minecraft:acacia_wood	15	178	21	182	26
minecraft:stone	5	181	21	182	24
minecraft:acacia_wood	3	193	21	194	22
minecraft:cyan_terracotta	1	208	21	208	21
minecraft:pale_oak_wood	1	213	21	213	21
minecraft:mud	5	213	21	215	23
minecraft:acacia_wood	14	246	21	251	23
minecraft:basalt	1	248	21	248	21
minecraft:pale_moss_block	1	253	21	253	21
minecraft:pale_moss_block	1	278	21	278	21
minecraft:light_gray_wool	6	288	21	291	22
minecraft:pale_oak_wood	1	292	21	292	21
minecraft:stone	1	310	21	310	21
minecraft:stone	7	0	22	4	23
minecraft:stone	1	8	22	8	22
minecraft:stone	2	36	22	36	23
minecraft:gray_wool	2	37	22	37	23
minecraft:pale_moss_block	4	37	22	38	24
minecraft:stone	4	39	22	40	24
minecraft:stone	1	53	22	53	22
minecraft:moss_block	1	55	22	55	22
minecraft:pale_moss_block	14	65	22	67	27
minecraft:cyan_terracotta	1	68	22	68	22
minecraft:black_wool	3	71	22	71	24
minecraft:cyan_terracotta	2	72	22	72	23
minecraft:stone	2	77	22	78	22
minecraft:acacia_wood	2	94	22	94	23
minecraft:stone	3	96	22	97	23
minecraft:pale_moss_block	2	98	22	98	23
minecraft:pale_moss_block	13	103	22	110	25
minecraft:cyan_terracotta	1	108	22	108	22
minecraft:cyan_terracotta	1	116	22	116	22
minecraft:acacia_wood	30	127	22	131	34
minecraft:smooth_basalt	2	131	22	132	22
minecraft:acacia_wood	1	141	22	141	22
minecraft:pale_moss_block	1	142	22	142	22
minecraft:cyan_terracotta	1	143	22	143	22
minecraft:acacia_wood	82	143	22	162	46
minecraft:pale_oak_wood	1	151	22	151	22
minecraft:stone	47	198	22	207	31
minecraft:stone	1	210	22	210	22
minecraft:moss_block	29	217	22	222	28
minecraft:mud	1	227	22	227	22
minecraft:grass_block	1	228	22	228	22
minecraft:pale_moss_block	4	231	22	233	23
minecraft:pale_moss_block	2	245	22	245	23
minecraft:pale_moss_block	1	254	22	254	22
minecraft:acacia_wood	4	256	22	258	23
minecraft:cyan_terracotta	1	263	22	263	22
minecraft:acacia_wood	2	273	22	273	23
minecraft:stone	1	287	22	287	22
minecraft:stone	3	309	22	310	23
minecraft:stone	3	33	23	34	24
minecraft:gray_wool	1	53	23	53	23
minecraft:stone	1	58	23	58	23
minecraft:acacia_wood	27	56	23	62	28
minecraft:grass_block	3	68	23	68	25
minecraft:basalt	1	73	23	73	23
minecraft:grass_block	2	75	23	76	23
minecraft:acacia_wood	1	81	23	81	23
minecraft:mud	1	83	23	83	23
minecraft:dirt	2	87	23	88	23
minecraft:acacia_wood	299	104	23	140	80
minecraft:acacia_wood	1	113	23	113	23
minecraft:cyan_terracotta	1	114	23	114	23
minecraft:stone	66	110	23	122	35
minecraft:acacia_wood	1	121	23	121	23
minecraft:acacia_wood	1	124	23	124	23
minecraft:mud	1	130	23	130	23
minecraft:grass_block	2	131	23	132	23
minecraft:cyan_terracotta	1	133	23	133	23
minecraft:stone	7	138	23	140	26
minecraft:acacia_wood	1	142	23	142	23
minecraft:stone	1	143	23	143	23
minecraft:pale_oak_wood	1	150	23	150	23
minecraft:light_gray_wool	1	151	23	151	23
minecraft:pale_oak_wood	1	152	23	152	23
minecraft:grass_block	1	158	23	158	23
minecraft:pale_oak_wood	1	162	23	162	23
minecraft:cyan_terracotta	9	171	23	173	26
minecraft:pale_oak_wood	1	186	23	186	23
minecraft:pale_oak_wood	1	188	23	188	23
minecraft:light_gray_wool	2	189	23	190	23
minecraft:pale_moss_block	1	200	23	200	23
minecraft:moss_block	1	212	23	212	23
minecraft:acacia_wood	2	214	23	215	23
minecraft:pale_moss_block	1	216	23	216	23
minecraft:cyan_terracotta	1	217	23	217	23
minecraft:grass_block	1	229	23	229	23
minecraft:stone	1	233	23	233	23
minecraft:mud	15	256	23	259	27
minecraft:pale_moss_block	1	263	23	263	23
minecraft:pale_moss_block	1	275	23	275	23
minecraft:stone	1	286	23	286	23
minecraft:light_gray_wool	1	287	23	287	23
minecraft:black_wool	1	288	23	288	23
minecraft:pale_oak_wood	1	289	23	289	23
minecraft:dirt	1	302	23	302	23
minecraft:pale_moss_block	2	307	23	308	23
minecraft:black_wool	5	35	24	37	25
minecraft:white_concrete	1	40	24	40	24
minecraft:stone	1	41	24	41	24
minecraft:basalt	1	67	24	67	24
minecraft:acacia_wood	1	69	24	69	24
minecraft:basalt	5	71	24	72	27
minecraft:cyan_terracotta	9	79	24	80	29
minecraft:blackstone	13	81	24	85	28
minecraft:acacia_wood	1	87	24	87	24
minecraft:stone	10	86	24	90	27
minecraft:cyan_terracotta	6	95	24	96	27
minecraft:stone	1	98	24	98	24
minecraft:pale_moss_block	1	99	24	99	24
minecraft:cyan_terracotta	1	111	24	111	24
minecraft:acacia_wood	1	112	24	112	24
minecraft:cyan_terracotta	1	115	24	115	24
minecraft:cyan_terracotta	1	121	24	121	24
minecraft:acacia_wood	1	123	24	123	24
minecraft:stone	19	123	24	127	30
minecraft:acacia_wood	2	125	24	126	24
minecraft:smooth_basalt	2	130	24	131	24
minecraft:black_wool	15	130	24	136	27
minecraft:acacia_wood	11	135	24	138	28
minecraft:grass_block	3	140	24	141	25
minecraft:stone	3	142	24	143	25
minecraft:light_gray_wool	12	148	24	152	28
minecraft:pale_oak_wood	1	151	24	151	24
minecraft:light_gray_wool	1	152	24	152	24
minecraft:pale_oak_wood	1	153	24	153	24
minecraft:cyan_terracotta	2	167	24	167	25
minecraft:cyan_terracotta	1	177	24	177	24
minecraft:pale_moss_block	1	197	24	197	24
minecraft:acacia_wood	1	208	24	208	24
minecraft:smooth_basalt	13	207	24	211	28
minecraft:moss_block	3	210	24	211	25
minecraft:smooth_basalt	1	212	24	212	24
minecraft:acacia_wood	1	213	24	213	24
minecraft:stone	4	214	24	216	25
minecraft:pale_moss_block	33	209	24	217	33
minecraft:blackstone	1	229	24	229	24
minecraft:grass_block	2	230	24	230	25
minecraft:pale_moss_block	5	233	24	234	26
minecraft:cyan_terracotta	17	260	24	265	29
minecraft:acacia_wood	1	269	24	269	24
minecraft:pale_oak_wood	20	285	24	291	28
minecraft:smooth_basalt	1	288	24	288	24
minecraft:acacia_wood	2	297	24	297	25
minecraft:pale_moss_block	2	298	24	298	25
minecraft:pale_moss_block	5	309	24	311	26
minecraft:stone	8	1	25	5	27
minecraft:packed_ice	1	7	25	7	25
minecraft:coal_ore	1	34	25	34	25
minecraft:gray_wool	1	38	25	38	25
minecraft:pale_moss_block	3	39	25	40	26
minecraft:stone	1	45	25	45	25
minecraft:basalt	6	68	25	69	29
minecraft:cyan_terracotta	1	73	25	73	25
minecraft:smooth_basalt	1	82	25	82	25
minecraft:dirt	3	83	25	84	26
minecraft:acacia_wood	2	86	25	86	26
minecraft:acacia_wood	1	88	25	88	25
minecraft:stone	1	99	25	99	25
minecraft:pale_moss_block	14	104	25	108	28
minecraft:acacia_wood	1	113	25	113	25
minecraft:acacia_wood	1	116	25	116	25
minecraft:acacia_wood	4	121	25	122	27
minecraft:smooth_basalt	1	134	25	134	25
minecraft:pale_oak_wood	1	152	25	152	25
minecraft:light_gray_wool	1	153	25	153	25
minecraft:pale_oak_wood	1	154	25	154	25
minecraft:pale_oak_wood	2	162	25	162	26
minecraft:acacia_wood	41	162	25	172	34
minecraft:cyan_terracotta	1	169	25	169	25
minecraft:stone	1	182	25	182	25
minecraft:pale_oak_wood	1	189	25	189	25
minecraft:acacia_wood	12	195	25	198	29
minecraft:pale_moss_block	1	199	25	199	25
minecraft:acacia_wood	1	207	25	207	25
minecraft:mud	1	210	25	210	25
minecraft:acacia_wood	1	212	25	212	25
minecraft:pale_moss_block	2	213	25	214	25
minecraft:stone	2	223	25	223	26
minecraft:mud	3	231	25	232	26
minecraft:stone	89	229	25	239	41
minecraft:grass_block	18	243	25	247	30
minecraft:acacia_wood	2	259	25	259	26
minecraft:basalt	7	266	25	268	27
minecraft:stone	4	295	25	297	26
minecraft:acacia_wood	1	311	25	311	25
minecraft:stone	1	14	26	14	26
minecraft:stone	2	32	26	32	27
minecraft:grass_block	1	33	26	33	26
minecraft:gray_wool	59	31	26	37	47
minecraft:smooth_basalt	3	37	26	38	27
minecraft:gray_wool	1	39	26	39	26
minecraft:light_gray_wool	1	41	26	41	26
minecraft:white_concrete	1	45	26	45	26
minecraft:cyan_terracotta	1	64	26	64	26
minecraft:grass_block	8	69	26	71	29
minecraft:pale_moss_block	47	84	26	91	43
minecraft:stone	1	97	26	97	26
minecraft:acacia_wood	3	99	26	99	28
minecraft:acacia_wood	1	103	26	103	26
minecraft:smooth_basalt	1	135	26	135	26
minecraft:cobblestone	19	140	26	145	31
minecraft:pale_oak_wood	4	153	26	154	28
minecraft:stone	1	167	26	167	26
minecraft:cyan_terracotta	1	168	26	168	26
minecraft:cyan_terracotta	2	177	26	177	27
minecraft:pale_moss_block	29	178	26	186	32
minecraft:stone	5	181	26	184	27
minecraft:pale_oak_wood	3	186	26	188	26
minecraft:acacia_wood	11	203	26	206	31
minecraft:stone	4	212	26	214	27
minecraft:cyan_terracotta	1	217	26	217	26
minecraft:mud	1	230	26	230	26
minecraft:blackstone	5	231	26	232	28
minecraft:pale_moss_block	1	238	26	238	26
minecraft:mud	1	260	26	260	26
minecraft:pale_moss_block	2	264	26	265	26
minecraft:moss_block	9	265	26	267	30
minecraft:cyan_terracotta	2	269	26	269	27
minecraft:cyan_terracotta	1	271	26	271	26
minecraft:mud	1	273	26	273	26
minecraft:acacia_wood	1	284	26	284	26
minecraft:stone	1	285	26	285	26
minecraft:acacia_wood	4	293	26	295	27
minecraft:acacia_wood	1	312	26	312	26
minecraft:stone	1	314	26	314	26
minecraft:stone	36	318	26	330	33
minecraft:coal_ore	2	4	27	5	27
minecraft:mud	2	39	27	39	28
minecraft:gray_wool	1	40	27	40	27
minecraft:pale_moss_block	1	41	27	41	27
minecraft:cyan_terracotta	1	63	27	63	27
minecraft:pale_moss_block	1	64	27	64	27
minecraft:cyan_terracotta	1	65	27	65	27
minecraft:cyan_terracotta	45	63	27	73	35
minecraft:acacia_wood	1	85	27	85	27
minecraft:cyan_terracotta	4	92	27	93	28
minecraft:acacia_wood	1	97	27	97	27
minecraft:stone	2	100	27	101	27
minecraft:acacia_wood	1	102	27	102	27
minecraft:stone	1	103	27	103	27
minecraft:cyan_terracotta	18	130	27	135	31
minecraft:smooth_basalt	9	134	27	139	29
minecraft:acacia_wood	1	139	27	139	27
minecraft:stone	1	144	27	144	27
minecraft:andesite	10	145	27	147	31
minecraft:stone	1	146	27	146	27
minecraft:light_gray_wool	3	147	27	148	28
minecraft:stone	1	168	27	168	27
minecraft:cyan_terracotta	2	169	27	170	27
minecraft:acacia_wood	3	176	27	176	29
minecraft:acacia_wood	5	185	27	189	27
minecraft:acacia_wood	1	211	27	211	27
minecraft:cyan_terracotta	4	219	27	220	29
minecraft:stone	2	220	27	221	27
minecraft:cyan_terracotta	1	233	27	233	27
minecraft:cyan_terracotta	2	250	27	251	27
minecraft:grass_block	9	250	27	253	29
minecraft:smooth_basalt	8	256	27	258	30
minecraft:acacia_wood	1	273	27	273	27
minecraft:acacia_wood	1	289	27	289	27
minecraft:stone	20	289	27	295	33
minecraft:cyan_terracotta	1	311	27	311	27
minecraft:pale_moss_block	1	312	27	312	27
minecraft:acacia_wood	1	313	27	313	27
minecraft:stone	1	316	27	316	27
minecraft:grass_block	576	324	27	349	76
minecraft:stone	4	0	28	1	29
minecraft:packed_ice	50	0	28	6	39
minecraft:pale_moss_block	8	36	28	39	31
minecraft:gray_wool	1	38	28	38	28
minecraft:dirt	1	40	28	40	28
minecraft:gray_wool	1	41	28	41	28
minecraft:stone	1	63	28	63	28
minecraft:cyan_terracotta	1	64	28	64	28
minecraft:pale_moss_block	1	65	28	65	28
minecraft:basalt	1	71	28	71	28
minecraft:acacia_wood	1	72	28	72	28
minecraft:smooth_basalt	1	81	28	81	28
minecraft:mud	1	82	28	82	28
minecraft:acacia_wood	2	86	28	87	28
minecraft:acacia_wood	2	95	28	96	28
minecraft:pale_moss_block	1	97	28	97	28
minecraft:cyan_terracotta	12	96	28	99	32
minecraft:pale_moss_block	2	100	28	101	28
minecraft:moss_block	6	102	28	103	31
minecraft:pale_moss_block	1	103	28	103	28
minecraft:stone	1	104	28	104	28
minecraft:stone	41	108	28	118	37
minecraft:pale_oak_wood	2	121	28	121	29
minecraft:smooth_basalt	1	122	28	122	28
minecraft:pale_moss_block	93	122	28	131	48
minecraft:cyan_terracotta	1	139	28	139	28
minecraft:stone	2	140	28	141	28
minecraft:light_gray_wool	1	154	28	154	28
minecraft:pale_oak_wood	1	155	28	155	28
minecraft:pale_oak_wood	1	162	28	162	28
minecraft:pale_oak_wood	3	165	28	165	30
minecraft:stone	230	177	28	196	71
minecraft:pale_moss_block	65	189	28	199	44
minecraft:smooth_basalt	13	205	28	208	32
minecraft:mud	4	207	28	209	29
minecraft:cyan_terracotta	3	210	28	211	29
minecraft:mud	1	216	28	216	28
minecraft:acacia_wood	1	220	28	220	28
minecraft:cyan_terracotta	1	223	28	223	28
minecraft:pale_moss_block	1	233	28	233	28
minecraft:cyan_terracotta	1	249	28	249	28
minecraft:cyan_terracotta	1	259	28	259	28
minecraft:pale_moss_block	6	260	28	263	29
minecraft:cyan_terracotta	3	268	28	268	30
minecraft:acacia_wood	15	267	28	272	34
minecraft:acacia_wood	4	290	28	292	29
minecraft:pale_moss_block	1	300	28	300	28
minecraft:cyan_terracotta	1	312	28	312	28
minecraft:stone	1	315	28	315	28
minecraft:moss_block	3	316	28	317	29
minecraft:stone	1	324	28	324	28
minecraft:moss_block	3	325	28	326	29
minecraft:snow_block	1	34	29	34	29
minecraft:gray_wool	1	40	29	40	29
minecraft:dirt	1	41	29	41	29
minecraft:cyan_terracotta	12	51	29	53	35
minecraft:pale_moss_block	1	55	29	55	29
minecraft:stone	16	56	29	62	31
minecraft:acacia_wood	3	63	29	64	30
minecraft:basalt	4	69	29	71	30
minecraft:acacia_wood	1	71	29	71	29
minecraft:acacia_wood	34	79	29	84	42
minecraft:mud	1	81	29	81	29
minecraft:blackstone	1	82	29	82	29
minecraft:acacia_wood	7	83	29	86	31
minecraft:stone	1	86	29	86	29
minecraft:acacia_wood	99	92	29	115	46
minecraft:moss_block	1	95	29	95	29
minecraft:pale_moss_block	1	99	29	99	29
minecraft:stone	2	100	29	101	29
minecraft:cyan_terracotta	1	103	29	103	29
minecraft:pale_moss_block	1	104	29	104	29
minecraft:tuff	35	103	29	116	39
minecraft:acacia_wood	2	122	29	122	30
minecraft:cyan_terracotta	1	127	29	127	29
minecraft:acacia_wood	6	139	29	141	31
minecraft:stone	8	148	29	151	33
minecraft:pale_oak_wood	1	154	29	154	29
minecraft:pale_oak_wood	2	163	29	163	30
minecraft:smooth_basalt	1	175	29	175	29
minecraft:acacia_wood	19	185	29	188	35
minecraft:cyan_terracotta	6	188	29	189	32
minecraft:stone	1	197	29	197	29
minecraft:pale_moss_block	23	196	29	201	33
minecraft:cyan_terracotta	1	216	29	216	29
minecraft:mud	1	217	29	217	29
minecraft:smooth_basalt	7	215	29	218	31
minecraft:mud	2	231	29	232	29
minecraft:cyan_terracotta	4	247	29	248	31
minecraft:mud	59	241	29	251	43
minecraft:cyan_terracotta	2	258	29	258	30
minecraft:pale_moss_block	67	248	29	262	41
minecraft:cyan_terracotta	3	260	29	261	30
minecraft:cyan_terracotta	1	270	29	270	29
minecraft:acacia_wood	1	281	29	281	29
minecraft:acacia_wood	1	285	29	285	29
minecraft:stone	1	286	29	286	29
minecraft:pale_oak_wood	14	286	29	290	33
minecraft:cyan_terracotta	12	300	29	304	34
minecraft:acacia_wood	1	315	29	315	29
minecraft:stone	1	317	29	317	29
minecraft:grass_block	1	331	29	331	29
minecraft:acacia_wood	1	37	30	37	30
minecraft:white_concrete	3	40	30	41	31
minecraft:gray_wool	1	41	30	41	30
minecraft:smooth_basalt	1	42	30	42	30
minecraft:pale_moss_block	9	54	30	56	34
minecraft:grass_block	1	55	30	55	30
minecraft:pale_moss_block	1	57	30	57	30
minecraft:acacia_wood	1	62	30	62	30
minecraft:stone	1	63	30	63	30
minecraft:stone	711	30	30	88	97
minecraft:mud	6	82	30	83	34
minecraft:cyan_terracotta	1	87	30	87	30
minecraft:cyan_terracotta	1	95	30	95	30
minecraft:acacia_wood	1	96	30	96	30
minecraft:mud	1	97	30	97	30
minecraft:pale_moss_block	1	100	30	100	30
minecraft:tuff	1	101	30	101	30
minecraft:cyan_terracotta	1	104	30	104	30
minecraft:pale_moss_block	1	105	30	105	30
minecraft:acacia_wood	1	120	30	120	30
minecraft:stone	1	121	30	121	30
minecraft:pale_moss_block	8	134	30	136	34
minecraft:mud	14	136	30	143	33
minecraft:stone	1	142	30	142	30
minecraft:stone	1	151	30	151	30
minecraft:acacia_wood	1	155	30	155	30
minecraft:blackstone	2	164	30	164	31
minecraft:stone	1	166	30	166	30
minecraft:pale_oak_wood	2	176	30	176	31
minecraft:cyan_terracotta	1	196	30	196	30
minecraft:acacia_wood	1	209	30	209	30
minecraft:blackstone	1	215	30	215	30
minecraft:mud	1	216	30	216	30
minecraft:mud	1	219	30	219	30
minecraft:basalt	1	220	30	220	30
minecraft:cyan_terracotta	1	221	30	221	30
minecraft:mud	3	255	30	255	32
minecraft:acacia_wood	4	256	30	257	32
minecraft:basalt	4	262	30	265	30
minecraft:stone	1	285	30	285	30
minecraft:acacia_wood	2	313	30	314	30
minecraft:stone	11	313	30	316	34
minecraft:dripstone_block	2	0	31	0	32
minecraft:stone	2	15	31	15	32
minecraft:acacia_wood	1	38	31	38	31
minecraft:gray_wool	1	42	31	42	31
minecraft:smooth_basalt	1	43	31	43	31
minecraft:mud	1	44	31	44	31
minecraft:grass_block	88	56	31	71	43
minecraft:pale_moss_block	1	58	31	58	31
minecraft:pale_moss_block	1	63	31	63	31
minecraft:grass_block	2	69	31	70	31
minecraft:mud	1	71	31	71	31
minecraft:moss_block	2	75	31	75	32
minecraft:smooth_basalt	2	83	31	83	32
minecraft:cyan_terracotta	2	84	31	84	32
minecraft:cyan_terracotta	1	86	31	86	31
minecraft:moss_block	15	88	31	93	36
minecraft:pale_moss_block	1	101	31	101	31
minecraft:acacia_wood	1	105	31	105	31
minecraft:cobblestone	1	107	31	107	31
minecraft:light_gray_wool	1	116	31	116	31
minecraft:acacia_wood	1	121	31	121	31
minecraft:cyan_terracotta	4	136	31	138	32
minecraft:acacia_wood	1	143	31	143	31
minecraft:cobblestone	19	147	31	152	38
minecraft:pale_moss_block	52	157	31	166	44
minecraft:smooth_basalt	17	173	31	176	37
minecraft:cyan_terracotta	1	185	31	185	31
minecraft:cyan_terracotta	3	195	31	195	33
minecraft:cyan_terracotta	25	201	31	206	39
minecraft:cyan_terracotta	5	207	31	209	32
minecraft:basalt	8	213	31	217	33
minecraft:basalt	1	219	31	219	31
minecraft:mud	5	218	31	220	33
minecraft:basalt	4	221	31	222	32
minecraft:cyan_terracotta	2	263	31	264	31
minecraft:blackstone	15	263	31	267	36
minecraft:basalt	1	268	31	268	31
minecraft:pale_moss_block	2	271	31	271	32
minecraft:pale_moss_block	1	279	31	279	31
minecraft:acacia_wood	1	285	31	285	31
minecraft:stone	173	266	31	288	58
minecraft:acacia_wood	1	298	31	298	31
minecraft:basalt	15	304	31	308	38
minecraft:pale_moss_block	4	312	31	313	33
minecraft:moss_block	1	325	31	325	31
minecraft:stone	1	326	31	326	31
minecraft:stone	1	1	32	1	32
minecraft:stone	72	26	32	30	55
minecraft:mud	2	40	32	41	32
minecraft:pale_moss_block	1	42	32	42	32
minecraft:mud	1	43	32	43	32
minecraft:basalt	1	44	32	44	32
minecraft:pale_moss_block	1	52	32	52	32
minecraft:pale_moss_block	21	59	32	65	38
minecraft:basalt	2	70	32	71	32
minecraft:stone	17	91	32	96	39
minecraft:acacia_wood	1	98	32	98	32
minecraft:stone	1	102	32	102	32
minecraft:stone	2	107	32	108	32
minecraft:tuff	1	109	32	109	32
minecraft:cyan_terracotta	1	128	32	128	32
minecraft:grass_block	8	132	32	134	34
minecraft:pale_oak_wood	1	144	32	144	32
minecraft:acacia_wood	18	141	32	147	36
minecraft:cyan_terracotta	18	163	32	170	36
minecraft:pale_oak_wood	1	170	32	170	32
minecraft:pale_oak_wood	1	177	32	177	32
minecraft:mud	1	204	32	204	32
minecraft:acacia_wood	2	232	32	232	33
minecraft:grass_block	1	242	32	242	32
minecraft:cyan_terracotta	3	245	32	246	33
minecraft:basalt	7	261	32	264	35
minecraft:cyan_terracotta	1	267	32	267	32
minecraft:pale_moss_block	2	273	32	274	32
minecraft:cyan_terracotta	1	279	32	279	32
minecraft:acacia_wood	1	287	32	287	32
minecraft:cyan_terracotta	1	297	32	297	32
minecraft:acacia_wood	1	316	32	316	32
minecraft:moss_block	1	326	32	326	32
minecraft:stone	2	16	33	16	34
minecraft:white_concrete	1	42	33	42	33
minecraft:mud	1	45	33	45	33
minecraft:basalt	1	51	33	51	33
minecraft:acacia_wood	1	52	33	52	33
minecraft:mud	1	71	33	71	33
minecraft:acacia_wood	1	83	33	83	33
minecraft:acacia_wood	2	87	33	87	34
minecraft:pale_moss_block	1	97	33	97	33
minecraft:cyan_terracotta	1	98	33	98	33
minecraft:acacia_wood	1	99	33	99	33
minecraft:pale_moss_block	1	100	33	100	33
minecraft:cobblestone	1	103	33	103	33
minecraft:stone	1	104	33	104	33
minecraft:acacia_wood	1	107	33	107	33
minecraft:pale_oak_wood	4	108	33	110	34
minecraft:tuff	1	110	33	110	33
minecraft:mud	1	131	33	131	33
minecraft:stone	9	136	33	138	37
minecraft:acacia_wood	1	138	33	138	33
minecraft:blackstone	1	144	33	144	33
minecraft:andesite	1	147	33	147	33
minecraft:pale_oak_wood	3	178	33	178	35
minecraft:pale_moss_block	1	182	33	182	33
minecraft:acacia_wood	61	191	33	199	41
minecraft:acacia_wood	1	204	33	204	33
minecraft:mud	1	205	33	205	33
minecraft:acacia_wood	16	205	33	209	37
minecraft:cyan_terracotta	1	212	33	212	33
minecraft:blackstone	2	213	33	214	33
minecraft:cyan_terracotta	13	212	33	218	36
minecraft:basalt	2	219	33	220	33
minecraft:mud	1	221	33	221	33
minecraft:cyan_terracotta	1	222	33	222	33
minecraft:acacia_wood	5	241	33	243	34
minecraft:acacia_wood	1	262	33	262	33
minecraft:basalt	1	267	33	267	33
minecraft:pale_moss_block	1	278	33	278	33
minecraft:acacia_wood	4	278	33	279	35
minecraft:acacia_wood	1	294	33	294	33
minecraft:cyan_terracotta	3	298	33	299	34
minecraft:moss_block	16	298	33	300	40
minecraft:pale_moss_block	47	301	33	306	45
minecraft:moss_block	1	331	33	331	33
minecraft:dripstone_block	1	0	34	0	34
minecraft:pale_moss_block	1	42	34	42	34
minecraft:cyan_terracotta	3	49	34	50	35
minecraft:pale_moss_block	2	51	34	51	35
minecraft:acacia_wood	18	53	34	57	39
minecraft:smooth_basalt	1	83	34	83	34
minecraft:acacia_wood	2	84	34	84	35
minecraft:pale_moss_block	1	93	34	93	34
minecraft:pale_moss_block	1	99	34	99	34
minecraft:cobblestone	1	104	34	104	34
minecraft:stone	4	105	34	106	36
minecraft:acacia_wood	1	121	34	121	34
minecraft:cyan_terracotta	4	128	34	130	35
minecraft:blackstone	1	131	34	131	34
minecraft:acacia_wood	9	134	34	137	37
minecraft:acacia_wood	11	139	34	140	39
minecraft:mud	18	140	34	144	39
minecraft:blackstone	1	145	34	145	34
minecraft:andesite	1	148	34	148	34
minecraft:andesite	2	150	34	150	35
minecraft:pale_moss_block	1	166	34	166	34
minecraft:pale_moss_block	2	184	34	184	35
minecraft:cyan_terracotta	13	188	34	189	44
minecraft:basalt	1	200	34	200	34
minecraft:cyan_terracotta	4	209	34	211	35
minecraft:blackstone	3	211	34	212	35
minecraft:smooth_basalt	2	213	34	213	35
minecraft:pale_moss_block	6	218	34	221	35
minecraft:cyan_terracotta	1	221	34	221	34
minecraft:mud	1	222	34	222	34
minecraft:cyan_terracotta	5	222	34	224	36
minecraft:cyan_terracotta	4	240	34	241	36
minecraft:pale_moss_block	1	241	34	241	34
minecraft:cyan_terracotta	2	244	34	244	35
minecraft:blackstone	4	246	34	248	35
minecraft:acacia_wood	1	252	34	252	34
minecraft:stone	2	255	34	256	34
minecraft:acacia_wood	2	260	34	261	34
minecraft:basalt	2	266	34	266	35
minecraft:pale_moss_block	71	255	34	273	46
minecraft:pale_moss_block	6	275	34	277	37
minecraft:acacia_wood	2	282	34	282	35
minecraft:stone	5	292	34	293	36
minecraft:acacia_wood	8	304	34	306	37
minecraft:stone	6	0	35	1	38
minecraft:stone	2	17	35	18	35
minecraft:snow_block	38	28	35	31	55
minecraft:pale_moss_block	1	53	35	53	35
minecraft:pale_moss_block	1	66	35	66	35
minecraft:pale_moss_block	2	70	35	71	35
minecraft:acacia_wood	3	72	35	73	36
minecraft:mud	3	83	35	84	36
minecraft:pale_oak_wood	1	85	35	85	35
minecraft:cyan_terracotta	22	87	35	94	41
minecraft:acacia_wood	1	89	35	89	35
minecraft:pale_moss_block	1	94	35	94	35
minecraft:cyan_terracotta	1	97	35	97	35
minecraft:stone	6	101	35	104	37
minecraft:mud	1	111	35	111	35
minecraft:pale_oak_wood	1	112	35	112	35
minecraft:pale_moss_block	6	121	35	122	38
minecraft:cyan_terracotta	1	122	35	122	35
minecraft:stone	12	122	35	126	40
minecraft:acacia_wood	1	131	35	131	35
minecraft:blackstone	13	132	35	134	42
minecraft:mud	1	133	35	133	35
minecraft:mud	1	148	35	148	35
minecraft:acacia_wood	21	161	35	166	42
minecraft:basalt	15	164	35	170	39
minecraft:cyan_terracotta	2	185	35	185	36
minecraft:basalt	1	194	35	194	35
minecraft:pale_moss_block	1	200	35	200	35
minecraft:basalt	19	199	35	203	41
minecraft:acacia_wood	1	232	35	232	35
minecraft:basalt	4	241	35	243	36
minecraft:mud	1	279	35	279	35
minecraft:acacia_wood	1	295	35	295	35
minecraft:cyan_terracotta	1	297	35	297	35
minecraft:coal_ore	1	1	36	1	36
minecraft:basalt	10	50	36	53	39
minecraft:cyan_terracotta	3	66	36	66	38
minecraft:cyan_terracotta	1	71	36	71	36
minecraft:acacia_wood	3	85	36	85	38
minecraft:acacia_wood	11	91	36	94	39
minecraft:cobblestone	1	106	36	106	36
minecraft:stone	1	107	36	107	36
minecraft:mud	1	112	36	112	36
minecraft:pale_oak_wood	1	113	36	113	36
minecraft:acacia_wood	4	115	36	116	37
minecraft:cyan_terracotta	2	123	36	123	37
minecraft:mud	1	124	36	124	36
minecraft:acacia_wood	5	129	36	131	38
minecraft:cyan_terracotta	1	131	36	131	36
minecraft:blackstone	1	144	36	144	36
minecraft:pale_oak_wood	1	147	36	147	36
minecraft:acacia_wood	1	148	36	148	36
minecraft:stone	1	153	36	153	36
minecraft:pale_oak_wood	1	177	36	177	36
minecraft:smooth_basalt	9	186	36	188	40
minecraft:smooth_basalt	3	210	36	211	37
minecraft:pale_moss_block	4	215	36	217	37
minecraft:stone	40	216	36	223	45
minecraft:pale_moss_block	1	222	36	222	36
minecraft:pale_moss_block	1	239	36	239	36
minecraft:cyan_terracotta	1	259	36	259	36
minecraft:basalt	1	260	36	260	36
minecraft:blackstone	1	261	36	261	36
minecraft:grass_block	3	261	36	262	37
minecraft:basalt	7	263	36	265	39
minecraft:acacia_wood	3	266	36	267	37
minecraft:acacia_wood	1	277	36	277	36
minecraft:moss_block	7	277	36	279	38
minecraft:acacia_wood	2	280	36	280	37
minecraft:acacia_wood	1	296	36	296	36
minecraft:cyan_terracotta	2	298	36	298	37
minecraft:moss_block	4	303	36	304	37
minecraft:basalt	1	311	36	311	36
minecraft:pale_moss_block	4	315	36	316	38
minecraft:cyan_terracotta	1	318	36	318	36
minecraft:acacia_wood	2	34	37	34	38
minecraft:white_concrete	1	41	37	41	37
minecraft:basalt	1	55	37	55	37
minecraft:acacia_wood	1	60	37	60	37
minecraft:smooth_basalt	2	83	37	84	37
minecraft:stone	1	106	37	106	37
minecraft:mud	1	113	37	113	37
minecraft:acacia_wood	2	124	37	124	38
minecraft:cyan_terracotta	1	136	37	136	37
minecraft:blackstone	7	144	37	147	39
minecraft:pale_oak_wood	1	148	37	148	37
minecraft:acacia_wood	1	149	37	149	37
minecraft:pale_moss_block	1	155	37	155	37
minecraft:cyan_terracotta	1	167	37	167	37
minecraft:acacia_wood	5	175	37	177	39
minecraft:cyan_terracotta	2	186	37	186	38
minecraft:mud	9	205	37	209	40
minecraft:acacia_wood	27	207	37	212	45
minecraft:stone	4	212	37	214	38
minecraft:grass_block	1	226	37	226	37
minecraft:cyan_terracotta	8	225	37	228	40
minecraft:pale_moss_block	1	229	37	229	37
minecraft:acacia_wood	1	231	37	231	37
minecraft:cyan_terracotta	1	239	37	239	37
minecraft:smooth_basalt	1	240	37	240	37
minecraft:cyan_terracotta	1	249	37	249	37
minecraft:cyan_terracotta	7	255	37	258	40
minecraft:basalt	1	259	37	259	37
minecraft:blackstone	12	257	37	262	40
minecraft:stone	30	266	37	274	43
minecraft:acacia_wood	3	275	37	276	38
minecraft:pale_oak_wood	1	281	37	281	37
minecraft:acacia_wood	1	293	37	293	37
minecraft:cyan_terracotta	1	317	37	317	37
minecraft:pale_moss_block	1	318	37	318	37
minecraft:acacia_wood	1	319	37	319	37
minecraft:stone	3	31	38	31	40
minecraft:mud	1	40	38	40	38
minecraft:cyan_terracotta	16	65	38	71	44
minecraft:acacia_wood	8	71	38	73	41
minecraft:smooth_basalt	1	81	38	81	38
minecraft:mud	5	82	38	84	39
minecraft:moss_block	1	100	38	100	38
minecraft:cobblestone	5	108	38	110	40
minecraft:stone	1	109	38	109	38
minecraft:stone	1	119	38	119	38
minecraft:cyan_terracotta	1	130	38	130	38
minecraft:cyan_terracotta	10	131	38	132	43
minecraft:cyan_terracotta	48	134	38	139	54
minecraft:pale_moss_block	19	136	38	143	44
minecraft:cyan_terracotta	2	138	38	138	39
minecraft:mud	22	145	38	151	43
minecraft:pale_oak_wood	1	149	38	149	38
minecraft:acacia_wood	1	150	38	150	38
minecraft:basalt	1	165	38	165	38
minecraft:basalt	14	166	38	168	45
minecraft:cyan_terracotta	7	168	38	169	42
minecraft:basalt	1	198	38	198	38
minecraft:acacia_wood	1	206	38	206	38
minecraft:pale_moss_block	1	214	38	214	38
minecraft:acacia_wood	4	215	38	217	39
minecraft:cyan_terracotta	1	216	38	216	38
minecraft:mud	1	232	38	232	38
minecraft:pale_moss_block	348	219	38	248	74
minecraft:acacia_wood	1	239	38	239	38
minecraft:cyan_terracotta	13	238	38	240	44
minecraft:cyan_terracotta	4	246	38	248	39
minecraft:mud	1	259	38	259	38
minecraft:acacia_wood	1	265	38	265	38
minecraft:pale_moss_block	1	273	38	273	38
minecraft:stone	1	274	38	274	38
minecraft:acacia_wood	1	279	38	279	38
minecraft:stone	10	284	38	287	42
minecraft:cyan_terracotta	1	297	38	297	38
minecraft:cyan_terracotta	4	300	38	301	40
minecraft:acacia_wood	14	313	38	318	41
minecraft:pale_moss_block	5	318	38	320	40
minecraft:stone	2	324	38	324	39
minecraft:cyan_terracotta	1	326	38	326	38
minecraft:stone	1	327	38	327	38
minecraft:stone	10	23	39	23	48
minecraft:white_concrete	8	38	39	41	41
minecraft:pale_moss_block	4	47	39	47	42
minecraft:acacia_wood	29	51	39	58	45
minecraft:acacia_wood	1	53	39	53	39
minecraft:dirt	9	54	39	57	41
minecraft:cyan_terracotta	1	65	39	65	39
minecraft:moss_block	1	77	39	77	39
minecraft:smooth_basalt	2	85	39	85	40
minecraft:acacia_wood	7	86	39	88	43
minecraft:pale_moss_block	2	93	39	94	39
minecraft:pale_moss_block	29	92	39	98	50
minecraft:stone	1	106	39	106	39
minecraft:stone	1	114	39	114	39
minecraft:acacia_wood	1	115	39	115	39
minecraft:stone	8	128	39	130	42
minecraft:stone	1	150	39	150	39
minecraft:pale_moss_block	10	156	39	159	43
minecraft:pale_moss_block	8	175	39	178	42
minecraft:acacia_wood	9	186	39	186	47
minecraft:mud	4	202	39	203	40
minecraft:stone	3	211	39	212	40
minecraft:pale_moss_block	2	212	39	213	39
minecraft:cyan_terracotta	6	213	39	215	41
minecraft:grass_block	1	226	39	226	39
minecraft:mud	5	227	39	228	42
minecraft:grass_block	5	235	39	236	41
minecraft:stone	1	239	39	239	39
minecraft:mud	1	262	39	262	39
minecraft:acacia_wood	1	264	39	264	39
minecraft:acacia_wood	1	274	39	274	39
minecraft:mud	2	275	39	275	40
minecraft:moss_block	1	276	39	276	39
minecraft:mud	1	277	39	277	39
minecraft:acacia_wood	4	276	39	278	40
minecraft:mud	1	279	39	279	39
minecraft:acacia_wood	1	287	39	287	39
minecraft:stone	1	291	39	291	39
minecraft:acacia_wood	4	292	39	293	41
minecraft:acacia_wood	4	296	39	298	40
minecraft:moss_block	1	304	39	304	39
minecraft:cyan_terracotta	18	306	39	313	42
minecraft:cyan_terracotta	1	320	39	320	39
minecraft:pale_moss_block	1	325	39	325	39
minecraft:moss_block	1	326	39	326	39
minecraft:pale_moss_block	1	327	39	327	39
minecraft:grass_block	1	343	39	343	39
minecraft:packed_ice	18	0	40	2	48
minecraft:cyan_terracotta	1	46	40	46	40
minecraft:basalt	1	53	40	53	40
minecraft:pale_moss_block	98	60	40	76	53
minecraft:smooth_basalt	1	82	40	82	40
minecraft:cyan_terracotta	64	94	40	105	50
minecraft:stone	2	111	40	112	40
minecraft:acacia_wood	2	113	40	114	40
minecraft:tuff	1	115	40	115	40
minecraft:acacia_wood	1	123	40	123	40
minecraft:stone	1	126	40	126	40
minecraft:cyan_terracotta	1	137	40	137	40
minecraft:cyan_terracotta	6	139	40	142	42
minecraft:blackstone	1	141	40	141	40
minecraft:acacia_wood	1	142	40	142	40
minecraft:blackstone	2	143	40	144	40
minecraft:pale_oak_wood	1	150	40	150	40
minecraft:cobblestone	4	153	40	155	41
minecraft:stone	1	155	40	155	40
minecraft:cyan_terracotta	145	167	40	179	74
minecraft:stone	1	178	40	178	40
minecraft:acacia_wood	5	178	40	180	42
minecraft:mud	12	187	40	188	47
minecraft:basalt	1	204	40	204	40
minecraft:smooth_basalt	12	216	40	219	44
minecraft:acacia_wood	3	226	40	226	42
minecraft:smooth_basalt	6	242	40	244	42
minecraft:cyan_terracotta	3	245	40	246	41
minecraft:pale_moss_block	2	246	40	247	40
minecraft:cyan_terracotta	1	248	40	248	40
minecraft:stone	28	244	40	251	47
minecraft:acacia_wood	1	254	40	254	40
minecraft:cyan_terracotta	1	261	40	261	40
minecraft:acacia_wood	1	262	40	262	40
minecraft:moss_block	4	267	40	269	41
minecraft:pale_oak_wood	1	279	40	279	40
minecraft:pale_oak_wood	1	295	40	295	40
minecraft:moss_block	1	296	40	296	40
minecraft:acacia_wood	19	298	40	301	47
minecraft:cyan_terracotta	1	319	40	319	40
minecraft:pale_moss_block	1	324	40	324	40
minecraft:moss_block	1	325	40	325	40
minecraft:pale_moss_block	1	326	40	326	40
minecraft:cyan_terracotta	1	327	40	327	40
minecraft:stone	1	328	40	328	40
minecraft:pale_moss_block	21	35	41	40	46
minecraft:cyan_terracotta	7	42	41	45	43
minecraft:grass_block	2	46	41	46	42
minecraft:cyan_terracotta	1	72	41	72	41
minecraft:cyan_terracotta	5	84	41	87	42
minecraft:basalt	1	91	41	91	41
minecraft:pale_moss_block	13	101	41	105	46
minecraft:stone	2	106	41	106	42
minecraft:cobblestone	14	111	41	118	45
minecraft:stone	1	113	41	113	41
minecraft:tuff	1	117	41	117	41
minecraft:stone	1	123	41	123	41
minecraft:acacia_wood	8	143	41	147	43
minecraft:smooth_basalt	1	150	41	150	41
minecraft:stone	1	152	41	152	41
minecraft:acacia_wood	3	152	41	153	42
minecraft:stone	57	154	41	162	58
minecraft:smooth_basalt	1	201	41	201	41
minecraft:basalt	6	201	41	204	42
minecraft:mud	1	204	41	204	41
minecraft:cyan_terracotta	24	199	41	208	46
minecraft:mud	13	214	41	219	46
minecraft:acacia_wood	1	218	41	218	41
minecraft:acacia_wood	1	229	41	229	41
minecraft:acacia_wood	1	253	41	253	41
minecraft:basalt	1	254	41	254	41
minecraft:mud	7	253	41	256	43
minecraft:blackstone	1	256	41	256	41
minecraft:mud	2	257	41	258	41
minecraft:cyan_terracotta	1	259	41	259	41
minecraft:grass_block	1	268	41	268	41
minecraft:pale_oak_wood	1	274	41	274	41
minecraft:blackstone	1	275	41	275	41
minecraft:mud	2	276	41	277	41
minecraft:pale_oak_wood	1	278	41	278	41
minecraft:acacia_wood	1	294	41	294	41
minecraft:pale_oak_wood	1	296	41	296	41
minecraft:moss_block	1	297	41	297	41
minecraft:stone	2	306	41	306	42
minecraft:pale_moss_block	48	307	41	318	47
minecraft:acacia_wood	1	318	41	318	41
minecraft:pale_moss_block	1	319	41	319	41
minecraft:cyan_terracotta	1	320	41	320	41
minecraft:stone	24	323	41	328	48
minecraft:acacia_wood	1	326	41	326	41
minecraft:stone	1	327	41	327	41
minecraft:acacia_wood	4	327	41	329	42
minecraft:basalt	9	57	42	60	46
minecraft:stone	1	83	42	83	42
minecraft:acacia_wood	2	84	42	85	42
minecraft:cyan_terracotta	1	91	42	91	42
minecraft:basalt	1	92	42	92	42
minecraft:acacia_wood	1	94	42	94	42
minecraft:cobblestone	1	109	42	109	42
minecraft:stone	1	117	42	117	42
minecraft:tuff	7	118	42	121	44
minecraft:cyan_terracotta	1	125	42	125	42
minecraft:mud	4	133	42	134	44
minecraft:acacia_wood	1	141	42	141	42
minecraft:stone	1	142	42	142	42
minecraft:stone	43	162	42	167	55
minecraft:cyan_terracotta	1	177	42	177	42
minecraft:smooth_basalt	1	188	42	188	42
minecraft:mud	1	213	42	213	42
minecraft:smooth_basalt	1	214	42	214	42
minecraft:acacia_wood	1	219	42	219	42
minecraft:acacia_wood	1	228	42	228	42
minecraft:cyan_terracotta	4	229	42	230	44
minecraft:cyan_terracotta	1	244	42	244	42
minecraft:acacia_wood	3	245	42	246	43
minecraft:pale_moss_block	1	251	42	251	42
minecraft:basalt	2	252	42	253	42
minecraft:cyan_terracotta	1	257	42	257	42
minecraft:mud	1	270	42	270	42
minecraft:mud	1	272	42	272	42
minecraft:grass_block	1	274	42	274	42
minecraft:moss_block	1	275	42	275	42
minecraft:pale_oak_wood	3	276	42	277	43
minecraft:light_gray_wool	6	284	42	285	45
minecraft:pale_oak_wood	15	294	42	299	46
minecraft:acacia_wood	6	306	42	308	44
minecraft:cyan_terracotta	1	319	42	319	42
minecraft:acacia_wood	1	325	42	325	42
minecraft:stone	1	329	42	329	42
minecraft:iron_ore	2	29	43	29	44
minecraft:stone	1	31	43	31	43
minecraft:acacia_wood	1	36	43	36	43
minecraft:pale_moss_block	1	46	43	46	43
minecraft:cyan_terracotta	9	44	43	47	48
minecraft:pale_moss_block	12	47	43	49	50
minecraft:dirt	3	54	43	54	45
minecraft:mud	2	55	43	56	43
minecraft:basalt	1	64	43	64	43
minecraft:cyan_terracotta	1	73	43	73	43
minecraft:pale_moss_block	76	82	43	94	61
minecraft:acacia_wood	1	86	43	86	43
minecraft:pale_moss_block	1	87	43	87	43
minecraft:pale_oak_wood	1	91	43	91	43
minecraft:moss_block	5	105	43	107	45
minecraft:cyan_terracotta	2	107	43	108	43
minecraft:stone	1	109	43	109	43
minecraft:mud	1	110	43	110	43
minecraft:stone	56	141	43	151	52
minecraft:acacia_wood	6	148	43	151	45
minecraft:smooth_basalt	2	150	43	151	43
minecraft:mud	4	151	43	152	45
minecraft:stone	1	153	43	153	43
minecraft:acacia_wood	4	153	43	154	45
minecraft:cobblestone	1	157	43	157	43
minecraft:blackstone	2	169	43	169	44
minecraft:pale_moss_block	1	174	43	174	43
minecraft:acacia_wood	1	177	43	177	43
minecraft:smooth_basalt	2	178	43	178	44
minecraft:acacia_wood	2	179	43	179	44
minecraft:smooth_basalt	7	211	43	213	45
minecraft:stone	1	226	43	226	43
minecraft:smooth_basalt	1	227	43	227	43
minecraft:mud	1	228	43	228	43
minecraft:acacia_wood	90	231	43	237	58
minecraft:acacia_wood	11	240	43	244	46
minecraft:pale_moss_block	1	250	43	250	43
minecraft:cyan_terracotta	1	251	43	251	43
minecraft:smooth_basalt	5	252	43	253	46
minecraft:cyan_terracotta	1	256	43	256	43
minecraft:acacia_wood	1	270	43	270	43
minecraft:pale_oak_wood	2	271	43	272	43
minecraft:grass_block	2	273	43	273	44
minecraft:moss_block	1	274	43	274	43
minecraft:grass_block	1	275	43	275	43
minecraft:grass_block	8	279	43	282	46
minecraft:light_gray_wool	1	282	43	282	43
minecraft:pale_oak_wood	1	289	43	289	43
minecraft:grass_block	38	319	43	323	55
minecraft:acacia_wood	1	329	43	329	43
minecraft:stone	1	330	43	330	43
minecraft:cyan_terracotta	42	33	44	38	55
minecraft:cyan_terracotta	1	41	44	41	44
minecraft:basalt	26	37	44	44	51
minecraft:dirt	3	45	44	45	46
minecraft:mud	3	49	44	50	45
minecraft:grass_block	1	51	44	51	44
minecraft:acacia_wood	12	61	44	64	48
minecraft:basalt	3	62	44	63	45
minecraft:basalt	11	64	44	66	49
minecraft:acacia_wood	1	69	44	69	44
minecraft:moss_block	3	77	44	79	44
minecraft:acacia_wood	1	81	44	81	44
minecraft:cyan_terracotta	6	86	44	88	46
minecraft:pale_moss_block	2	88	44	88	45
minecraft:acacia_wood	1	89	44	89	44
minecraft:mud	2	90	44	91	44
minecraft:pale_moss_block	1	99	44	99	44
minecraft:acacia_wood	5	108	44	111	45
minecraft:stone	1	110	44	110	44
minecraft:mud	1	111	44	111	44
minecraft:basalt	1	132	44	132	44
minecraft:acacia_wood	1	140	44	140	44
minecraft:cobblestone	1	155	44	155	44
minecraft:acacia_wood	1	176	44	176	44
minecraft:mud	28	176	44	180	52
minecraft:smooth_basalt	1	188	44	188	44
minecraft:stone	62	190	44	198	53
minecraft:cyan_terracotta	3	199	44	199	46
minecraft:acacia_wood	28	198	44	206	49
minecraft:mud	18	208	44	212	49
minecraft:mud	1	213	44	213	44
minecraft:smooth_basalt	1	214	44	214	44
minecraft:acacia_wood	1	220	44	220	44
minecraft:acacia_wood	2	227	44	227	45
minecraft:grass_block	1	228	44	228	44
minecraft:mud	17	228	44	230	55
minecraft:cyan_terracotta	1	250	44	250	44
minecraft:mud	22	246	44	252	50
minecraft:blackstone	1	254	44	254	44
minecraft:cyan_terracotta	1	255	44	255	44
minecraft:stone	87	247	44	265	59
minecraft:acacia_wood	2	266	44	267	44
minecraft:mud	1	268	44	268	44
minecraft:blackstone	2	269	44	270	44
minecraft:moss_block	2	271	44	272	44
minecraft:acacia_wood	1	274	44	274	44
minecraft:light_gray_wool	1	276	44	276	44
minecraft:pale_oak_wood	1	285	44	285	44
minecraft:pale_oak_wood	5	286	44	288	46
minecraft:acacia_wood	1	328	44	328	44
minecraft:stone	1	329	44	329	44
minecraft:grass_block	4	344	44	345	46
minecraft:stone	1	31	45	31	45
minecraft:basalt	7	34	45	36	48
minecraft:acacia_wood	1	44	45	44	45
minecraft:pale_moss_block	1	50	45	50	45
minecraft:mud	1	51	45	51	45
minecraft:grass_block	1	52	45	52	45
minecraft:pale_moss_block	1	53	45	53	45
minecraft:pale_moss_block	8	54	45	56	48
minecraft:cyan_terracotta	1	67	45	67	45
minecraft:cyan_terracotta	1	73	45	73	45
minecraft:pale_oak_wood	2	78	45	79	45
minecraft:smooth_basalt	5	89	45	91	46
minecraft:pale_moss_block	1	97	45	97	45
minecraft:acacia_wood	7	100	45	102	48
minecraft:acacia_wood	1	103	45	103	45
minecraft:stone	1	104	45	104	45
minecraft:acacia_wood	4	106	45	107	47
minecraft:pale_moss_block	66	108	45	121	73
minecraft:stone	1	112	45	112	45
minecraft:stone	1	118	45	118	45
minecraft:cobblestone	9	119	45	122	48
minecraft:blackstone	3	132	45	133	46
minecraft:mud	1	135	45	135	45
minecraft:blackstone	6	137	45	140	46
minecraft:acacia_wood	4	140	45	141	47
minecraft:pale_oak_wood	1	153	45	153	45
minecraft:cobblestone	1	156	45	156	45
minecraft:acacia_wood	3	189	45	190	46
minecraft:acacia_wood	1	198	45	198	45
minecraft:acacia_wood	13	213	45	216	50
minecraft:smooth_basalt	13	218	45	221	50
minecraft:basalt	1	230	45	230	45
minecraft:cyan_terracotta	1	238	45	238	45
minecraft:pale_oak_wood	1	245	45	245	45
minecraft:cyan_terracotta	1	249	45	249	45
minecraft:basalt	1	254	45	254	45
minecraft:acacia_wood	2	264	45	264	46
minecraft:mud	19	264	45	269	49
minecraft:grass_block	5	267	45	271	45
minecraft:acacia_wood	2	272	45	273	45
minecraft:pale_oak_wood	1	274	45	274	45
minecraft:grass_block	1	285	45	285	45
minecraft:pale_oak_wood	2	290	45	291	45
minecraft:stone	74	298	45	309	59
minecraft:acacia_wood	1	317	45	317	45
minecraft:pale_moss_block	4	334	45	335	47
minecraft:acacia_wood	1	341	45	341	45
minecraft:gravel	1	32	46	32	46
minecraft:acacia_wood	1	39	46	39	46
minecraft:dirt	10	42	46	43	50
minecraft:pale_moss_block	2	44	46	44	47
minecraft:cyan_terracotta	3	49	46	49	48
minecraft:mud	4	50	46	51	48
minecraft:pale_moss_block	6	51	46	52	49
minecraft:mud	3	53	46	54	47
minecraft:cyan_terracotta	12	57	46	60	49
minecraft:stone	1	72	46	72	46
minecraft:acacia_wood	1	73	46	73	46
minecraft:mud	1	75	46	75	46
minecraft:acacia_wood	4	79	46	81	47
minecraft:pale_moss_block	2	89	46	89	47
minecraft:mud	1	92	46	92	46
minecraft:stone	19	101	46	105	51
minecraft:acacia_wood	1	104	46	104	46
minecraft:tuff	102	111	46	126	68
minecraft:acacia_wood	1	112	46	112	46
minecraft:tuff	1	113	46	113	46
minecraft:cobblestone	1	115	46	115	46
minecraft:acacia_wood	6	116	46	118	47
minecraft:stone	1	121	46	121	46
minecraft:acacia_wood	2	131	46	131	47
minecraft:basalt	11	132	46	135	52
minecraft:blackstone	4	134	46	135	48
minecraft:pale_oak_wood	15	152	46	155	52
minecraft:mud	1	153	46	153	46
minecraft:cobblestone	1	157	46	157	46
minecraft:acacia_wood	17	159	46	163	55
minecraft:pale_moss_block	1	166	46	166	46
minecraft:acacia_wood	64	172	46	183	62
minecraft:acacia_wood	5	180	46	180	50
minecraft:pale_moss_block	1	198	46	198	46
minecraft:pale_oak_wood	1	213	46	213	46
minecraft:acacia_wood	2	221	46	221	47
minecraft:cyan_terracotta	1	227	46	227	46
minecraft:cyan_terracotta	1	230	46	230	46
minecraft:stone	1	240	46	240	46
minecraft:stone	6	241	46	243	48
minecraft:pale_oak_wood	3	244	46	245	47
minecraft:cyan_terracotta	1	248	46	248	46
minecraft:cyan_terracotta	1	254	46	254	46
minecraft:blackstone	1	270	46	270	46
minecraft:mud	2	271	46	272	46
minecraft:pale_oak_wood	2	273	46	273	47
minecraft:light_gray_wool	1	285	46	285	46
minecraft:grass_block	45	285	46	290	56
minecraft:stone	1	291	46	291	46
minecraft:pale_oak_wood	1	292	46	292	46
minecraft:stone	4	296	46	299	46
minecraft:moss_block	3	304	46	304	48
minecraft:moss_block	30	303	46	312	61
minecraft:stone	4	323	46	323	49
minecraft:acacia_wood	2	336	46	336	47
minecraft:stone	10	31	47	32	54
minecraft:moss_block	3	71	47	72	48
minecraft:mud	1	76	47	76	47
minecraft:acacia_wood	2	87	47	88	47
minecraft:acacia_wood	1	90	47	90	47
minecraft:mud	1	91	47	91	47
minecraft:smooth_basalt	20	91	47	95	55
minecraft:pale_moss_block	1	100	47	100	47
minecraft:pale_moss_block	1	106	47	106	47
minecraft:moss_block	3	108	47	108	49
minecraft:mud	1	109	47	109	47
minecraft:acacia_wood	1	113	47	113	47
minecraft:mud	1	115	47	115	47
minecraft:stone	6	121	47	123	49
minecraft:mud	17	138	47	140	53
minecraft:pale_oak_wood	6	148	47	150	50
minecraft:acacia_wood	1	155	47	155	47
minecraft:mud	1	168	47	168	47
minecraft:smooth_basalt	10	188	47	189	51
minecraft:pale_oak_wood	11	190	47	191	53
minecraft:stone	60	202	47	211	61
minecraft:pale_oak_wood	30	205	47	214	57
minecraft:acacia_wood	1	207	47	207	47
minecraft:stone	2	216	47	216	48
minecraft:acacia_wood	5	217	47	219	49
minecraft:basalt	6	230	47	231	51
minecraft:acacia_wood	2	240	47	240	48
minecraft:acacia_wood	1	247	47	247	47
minecraft:smooth_basalt	1	252	47	252	47
minecraft:cyan_terracotta	1	253	47	253	47
minecraft:acacia_wood	2	263	47	263	48
minecraft:acacia_wood	5	268	47	272	47
minecraft:light_gray_wool	17	271	47	276	52
minecraft:pale_oak_wood	3	284	47	285	48
minecraft:pale_oak_wood	5	290	47	291	50
minecraft:acacia_wood	2	342	47	342	48
minecraft:grass_block	1	348	47	348	47
minecraft:acacia_wood	1	38	48	38	48
minecraft:acacia_wood	1	40	48	40	48
minecraft:pale_moss_block	14	41	48	46	52
minecraft:cyan_terracotta	1	47	48	47	48
minecraft:stone	4	53	48	54	50
minecraft:acacia_wood	1	56	48	56	48
minecraft:acacia_wood	1	66	48	66	48
minecraft:stone	1	72	48	72	48
minecraft:acacia_wood	1	73	48	73	48
minecraft:mud	1	75	48	75	48
minecraft:cyan_terracotta	1	88	48	88	48
minecraft:acacia_wood	2	89	48	89	49
minecraft:pale_oak_wood	1	90	48	90	48
minecraft:acacia_wood	64	103	48	116	65
minecraft:pale_moss_block	2	107	48	107	49
minecraft:acacia_wood	3	109	48	109	50
minecraft:acacia_wood	1	119	48	119	48
minecraft:pale_moss_block	5	123	48	125	50
minecraft:light_gray_wool	3	146	48	147	49
minecraft:light_gray_wool	3	150	48	151	49
minecraft:mud	1	154	48	154	48
minecraft:light_gray_wool	2	155	48	155	49
minecraft:acacia_wood	1	167	48	167	48
minecraft:acacia_wood	1	187	48	187	48
minecraft:acacia_wood	1	208	48	208	48
minecraft:smooth_basalt	12	209	48	213	52
minecraft:cyan_terracotta	1	222	48	222	48
minecraft:acacia_wood	17	225	48	228	56
minecraft:cyan_terracotta	2	228	48	228	49
minecraft:acacia_wood	18	241	48	246	54
minecraft:smooth_basalt	1	251	48	251	48
minecraft:cyan_terracotta	1	252	48	252	48
minecraft:pale_moss_block	1	253	48	253	48
minecraft:pale_oak_wood	15	268	48	272	53
minecraft:acacia_wood	29	280	48	286	62
minecraft:stone	66	305	48	317	62
minecraft:pale_moss_block	1	333	48	333	48
minecraft:basalt	1	343	48	343	48
minecraft:grass_block	1	346	48	346	48
minecraft:mud	1	47	49	47	49
minecraft:cyan_terracotta	1	50	49	50	49
minecraft:acacia_wood	94	37	49	55	66
minecraft:acacia_wood	1	57	49	57	49
minecraft:cyan_terracotta	1	65	49	65	49
minecraft:cyan_terracotta	1	69	49	69	49
minecraft:cyan_terracotta	1	71	49	71	49
minecraft:acacia_wood	4	81	49	82	50
minecraft:pale_moss_block	2	90	49	90	50
minecraft:acacia_wood	1	97	49	97	49
minecraft:acacia_wood	7	113	49	116	51
minecraft:stone	1	117	49	117	49
minecraft:acacia_wood	1	120	49	120	49
minecraft:acacia_wood	9	141	49	142	56
minecraft:pale_oak_wood	4	147	49	147	52
minecraft:mud	1	148	49	148	49
minecraft:acacia_wood	1	156	49	156	49
minecraft:andesite	1	157	49	157	49
minecraft:cyan_terracotta	1	167	49	167	49
minecraft:acacia_wood	5	168	49	170	50
minecraft:pale_oak_wood	1	187	49	187	49
minecraft:cyan_terracotta	7	214	49	216	51
minecraft:pale_moss_block	1	217	49	217	49
minecraft:acacia_wood	1	222	49	222	49
minecraft:acacia_wood	1	241	49	241	49
minecraft:stone	1	242	49	242	49
minecraft:cyan_terracotta	1	251	49	251	49
minecraft:light_gray_wool	1	259	49	259	49
minecraft:acacia_wood	1	262	49	262	49
minecraft:smooth_basalt	13	258	49	265	53
minecraft:smooth_basalt	3	266	49	268	49
minecraft:acacia_wood	1	269	49	269	49
minecraft:smooth_basalt	1	270	49	270	49
minecraft:stone	1	285	49	285	49
minecraft:stone	2	290	49	290	50
minecraft:acacia_wood	1	302	49	302	49
minecraft:acacia_wood	74	307	49	318	62
minecraft:pale_oak_wood	1	328	49	328	49
minecraft:cyan_terracotta	2	333	49	333	50
minecraft:cyan_terracotta	6	335	49	337	52
minecraft:acacia_wood	1	344	49	344	49
minecraft:basalt	2	345	49	346	49
minecraft:pale_moss_block	1	37	50	37	50
minecraft:acacia_wood	1	39	50	39	50
minecraft:grass_block	5	46	50	48	52
minecraft:pale_moss_block	1	47	50	47	50
minecraft:mud	1	48	50	48	50
minecraft:mud	3	49	50	50	51
minecraft:stone	1	51	50	51	50
minecraft:acacia_wood	8	58	50	60	53
minecraft:cyan_terracotta	1	60	50	60	50
minecraft:cyan_terracotta	1	83	50	83	50
minecraft:cyan_terracotta	2	89	50	89	51
minecraft:pale_oak_wood	1	91	50	91	50
minecraft:acacia_wood	1	94	50	94	50
minecraft:pale_oak_wood	1	97	50	97	50
minecraft:acacia_wood	6	97	50	100	52
minecraft:pale_moss_block	1	108	50	108	50
minecraft:tuff	1	117	50	117	50
minecraft:acacia_wood	1	118	50	118	50
minecraft:stone	1	124	50	124	50
minecraft:pale_moss_block	1	129	50	129	50
minecraft:blackstone	1	134	50	134	50
minecraft:acacia_wood	1	139	50	139	50
minecraft:smooth_basalt	1	148	50	148	50
minecraft:stone	34	150	50	158	58
minecraft:stone	4	156	50	157	52
minecraft:acacia_wood	2	157	50	157	51
minecraft:cobblestone	1	158	50	158	50
minecraft:mud	1	176	50	176	50
minecraft:acacia_wood	1	177	50	177	50
minecraft:light_gray_wool	8	181	50	183	54
minecraft:acacia_wood	2	187	50	187	51
minecraft:pale_oak_wood	5	199	50	202	51
minecraft:pale_moss_block	14	216	50	220	55
minecraft:acacia_wood	1	217	50	217	50
minecraft:cyan_terracotta	3	218	50	219	51
minecraft:acacia_wood	4	220	50	221	52
minecraft:cyan_terracotta	17	221	50	224	58
minecraft:basalt	3	228	50	228	52
minecraft:cyan_terracotta	1	240	50	240	50
minecraft:pale_moss_block	1	241	50	241	50
minecraft:smooth_basalt	17	243	50	249	53
minecraft:light_gray_wool	4	254	50	257	50
minecraft:acacia_wood	1	261	50	261	50
minecraft:acacia_wood	41	261	50	268	58
minecraft:acacia_wood	15	294	50	299	55
minecraft:pale_oak_wood	1	300	50	300	50
minecraft:acacia_wood	12	323	50	326	56
minecraft:stone	2	324	50	324	51
minecraft:moss_block	342	331	50	349	81
minecraft:acacia_wood	1	345	50	345	50
minecraft:moss_block	1	346	50	346	50
minecraft:grass_block	2	347	50	348	50
minecraft:dirt	1	52	51	52	51
minecraft:pale_moss_block	1	60	51	60	51
minecraft:cyan_terracotta	2	61	51	61	52
minecraft:cyan_terracotta	1	64	51	64	51
minecraft:mud	1	77	51	77	51
minecraft:acacia_wood	1	80	51	80	51
minecraft:acacia_wood	1	83	51	83	51
minecraft:mud	12	84	51	87	57
minecraft:acacia_wood	3	90	51	91	52
minecraft:acacia_wood	1	95	51	95	51
minecraft:pale_moss_block	7	96	51	97	55
minecraft:cyan_terracotta	1	100	51	100	51
minecraft:cyan_terracotta	2	106	51	106	52
minecraft:pale_moss_block	1	109	51	109	51
minecraft:acacia_wood	2	110	51	110	52
minecraft:acacia_wood	1	117	51	117	51
minecraft:acacia_wood	1	119	51	119	51
minecraft:acacia_wood	1	123	51	123	51
minecraft:pale_moss_block	4	123	51	124	53
minecraft:mud	7	148	51	150	54
minecraft:pale_oak_wood	12	150	51	153	57
minecraft:acacia_wood	2	170	51	170	52
minecraft:cyan_terracotta	1	173	51	173	51
minecraft:acacia_wood	17	197	51	203	56
minecraft:mud	1	247	51	247	51
minecraft:cyan_terracotta	1	249	51	249	51
minecraft:pale_oak_wood	2	257	51	258	51
minecraft:acacia_wood	2	259	51	260	51
minecraft:mud	1	263	51	263	51
minecraft:acacia_wood	1	291	51	291	51
minecraft:stone	1	292	51	292	51
minecraft:pale_moss_block	1	339	51	339	51
minecraft:basalt	2	345	51	346	51
minecraft:pale_moss_block	3	39	52	40	53
minecraft:dirt	1	40	52	40	52
minecraft:cyan_terracotta	1	43	52	43	52
minecraft:moss_block	91	29	52	51	67
minecraft:stone	2	49	52	50	52
minecraft:cyan_terracotta	1	66	52	66	52
minecraft:mud	1	71	52	71	52
minecraft:mud	1	75	52	75	52
minecraft:pale_moss_block	1	91	52	91	52
minecraft:pale_oak_wood	1	92	52	92	52
minecraft:cyan_terracotta	22	98	52	104	58
minecraft:pale_moss_block	13	100	52	103	55
minecraft:basalt	3	108	52	109	53
minecraft:pale_moss_block	1	121	52	121	52
minecraft:acacia_wood	1	122	52	122	52
minecraft:pale_moss_block	2	144	52	145	52
minecraft:acacia_wood	11	157	52	159	58
minecraft:pale_oak_wood	1	178	52	178	52
minecraft:acacia_wood	2	188	52	188	53
minecraft:mud	1	189	52	189	52
minecraft:acacia_wood	8	190	52	192	56
minecraft:smooth_basalt	1	201	52	201	52
minecraft:mud	3	212	52	213	53
minecraft:acacia_wood	15	212	52	217	57
minecraft:cyan_terracotta	1	216	52	216	52
minecraft:smooth_basalt	2	221	52	221	53
minecraft:basalt	15	229	52	232	58
minecraft:acacia_wood	2	248	52	249	52
minecraft:pale_oak_wood	1	256	52	256	52
minecraft:mud	9	257	52	260	55
minecraft:cyan_terracotta	1	263	52	263	52
minecraft:smooth_basalt	1	268	52	268	52
minecraft:stone	1	285	52	285	52
minecraft:pale_moss_block	1	291	52	291	52
minecraft:acacia_wood	2	292	52	292	53
minecraft:stone	1	317	52	317	52
minecraft:pale_oak_wood	1	318	52	318	52
minecraft:moss_block	14	319	52	322	56
minecraft:pale_moss_block	3	34	53	35	54
minecraft:stone	1	48	53	48	53
minecraft:acacia_wood	1	49	53	49	53
minecraft:dirt	1	50	53	50	53
minecraft:mud	2	51	53	52	53
minecraft:cyan_terracotta	1	62	53	62	53
minecraft:pale_moss_block	1	72	53	72	53
minecraft:mud	1	73	53	73	53
minecraft:pale_moss_block	1	74	53	74	53
minecraft:acacia_wood	1	78	53	78	53
minecraft:stone	1	89	53	89	53
minecraft:acacia_wood	2	91	53	92	53
minecraft:pale_oak_wood	1	96	53	96	53
minecraft:pale_moss_block	1	110	53	110	53
minecraft:acacia_wood	4	115	53	117	54
minecraft:blackstone	17	135	53	140	57
minecraft:pale_moss_block	53	140	53	145	69
minecraft:cyan_terracotta	18	144	53	147	60
minecraft:acacia_wood	1	147	53	147	53
minecraft:pale_oak_wood	2	148	53	148	54
minecraft:pale_oak_wood	2	156	53	157	53
minecraft:pale_moss_block	16	163	53	167	58
minecraft:mud	1	178	53	178	53
minecraft:pale_oak_wood	7	178	53	181	56
minecraft:smooth_basalt	1	189	53	189	53
minecraft:pale_moss_block	9	193	53	197	55
minecraft:cyan_terracotta	97	195	53	207	75
minecraft:acacia_wood	1	211	53	211	53
minecraft:smooth_basalt	1	212	53	212	53
minecraft:stone	6	218	53	219	57
minecraft:cyan_terracotta	1	220	53	220	53
minecraft:mud	9	242	53	245	56
minecraft:acacia_wood	1	247	53	247	53
minecraft:acacia_wood	21	253	53	259	60
minecraft:smooth_basalt	1	256	53	256	53
minecraft:stone	1	284	53	284	53
minecraft:cyan_terracotta	11	291	53	295	57
minecraft:mud	1	293	53	293	53
minecraft:pale_oak_wood	1	300	53	300	53
minecraft:stone	1	323	53	323	53
minecraft:cyan_terracotta	4	336	53	338	54
minecraft:basalt	1	339	53	339	53
minecraft:acacia_wood	1	340	53	340	53
minecraft:pale_moss_block	1	341	53	341	53
minecraft:pale_moss_block	4	347	53	349	54
minecraft:coal_ore	1	26	54	26	54
minecraft:gray_wool	1	37	54	37	54
minecraft:pale_oak_wood	1	55	54	55	54
minecraft:mud	1	71	54	71	54
minecraft:mud	1	81	54	81	54
minecraft:stone	1	87	54	87	54
minecraft:cyan_terracotta	23	91	54	99	66
minecraft:pale_moss_block	1	92	54	92	54
minecraft:pale_oak_wood	1	93	54	93	54
minecraft:pale_moss_block	1	122	54	122	54
minecraft:acacia_wood	1	144	54	144	54
minecraft:pale_moss_block	1	145	54	145	54
minecraft:pale_moss_block	1	147	54	147	54
minecraft:smooth_basalt	38	147	54	151	68
minecraft:smooth_basalt	4	180	54	181	55
minecraft:mud	1	183	54	183	54
minecraft:acacia_wood	1	189	54	189	54
minecraft:mud	1	190	54	190	54
minecraft:cyan_terracotta	1	195	54	195	54
minecraft:mud	9	201	54	203	60
minecraft:pale_oak_wood	1	204	54	204	54
minecraft:cyan_terracotta	29	237	54	245	65
minecraft:acacia_wood	5	244	54	246	56
minecraft:pale_oak_wood	1	247	54	247	54
minecraft:pale_oak_wood	1	256	54	256	54
minecraft:smooth_basalt	5	259	54	261	56
minecraft:cyan_terracotta	1	284	54	284	54
minecraft:acacia_wood	1	331	54	331	54
minecraft:pale_moss_block	2	339	54	340	54
minecraft:cyan_terracotta	1	341	54	341	54
minecraft:pale_moss_block	2	342	54	343	54
minecraft:moss_block	2	348	54	349	54
minecraft:stone	1	30	55	30	55
minecraft:pale_moss_block	20	28	55	34	61
minecraft:blackstone	1	50	55	50	55
minecraft:pale_oak_wood	9	52	55	55	59
minecraft:acacia_wood	74	62	55	78	68
minecraft:acacia_wood	4	76	55	78	56
minecraft:mud	1	82	55	82	55
minecraft:pale_moss_block	1	93	55	93	55
minecraft:mud	4	95	55	96	57
minecraft:acacia_wood	1	97	55	97	55
minecraft:mud	1	104	55	104	55
minecraft:pale_oak_wood	33	106	55	112	68
minecraft:basalt	2	109	55	109	56
minecraft:pale_moss_block	2	111	55	111	56
minecraft:cyan_terracotta	22	117	55	122	60
minecraft:pale_moss_block	1	134	55	134	55
minecraft:acacia_wood	3	148	55	148	57
minecraft:black_wool	3	150	55	151	56
minecraft:acacia_wood	80	160	55	169	68
minecraft:basalt	66	168	55	177	71
minecraft:mud	1	179	55	179	55
minecraft:stone	5	182	55	183	57
minecraft:mud	4	184	55	185	57
minecraft:pale_moss_block	20	188	55	195	62
minecraft:cyan_terracotta	13	190	55	194	59
minecraft:smooth_basalt	23	202	55	205	62
minecraft:stone	1	220	55	220	55
minecraft:smooth_basalt	6	222	55	223	58
minecraft:mud	1	262	55	262	55
minecraft:pale_moss_block	170	260	55	279	84
minecraft:stone	1	283	55	283	55
minecraft:acacia_wood	1	284	55	284	55
minecraft:cyan_terracotta	2	285	55	285	56
minecraft:basalt	22	287	55	294	61
minecraft:moss_block	2	292	55	293	55
minecraft:pale_moss_block	53	292	55	302	68
minecraft:dirt	1	325	55	325	55
minecraft:pale_moss_block	2	348	55	349	55
minecraft:stone	1	25	56	25	56
minecraft:dripstone_block	31	17	56	26	63
minecraft:white_concrete	12	27	56	28	63
minecraft:stone	4	29	56	30	58
minecraft:white_concrete	1	30	56	30	56
minecraft:dirt	1	35	56	35	56
minecraft:blackstone	1	47	56	47	56
minecraft:mud	1	48	56	48	56
minecraft:pale_oak_wood	5	75	56	77	57
minecraft:mud	1	83	56	83	56
minecraft:acacia_wood	1	85	56	85	56
minecraft:pale_oak_wood	1	94	56	94	56
minecraft:pale_moss_block	9	97	56	101	60
minecraft:acacia_wood	1	117	56	117	56
minecraft:basalt	3	134	56	134	58
minecraft:cyan_terracotta	15	134	56	139	62
minecraft:mud	2	140	56	140	57
minecraft:smooth_basalt	1	179	56	179	56
minecraft:pale_oak_wood	3	180	56	181	57
minecraft:basalt	5	195	56	198	57
minecraft:pale_oak_wood	4	204	56	205	58
minecraft:acacia_wood	9	211	56	214	60
minecraft:smooth_basalt	9	214	56	216	59
minecraft:stone	1	246	56	246	56
minecraft:acacia_wood	1	252	56	252	56
minecraft:stone	14	252	56	256	59
minecraft:mud	17	259	56	264	61
minecraft:pale_oak_wood	1	262	56	262	56
minecraft:stone	1	282	56	282	56
minecraft:cyan_terracotta	21	282	56	288	61
minecraft:pale_moss_block	1	284	56	284	56
minecraft:grass_block	2	292	56	293	56
minecraft:acacia_wood	1	299	56	299	56
minecraft:moss_block	2	300	56	300	57
minecraft:smooth_basalt	1	318	56	318	56
minecraft:pale_oak_wood	8	317	56	320	59
minecraft:stone	81	312	56	329	68
minecraft:pale_moss_block	1	335	56	335	56
minecraft:cobblestone	1	345	56	345	56
minecraft:stone	1	23	57	23	57
minecraft:cyan_terracotta	1	33	57	33	57
minecraft:acacia_wood	1	38	57	38	57
minecraft:dirt	2	39	57	40	57
minecraft:dirt	1	43	57	43	57
minecraft:mud	1	44	57	44	57
minecraft:cyan_terracotta	1	46	57	46	57
minecraft:mud	1	69	57	69	57
minecraft:acacia_wood	4	72	57	74	58
minecraft:acacia_wood	1	77	57	77	57
minecraft:pale_oak_wood	1	78	57	78	57
minecraft:mud	3	81	57	82	58
minecraft:stone	1	83	57	83	57
minecraft:acacia_wood	1	84	57	84	57
minecraft:stone	1	85	57	85	57
minecraft:acacia_wood	1	86	57	86	57
minecraft:acacia_wood	1	91	57	91	57
minecraft:pale_moss_block	1	94	57	94	57
minecraft:smooth_basalt	1	95	57	95	57
minecraft:pale_oak_wood	1	97	57	97	57
minecraft:mud	2	108	57	109	57
minecraft:diorite	1	110	57	110	57
minecraft:mud	5	111	57	112	59
minecraft:acacia_wood	2	137	57	138	57
minecraft:acacia_wood	41	151	57	157	71
minecraft:pale_moss_block	1	161	57	161	57
minecraft:smooth_basalt	6	180	57	183	58
minecraft:cyan_terracotta	8	224	57	226	62
minecraft:acacia_wood	1	243	57	243	57
minecraft:acacia_wood	1	251	57	251	57
minecraft:moss_block	1	252	57	252	57
minecraft:pale_oak_wood	1	266	57	266	57
minecraft:mud	1	285	57	285	57
minecraft:acacia_wood	1	289	57	289	57
minecraft:grass_block	2	298	57	299	57
minecraft:mud	1	318	57	318	57
minecraft:mud	1	321	57	321	57
minecraft:stone	1	12	58	12	58
minecraft:coal_ore	1	20	58	20	58
minecraft:pale_moss_block	2	37	58	37	59
minecraft:gray_wool	1	38	58	38	58
minecraft:stone	1	44	58	44	58
minecraft:pale_oak_wood	1	74	58	74	58
minecraft:acacia_wood	2	75	58	76	58
minecraft:light_gray_wool	3	80	58	81	59
minecraft:light_gray_wool	3	82	58	83	59
minecraft:stone	1	84	58	84	58
minecraft:pale_oak_wood	1	85	58	85	58
minecraft:stone	1	86	58	86	58
minecraft:acacia_wood	1	87	58	87	58
minecraft:mud	1	88	58	88	58
minecraft:pale_moss_block	1	95	58	95	58
minecraft:smooth_basalt	2	96	58	97	58
minecraft:pale_oak_wood	1	98	58	98	58
minecraft:pale_oak_wood	1	101	58	101	58
minecraft:birch_wood	1	109	58	109	58
minecraft:mud	1	110	58	110	58
minecraft:diorite	1	111	58	111	58
minecraft:pale_moss_block	1	126	58	126	58
minecraft:mud	1	139	58	139	58
minecraft:pale_moss_block	1	162	58	162	58
minecraft:smooth_basalt	2	171	58	171	59
minecraft:cyan_terracotta	1	217	58	217	58
minecraft:acacia_wood	1	218	58	218	58
minecraft:mud	1	222	58	222	58
minecraft:acacia_wood	2	229	58	230	58
minecraft:mud	34	247	58	251	70
minecraft:cyan_terracotta	52	269	58	281	65
minecraft:mud	1	286	58	286	58
minecraft:pale_moss_block	4	288	58	289	59
minecraft:cyan_terracotta	1	299	58	299	58
minecraft:pale_oak_wood	2	315	58	315	59
minecraft:light_gray_wool	20	319	58	325	62
minecraft:stone	1	20	59	20	59
minecraft:snow_block	4	25	59	26	61
minecraft:stone	3	41	59	43	59
minecraft:pale_moss_block	3	71	59	71	61
minecraft:mud	1	81	59	81	59
minecraft:pale_oak_wood	1	84	59	84	59
minecraft:stone	1	85	59	85	59
minecraft:pale_oak_wood	1	86	59	86	59
minecraft:acacia_wood	1	92	59	92	59
minecraft:acacia_wood	1	96	59	96	59
minecraft:mud	6	97	59	100	61
minecraft:acacia_wood	1	99	59	99	59
minecraft:pale_oak_wood	5	102	59	103	62
minecraft:cyan_terracotta	1	103	59	103	59
minecraft:birch_wood	1	110	59	110	59
minecraft:pale_moss_block	1	133	59	133	59
minecraft:basalt	1	136	59	136	59
minecraft:mud	1	137	59	137	59
minecraft:acacia_wood	2	140	59	140	60
minecraft:stone	1	154	59	154	59
minecraft:pale_moss_block	46	155	59	160	71
minecraft:smooth_basalt	1	179	59	179	59
minecraft:mud	3	185	59	186	60
minecraft:acacia_wood	1	200	59	200	59
minecraft:acacia_wood	5	205	59	206	61
minecraft:pale_moss_block	34	208	59	213	69
minecraft:mud	8	214	59	217	62
minecraft:acacia_wood	1	217	59	217	59
minecraft:cyan_terracotta	19	217	59	221	69
minecraft:cyan_terracotta	3	222	59	222	61
minecraft:mud	6	223	59	224	63
minecraft:cyan_terracotta	1	231	59	231	59
minecraft:acacia_wood	1	252	59	252	59
minecraft:pale_moss_block	25	254	59	258	67
minecraft:stone	1	257	59	257	59
minecraft:acacia_wood	1	264	59	264	59
minecraft:stone	10	264	59	266	63
minecraft:acacia_wood	29	285	59	295	64
minecraft:mud	1	317	59	317	59
minecraft:stone	1	19	60	19	60
minecraft:stone	1	24	60	24	60
minecraft:dirt	1	34	60	34	60
minecraft:pale_oak_wood	1	52	60	52	60
minecraft:light_gray_wool	12	52	60	56	63
minecraft:acacia_wood	1	61	60	61	60
minecraft:moss_block	1	62	60	62	60
minecraft:black_wool	1	63	60	63	60
minecraft:mud	1	80	60	80	60
minecraft:pale_oak_wood	1	83	60	83	60
minecraft:pale_oak_wood	1	85	60	85	60
minecraft:stone	1	86	60	86	60
minecraft:acacia_wood	1	87	60	87	60
minecraft:mud	56	89	60	102	79
minecraft:pale_moss_block	1	96	60	96	60
minecraft:smooth_basalt	1	97	60	97	60
minecraft:cyan_terracotta	8	104	60	107	64
minecraft:acacia_wood	1	109	60	109	60
minecraft:pale_oak_wood	4	110	60	111	61
minecraft:cyan_terracotta	1	117	60	117	60
minecraft:pale_moss_block	1	127	60	127	60
minecraft:pale_moss_block	27	129	60	134	68
minecraft:basalt	6	136	60	139	61
minecraft:mud	1	148	60	148	60
minecraft:mud	1	151	60	151	60
minecraft:cyan_terracotta	4	157	60	159	61
minecraft:mud	2	182	60	183	60
minecraft:pale_oak_wood	1	184	60	184	60
minecraft:white_concrete	1	187	60	187	60
minecraft:basalt	25	196	60	202	69
minecraft:cyan_terracotta	1	212	60	212	60
minecraft:mud	1	240	60	240	60
minecraft:stone	1	248	60	248	60
minecraft:cyan_terracotta	2	252	60	252	61
minecraft:mud	6	253	60	254	64
minecraft:pale_moss_block	1	254	60	254	60
minecraft:stone	1	255	60	255	60
minecraft:acacia_wood	5	262	60	263	62
minecraft:mud	2	286	60	286	61
minecraft:moss_block	4	320	60	322	61
minecraft:stone	76	6	61	22	71
minecraft:stone	2	23	61	23	62
minecraft:grass_block	32	23	61	28	74
minecraft:snow_block	3	28	61	29	62
minecraft:pale_moss_block	2	35	61	36	61
minecraft:stone	20	38	61	43	65
minecraft:acacia_wood	1	60	61	60	61
minecraft:black_wool	2	61	61	62	61
minecraft:mud	1	79	61	79	61
minecraft:acacia_wood	1	86	61	86	61
minecraft:pale_moss_block	1	97	61	97	61
minecraft:smooth_basalt	1	98	61	98	61
minecraft:smooth_basalt	3	99	61	100	62
minecraft:acacia_wood	10	101	61	105	65
minecraft:mud	1	109	61	109	61
minecraft:mud	17	136	61	139	69
minecraft:stone	14	142	61	145	66
minecraft:acacia_wood	37	144	61	152	78
minecraft:stone	1	155	61	155	61
minecraft:mud	1	181	61	181	61
minecraft:acacia_wood	1	182	61	182	61
minecraft:smooth_basalt	6	182	61	184	63
minecraft:pale_oak_wood	1	185	61	185	61
minecraft:acacia_wood	1	201	61	201	61
minecraft:pale_moss_block	1	207	61	207	61
minecraft:cyan_terracotta	24	213	61	217	72
minecraft:smooth_basalt	7	215	61	217	65
minecraft:moss_block	2	250	61	251	61
minecraft:stone	1	254	61	254	61
minecraft:stone	1	258	61	258	61
minecraft:cyan_terracotta	1	259	61	259	61
minecraft:blackstone	1	261	61	261	61
minecraft:mud	3	284	61	285	62
minecraft:grass_block	9	297	61	299	65
minecraft:grass_block	1	303	61	303	61
minecraft:pale_oak_wood	1	311	61	311	61
minecraft:stone	1	7	62	7	62
minecraft:stone	1	10	62	10	62
minecraft:stone	4	28	62	28	65
minecraft:stone	1	30	62	30	62
minecraft:cyan_terracotta	1	37	62	37	62
minecraft:acacia_wood	2	38	62	39	62
minecraft:acacia_wood	1	59	62	59	62
minecraft:smooth_basalt	6	59	62	61	64
minecraft:cyan_terracotta	3	62	62	64	62
minecraft:stone	1	70	62	70	62
minecraft:cyan_terracotta	1	71	62	71	62
minecraft:mud	1	78	62	78	62
minecraft:pale_oak_wood	1	85	62	85	62
minecraft:mud	1	88	62	88	62
minecraft:pale_moss_block	3	88	62	89	63
minecraft:acacia_wood	2	93	62	94	62
minecraft:pale_moss_block	18	93	62	98	68
minecraft:pale_moss_block	1	98	62	98	62
minecraft:basalt	1	104	62	104	62
minecraft:acacia_wood	1	109	62	109	62
minecraft:basalt	2	110	62	111	62
minecraft:mud	5	110	62	112	64
minecraft:pale_moss_block	6	113	62	115	65
minecraft:basalt	1	134	62	134	62
minecraft:cyan_terracotta	5	139	62	140	65
minecraft:mud	1	148	62	148	62
minecraft:stone	1	154	62	154	62
minecraft:acacia_wood	1	155	62	155	62
minecraft:smooth_basalt	1	180	62	180	62
minecraft:acacia_wood	22	180	62	186	70
minecraft:pale_oak_wood	1	184	62	184	62
minecraft:smooth_basalt	1	185	62	185	62
minecraft:pale_oak_wood	1	186	62	186	62
minecraft:mud	13	201	62	203	67
minecraft:cyan_terracotta	8	206	62	208	67
minecraft:cyan_terracotta	2	223	62	223	63
minecraft:cyan_terracotta	1	247	62	247	62
minecraft:acacia_wood	4	252	62	252	65
minecraft:mud	2	259	62	259	63
minecraft:blackstone	3	260	62	260	64
minecraft:mud	2	261	62	261	63
minecraft:mud	1	278	62	278	62
minecraft:mud	1	282	62	282	62
minecraft:cyan_terracotta	4	282	62	284	63
minecraft:cyan_terracotta	2	286	62	287	62
minecraft:grass_block	2	302	62	302	63
minecraft:moss_block	5	302	62	303	65
minecraft:pale_moss_block	73	302	62	311	75
minecraft:cyan_terracotta	13	306	62	310	66
minecraft:smooth_basalt	1	310	62	310	62
minecraft:acacia_wood	1	311	62	311	62
minecraft:pale_moss_block	2	312	62	313	62
minecraft:moss_block	1	319	62	319	62
minecraft:dirt	2	29	63	29	64
minecraft:stone	1	35	63	35	63
minecraft:pale_moss_block	17	36	63	43	68
minecraft:acacia_wood	1	41	63	41	63
minecraft:pale_oak_wood	1	45	63	45	63
minecraft:pale_oak_wood	1	48	63	48	63
minecraft:acacia_wood	2	58	63	58	64
minecraft:cyan_terracotta	1	61	63	61	63
minecraft:pale_moss_block	2	62	63	63	63
minecraft:stone	5	61	63	64	64
minecraft:cyan_terracotta	1	66	63	66	63
minecraft:mud	1	79	63	79	63
minecraft:mud	1	82	63	82	63
minecraft:mud	1	87	63	87	63
minecraft:pale_oak_wood	1	99	63	99	63
minecraft:diorite	1	100	63	100	63
minecraft:smooth_basalt	1	101	63	101	63
minecraft:pale_oak_wood	1	104	63	104	63
minecraft:basalt	1	105	63	105	63
minecraft:basalt	2	109	63	109	64
minecraft:diorite	1	110	63	110	63
minecraft:cyan_terracotta	1	121	63	121	63
minecraft:pale_moss_block	1	122	63	122	63
minecraft:acacia_wood	1	123	63	123	63
minecraft:stone	1	125	63	125	63
minecraft:cyan_terracotta	1	134	63	134	63
minecraft:basalt	9	135	63	136	68
minecraft:basalt	1	137	63	137	63
minecraft:black_wool	4	150	63	150	66
minecraft:cyan_terracotta	9	152	63	154	66
minecraft:pale_moss_block	1	154	63	154	63
minecraft:cyan_terracotta	1	155	63	155	63
minecraft:cyan_terracotta	2	159	63	160	63
minecraft:pale_moss_block	1	161	63	161	63
minecraft:pale_oak_wood	1	185	63	185	63
minecraft:smooth_basalt	1	186	63	186	63
minecraft:mud	1	188	63	188	63
minecraft:light_gray_wool	14	188	63	192	68
minecraft:smooth_basalt	1	206	63	206	63
minecraft:mud	1	218	63	218	63
minecraft:smooth_basalt	2	225	63	225	64
minecraft:cyan_terracotta	10	229	63	231	68
minecraft:cyan_terracotta	4	245	63	246	65
minecraft:smooth_basalt	1	247	63	247	63
minecraft:cyan_terracotta	1	262	63	262	63
minecraft:basalt	1	276	63	276	63
minecraft:mud	1	281	63	281	63
minecraft:basalt	1	285	63	285	63
minecraft:pale_moss_block	77	273	63	292	73
minecraft:cyan_terracotta	3	296	63	296	65
minecraft:pale_moss_block	1	299	63	299	63
minecraft:stone	1	300	63	300	63
minecraft:moss_block	5	312	63	314	64
minecraft:acacia_wood	1	324	63	324	63
minecraft:dripstone_block	4	11	64	14	64
minecraft:acacia_wood	3	33	64	35	64
minecraft:stone	1	36	64	36	64
minecraft:acacia_wood	1	38	64	38	64
minecraft:pale_moss_block	3	65	64	66	65
minecraft:cyan_terracotta	24	67	64	75	69
minecraft:mud	1	83	64	83	64
minecraft:acacia_wood	1	84	64	84	64
minecraft:mud	4	86	64	87	66
minecraft:stone	1	87	64	87	64
minecraft:mud	1	88	64	88	64
minecraft:stone	2	89	64	90	64
minecraft:pale_moss_block	1	99	64	99	64
minecraft:cyan_terracotta	1	100	64	100	64
minecraft:snow_block	1	101	64	101	64
minecraft:smooth_basalt	4	102	64	103	66
minecraft:pale_oak_wood	1	105	64	105	64
minecraft:basalt	2	112	64	112	65
minecraft:acacia_wood	2	113	64	113	65
minecraft:tuff	22	118	64	127	72
minecraft:pale_moss_block	3	119	64	121	64
minecraft:stone	18	120	64	125	69
minecraft:pale_oak_wood	5	183	64	185	65
minecraft:smooth_basalt	1	185	64	185	64
minecraft:mud	2	186	64	186	65
minecraft:acacia_wood	1	195	64	195	64
minecraft:smooth_basalt	1	205	64	205	64
minecraft:mud	5	205	64	207	66
minecraft:mud	2	216	64	216	65
minecraft:cyan_terracotta	8	224	64	226	67
minecraft:cyan_terracotta	1	241	64	241	64
minecraft:stone	155	244	64	257	96
minecraft:cyan_terracotta	5	259	64	260	67
minecraft:cyan_terracotta	1	261	64	261	64
minecraft:basalt	1	273	64	273	64
minecraft:smooth_basalt	1	275	64	275	64
minecraft:cyan_terracotta	1	276	64	276	64
minecraft:mud	3	277	64	279	64
minecraft:cyan_terracotta	1	299	64	299	64
minecraft:pale_moss_block	9	298	64	300	69
minecraft:grass_block	2	301	64	301	65
minecraft:pale_oak_wood	1	322	64	322	64
minecraft:acacia_wood	1	323	64	323	64
minecraft:moss_block	32	320	64	326	70
minecraft:stone	3	34	65	35	66
minecraft:moss_block	3	36	65	36	67
minecraft:pale_moss_block	1	48	65	48	65
minecraft:acacia_wood	5	55	65	57	67
minecraft:mud	1	57	65	57	65
minecraft:moss_block	4	58	65	59	67
minecraft:acacia_wood	1	60	65	60	65
minecraft:pale_moss_block	69	60	65	67	79
minecraft:cyan_terracotta	1	65	65	65	65
minecraft:pale_oak_wood	3	80	65	81	66
minecraft:acacia_wood	1	85	65	85	65
minecraft:stone	1	88	65	88	65
minecraft:mud	1	89	65	89	65
minecraft:pale_moss_block	8	88	65	92	67
minecraft:pale_moss_block	4	100	65	101	67
minecraft:diorite	1	101	65	101	65
minecraft:cyan_terracotta	1	108	65	108	65
minecraft:basalt	1	110	65	110	65
minecraft:cyan_terracotta	1	114	65	114	65
minecraft:stone	3	129	65	129	67
minecraft:cyan_terracotta	1	157	65	157	65
minecraft:cyan_terracotta	1	161	65	161	65
minecraft:pale_moss_block	2	177	65	178	65
minecraft:stone	122	179	65	195	87
minecraft:acacia_wood	15	211	65	214	70
minecraft:mud	28	217	65	221	77
minecraft:cyan_terracotta	1	243	65	243	65
minecraft:basalt	7	242	65	244	68
minecraft:smooth_basalt	69	239	65	249	77
minecraft:mud	1	260	65	260	65
minecraft:basalt	1	261	65	261	65
minecraft:stone	1	264	65	264	65
minecraft:acacia_wood	1	267	65	267	65
minecraft:basalt	18	265	65	270	70
minecraft:smooth_basalt	7	272	65	275	68
minecraft:cyan_terracotta	1	275	65	275	65
minecraft:smooth_basalt	2	276	65	277	65
minecraft:cyan_terracotta	2	278	65	279	65
minecraft:acacia_wood	1	289	65	289	65
minecraft:grass_block	8	289	65	292	67
minecraft:cyan_terracotta	1	298	65	298	65
minecraft:moss_block	1	311	65	311	65
minecraft:pale_moss_block	1	312	65	312	65
minecraft:acacia_wood	1	315	65	315	65
minecraft:smooth_basalt	1	316	65	316	65
minecraft:pale_oak_wood	16	315	65	321	68
minecraft:stone	1	322	65	322	65
minecraft:acacia_wood	3	31	66	32	67
minecraft:stone	1	32	66	32	66
minecraft:acacia_wood	1	33	66	33	66
minecraft:pale_moss_block	1	35	66	35	66
minecraft:cyan_terracotta	21	41	66	47	73
minecraft:smooth_basalt	1	59	66	59	66
minecraft:cyan_terracotta	1	66	66	66	66
minecraft:pale_oak_wood	1	79	66	79	66
minecraft:stone	1	80	66	80	66
minecraft:acacia_wood	22	80	66	88	71
minecraft:stone	3	85	66	86	67
minecraft:birch_wood	5	103	66	105	68
minecraft:smooth_basalt	7	105	66	107	70
minecraft:acacia_wood	1	106	66	106	66
minecraft:diorite	1	113	66	113	66
minecraft:mud	6	114	66	115	70
minecraft:stone	1	126	66	126	66
minecraft:cyan_terracotta	1	136	66	136	66
minecraft:cyan_terracotta	26	140	66	145	77
minecraft:pale_oak_wood	2	146	66	146	67
minecraft:cyan_terracotta	5	158	66	160	68
minecraft:mud	1	171	66	171	66
minecraft:acacia_wood	113	169	66	186	84
minecraft:mud	4	184	66	186	67
minecraft:pale_oak_wood	1	186	66	186	66
minecraft:acacia_wood	1	187	66	187	66
minecraft:pale_oak_wood	1	188	66	188	66
minecraft:blackstone	2	207	66	207	67
minecraft:cyan_terracotta	8	240	66	242	70
minecraft:smooth_basalt	1	271	66	271	66
minecraft:basalt	1	272	66	272	66
minecraft:mud	1	276	66	276	66
minecraft:cyan_terracotta	1	277	66	277	66
minecraft:cyan_terracotta	1	295	66	295	66
minecraft:grass_block	96	284	66	296	84
minecraft:cyan_terracotta	2	297	66	297	67
minecraft:acacia_wood	1	298	66	298	66
minecraft:moss_block	29	298	66	303	76
minecraft:dirt	4	15	67	18	67
minecraft:stone	1	33	67	33	67
minecraft:pale_moss_block	1	34	67	34	67
minecraft:cyan_terracotta	13	33	67	37	71
minecraft:cyan_terracotta	5	37	67	39	69
minecraft:cyan_terracotta	1	40	67	40	67
minecraft:pale_moss_block	1	47	67	47	67
minecraft:mud	52	52	67	60	77
minecraft:cyan_terracotta	1	60	67	60	67
minecraft:pale_moss_block	12	71	67	73	72
minecraft:stone	22	74	67	82	71
minecraft:cyan_terracotta	1	76	67	76	67
minecraft:stone	1	79	67	79	67
minecraft:pale_oak_wood	4	79	67	81	68
minecraft:acacia_wood	1	87	67	87	67
minecraft:stone	3	88	67	89	68
minecraft:mud	1	90	67	90	67
minecraft:mud	1	92	67	92	67
minecraft:pale_moss_block	1	93	67	93	67
minecraft:stone	98	98	67	114	90
minecraft:pale_moss_block	1	99	67	99	67
minecraft:cyan_terracotta	1	100	67	100	67
minecraft:mud	1	102	67	102	67
minecraft:diorite	1	103	67	103	67
minecraft:acacia_wood	4	107	67	109	68
minecraft:acacia_wood	1	110	67	110	67
minecraft:snow_block	1	113	67	113	67
minecraft:diorite	1	114	67	114	67
minecraft:cyan_terracotta	3	137	67	138	68
minecraft:mud	12	147	67	150	71
minecraft:pale_moss_block	1	154	67	154	67
minecraft:cyan_terracotta	5	153	67	156	68
minecraft:basalt	1	162	67	162	67
minecraft:pale_moss_block	18	162	67	168	71
minecraft:acacia_wood	1	168	67	168	67
minecraft:mud	1	176	67	176	67
minecraft:pale_oak_wood	5	187	67	189	69
minecraft:mud	1	188	67	188	67
minecraft:acacia_wood	1	196	67	196	67
minecraft:smooth_basalt	1	206	67	206	67
minecraft:pale_moss_block	1	214	67	214	67
minecraft:stone	68	224	67	239	79
minecraft:cyan_terracotta	3	251	67	251	69
minecraft:mud	1	252	67	252	67
minecraft:mud	1	259	67	259	67
minecraft:mud	12	268	67	271	70
minecraft:basalt	3	274	67	276	67
minecraft:pale_moss_block	1	277	67	277	67
minecraft:acacia_wood	8	274	67	278	69
minecraft:stone	12	283	67	288	70
minecraft:mud	2	291	67	291	68
minecraft:smooth_basalt	1	316	67	316	67
minecraft:moss_block	6	317	67	318	71
minecraft:gray_wool	2	27	68	27	69
minecraft:gray_wool	14	27	68	31	74
minecraft:cyan_terracotta	2	31	68	32	68
minecraft:pale_moss_block	1	33	68	33	68
minecraft:pale_moss_block	2	36	68	37	68
minecraft:pale_moss_block	53	36	68	44	81
minecraft:pale_moss_block	1	46	68	46	68
minecraft:acacia_wood	1	54	68	54	68
minecraft:basalt	1	67	68	67	68
minecraft:mud	3	68	68	69	69
minecraft:basalt	3	70	68	70	70
minecraft:pale_moss_block	1	87	68	87	68
minecraft:pale_moss_block	11	89	68	94	73
minecraft:mud	1	91	68	91	68
minecraft:pale_moss_block	1	92	68	92	68
minecraft:mud	1	93	68	93	68
minecraft:pale_moss_block	1	94	68	94	68
minecraft:acacia_wood	1	100	68	100	68
minecraft:cyan_terracotta	1	101	68	101	68
minecraft:pale_moss_block	2	102	68	102	69
minecraft:mud	1	103	68	103	68
minecraft:acacia_wood	2	113	68	114	68
minecraft:acacia_wood	80	115	68	130	86
minecraft:cyan_terracotta	1	118	68	118	68
minecraft:acacia_wood	1	122	68	122	68
minecraft:cyan_terracotta	7	159	68	161	72
minecraft:acacia_wood	1	166	68	166	68
minecraft:cyan_terracotta	1	168	68	168	68
minecraft:blackstone	1	186	68	186	68
minecraft:mud	19	206	68	210	77
minecraft:smooth_basalt	3	207	68	208	69
minecraft:cyan_terracotta	2	209	68	209	69
minecraft:pale_moss_block	1	215	68	215	68
minecraft:basalt	1	230	68	230	68
minecraft:acacia_wood	1	239	68	239	68
minecraft:mud	2	244	68	245	68
minecraft:cyan_terracotta	4	258	68	259	70
minecraft:basalt	1	273	68	273	68
minecraft:mud	1	287	68	287	68
minecraft:mud	3	289	68	290	69
minecraft:pale_moss_block	1	290	68	290	68
minecraft:cyan_terracotta	1	296	68	296	68
minecraft:pale_moss_block	6	296	68	297	71
minecraft:stone	2	298	68	298	69
minecraft:acacia_wood	16	311	68	316	74
minecraft:mud	7	315	68	316	72
minecraft:moss_block	1	28	69	28	69
minecraft:pale_moss_block	7	31	69	34	72
minecraft:pale_moss_block	1	38	69	38	69
minecraft:cyan_terracotta	6	66	69	69	71
minecraft:cyan_terracotta	28	85	69	92	75
minecraft:mud	1	92	69	92	69
minecraft:pale_moss_block	1	93	69	93	69
minecraft:acacia_wood	9	101	69	105	73
minecraft:acacia_wood	1	103	69	103	69
minecraft:snow_block	4	104	69	105	71
minecraft:mud	11	107	69	112	73
minecraft:acacia_wood	3	110	69	111	70
minecraft:mud	5	111	69	113	70
minecraft:snow_block	1	114	69	114	69
minecraft:acacia_wood	1	118	69	118	69
minecraft:acacia_wood	1	126	69	126	69
minecraft:stone	6	127	69	129	71
minecraft:basalt	4	137	69	139	70
minecraft:cyan_terracotta	1	159	69	159	69
minecraft:cyan_terracotta	12	169	69	172	73
minecraft:mud	2	173	69	173	70
minecraft:blackstone	1	187	69	187	69
minecraft:mud	1	189	69	189	69
minecraft:pale_oak_wood	38	187	69	193	79
minecraft:acacia_wood	3	197	69	198	70
minecraft:basalt	1	215	69	215	69
minecraft:cyan_terracotta	1	228	69	228	69
minecraft:acacia_wood	1	238	69	238	69
minecraft:acacia_wood	1	240	69	240	69
minecraft:mud	7	243	69	245	71
minecraft:acacia_wood	2	257	69	257	70
minecraft:mud	2	258	69	258	70
minecraft:blackstone	7	265	69	267	72
minecraft:basalt	1	272	69	272	69
minecraft:acacia_wood	1	273	69	273	69
minecraft:pale_moss_block	1	291	69	291	69
minecraft:cyan_terracotta	1	292	69	292	69
minecraft:cyan_terracotta	4	294	69	296	70
minecraft:acacia_wood	2	318	69	319	69
minecraft:pale_moss_block	1	37	70	37	70
minecraft:cyan_terracotta	1	38	70	38	70
minecraft:acacia_wood	1	53	70	53	70
minecraft:pale_moss_block	1	88	70	88	70
minecraft:mud	1	93	70	93	70
minecraft:pale_moss_block	1	94	70	94	70
minecraft:pale_moss_block	1	103	70	103	70
minecraft:acacia_wood	1	104	70	104	70
minecraft:diorite	1	114	70	114	70
minecraft:acacia_wood	1	124	70	124	70
minecraft:mud	1	152	70	152	70
minecraft:stone	3	155	70	156	71
minecraft:stone	94	152	70	170	80
minecraft:blackstone	1	188	70	188	70
minecraft:cyan_terracotta	2	210	70	210	71
minecraft:mud	1	211	70	211	70
minecraft:pale_moss_block	2	214	70	215	70
minecraft:cyan_terracotta	4	221	70	222	72
minecraft:cyan_terracotta	4	229	70	230	72
minecraft:smooth_basalt	1	250	70	250	70
minecraft:pale_moss_block	1	251	70	251	70
minecraft:basalt	7	267	70	271	72
minecraft:acacia_wood	24	269	70	276	76
minecraft:acacia_wood	1	284	70	284	70
minecraft:cyan_terracotta	1	285	70	285	70
minecraft:acacia_wood	8	286	70	288	72
minecraft:cyan_terracotta	3	289	70	291	70
minecraft:mud	1	298	70	298	70
minecraft:grass_block	1	299	70	299	70
minecraft:pale_oak_wood	2	315	70	315	71
minecraft:mud	3	318	70	319	71
minecraft:cyan_terracotta	14	321	70	329	72
minecraft:pale_moss_block	1	324	70	324	70
minecraft:pale_moss_block	1	329	70	329	70
minecraft:cyan_terracotta	1	330	70	330	70
minecraft:pale_moss_block	33	321	70	333	75
minecraft:pale_moss_block	34	25	71	33	78
minecraft:cyan_terracotta	1	32	71	32	71
minecraft:acacia_wood	34	32	71	38	80
minecraft:acacia_wood	11	41	71	44	75
minecraft:acacia_wood	1	52	71	52	71
minecraft:blackstone	1	56	71	56	71
minecraft:mud	1	69	71	69	71
minecraft:cyan_terracotta	2	70	71	71	71
minecraft:mud	172	73	71	104	92
minecraft:mud	1	81	71	81	71
minecraft:pale_moss_block	7	81	71	85	72
minecraft:pale_moss_block	1	89	71	89	71
minecraft:mud	1	94	71	94	71
minecraft:pale_moss_block	1	95	71	95	71
minecraft:pale_moss_block	1	104	71	104	71
minecraft:diorite	1	106	71	106	71
minecraft:birch_wood	1	107	71	107	71
minecraft:diorite	3	108	71	109	72
minecraft:acacia_wood	2	111	71	112	71
minecraft:snow_block	1	113	71	113	71
minecraft:mud	1	114	71	114	71
minecraft:stone	1	120	71	120	71
minecraft:pale_moss_block	1	130	71	130	71
minecraft:dripstone_block	1	132	71	132	71
minecraft:pale_moss_block	57	138	71	144	84
minecraft:pale_oak_wood	12	148	71	154	73
minecraft:cyan_terracotta	1	157	71	157	71
minecraft:acacia_wood	1	169	71	169	71
minecraft:mud	2	175	71	175	72
minecraft:mud	1	190	71	190	71
minecraft:light_gray_wool	21	192	71	197	76
minecraft:pale_oak_wood	9	197	71	200	74
minecraft:acacia_wood	116	193	71	208	89
minecraft:pale_moss_block	36	211	71	217	78
minecraft:mud	1	212	71	212	71
minecraft:acacia_wood	2	214	71	215	71
minecraft:stone	1	224	71	224	71
minecraft:acacia_wood	6	238	71	240	73
minecraft:cyan_terracotta	1	250	71	250	71
minecraft:light_gray_wool	2	254	71	254	72
minecraft:cyan_terracotta	1	258	71	258	71
minecraft:stone	60	256	71	262	86
minecraft:cyan_terracotta	39	275	71	285	81
minecraft:mud	1	283	71	283	71
minecraft:cyan_terracotta	1	284	71	284	71
minecraft:mud	1	285	71	285	71
minecraft:stone	1	293	71	293	71
minecraft:acacia_wood	4	292	71	294	72
minecraft:stone	17	294	71	297	79
minecraft:grass_block	1	298	71	298	71
minecraft:acacia_wood	5	305	71	307	72
minecraft:cyan_terracotta	1	309	71	309	71
minecraft:mud	18	306	71	312	75
minecraft:mud	1	314	71	314	71
minecraft:acacia_wood	6	317	71	320	73
minecraft:cyan_terracotta	1	33	72	33	72
minecraft:basalt	2	35	72	36	72
minecraft:basalt	1	38	72	38	72
minecraft:acacia_wood	1	55	72	55	72
minecraft:cyan_terracotta	3	58	72	59	73
minecraft:cyan_terracotta	8	67	72	68	76
minecraft:pale_moss_block	1	68	72	68	72
minecraft:blackstone	13	69	72	71	78
minecraft:mud	3	70	72	70	74
minecraft:basalt	5	71	72	72	74
minecraft:mud	1	95	72	95	72
minecraft:stone	1	96	72	96	72
minecraft:pale_moss_block	1	105	72	105	72
minecraft:snow_block	2	106	72	107	72
minecraft:diorite	8	112	72	113	77
minecraft:snow_block	1	114	72	114	72
minecraft:dripstone_block	2	131	72	131	73
minecraft:light_gray_terracotta	1	132	72	132	72
minecraft:dripstone_block	8	132	72	134	75
minecraft:pale_moss_block	2	136	72	136	73
minecraft:pale_oak_wood	1	147	72	147	72
minecraft:acacia_wood	33	155	72	162	78
minecraft:stone	2	158	72	159	72
minecraft:pale_moss_block	1	161	72	161	72
minecraft:mud	8	173	72	175	76
minecraft:mud	1	179	72	179	72
minecraft:stone	1	197	72	197	72
minecraft:smooth_basalt	9	207	72	209	77
minecraft:acacia_wood	1	218	72	218	72
minecraft:acacia_wood	1	250	72	250	72
minecraft:acacia_wood	16	255	72	258	80
minecraft:cyan_terracotta	7	264	72	267	74
minecraft:blackstone	2	281	72	281	73
minecraft:blackstone	1	283	72	283	72
minecraft:dirt	1	284	72	284	72
minecraft:blackstone	1	285	72	285	72
minecraft:pale_moss_block	1	307	72	307	72
minecraft:cyan_terracotta	1	308	72	308	72
minecraft:moss_block	1	312	72	312	72
minecraft:pale_oak_wood	1	317	72	317	72
minecraft:acacia_wood	1	52	73	52	73
minecraft:acacia_wood	40	50	73	59	80
minecraft:blackstone	3	60	73	60	75
minecraft:pale_moss_block	2	75	73	76	73
minecraft:pale_moss_block	1	86	73	86	73
minecraft:acacia_wood	24	90	73	96	77
minecraft:stone	1	95	73	95	73
minecraft:mud	1	96	73	96	73
minecraft:stone	6	96	73	98	75
minecraft:pale_moss_block	1	106	73	106	73
minecraft:mud	1	107	73	107	73
minecraft:snow_block	2	108	73	109	73
minecraft:diorite	1	110	73	110	73
minecraft:smooth_basalt	1	111	73	111	73
minecraft:mud	16	114	73	118	81
minecraft:pale_oak_wood	2	116	73	116	74
minecraft:acacia_wood	1	132	73	132	73
minecraft:cyan_terracotta	2	218	73	218	74
minecraft:cyan_terracotta	1	222	73	222	73
minecraft:acacia_wood	2	237	73	237	74
minecraft:pale_oak_wood	27	233	73	238	83
minecraft:mud	3	241	73	242	74
minecraft:cyan_terracotta	1	245	73	245	73
minecraft:cyan_terracotta	1	249	73	249	73
minecraft:mud	1	257	73	257	73
minecraft:basalt	1	278	73	278	73
minecraft:cyan_terracotta	2	279	73	280	73
minecraft:dirt	1	285	73	285	73
minecraft:stone	2	286	73	287	73
minecraft:stone	2	293	73	294	73
minecraft:acacia_wood	1	295	73	295	73
minecraft:stone	70	297	73	311	83
minecraft:cyan_terracotta	1	307	73	307	73
minecraft:smooth_basalt	1	308	73	308	73
minecraft:cyan_terracotta	6	311	73	313	75
minecraft:pale_oak_wood	1	316	73	316	73
minecraft:stone	26	313	73	321	80
minecraft:stone	11	11	74	14	77
minecraft:basalt	1	66	74	66	74
minecraft:pale_moss_block	2	73	74	74	74
minecraft:acacia_wood	1	86	74	86	74
minecraft:pale_moss_block	6	87	74	89	77
minecraft:acacia_wood	4	106	74	107	76
minecraft:mud	1	108	74	108	74
minecraft:diorite	1	109	74	109	74
minecraft:snow_block	4	110	74	111	76
minecraft:birch_wood	1	112	74	112	74
minecraft:stone	1	129	74	129	74
minecraft:light_gray_terracotta	7	129	74	131	77
minecraft:mud	13	146	74	150	77
minecraft:pale_oak_wood	1	152	74	152	74
minecraft:mud	1	176	74	176	74
minecraft:stone	1	198	74	198	74
minecraft:mud	5	212	74	213	76
minecraft:acacia_wood	7	222	74	223	77
minecraft:acacia_wood	3	245	74	246	75
minecraft:acacia_wood	3	249	74	249	76
minecraft:cyan_terracotta	1	263	74	263	74
minecraft:acacia_wood	1	264	74	264	74
minecraft:basalt	4	275	74	277	75
minecraft:mud	11	276	74	279	77
minecraft:blackstone	1	280	74	280	74
minecraft:blackstone	1	283	74	283	74
minecraft:acacia_wood	1	286	74	286	74
minecraft:acacia_wood	1	294	74	294	74
minecraft:mud	19	295	74	298	84
minecraft:moss_block	19	317	74	326	76
minecraft:moss_block	6	328	74	330	75
minecraft:mud	1	332	74	332	74
minecraft:gray_wool	1	25	75	25	75
minecraft:acacia_wood	1	49	75	49	75
minecraft:mud	32	69	75	75	87
minecraft:basalt	2	73	75	74	75
minecraft:acacia_wood	2	75	75	76	75
minecraft:pale_oak_wood	2	107	75	107	76
minecraft:pale_moss_block	12	108	75	110	82
minecraft:mud	1	109	75	109	75
minecraft:diorite	1	110	75	110	75
minecraft:pale_oak_wood	9	118	75	120	80
minecraft:pale_moss_block	52	120	75	127	92
minecraft:light_gray_terracotta	2	127	75	128	75
minecraft:acacia_wood	1	129	75	129	75
minecraft:packed_mud	2	132	75	132	76
minecraft:packed_mud	1	135	75	135	75
minecraft:pale_oak_wood	3	197	75	198	76
minecraft:cyan_terracotta	1	211	75	211	75
minecraft:acacia_wood	8	218	75	220	79
minecraft:acacia_wood	1	233	75	233	75
minecraft:acacia_wood	1	236	75	236	75
minecraft:mud	1	247	75	247	75
minecraft:acacia_wood	1	255	75	255	75
minecraft:smooth_basalt	2	256	75	256	76
minecraft:cyan_terracotta	1	264	75	264	75
minecraft:blackstone	1	281	75	281	75
minecraft:dirt	3	284	75	285	76
minecraft:cyan_terracotta	1	305	75	305	75
minecraft:acacia_wood	12	305	75	310	78
minecraft:pale_moss_block	30	307	75	315	80
minecraft:mud	33	319	75	332	78
minecraft:pale_moss_block	1	332	75	332	75
minecraft:mud	1	333	75	333	75
minecraft:grass_block	1	334	75	334	75
minecraft:coal_ore	1	11	76	11	76
minecraft:mud	1	24	76	24	76
minecraft:stone	9	24	76	28	80
minecraft:pale_moss_block	1	33	76	33	76
minecraft:acacia_wood	1	53	76	53	76
minecraft:mud	2	59	76	60	76
minecraft:cyan_terracotta	11	57	76	61	79
minecraft:acacia_wood	25	63	76	66	83
minecraft:basalt	43	66	76	73	92
minecraft:basalt	28	72	76	77	83
minecraft:acacia_wood	1	77	76	77	76
minecraft:pale_moss_block	1	78	76	78	76
minecraft:pale_moss_block	2	97	76	97	77
minecraft:acacia_wood	5	110	76	111	79
minecraft:dripstone_block	9	127	76	129	79
minecraft:coarse_dirt	8	129	76	132	79
minecraft:coarse_dirt	2	133	76	134	76
minecraft:stone	1	179	76	179	76
minecraft:light_gray_wool	4	188	76	190	77
minecraft:stone	2	195	76	196	76
minecraft:smooth_basalt	2	211	76	211	77
minecraft:blackstone	2	221	76	221	77
minecraft:mud	18	237	76	243	81
minecraft:pale_oak_wood	38	240	76	248	87
minecraft:acacia_wood	1	247	76	247	76
minecraft:basalt	2	274	76	274	77
minecraft:mud	1	281	76	281	76
minecraft:dirt	1	294	76	294	76
minecraft:pale_moss_block	1	326	76	326	76
minecraft:gray_wool	2	24	77	24	78
minecraft:moss_block	3	32	77	32	79
minecraft:blackstone	1	60	77	60	77
minecraft:cyan_terracotta	42	78	77	85	87
minecraft:pale_moss_block	1	80	77	80	77
minecraft:stone	1	90	77	90	77
minecraft:cyan_terracotta	1	91	77	91	77
minecraft:cyan_terracotta	10	94	77	97	80
minecraft:acacia_wood	1	107	77	107	77
minecraft:pale_oak_wood	1	108	77	108	77
minecraft:snow_block	1	113	77	113	77
minecraft:stone	3	124	77	125	78
minecraft:light_gray_terracotta	1	133	77	133	77
minecraft:basalt	1	144	77	144	77
minecraft:acacia_wood	1	147	77	147	77
minecraft:cyan_terracotta	37	144	77	151	83
minecraft:acacia_wood	1	150	77	150	77
minecraft:blackstone	1	151	77	151	77
minecraft:light_gray_wool	7	166	77	168	79
minecraft:pale_oak_wood	1	169	77	169	77
minecraft:pale_oak_wood	1	171	77	171	77
minecraft:blackstone	4	173	77	174	78
minecraft:pale_oak_wood	2	195	77	196	77
minecraft:pale_oak_wood	18	202	77	205	84
minecraft:cyan_terracotta	4	207	77	208	79
minecraft:mud	3	208	77	209	78
minecraft:stone	13	214	77	218	80
minecraft:mud	1	222	77	222	77
minecraft:acacia_wood	1	226	77	226	77
minecraft:acacia_wood	20	228	77	231	83
minecraft:acacia_wood	1	233	77	233	77
minecraft:light_gray_wool	1	254	77	254	77
minecraft:cyan_terracotta	2	271	77	272	77
minecraft:mud	1	273	77	273	77
minecraft:moss_block	1	292	77	292	77
minecraft:smooth_basalt	1	23	78	23	78
minecraft:moss_block	131	18	78	27	107
minecraft:cobblestone	1	28	78	28	78
minecraft:stone	3	30	78	31	79
minecraft:pale_moss_block	2	33	78	33	79
minecraft:mud	1	59	78	59	78
minecraft:mud	1	77	78	77	78
minecraft:pale_moss_block	1	81	78	81	78
minecraft:pale_moss_block	44	90	78	104	87
minecraft:acacia_wood	2	108	78	108	79
minecraft:mud	9	111	78	114	82
minecraft:diorite	2	113	78	114	78
minecraft:packed_mud	20	130	78	135	85
minecraft:acacia_wood	3	141	78	142	79
minecraft:acacia_wood	1	144	78	144	78
minecraft:basalt	1	145	78	145	78
minecraft:mud	1	148	78	148	78
minecraft:pale_moss_block	4	152	78	154	79
minecraft:stone	13	166	78	170	83
minecraft:pale_oak_wood	2	170	78	170	79
minecraft:acacia_wood	1	195	78	195	78
minecraft:stone	1	196	78	196	78
minecraft:smooth_basalt	11	208	78	210	83
minecraft:mud	63	203	78	212	91
minecraft:mud	5	213	78	214	81
minecraft:mud	13	220	78	222	86
minecraft:acacia_wood	1	222	78	222	78
minecraft:pale_oak_wood	44	222	78	230	87
minecraft:pale_oak_wood	1	226	78	226	78
minecraft:pale_oak_wood	1	238	78	238	78
minecraft:pale_oak_wood	2	252	78	252	79
minecraft:light_gray_wool	1	253	78	253	78
minecraft:stone	1	254	78	254	78
minecraft:cyan_terracotta	2	269	78	270	78
minecraft:mud	1	271	78	271	78
minecraft:blackstone	1	272	78	272	78
minecraft:basalt	1	273	78	273	78
minecraft:pale_moss_block	10	272	78	275	82
minecraft:acacia_wood	78	276	78	287	92
minecraft:moss_block	1	293	78	293	78
minecraft:pale_moss_block	26	322	78	331	82
minecraft:grass_block	203	328	78	349	106
minecraft:gray_wool	14	19	79	23	84
minecraft:pale_moss_block	1	28	79	28	79
minecraft:stone	22	27	79	30	90
minecraft:pale_moss_block	1	30	79	30	79
minecraft:stone	21	34	79	40	87
minecraft:blackstone	1	61	79	61	79
minecraft:cyan_terracotta	3	68	79	68	81
minecraft:pale_moss_block	1	83	79	83	79
minecraft:smooth_basalt	9	113	79	117	81
minecraft:stone	1	118	79	118	79
minecraft:pale_moss_block	1	137	79	137	79
minecraft:cyan_terracotta	1	138	79	138	79
minecraft:snow_block	8	141	79	144	81
minecraft:acacia_wood	1	145	79	145	79
minecraft:stone	1	154	79	154	79
minecraft:birch_wood	40	153	79	163	91
minecraft:birch_wood	13	160	79	163	84
minecraft:diorite	34	161	79	168	87
minecraft:acacia_wood	4	212	79	212	82
minecraft:light_gray_wool	5	224	79	227	80
minecraft:pale_oak_wood	1	227	79	227	79
minecraft:mud	4	232	79	232	82
minecraft:acacia_wood	1	238	79	238	79
minecraft:acacia_wood	1	240	79	240	79
minecraft:smooth_basalt	2	242	79	243	79
minecraft:stone	1	245	79	245	79
minecraft:light_gray_wool	4	245	79	247	80
minecraft:stone	1	253	79	253	79
minecraft:pale_oak_wood	1	254	79	254	79
minecraft:basalt	1	268	79	268	79
minecraft:mud	1	269	79	269	79
minecraft:blackstone	19	269	79	271	88
minecraft:cyan_terracotta	1	272	79	272	79
minecraft:mud	1	279	79	279	79
minecraft:acacia_wood	1	293	79	293	79
minecraft:acacia_wood	80	303	79	321	89
minecraft:stone	1	322	79	322	79
minecraft:moss_block	5	31	80	31	84
minecraft:pale_moss_block	24	30	80	34	90
minecraft:moss_block	1	39	80	39	80
minecraft:pale_moss_block	13	51	80	58	83
minecraft:cyan_terracotta	43	53	80	68	90
minecraft:mud	2	59	80	60	80
minecraft:pale_moss_block	6	63	80	64	84
minecraft:mud	1	75	80	75	80
minecraft:pale_moss_block	1	84	80	84	80
minecraft:cyan_terracotta	4	101	80	102	82
minecraft:mud	9	104	80	106	85
minecraft:acacia_wood	3	119	80	120	81
minecraft:stone	2	127	80	128	80
minecraft:pale_oak_wood	2	129	80	129	81
minecraft:acacia_wood	1	130	80	130	80
minecraft:white_concrete_powder	3	152	80	153	81
minecraft:white_concrete_powder	5	156	80	158	82
minecraft:pale_moss_block	1	159	80	159	80
minecraft:mud	3	174	80	174	82
minecraft:cyan_terracotta	110	172	80	185	92
minecraft:acacia_wood	1	192	80	192	80
minecraft:cyan_terracotta	8	197	80	200	82
minecraft:smooth_basalt	1	201	80	201	80
minecraft:light_gray_wool	33	213	80	219	86
minecraft:pale_oak_wood	14	219	80	221	86
minecraft:acacia_wood	1	220	80	220	80
minecraft:mud	1	243	80	243	80
minecraft:light_gray_wool	2	251	80	252	80
minecraft:pale_oak_wood	1	253	80	253	80
minecraft:smooth_basalt	1	254	80	254	80
minecraft:cyan_terracotta	1	267	80	267	80
minecraft:mud	33	265	80	270	93
minecraft:cyan_terracotta	4	271	80	271	83
minecraft:stone	1	293	80	293	80
minecraft:pale_oak_wood	1	294	80	294	80
minecraft:light_gray_wool	1	297	80	297	80
minecraft:moss_block	4	298	80	299	82
minecraft:light_gray_wool	17	300	80	304	84
minecraft:cyan_terracotta	1	324	80	324	80
minecraft:cyan_terracotta	5	326	80	328	82
minecraft:mud	3	332	80	334	80
minecraft:stone	8	332	80	336	82
minecraft:cobblestone	1	336	80	336	80
minecraft:pale_moss_block	1	39	81	39	81
minecraft:stone	3	40	81	42	81
minecraft:acacia_wood	1	60	81	60	81
minecraft:blackstone	1	61	81	61	81
minecraft:blackstone	5	69	81	70	84
minecraft:mud	1	73	81	73	81
minecraft:pale_moss_block	1	85	81	85	81
minecraft:pale_oak_wood	2	111	81	111	82
minecraft:pale_oak_wood	1	121	81	121	81
minecraft:dripstone_block	2	133	81	133	82
minecraft:light_gray_terracotta	2	134	81	135	81
minecraft:white_concrete_powder	3	136	81	137	82
minecraft:white_concrete_powder	1	142	81	142	81
minecraft:birch_wood	1	158	81	158	81
minecraft:snow_block	1	159	81	159	81
minecraft:white_concrete_powder	1	160	81	160	81
minecraft:white_concrete_powder	1	162	81	162	81
minecraft:smooth_basalt	1	206	81	206	81
minecraft:acacia_wood	1	237	81	237	81
minecraft:blackstone	2	239	81	239	82
minecraft:pale_oak_wood	3	251	81	252	82
minecraft:light_gray_wool	2	253	81	253	82
minecraft:pale_oak_wood	72	250	81	260	94
minecraft:stone	1	255	81	255	81
minecraft:pale_oak_wood	2	256	81	256	82
minecraft:cyan_terracotta	1	266	81	266	81
minecraft:stone	97	270	81	276	106
minecraft:mud	1	280	81	280	81
minecraft:moss_block	9	289	81	292	84
minecraft:pale_oak_wood	11	291	81	293	86
minecraft:stone	4	294	81	294	84
minecraft:stone	2	297	81	297	82
minecraft:moss_block	40	317	81	329	86
minecraft:cobblestone	4	30	82	30	85
minecraft:pale_moss_block	10	35	82	38	85
minecraft:moss_block	1	40	82	40	82
minecraft:pale_moss_block	6	40	82	42	85
minecraft:cobblestone	3	42	82	43	83
minecraft:mud	1	60	82	60	82
minecraft:cyan_terracotta	16	72	82	77	86
minecraft:basalt	17	75	82	81	88
minecraft:pale_moss_block	1	86	82	86	82
minecraft:snow_block	6	113	82	116	84
minecraft:mud	2	115	82	116	82
minecraft:snow_block	1	117	82	117	82
minecraft:acacia_wood	1	118	82	118	82
minecraft:mud	21	115	82	122	87
minecraft:pale_oak_wood	2	123	82	123	83
minecraft:pale_oak_wood	2	130	82	130	83
minecraft:acacia_wood	2	131	82	131	83
minecraft:white_concrete_powder	1	134	82	134	82
minecraft:birch_wood	1	135	82	135	82
minecraft:snow_block	17	134	82	140	86
minecraft:white_concrete_powder	2	138	82	138	83
minecraft:white_concrete_powder	22	150	82	157	88
minecraft:snow_block	1	152	82	152	82
minecraft:white_concrete_powder	3	158	82	159	83
minecraft:stone	1	213	82	213	82
minecraft:pale_oak_wood	1	218	82	218	82
minecraft:light_gray_wool	1	224	82	224	82
minecraft:cyan_terracotta	1	231	82	231	82
minecraft:acacia_wood	33	232	82	240	92
minecraft:stone	1	235	82	235	82
minecraft:acacia_wood	5	237	82	239	84
minecraft:mud	31	239	82	245	94
minecraft:mud	1	243	82	243	82
minecraft:light_gray_wool	8	245	82	247	84
minecraft:light_gray_wool	5	251	82	252	85
minecraft:light_gray_wool	1	255	82	255	82
minecraft:cyan_terracotta	4	264	82	266	83
minecraft:cyan_terracotta	4	280	82	282	83
minecraft:stone	44	293	82	300	90
minecraft:cyan_terracotta	1	313	82	313	82
minecraft:cyan_terracotta	3	323	82	324	83
minecraft:dirt	1	331	82	331	82
minecraft:dirt	2	334	82	335	82
minecraft:cobblestone	8	44	83	46	85
minecraft:mud	1	83	83	83	83
minecraft:acacia_wood	188	84	83	100	112
minecraft:pale_moss_block	1	87	83	87	83
minecraft:acacia_wood	1	110	83	110	83
minecraft:pale_moss_block	2	111	83	112	83
minecraft:mud	1	113	83	113	83
minecraft:mud	1	117	83	117	83
minecraft:snow_block	4	118	83	121	83
minecraft:stone	1	127	83	127	83
minecraft:birch_wood	1	133	83	133	83
minecraft:stone	1	142	83	142	83
minecraft:acacia_wood	7	145	83	148	86
minecraft:diorite	1	156	83	156	83
minecraft:white_concrete_powder	1	161	83	161	83
minecraft:birch_wood	1	168	83	168	83
minecraft:white_concrete_powder	1	169	83	169	83
minecraft:acacia_wood	1	186	83	186	83
minecraft:stone	1	225	83	225	83
minecraft:mud	129	226	83	238	103
minecraft:acacia_wood	1	259	83	259	83
minecraft:moss_block	1	297	83	297	83
minecraft:pale_oak_wood	1	303	83	303	83
minecraft:acacia_wood	3	319	83	320	84
minecraft:moss_block	4	39	84	40	86
minecraft:pale_moss_block	1	59	84	59	84
minecraft:pale_moss_block	1	66	84	66	84
minecraft:stone	1	89	84	89	84
minecraft:pale_moss_block	1	90	84	90	84
minecraft:mud	1	101	84	101	84
minecraft:acacia_wood	3	112	84	113	85
minecraft:pale_moss_block	1	113	84	113	84
minecraft:mud	1	114	84	114	84
minecraft:smooth_basalt	1	116	84	116	84
minecraft:snow_block	1	117	84	117	84
minecraft:diorite	1	120	84	120	84
minecraft:pale_oak_wood	1	129	84	129	84
minecraft:acacia_wood	1	130	84	130	84
minecraft:dripstone_block	1	133	84	133	84
minecraft:white_concrete_powder	7	134	84	137	87
minecraft:birch_wood	1	141	84	141	84
minecraft:diorite	19	141	84	145	90
minecraft:birch_wood	27	147	84	155	90
minecraft:birch_wood	1	151	84	151	84
minecraft:white_concrete_powder	2	160	84	160	85
minecraft:birch_wood	2	161	84	161	85
minecraft:birch_wood	3	169	84	170	85
minecraft:pale_moss_block	92	185	84	196	100
minecraft:cyan_terracotta	1	200	84	200	84
minecraft:pale_oak_wood	5	213	84	213	88
minecraft:pale_oak_wood	1	237	84	237	84
minecraft:blackstone	2	239	84	239	85
minecraft:light_gray_wool	1	254	84	254	84
minecraft:acacia_wood	1	258	84	258	84
minecraft:acacia_wood	34	261	84	266	93
minecraft:acacia_wood	3	271	84	271	86
minecraft:mud	2	272	84	272	85
minecraft:mud	2	280	84	280	85
minecraft:pale_oak_wood	10	287	84	290	87
minecraft:grass_block	1	289	84	289	84
minecraft:pale_oak_wood	13	300	84	302	90
minecraft:powder_snow	4	0	85	2	86
minecraft:gray_wool	1	18	85	18	85
minecraft:stone	47	15	85	21	98
minecraft:stone	1	32	85	32	85
minecraft:moss_block	14	35	85	37	91
minecraft:stone	1	37	85	37	85
minecraft:stone	1	40	85	40	85
minecraft:andesite	9	48	85	51	87
minecraft:acacia_wood	1	61	85	61	85
minecraft:cyan_terracotta	1	69	85	69	85
minecraft:pale_moss_block	29	78	85	84	92
minecraft:pale_moss_block	1	101	85	101	85
minecraft:mud	1	102	85	102	85
minecraft:mud	1	104	85	104	85
minecraft:pale_moss_block	1	105	85	105	85
minecraft:pale_moss_block	1	114	85	114	85
minecraft:stone	2	128	85	128	86
minecraft:acacia_wood	10	128	85	130	90
minecraft:coarse_dirt	2	130	85	130	86
minecraft:birch_wood	1	132	85	132	85
minecraft:diorite	79	125	85	137	98
minecraft:white_concrete_powder	8	137	85	141	86
minecraft:birch_wood	1	142	85	142	85
minecraft:stone	8	144	85	146	88
minecraft:birch_wood	1	165	85	165	85
minecraft:birch_wood	1	168	85	168	85
minecraft:white_concrete_powder	23	166	85	171	93
minecraft:pale_moss_block	3	171	85	172	86
minecraft:basalt	14	179	85	183	88
minecraft:acacia_wood	3	187	85	187	87
minecraft:cyan_terracotta	203	195	85	227	112
minecraft:pale_oak_wood	1	205	85	205	85
minecraft:stone	25	214	85	219	91
minecraft:pale_oak_wood	1	238	85	238	85
minecraft:light_gray_wool	3	255	85	256	86
minecraft:smooth_basalt	12	280	85	282	91
minecraft:smooth_basalt	1	291	85	291	85
minecraft:mud	1	294	85	294	85
minecraft:moss_block	1	314	85	314	85
minecraft:cyan_terracotta	5	316	85	317	87
minecraft:cyan_terracotta	1	327	85	327	85
minecraft:stone	15	323	85	330	89
minecraft:stone	7	342	85	347	86
minecraft:pale_moss_block	4	348	85	349	86
minecraft:gray_wool	1	20	86	20	86
minecraft:gray_wool	11	28	86	29	92
minecraft:cobblestone	3	35	86	35	88
minecraft:stone	1	38	86	38	86
minecraft:acacia_wood	6	62	86	64	88
minecraft:pale_moss_block	1	65	86	65	86
minecraft:mud	1	74	86	74	86
minecraft:mud	1	105	86	105	86
minecraft:pale_moss_block	1	106	86	106	86
minecraft:mud	1	107	86	107	86
minecraft:acacia_wood	3	114	86	115	87
minecraft:pale_moss_block	1	115	86	115	86
minecraft:acacia_wood	12	118	86	120	91
minecraft:acacia_wood	1	122	86	122	86
minecraft:granite	1	131	86	131	86
minecraft:white_concrete_powder	2	165	86	165	87
minecraft:birch_wood	3	166	86	167	87
minecraft:acacia_wood	11	228	86	230	90
minecraft:cyan_terracotta	1	232	86	232	86
minecraft:blackstone	1	238	86	238	86
minecraft:pale_oak_wood	1	239	86	239	86
minecraft:pale_oak_wood	1	259	86	259	86
minecraft:mud	1	266	86	266	86
minecraft:acacia_wood	1	267	86	267	86
minecraft:black_wool	1	290	86	290	86
minecraft:pale_oak_wood	57	302	86	316	95
minecraft:mud	1	319	86	319	86
minecraft:cyan_terracotta	12	319	86	326	88
minecraft:mud	2	329	86	329	87
minecraft:pale_moss_block	1	37	87	37	87
minecraft:acacia_wood	5	38	87	38	91
minecraft:cobblestone	1	52	87	52	87
minecraft:cyan_terracotta	114	68	87	82	107
minecraft:mud	1	73	87	73	87
minecraft:pale_moss_block	7	92	87	94	90
minecraft:mud	1	104	87	104	87
minecraft:pale_moss_block	1	105	87	105	87
minecraft:mud	1	106	87	106	87
minecraft:stone	1	107	87	107	87
minecraft:mud	75	106	87	115	105
minecraft:pale_moss_block	58	112	87	124	103
minecraft:smooth_basalt	3	121	87	121	89
minecraft:mud	20	120	87	124	94
minecraft:acacia_wood	8	123	87	125	91
minecraft:stone	1	127	87	127	87
minecraft:coarse_dirt	2	131	87	131	88
minecraft:birch_wood	2	133	87	134	87
minecraft:birch_wood	7	138	87	141	89
minecraft:white_concrete_powder	5	148	87	150	88
minecraft:snow_block	120	148	87	163	103
minecraft:white_concrete_powder	1	158	87	158	87
minecraft:white_concrete_powder	1	160	87	160	87
minecraft:birch_wood	1	161	87	161	87
minecraft:acacia_wood	17	161	87	165	95
minecraft:birch_wood	4	171	87	172	88
minecraft:pale_moss_block	2	173	87	173	88
minecraft:mud	1	201	87	201	87
minecraft:smooth_basalt	8	202	87	206	89
minecraft:pale_oak_wood	1	207	87	207	87
minecraft:blackstone	4	211	87	212	89
minecraft:acacia_wood	51	218	87	226	96
minecraft:cyan_terracotta	1	234	87	234	87
minecraft:light_gray_wool	10	247	87	249	90
minecraft:light_gray_wool	3	258	87	259	88
minecraft:pale_oak_wood	1	260	87	260	87
minecraft:stone	19	259	87	262	95
minecraft:stone	1	271	87	271	87
minecraft:white_concrete	1	272	87	272	87
minecraft:pale_oak_wood	1	287	87	287	87
minecraft:acacia_wood	9	287	87	290	90
minecraft:smooth_basalt	2	291	87	291	88
minecraft:acacia_wood	2	292	87	292	88
minecraft:smooth_basalt	16	302	87	308	90
minecraft:mud	1	314	87	314	87
minecraft:moss_block	2	315	87	316	87
minecraft:mud	3	317	87	318	88
minecraft:moss_block	1	319	87	319	87
minecraft:mud	1	320	87	320	87
minecraft:moss_block	8	324	87	328	90
minecraft:moss_block	55	326	87	333	107
minecraft:moss_block	93	341	87	349	102
minecraft:stone	6	12	88	13	92
minecraft:gray_wool	2	31	88	31	89
minecraft:andesite	33	52	88	58	95
minecraft:cobblestone	2	55	88	55	89
minecraft:pale_moss_block	1	66	88	66	88
minecraft:cyan_terracotta	2	91	88	92	88
minecraft:cyan_terracotta	2	95	88	95	89
minecraft:pale_moss_block	15	96	88	101	91
minecraft:pale_moss_block	1	104	88	104	88
minecraft:mud	1	105	88	105	88
minecraft:stone	1	106	88	106	88
minecraft:pale_oak_wood	1	125	88	125	88
minecraft:birch_wood	3	135	88	136	89
minecraft:diorite	2	137	88	138	88
minecraft:acacia_wood	1	147	88	147	88
minecraft:white_concrete_powder	1	161	88	161	88
minecraft:birch_wood	2	165	88	165	89
minecraft:snow_block	2	166	88	167	88
minecraft:birch_wood	1	169	88	169	88
minecraft:cyan_terracotta	2	187	88	187	89
minecraft:mud	2	202	88	202	89
minecraft:pale_oak_wood	12	218	88	222	91
minecraft:stone	11	237	88	241	92
minecraft:pale_oak_wood	2	264	88	264	89
minecraft:mud	2	265	88	265	89
minecraft:pale_moss_block	2	271	88	271	89
minecraft:mud	1	279	88	279	88
minecraft:mud	1	282	88	282	88
minecraft:stone	1	287	88	287	88
minecraft:mud	1	304	88	304	88
minecraft:mud	1	315	88	315	88
minecraft:acacia_wood	4	316	88	317	90
minecraft:pale_moss_block	4	321	88	323	89
minecraft:stone	1	329	88	329	88
minecraft:mud	1	330	88	330	88
minecraft:stone	29	334	88	336	102
minecraft:pale_oak_wood	3	337	88	337	90
minecraft:gray_wool	3	17	89	18	90
minecraft:light_gray_wool	7	49	89	51	91
minecraft:pale_moss_block	118	58	89	74	106
minecraft:mud	2	71	89	72	89
minecraft:stone	1	92	89	92	89
minecraft:cyan_terracotta	1	93	89	93	89
minecraft:stone	5	105	89	107	91
minecraft:mud	1	106	89	106	89
minecraft:stone	1	107	89	107	89
minecraft:pale_oak_wood	1	129	89	129	89
minecraft:birch_wood	2	137	89	138	89
minecraft:stone	2	139	89	139	90
minecraft:birch_wood	4	145	89	147	90
minecraft:stone	1	147	89	147	89
minecraft:white_concrete_powder	6	151	89	153	91
minecraft:white_concrete_powder	4	159	89	160	91
minecraft:snow_block	1	172	89	172	89
minecraft:pale_moss_block	2	182	89	183	89
minecraft:acacia_wood	3	213	89	214	90
minecraft:pale_oak_wood	7	240	89	242	92
minecraft:pale_oak_wood	1	250	89	250	89
minecraft:light_gray_wool	1	251	89	251	89
minecraft:cyan_terracotta	1	282	89	282	89
minecraft:stone	5	284	89	286	90
minecraft:mud	4	289	89	290	91
minecraft:acacia_wood	1	291	89	291	89
minecraft:pale_moss_block	87	285	89	297	106
minecraft:smooth_basalt	1	311	89	311	89
minecraft:mud	1	314	89	314	89
minecraft:cyan_terracotta	1	318	89	318	89
minecraft:stone	41	318	89	328	96
minecraft:stone	1	328	89	328	89
minecraft:mud	1	329	89	329	89
minecraft:stone	1	330	89	330	89
minecraft:pale_moss_block	1	31	90	31	90
minecraft:stone	1	37	90	37	90
minecraft:cobblestone	25	41	90	45	99
minecraft:stone	1	91	90	91	90
minecraft:acacia_wood	1	92	90	92	90
minecraft:stone	1	93	90	93	90
minecraft:stone	70	93	90	105	104
minecraft:mud	1	107	90	107	90
minecraft:stone	1	108	90	108	90
minecraft:pale_moss_block	1	111	90	111	90
minecraft:pale_oak_wood	2	126	90	126	91
minecraft:acacia_wood	3	137	90	138	91
minecraft:diorite	1	140	90	140	90
minecraft:birch_wood	1	141	90	141	90
minecraft:white_concrete_powder	26	143	90	150	97
minecraft:snow_block	1	152	90	152	90
minecraft:birch_wood	2	167	90	168	90
minecraft:snow_block	70	166	90	174	103
minecraft:pale_moss_block	1	172	90	172	90
minecraft:acacia_wood	1	173	90	173	90
minecraft:white_concrete_powder	6	177	90	179	92
minecraft:snow_block	2	179	90	179	91
minecraft:white_concrete_powder	3	180	90	181	91
minecraft:snow_block	69	176	90	184	104
minecraft:cyan_terracotta	15	229	90	231	96
minecraft:stone	1	250	90	250	90
minecraft:light_gray_wool	1	259	90	259	90
minecraft:pale_oak_wood	1	262	90	262	90
minecraft:cyan_terracotta	1	270	90	270	90
minecraft:white_concrete	9	270	90	271	95
minecraft:pale_moss_block	10	272	90	274	93
minecraft:cyan_terracotta	6	277	90	279	93
minecraft:mud	1	281	90	281	90
minecraft:cyan_terracotta	1	289	90	289	90
minecraft:cyan_terracotta	1	291	90	291	90
minecraft:acacia_wood	2	299	90	299	91
minecraft:black_wool	16	300	90	305	93
minecraft:black_wool	1	309	90	309	90
minecraft:mud	1	328	90	328	90
minecraft:stone	1	329	90	329	90
minecraft:pale_moss_block	1	30	91	30	91
minecraft:cobblestone	3	33	91	33	93
minecraft:andesite	3	45	91	46	92
minecraft:acacia_wood	19	75	91	82	95
minecraft:blackstone	4	79	91	80	93
minecraft:cyan_terracotta	1	81	91	81	91
minecraft:acacia_wood	1	84	91	84	91
minecraft:stone	11	82	91	86	94
minecraft:stone	1	92	91	92	91
minecraft:acacia_wood	1	93	91	93	91
minecraft:stone	7	104	91	106	95
minecraft:mud	1	105	91	105	91
minecraft:mud	2	117	91	118	91
minecraft:snow_block	1	123	91	123	91
minecraft:smooth_basalt	2	124	91	124	92
minecraft:pale_oak_wood	1	129	91	129	91
minecraft:acacia_wood	1	131	91	131	91
minecraft:diorite	66	134	91	143	112
minecraft:birch_wood	1	140	91	140	91
minecraft:birch_wood	18	141	91	144	97
minecraft:white_concrete_powder	1	171	91	171	91
minecraft:basalt	1	173	91	173	91
minecraft:pale_moss_block	1	174	91	174	91
minecraft:birch_wood	1	177	91	177	91
minecraft:cyan_terracotta	3	187	91	187	93
minecraft:cyan_terracotta	1	195	91	195	91
minecraft:acacia_wood	25	196	91	205	98
minecraft:acacia_wood	1	205	91	205	91
minecraft:acacia_wood	25	209	91	217	95
minecraft:pale_oak_wood	9	211	91	215	93
minecraft:cyan_terracotta	3	236	91	236	93
minecraft:light_gray_wool	1	250	91	250	91
minecraft:cyan_terracotta	2	269	91	269	92
minecraft:pale_moss_block	1	270	91	270	91
minecraft:mud	1	279	91	279	91
minecraft:cyan_terracotta	13	279	91	283	95
minecraft:stone	1	283	91	283	91
minecraft:pale_moss_block	11	281	91	285	96
minecraft:acacia_wood	2	286	91	286	92
minecraft:cyan_terracotta	3	287	91	288	92
minecraft:cyan_terracotta	3	298	91	298	93
minecraft:light_gray_wool	14	315	91	318	95
minecraft:moss_block	1	321	91	321	91
minecraft:pale_oak_wood	1	329	91	329	91
minecraft:acacia_wood	23	336	91	337	102
minecraft:gray_wool	22	12	92	16	99
minecraft:gray_wool	1	16	92	16	92
minecraft:gray_wool	2	27	92	27	93
minecraft:stone	60	25	92	37	111
minecraft:andesite	1	35	92	35	92
minecraft:andesite	1	37	92	37	92
minecraft:stone	1	45	92	45	92
minecraft:moss_block	27	45	92	48	101
minecraft:andesite	3	49	92	50	93
minecraft:stone	2	51	92	51	93
minecraft:stone	1	91	92	91	92
minecraft:white_concrete	1	99	92	99	92
minecraft:pale_oak_wood	1	117	92	117	92
minecraft:diorite	3	118	92	119	93
minecraft:acacia_wood	1	121	92	121	92
minecraft:acacia_wood	2	126	92	126	93
minecraft:acacia_wood	19	135	92	137	100
minecraft:stone	2	137	92	137	93
minecraft:cyan_terracotta	1	160	92	160	92
minecraft:pale_moss_block	2	161	92	162	92
minecraft:light_gray_terracotta	5	164	92	165	95
minecraft:snow_block	7	166	92	168	95
minecraft:acacia_wood	3	173	92	174	93
minecraft:basalt	1	182	92	182	92
minecraft:white_concrete_powder	1	184	92	184	92
minecraft:cyan_terracotta	1	185	92	185	92
minecraft:stone	69	189	92	197	106
minecraft:stone	1	215	92	215	92
minecraft:stone	7	216	92	218	95
minecraft:birch_wood	2	226	92	226	93
minecraft:smooth_basalt	1	232	92	232	92
minecraft:smooth_basalt	3	234	92	235	93
minecraft:acacia_wood	1	253	92	253	92
minecraft:acacia_wood	35	252	92	261	98
minecraft:blackstone	13	264	92	268	96
minecraft:smooth_basalt	2	279	92	279	93
minecraft:cyan_terracotta	11	282	92	286	97
minecraft:smooth_basalt	12	286	92	289	96
minecraft:cyan_terracotta	2	290	92	290	93
minecraft:smooth_basalt	5	299	92	301	94
minecraft:stone	34	308	92	317	97
minecraft:light_gray_wool	1	313	92	313	92
minecraft:moss_block	2	319	92	320	92
minecraft:pale_moss_block	3	324	92	325	93
minecraft:pale_moss_block	1	327	92	327	92
minecraft:mud	10	331	92	331	101
minecraft:stone	3	14	93	14	95
minecraft:cobblestone	20	27	93	32	100
minecraft:stone	1	44	93	44	93
minecraft:andesite	1	45	93	45	93
minecraft:light_gray_wool	6	49	93	51	95
minecraft:cobblestone	13	57	93	60	98
minecraft:pale_moss_block	1	86	93	86	93
minecraft:white_concrete	1	95	93	95	93
minecraft:mud	39	99	93	106	100
minecraft:stone	1	103	93	103	93
minecraft:acacia_wood	1	117	93	117	93
minecraft:mud	3	118	93	119	94
minecraft:pale_oak_wood	1	127	93	127	93
minecraft:pale_moss_block	1	128	93	128	93
minecraft:white_concrete_powder	1	160	93	160	93
minecraft:white_concrete_powder	6	168	93	170	96
minecraft:basalt	6	174	93	176	95
minecraft:cyan_terracotta	1	177	93	177	93
minecraft:basalt	3	184	93	185	94
minecraft:acacia_wood	5	196	93	198	94
minecraft:stone	1	198	93	198	93
minecraft:acacia_wood	7	239	93	242	95
minecraft:acacia_wood	1	244	93	244	93
minecraft:smooth_basalt	1	253	93	253	93
minecraft:mud	2	264	93	264	94
minecraft:stone	3	269	93	269	95
minecraft:stone	1	271	93	271	93
minecraft:light_gray_wool	1	310	93	310	93
minecraft:acacia_wood	11	326	93	328	99
minecraft:moss_block	34	30	94	37	104
minecraft:andesite	1	36	94	36	94
minecraft:light_gray_wool	17	36	94	39	102
minecraft:andesite	3	38	94	38	96
minecraft:andesite	4	44	94	45	96
minecraft:stone	1	45	94	45	94
minecraft:basalt	6	70	94	73	96
minecraft:mud	1	99	94	99	94
minecraft:snow_block	2	120	94	120	95
minecraft:diorite	1	121	94	121	94
minecraft:birch_wood	2	123	94	124	94
minecraft:birch_wood	1	140	94	140	94
minecraft:diorite	1	141	94	141	94
minecraft:white_concrete_powder	3	155	94	156	95
minecraft:acacia_wood	1	175	94	175	94
minecraft:acacia_wood	20	183	94	187	101
minecraft:stone	1	199	94	199	94
minecraft:stone	1	201	94	201	94
minecraft:white_concrete_powder	1	205	94	205	94
minecraft:cyan_terracotta	5	239	94	240	96
minecraft:stone	1	240	94	240	94
minecraft:pale_oak_wood	1	263	94	263	94
minecraft:acacia_wood	35	274	94	281	104
minecraft:mud	1	278	94	278	94
minecraft:cyan_terracotta	2	289	94	289	95
minecraft:cyan_terracotta	2	297	94	297	95
minecraft:mud	9	297	94	299	98
minecraft:moss_block	1	315	94	315	94
minecraft:pale_moss_block	33	318	94	324	109
minecraft:cyan_terracotta	26	323	94	327	104
minecraft:mud	2	326	94	326	95
minecraft:acacia_wood	8	330	94	330	101
minecraft:pale_moss_block	4	18	95	19	97
minecraft:andesite	1	34	95	34	95
minecraft:pale_oak_wood	3	49	95	49	97
minecraft:stone	956	33	95	73	174
minecraft:cobblestone	1	55	95	55	95
minecraft:pale_moss_block	1	61	95	61	95
minecraft:acacia_wood	10	63	95	65	98
minecraft:pale_moss_block	1	81	95	81	95
minecraft:acacia_wood	2	82	95	83	95
minecraft:cyan_terracotta	1	84	95	84	95
minecraft:pale_moss_block	1	85	95	85	95
minecraft:stone	3	93	95	94	96
minecraft:pale_oak_wood	1	94	95	94	95
minecraft:white_concrete	1	97	95	97	95
minecraft:pale_moss_block	43	102	95	111	108
minecraft:white_concrete_powder	1	119	95	119	95
minecraft:white_concrete_powder	8	120	95	124	97
minecraft:birch_wood	52	123	95	135	102
minecraft:pale_oak_wood	1	135	95	135	95
minecraft:snow_block	1	145	95	145	95
minecraft:birch_wood	1	148	95	148	95
minecraft:white_concrete_powder	1	149	95	149	95
minecraft:basalt	3	152	95	153	96
minecraft:pale_moss_block	1	153	95	153	95
minecraft:pale_oak_wood	2	154	95	154	96
minecraft:white_concrete_powder	12	158	95	161	100
minecraft:snow_block	2	165	95	165	96
minecraft:white_concrete_powder	3	166	95	167	96
minecraft:basalt	2	183	95	183	96
minecraft:diorite	47	197	95	203	105
minecraft:birch_wood	3	198	95	200	95
minecraft:cyan_terracotta	3	232	95	233	96
minecraft:mud	1	242	95	242	95
minecraft:stone	1	243	95	243	95
minecraft:pale_moss_block	19	242	95	250	98
minecraft:cyan_terracotta	2	257	95	257	96
minecraft:pale_oak_wood	4	262	95	262	98
minecraft:mud	1	263	95	263	95
minecraft:acacia_wood	3	268	95	268	97
minecraft:smooth_basalt	1	278	95	278	95
minecraft:mud	6	284	95	286	97
minecraft:acacia_wood	33	300	95	308	100
minecraft:stone	1	12	96	12	96
minecraft:snow_block	3	14	96	14	98
minecraft:gray_wool	2	24	96	24	97
minecraft:andesite	2	40	96	40	97
minecraft:acacia_wood	1	71	96	71	96
minecraft:pale_moss_block	3	81	96	82	97
minecraft:cyan_terracotta	1	83	96	83	96
minecraft:pale_moss_block	1	84	96	84	96
minecraft:stone	1	85	96	85	96
minecraft:mud	12	87	96	91	100
minecraft:pale_oak_wood	1	92	96	92	96
minecraft:pale_oak_wood	1	95	96	95	96
minecraft:white_concrete_powder	119	107	96	125	116
minecraft:snow_block	2	122	96	123	96
minecraft:diorite	2	126	96	126	97
minecraft:birch_wood	3	138	96	139	97
minecraft:diorite	2	144	96	144	97
minecraft:birch_wood	64	137	96	147	108
minecraft:pale_moss_block	9	147	96	150	100
minecraft:snow_block	1	148	96	148	96
minecraft:cyan_terracotta	5	149	96	151	97
minecraft:white_concrete_powder	1	164	96	164	96
minecraft:birch_wood	1	168	96	168	96
minecraft:white_concrete_powder	3	171	96	172	97
minecraft:cyan_terracotta	1	175	96	175	96
minecraft:birch_wood	1	201	96	201	96
minecraft:pale_moss_block	1	215	96	215	96
minecraft:acacia_wood	1	217	96	217	96
minecraft:mud	1	241	96	241	96
minecraft:blackstone	2	263	96	263	97
minecraft:mud	31	262	96	267	105
minecraft:white_concrete	1	269	96	269	96
minecraft:acacia_wood	22	290	96	295	104
minecraft:cyan_terracotta	2	296	96	296	97
minecraft:acacia_wood	6	315	96	319	97
minecraft:moss_block	71	313	96	322	107
minecraft:acacia_wood	3	78	97	80	97
minecraft:acacia_wood	1	83	97	83	97
minecraft:cyan_terracotta	2	84	97	85	97
minecraft:pale_oak_wood	16	93	97	98	101
minecraft:stone	1	95	97	95	97
minecraft:pale_oak_wood	1	96	97	96	97
minecraft:mud	1	120	97	120	97
minecraft:pale_moss_block	1	151	97	151	97
minecraft:birch_wood	1	160	97	160	97
minecraft:acacia_wood	1	161	97	161	97
minecraft:white_concrete_powder	1	162	97	162	97
minecraft:birch_wood	2	163	97	163	98
minecraft:granite	7	164	97	165	100
minecraft:white_concrete_powder	3	168	97	169	98
minecraft:birch_wood	2	169	97	170	97
minecraft:basalt	1	175	97	175	97
minecraft:basalt	16	180	97	184	104
minecraft:dirt	2	185	97	185	98
minecraft:pale_oak_wood	2	197	97	197	98
minecraft:birch_wood	1	202	97	202	97
minecraft:stone	1	205	97	205	97
minecraft:smooth_basalt	1	239	97	239	97
minecraft:mud	1	240	97	240	97
minecraft:cyan_terracotta	11	236	97	242	100
minecraft:cyan_terracotta	41	250	97	263	106
minecraft:mud	1	257	97	257	97
minecraft:stone	7	267	97	269	100
minecraft:white_concrete	1	270	97	270	97
minecraft:smooth_basalt	1	283	97	283	97
minecraft:smooth_basalt	27	278	97	286	103
minecraft:cyan_terracotta	2	287	97	287	98
minecraft:cyan_terracotta	4	298	97	299	99
minecraft:pale_oak_wood	2	313	97	314	97
minecraft:grass_block	17	331	97	333	106
minecraft:smooth_basalt	1	338	97	338	97
minecraft:stone	1	349	97	349	97
minecraft:gray_wool	11	16	98	19	102
minecraft:stone	2	24	98	24	99
minecraft:cobblestone	1	25	98	25	98
minecraft:pale_oak_wood	3	36	98	37	99
minecraft:stone	15	40	98	45	101
minecraft:acacia_wood	2	49	98	49	99
minecraft:acacia_wood	1	81	98	81	98
minecraft:stone	6	82	98	84	100
minecraft:pale_moss_block	1	85	98	85	98
minecraft:cyan_terracotta	8	85	98	88	102
minecraft:acacia_wood	1	87	98	87	98
minecraft:stone	1	106	98	106	98
minecraft:mud	2	107	98	107	99
minecraft:mud	2	121	98	122	98
minecraft:stone	1	135	98	135	98
minecraft:white_concrete_powder	1	151	98	151	98
minecraft:acacia_wood	28	161	98	166	109
minecraft:white_concrete_powder	1	166	98	166	98
minecraft:acacia_wood	3	174	98	174	100
minecraft:cyan_terracotta	2	175	98	176	98
minecraft:white_concrete_powder	1	180	98	180	98
minecraft:stone	1	198	98	198	98
minecraft:birch_wood	1	203	98	203	98
minecraft:birch_wood	1	206	98	206	98
minecraft:basalt	13	209	98	213	101
minecraft:basalt	1	227	98	227	98
minecraft:basalt	1	236	98	236	98
minecraft:stone	22	241	98	247	103
minecraft:cyan_terracotta	14	248	98	253	103
minecraft:pale_moss_block	7	250	98	255	99
minecraft:acacia_wood	2	267	98	267	99
minecraft:pale_moss_block	31	266	98	273	106
minecraft:smooth_basalt	1	282	98	282	98
minecraft:cyan_terracotta	1	283	98	283	98
minecraft:basalt	31	290	98	297	109
minecraft:blackstone	1	296	98	296	98
minecraft:pale_moss_block	14	299	98	302	104
minecraft:stone	1	301	98	301	98
minecraft:stone	1	307	98	307	98
minecraft:pale_oak_wood	7	308	98	312	99
minecraft:mud	7	313	98	315	101
minecraft:mud	2	338	98	338	99
minecraft:pale_oak_wood	3	347	98	348	99
minecraft:moss_block	1	349	98	349	98
minecraft:pale_moss_block	1	25	99	25	99
minecraft:cobblestone	1	26	99	26	99
minecraft:andesite	15	33	99	37	107
minecraft:acacia_wood	4	80	99	81	101
minecraft:cyan_terracotta	2	81	99	81	100
minecraft:pale_moss_block	1	82	99	82	99
minecraft:acacia_wood	1	122	99	122	99
minecraft:diorite	1	126	99	126	99
minecraft:diorite	1	129	99	129	99
minecraft:white_concrete_powder	1	148	99	148	99
minecraft:white_concrete_powder	1	150	99	150	99
minecraft:basalt	4	175	99	176	100
minecraft:snow_block	6	185	99	187	101
minecraft:acacia_wood	1	187	99	187	99
minecraft:pale_oak_wood	1	198	99	198	99
minecraft:birch_wood	10	204	99	205	103
minecraft:white_concrete_powder	9	206	99	208	102
minecraft:pale_moss_block	1	216	99	216	99
minecraft:basalt	8	223	99	225	102
minecraft:basalt	2	229	99	229	100
minecraft:acacia_wood	88	224	99	240	120
minecraft:pale_moss_block	1	241	99	241	99
minecraft:acacia_wood	1	246	99	246	99
minecraft:blackstone	3	257	99	257	101
minecraft:acacia_wood	1	262	99	262	99
minecraft:acacia_wood	3	281	99	282	100
minecraft:mud	1	285	99	285	99
minecraft:cyan_terracotta	1	301	99	301	99
minecraft:cyan_terracotta	9	303	99	305	102
minecraft:cyan_terracotta	1	306	99	306	99
minecraft:acacia_wood	1	307	99	307	99
minecraft:mud	1	308	99	308	99
minecraft:acacia_wood	71	302	99	313	111
minecraft:pale_moss_block	1	14	100	14	100
minecraft:stone	7	22	100	23	103
minecraft:moss_block	33	23	100	30	107
minecraft:pale_oak_wood	1	41	100	41	100
minecraft:stone	28	63	100	70	107
minecraft:acacia_wood	1	82	100	82	100
minecraft:pale_moss_block	2	84	100	85	100
minecraft:pale_moss_block	2	112	100	112	101
minecraft:snow_block	1	114	100	114	100
minecraft:snow_block	19	114	100	119	106
minecraft:birch_wood	1	119	100	119	100
minecraft:mud	2	123	100	124	100
minecraft:diorite	1	127	100	127	100
minecraft:diorite	1	130	100	130	100
minecraft:diorite	1	133	100	133	100
minecraft:diorite	1	136	100	136	100
minecraft:white_concrete_powder	32	143	100	150	110
minecraft:snow_block	8	147	100	149	103
minecraft:light_gray_terracotta	1	164	100	164	100
minecraft:white_concrete_powder	1	167	100	167	100
minecraft:white_concrete_powder	1	188	100	188	100
minecraft:light_gray_wool	1	197	100	197	100
minecraft:snow_block	2	209	100	210	100
minecraft:acacia_wood	19	211	100	217	103
minecraft:basalt	1	216	100	216	100
minecraft:pale_moss_block	1	217	100	217	100
minecraft:basalt	1	218	100	218	100
minecraft:snow_block	3	226	100	227	101
minecraft:acacia_wood	1	244	100	244	100
minecraft:acacia_wood	86	241	100	254	113
minecraft:smooth_basalt	5	248	100	249	102
minecraft:pale_moss_block	1	253	100	253	100
minecraft:acacia_wood	3	253	100	254	101
minecraft:basalt	5	255	100	256	102
minecraft:black_wool	1	279	100	279	100
minecraft:cyan_terracotta	1	286	100	286	100
minecraft:acacia_wood	4	297	100	299	101
minecraft:mud	1	307	100	307	100
minecraft:mud	1	347	100	347	100
minecraft:moss_block	1	348	100	348	100
minecraft:gray_wool	3	21	101	21	103
minecraft:gray_wool	1	27	101	27	101
minecraft:gray_wool	1	29	101	29	101
minecraft:cobblestone	2	43	101	43	102
minecraft:pale_moss_block	14	42	101	47	106
minecraft:cobblestone	6	45	101	46	103
minecraft:stone	1	82	101	82	101
minecraft:pale_moss_block	2	83	101	83	102
minecraft:cyan_terracotta	2	84	101	84	102
minecraft:acacia_wood	6	85	101	87	103
minecraft:stone	1	92	101	92	101
minecraft:cyan_terracotta	8	104	101	107	104
minecraft:birch_wood	1	120	101	120	101
minecraft:acacia_wood	1	124	101	124	101
minecraft:diorite	1	125	101	125	101
minecraft:white_concrete_powder	1	126	101	126	101
minecraft:white_concrete_powder	1	135	101	135	101
minecraft:birch_wood	2	136	101	136	102
minecraft:diorite	1	144	101	144	101
minecraft:acacia_wood	7	150	101	152	103
minecraft:birch_wood	1	160	101	160	101
minecraft:granite	4	164	101	165	103
minecraft:white_concrete_powder	1	165	101	165	101
minecraft:white_concrete_powder	1	168	101	168	101
minecraft:acacia_wood	1	175	101	175	101
minecraft:white_concrete_powder	2	186	101	187	101
minecraft:pale_moss_block	66	181	101	191	112
minecraft:acacia_wood	3	194	101	195	102
minecraft:pale_oak_wood	4	195	101	197	102
minecraft:snow_block	1	208	101	208	101
minecraft:basalt	1	217	101	217	101
minecraft:mud	87	218	101	227	128
minecraft:cyan_terracotta	1	234	101	234	101
minecraft:mud	8	249	101	252	104
minecraft:basalt	10	252	101	255	105
minecraft:mud	23	254	101	259	106
minecraft:cyan_terracotta	2	266	101	266	102
minecraft:acacia_wood	2	284	101	284	102
minecraft:grass_block	1	299	101	299	101
minecraft:mud	1	348	101	348	101
minecraft:moss_block	1	349	101	349	101
minecraft:pale_moss_block	1	28	102	28	102
minecraft:acacia_wood	26	28	102	35	111
minecraft:stone	15	37	102	41	107
minecraft:cobblestone	4	40	102	41	103
minecraft:moss_block	1	42	102	42	102
minecraft:stone	2	47	102	47	103
minecraft:cobblestone	13	48	102	52	106
minecraft:stone	1	61	102	61	102
minecraft:acacia_wood	1	62	102	62	102
minecraft:stone	84	70	102	81	123
minecraft:acacia_wood	4	76	102	78	103
minecraft:acacia_wood	1	82	102	82	102
minecraft:stone	1	85	102	85	102
minecraft:pale_oak_wood	7	93	102	96	104
minecraft:stone	1	98	102	98	102
minecraft:acacia_wood	1	99	102	99	102
minecraft:basalt	2	108	102	108	103
minecraft:pale_moss_block	1	113	102	113	102
minecraft:snow_block	1	121	102	121	102
minecraft:acacia_wood	1	125	102	125	102
minecraft:mud	3	126	102	127	103
minecraft:diorite	1	127	102	127	102
minecraft:diorite	1	133	102	133	102
minecraft:white_concrete_powder	1	140	102	140	102
minecraft:diorite	1	143	102	143	102
minecraft:birch_wood	1	144	102	144	102
minecraft:white_concrete_powder	1	156	102	156	102
minecraft:white_concrete_powder	15	156	102	161	106
minecraft:pale_moss_block	5	161	102	162	105
minecraft:white_concrete_powder	2	167	102	167	103
minecraft:basalt	1	175	102	175	102
minecraft:stone	1	196	102	196	102
minecraft:cyan_terracotta	30	204	102	210	110
minecraft:basalt	1	215	102	215	102
minecraft:white_concrete_powder	2	218	102	219	102
minecraft:basalt	5	227	102	229	104
minecraft:stone	1	240	102	240	102
minecraft:acacia_wood	4	240	102	241	104
minecraft:acacia_wood	1	255	102	255	102
minecraft:stone	6	266	102	268	104
minecraft:acacia_wood	7	280	102	282	105
minecraft:grass_block	7	295	102	298	103
minecraft:acacia_wood	29	291	102	300	110
minecraft:acacia_wood	1	302	102	302	102
minecraft:mud	2	327	102	327	103
minecraft:acacia_wood	2	329	102	329	103
minecraft:stone	2	330	102	331	102
minecraft:mud	3	336	102	336	104
minecraft:acacia_wood	12	340	102	346	105
minecraft:mud	2	346	102	347	102
minecraft:acacia_wood	2	348	102	349	102
minecraft:dirt	16	13	103	18	109
minecraft:andesite	1	38	103	38	103
minecraft:cobblestone	1	56	103	56	103
minecraft:stone	3	59	103	60	104
minecraft:pale_moss_block	20	60	103	65	106
minecraft:stone	2	83	103	84	103
minecraft:cyan_terracotta	1	88	103	88	103
minecraft:snow_block	1	113	103	113	103
minecraft:birch_wood	1	115	103	115	103
minecraft:birch_wood	1	122	103	122	103
minecraft:stone	6	125	103	127	106
minecraft:snow_block	2	128	103	129	103
minecraft:smooth_basalt	1	130	103	130	103
minecraft:mud	7	131	103	134	106
minecraft:white_concrete_powder	1	144	103	144	103
minecraft:pale_moss_block	1	150	103	150	103
minecraft:basalt	1	153	103	153	103
minecraft:white_concrete_powder	1	155	103	155	103
minecraft:coarse_dirt	4	164	103	166	104
minecraft:white_concrete_powder	12	167	103	172	107
minecraft:white_concrete_powder	3	173	103	174	104
minecraft:cyan_terracotta	58	174	103	184	114
minecraft:white_concrete_powder	6	176	103	178	105
minecraft:cyan_terracotta	1	186	103	186	103
minecraft:pale_oak_wood	1	196	103	196	103
minecraft:pale_oak_wood	4	199	103	200	105
minecraft:pale_moss_block	1	208	103	208	103
minecraft:basalt	1	210	103	210	103
minecraft:pale_moss_block	1	218	103	218	103
minecraft:basalt	1	231	103	231	103
minecraft:cyan_terracotta	22	226	103	233	108
minecraft:stone	1	237	103	237	103
minecraft:stone	6	238	103	240	105
minecraft:blackstone	1	257	103	257	103
minecraft:smooth_basalt	2	264	103	265	103
minecraft:pale_oak_wood	2	277	103	278	103
minecraft:stone	85	275	103	288	117
minecraft:cyan_terracotta	1	302	103	302	103
minecraft:cyan_terracotta	1	312	103	312	103
minecraft:basalt	4	323	103	324	105
minecraft:mud	27	322	103	328	111
minecraft:mud	1	330	103	330	103
minecraft:pale_moss_block	1	331	103	331	103
minecraft:pale_moss_block	10	332	103	335	107
minecraft:stone	14	343	103	349	105
minecraft:stone	3	6	104	6	106
minecraft:gray_wool	1	16	104	16	104
minecraft:gray_wool	1	18	104	18	104
minecraft:acacia_wood	84	6	104	22	121
minecraft:pale_moss_block	65	22	104	36	120
minecraft:stone	1	36	104	36	104
minecraft:moss_block	56	42	104	48	122
minecraft:cyan_terracotta	1	43	104	43	104
minecraft:cobblestone	3	57	104	59	104
minecraft:acacia_wood	2	78	104	78	105
minecraft:acacia_wood	3	80	104	81	105
minecraft:acacia_wood	2	82	104	83	104
minecraft:pale_moss_block	12	80	104	84	109
minecraft:cyan_terracotta	6	85	104	87	106
minecraft:pale_moss_block	1	86	104	86	104
minecraft:mud	1	102	104	102	104
minecraft:birch_wood	7	123	104	125	107
minecraft:pale_moss_block	2	127	104	127	105
minecraft:mud	8	128	104	131	106
minecraft:snow_block	1	131	104	131	104
minecraft:smooth_basalt	1	132	104	132	104
minecraft:diorite	1	143	104	143	104
minecraft:pale_moss_block	9	151	104	154	107
minecraft:cyan_terracotta	1	154	104	154	104
minecraft:birch_wood	1	155	104	155	104
minecraft:snow_block	2	167	104	167	105
minecraft:birch_wood	1	173	104	173	104
minecraft:acacia_wood	1	186	104	186	104
minecraft:acacia_wood	1	194	104	194	104
minecraft:acacia_wood	1	196	104	196	104
minecraft:pale_oak_wood	3	196	104	197	105
minecraft:birch_wood	1	203	104	203	104
minecraft:acacia_wood	73	194	104	206	117
minecraft:pale_moss_block	46	204	104	214	113
minecraft:snow_block	1	215	104	215	104
minecraft:mud	1	233	104	233	104
minecraft:birch_wood	1	242	104	242	104
minecraft:stone	1	243	104	243	104
minecraft:smooth_basalt	1	262	104	262	104
minecraft:cyan_terracotta	1	265	104	265	104
minecraft:mud	77	266	104	279	119
minecraft:pale_oak_wood	1	280	104	280	104
minecraft:cyan_terracotta	1	329	104	329	104
minecraft:pale_moss_block	5	329	104	330	107
minecraft:cyan_terracotta	1	335	104	335	104
minecraft:cyan_terracotta	12	337	104	341	110
minecraft:pale_moss_block	2	340	104	341	104
minecraft:acacia_wood	2	18	105	18	106
minecraft:stone	1	24	105	24	105
minecraft:cobblestone	25	38	105	43	116
minecraft:stone	1	92	105	92	105
minecraft:pale_moss_block	2	101	105	101	106
minecraft:stone	1	102	105	102	105
minecraft:mud	1	104	105	104	105
minecraft:mud	4	108	105	110	106
minecraft:snow_block	1	121	105	121	105
minecraft:smooth_basalt	1	128	105	128	105
minecraft:snow_block	7	131	105	134	107
minecraft:birch_wood	2	135	105	135	106
minecraft:white_concrete_powder	2	142	105	142	106
minecraft:birch_wood	3	147	105	148	106
minecraft:snow_block	1	151	105	151	105
minecraft:cyan_terracotta	2	155	105	155	106
minecraft:snow_block	14	159	105	161	109
minecraft:birch_wood	2	171	105	172	105
minecraft:white_concrete_powder	5	171	105	173	107
minecraft:cyan_terracotta	3	186	105	187	106
minecraft:smooth_basalt	1	201	105	201	105
minecraft:pale_moss_block	1	207	105	207	105
minecraft:cyan_terracotta	1	215	105	215	105
minecraft:pale_moss_block	4	216	105	217	107
minecraft:pale_moss_block	1	219	105	219	105
minecraft:acacia_wood	1	240	105	240	105
minecraft:stone	2	241	105	242	105
minecraft:cyan_terracotta	12	250	105	255	108
minecraft:cyan_terracotta	1	264	105	264	105
minecraft:stone	8	263	105	265	109
minecraft:acacia_wood	1	273	105	273	105
minecraft:smooth_basalt	2	275	105	276	105
minecraft:pale_oak_wood	3	278	105	279	106
minecraft:pale_moss_block	1	300	105	300	105
minecraft:cyan_terracotta	1	301	105	301	105
minecraft:mud	9	301	105	304	108
minecraft:cyan_terracotta	3	304	105	305	106
minecraft:cyan_terracotta	11	320	105	323	109
minecraft:grass_block	2	328	105	328	106
minecraft:mud	10	334	105	338	107
minecraft:moss_block	29	342	105	349	112
minecraft:cyan_terracotta	1	13	106	13	106
minecraft:cyan_terracotta	3	45	106	46	107
minecraft:pale_moss_block	40	79	106	86	115
minecraft:cyan_terracotta	13	97	106	101	109
minecraft:mud	1	102	106	102	106
minecraft:acacia_wood	5	107	106	108	108
minecraft:pale_moss_block	10	109	106	111	111
minecraft:mud	1	111	106	111	106
minecraft:pale_moss_block	1	112	106	112	106
minecraft:pale_moss_block	24	126	106	138	113
minecraft:smooth_basalt	1	129	106	129	106
minecraft:birch_wood	7	149	106	152	108
minecraft:smooth_basalt	1	156	106	156	106
minecraft:pale_oak_wood	2	162	106	162	107
minecraft:pale_moss_block	1	163	106	163	106
minecraft:birch_wood	19	167	106	172	112
minecraft:acacia_wood	2	174	106	174	107
minecraft:pale_moss_block	1	192	106	192	106
minecraft:smooth_basalt	2	197	106	197	107
minecraft:acacia_wood	1	207	106	207	106
minecraft:white_concrete_powder	1	215	106	215	106
minecraft:stone	1	237	106	237	106
minecraft:pale_moss_block	5	238	106	239	109
minecraft:cyan_terracotta	2	239	106	239	107
minecraft:pale_moss_block	2	240	106	240	107
minecraft:pale_oak_wood	1	245	106	245	106
minecraft:cyan_terracotta	1	266	106	266	106
minecraft:acacia_wood	15	268	106	272	112
minecraft:acacia_wood	1	279	106	279	106
minecraft:cyan_terracotta	44	278	106	291	121
minecraft:pale_moss_block	88	284	106	299	122
minecraft:cyan_terracotta	1	300	106	300	106
minecraft:acacia_wood	1	301	106	301	106
minecraft:cyan_terracotta	6	308	106	309	109
minecraft:cyan_terracotta	2	312	106	312	107
minecraft:cyan_terracotta	2	329	106	329	107
minecraft:cyan_terracotta	1	334	106	334	106
minecraft:pale_moss_block	16	338	106	345	110
minecraft:snow_block	1	13	107	13	107
minecraft:cyan_terracotta	1	22	107	22	107
minecraft:cyan_terracotta	1	27	107	27	107
minecraft:cobblestone	2	66	107	67	107
minecraft:cobblestone	3	68	107	69	108
minecraft:cyan_terracotta	1	84	107	84	107
minecraft:stone	5	87	107	89	108
minecraft:stone	8	93	107	96	111
minecraft:basalt	2	105	107	106	107
minecraft:basalt	6	107	107	109	110
minecraft:mud	1	135	107	135	107
minecraft:snow_block	1	146	107	146	107
minecraft:white_concrete_powder	3	147	107	148	108
minecraft:diorite	2	152	107	152	108
minecraft:birch_wood	38	150	107	158	117
minecraft:acacia_wood	2	155	107	156	107
minecraft:diorite	1	157	107	157	107
minecraft:birch_wood	1	158	107	158	107
minecraft:pale_moss_block	1	180	107	180	107
minecraft:cyan_terracotta	1	184	107	184	107
minecraft:birch_wood	3	192	107	192	109
minecraft:white_concrete_powder	1	193	107	193	107
minecraft:smooth_basalt	1	202	107	202	107
minecraft:pale_moss_block	1	207	107	207	107
minecraft:white_concrete_powder	1	214	107	214	107
minecraft:pale_moss_block	4	236	107	237	109
minecraft:cyan_terracotta	2	237	107	237	108
minecraft:stone	2	241	107	241	108
minecraft:smooth_basalt	1	255	107	255	107
minecraft:cyan_terracotta	1	256	107	256	107
minecraft:smooth_basalt	8	255	107	257	111
minecraft:acacia_wood	20	257	107	263	114
minecraft:stone	1	262	107	262	107
minecraft:acacia_wood	1	263	107	263	107
minecraft:pale_moss_block	2	266	107	266	108
minecraft:cyan_terracotta	3	267	107	268	108
minecraft:acacia_wood	3	278	107	278	109
minecraft:pale_moss_block	1	288	107	288	107
minecraft:moss_block	1	294	107	294	107
minecraft:acacia_wood	10	297	107	300	112
minecraft:grass_block	4	317	107	318	109
minecraft:acacia_wood	28	328	107	334	114
minecraft:cyan_terracotta	2	333	107	333	108
minecraft:cyan_terracotta	1	24	108	24	108
minecraft:acacia_wood	10	46	108	48	113
minecraft:cobblestone	1	59	108	59	108
minecraft:cobblestone	2	63	108	63	109
minecraft:pale_moss_block	7	68	108	71	111
minecraft:cobblestone	18	72	108	78	114
minecraft:stone	1	83	108	83	108
minecraft:pale_oak_wood	1	92	108	92	108
minecraft:acacia_wood	10	103	108	107	111
minecraft:basalt	1	107	108	107	108
minecraft:snow_block	8	112	108	114	112
minecraft:birch_wood	6	117	108	119	111
minecraft:mud	1	120	108	120	108
minecraft:stone	3	126	108	127	109
minecraft:pale_oak_wood	1	131	108	131	108
minecraft:mud	6	132	108	134	111
minecraft:birch_wood	19	142	108	148	112
minecraft:white_concrete_powder	1	150	108	150	108
minecraft:stone	2	154	108	155	108
minecraft:pale_moss_block	5	156	108	158	109
minecraft:basalt	1	162	108	162	108
minecraft:pale_moss_block	6	163	108	165	110
minecraft:white_concrete_powder	7	171	108	172	112
minecraft:snow_block	30	167	108	174	118
minecraft:white_concrete_powder	3	176	108	177	109
minecraft:stone	5	193	108	194	110
minecraft:pale_moss_block	1	219	108	219	108
minecraft:white_concrete_powder	8	224	108	227	110
minecraft:cyan_terracotta	2	235	108	235	109
minecraft:cyan_terracotta	2	240	108	240	109
minecraft:mud	1	252	108	252	108
minecraft:acacia_wood	1	256	108	256	108
minecraft:cyan_terracotta	21	264	108	267	117
minecraft:pale_moss_block	1	268	108	268	108
minecraft:pale_moss_block	1	287	108	287	108
minecraft:cyan_terracotta	1	298	108	298	108
minecraft:blackstone	14	300	108	303	111
minecraft:acacia_wood	1	304	108	304	108
minecraft:mud	6	304	108	306	110
minecraft:smooth_basalt	2	312	108	313	108
minecraft:cyan_terracotta	5	314	108	316	110
minecraft:basalt	1	329	108	329	108
minecraft:smooth_basalt	4	334	108	336	109
minecraft:grass_block	1	342	108	342	108
minecraft:stone	7	347	108	349	110
minecraft:snow_block	11	9	109	11	114
minecraft:stone	4	18	109	20	110
minecraft:pale_moss_block	1	22	109	22	109
minecraft:cyan_terracotta	1	23	109	23	109
minecraft:acacia_wood	3	23	109	24	110
minecraft:moss_block	1	31	109	31	109
minecraft:cobblestone	1	66	109	66	109
minecraft:stone	1	72	109	72	109
minecraft:stone	1	82	109	82	109
minecraft:cyan_terracotta	87	85	109	102	125
minecraft:stone	1	91	109	91	109
minecraft:pale_moss_block	15	95	109	98	116
minecraft:mud	1	99	109	99	109
minecraft:smooth_basalt	3	99	109	100	110
minecraft:acacia_wood	1	102	109	102	109
minecraft:mud	4	103	109	105	110
minecraft:cyan_terracotta	1	110	109	110	109
minecraft:white_concrete_powder	1	112	109	112	109
minecraft:pale_moss_block	1	120	109	120	109
minecraft:mud	1	121	109	121	109
minecraft:snow_block	1	125	109	125	109
minecraft:white_concrete_powder	1	126	109	126	109
minecraft:pale_oak_wood	1	132	109	132	109
minecraft:acacia_wood	1	133	109	133	109
minecraft:snow_block	4	135	109	136	111
minecraft:mud	1	137	109	137	109
minecraft:diorite	1	149	109	149	109
minecraft:birch_wood	1	150	109	150	109
minecraft:diorite	1	151	109	151	109
minecraft:cyan_terracotta	1	157	109	157	109
minecraft:acacia_wood	2	162	109	163	109
minecraft:white_concrete_powder	7	167	109	169	111
minecraft:acacia_wood	1	180	109	180	109
minecraft:stone	51	178	109	190	119
minecraft:diorite	9	198	109	200	112
minecraft:white_concrete_powder	1	214	109	214	109
minecraft:acacia_wood	78	212	109	220	125
minecraft:pale_moss_block	5	233	109	234	111
minecraft:cyan_terracotta	1	238	109	238	109
minecraft:stone	23	258	109	263	114
minecraft:pale_moss_block	1	264	109	264	109
minecraft:pale_moss_block	1	267	109	267	109
minecraft:cyan_terracotta	1	268	109	268	109
minecraft:pale_moss_block	1	286	109	286	109
minecraft:acacia_wood	5	308	109	310	111
minecraft:mud	7	310	109	313	110
minecraft:cyan_terracotta	1	312	109	312	109
minecraft:pale_moss_block	1	315	109	315	109
minecraft:acacia_wood	20	315	109	320	114
minecraft:cyan_terracotta	1	328	109	328	109
minecraft:basalt	1	333	109	333	109
minecraft:mud	2	335	109	336	109
minecraft:grass_block	55	333	109	341	120
minecraft:snow_block	1	13	110	13	110
minecraft:stone	5	16	110	17	112
minecraft:cobblestone	1	18	110	18	110
minecraft:pale_moss_block	1	20	110	20	110
minecraft:stone	12	21	110	26	112
minecraft:mud	3	31	110	31	112
minecraft:moss_block	2	32	110	32	111
minecraft:pale_moss_block	8	38	110	40	112
minecraft:light_gray_wool	2	54	110	54	111
minecraft:andesite	50	53	110	60	119
minecraft:cobblestone	1	60	110	60	110
minecraft:basalt	14	98	110	102	115
minecraft:acacia_wood	3	103	110	103	112
minecraft:pale_moss_block	3	117	110	117	112
minecraft:white_concrete_powder	1	118	110	118	110
minecraft:white_concrete_powder	10	120	110	123	113
minecraft:mud	1	122	110	122	110
minecraft:birch_wood	60	118	110	136	118
minecraft:snow_block	1	126	110	126	110
minecraft:white_concrete_powder	2	127	110	127	111
minecraft:stone	1	128	110	128	110
minecraft:stone	1	130	110	130	110
minecraft:pale_oak_wood	1	133	110	133	110
minecraft:smooth_basalt	2	137	110	137	111
minecraft:mud	1	138	110	138	110
minecraft:smooth_basalt	1	139	110	139	110
minecraft:diorite	1	148	110	148	110
minecraft:birch_wood	1	149	110	149	110
minecraft:diorite	1	150	110	150	110
minecraft:white_concrete_powder	4	152	110	154	111
minecraft:stone	1	156	110	156	110
minecraft:pale_moss_block	1	157	110	157	110
minecraft:acacia_wood	3	158	110	158	112
minecraft:basalt	1	159	110	159	110
minecraft:mud	1	160	110	160	110
minecraft:smooth_basalt	1	161	110	161	110
minecraft:pale_oak_wood	1	162	110	162	110
minecraft:pale_moss_block	1	163	110	163	110
minecraft:pale_oak_wood	22	161	110	165	118
minecraft:tuff	1	166	110	166	110
minecraft:black_wool	1	177	110	177	110
minecraft:basalt	1	179	110	179	110
minecraft:pale_moss_block	3	180	110	180	112
minecraft:cyan_terracotta	3	181	110	181	112
minecraft:white_concrete_powder	2	192	110	192	111
minecraft:cyan_terracotta	1	195	110	195	110
minecraft:birch_wood	11	200	110	203	113
minecraft:cyan_terracotta	2	210	110	211	110
minecraft:mud	1	221	110	221	110
minecraft:acacia_wood	1	222	110	222	110
minecraft:cyan_terracotta	9	230	110	233	112
minecraft:basalt	11	235	110	237	115
minecraft:cyan_terracotta	1	237	110	237	110
minecraft:pale_moss_block	1	238	110	238	110
minecraft:cyan_terracotta	17	237	110	240	115
minecraft:pale_moss_block	1	240	110	240	110
minecraft:mud	5	243	110	245	111
minecraft:pale_oak_wood	32	244	110	249	118
minecraft:mud	70	246	110	256	123
minecraft:acacia_wood	1	277	110	277	110
minecraft:pale_moss_block	2	285	110	285	111
minecraft:mud	2	299	110	299	111
minecraft:mud	1	307	110	307	110
minecraft:basalt	1	315	110	315	110
minecraft:pale_moss_block	12	317	110	321	115
minecraft:acacia_wood	1	322	110	322	110
minecraft:blackstone	2	325	110	326	110
minecraft:cyan_terracotta	1	327	110	327	110
minecraft:basalt	1	334	110	334	110
minecraft:smooth_basalt	1	335	110	335	110
minecraft:basalt	4	335	110	336	112
minecraft:pale_moss_block	1	346	110	346	110
minecraft:moss_block	25	14	111	20	116
minecraft:stone	1	29	111	29	111
minecraft:cyan_terracotta	1	30	111	30	111
minecraft:mud	5	33	111	34	113
minecraft:cyan_terracotta	7	35	111	37	113
minecraft:stone	2	41	111	41	112
minecraft:cobblestone	16	68	111	73	114
minecraft:stone	5	72	111	74	113
minecraft:pale_moss_block	1	104	111	104	111
minecraft:pale_moss_block	1	107	111	107	111
minecraft:cyan_terracotta	2	108	111	109	111
minecraft:stone	1	118	111	118	111
minecraft:mud	1	136	111	136	111
minecraft:snow_block	1	138	111	138	111
minecraft:white_concrete_powder	1	149	111	149	111
minecraft:white_concrete_powder	1	156	111	156	111
minecraft:stone	12	157	111	160	118
minecraft:pale_moss_block	1	159	111	159	111
minecraft:smooth_basalt	1	160	111	160	111
minecraft:mud	1	161	111	161	111
minecraft:pale_moss_block	3	162	111	162	113
minecraft:acacia_wood	1	163	111	163	111
minecraft:tuff	1	165	111	165	111
minecraft:acacia_wood	3	166	111	166	113
minecraft:basalt	3	177	111	178	112
minecraft:cyan_terracotta	1	185	111	185	111
minecraft:birch_wood	1	191	111	191	111
minecraft:pale_moss_block	1	193	111	193	111
minecraft:smooth_basalt	1	197	111	197	111
minecraft:stone	2	203	111	204	111
minecraft:white_concrete_powder	4	211	111	212	112
minecraft:smooth_basalt	2	221	111	222	111
minecraft:smooth_basalt	1	224	111	224	111
minecraft:birch_wood	5	224	111	226	112
minecraft:cyan_terracotta	1	235	111	235	111
minecraft:birch_wood	7	241	111	242	115
minecraft:acacia_wood	16	262	111	264	119
minecraft:cyan_terracotta	1	276	111	276	111
minecraft:pale_moss_block	89	265	111	284	132
minecraft:acacia_wood	1	304	111	304	111
minecraft:pale_oak_wood	1	305	111	305	111
minecraft:stone	82	292	111	310	118
minecraft:cyan_terracotta	2	311	111	312	111
minecraft:pale_moss_block	10	310	111	314	113
minecraft:cyan_terracotta	2	322	111	322	112
minecraft:acacia_wood	3	323	111	324	112
minecraft:cyan_terracotta	2	325	111	326	111
minecraft:pale_moss_block	4	325	111	327	112
minecraft:acacia_wood	4	336	111	338	112
minecraft:pale_moss_block	17	343	111	347	115
minecraft:stone	1	346	111	346	111
minecraft:acacia_wood	2	348	111	349	111
minecraft:cobblestone	6	22	112	25	114
minecraft:stone	1	30	112	30	112
minecraft:acacia_wood	1	32	112	32	112
minecraft:cyan_terracotta	1	39	112	39	112
minecraft:light_gray_wool	7	52	112	54	115
minecraft:cobblestone	1	63	112	63	112
minecraft:cobblestone	1	66	112	66	112
minecraft:pale_moss_block	1	73	112	73	112
minecraft:acacia_wood	2	98	112	98	113
minecraft:smooth_basalt	3	100	112	101	113
minecraft:snow_block	12	101	112	106	115
minecraft:birch_wood	1	110	112	110	112
minecraft:mud	1	118	112	118	112
minecraft:stone	1	119	112	119	112
minecraft:pale_oak_wood	2	137	112	138	112
minecraft:smooth_basalt	2	139	112	140	112
minecraft:white_concrete_powder	3	144	112	145	113
minecraft:diorite	1	147	112	147	112
minecraft:diorite	54	144	112	154	119
minecraft:white_concrete_powder	1	150	112	150	112
minecraft:stone	1	159	112	159	112
minecraft:pale_oak_wood	3	160	112	161	113
minecraft:white_concrete_powder	1	167	112	167	112
minecraft:white_concrete_powder	2	174	112	174	113
minecraft:birch_wood	1	189	112	189	112
minecraft:diorite	3	191	112	191	114
minecraft:birch_wood	119	184	112	197	139
minecraft:cyan_terracotta	1	206	112	206	112
minecraft:smooth_basalt	1	220	112	220	112
minecraft:pale_moss_block	1	233	112	233	112
minecraft:cyan_terracotta	1	234	112	234	112
minecraft:pale_moss_block	1	235	112	235	112
minecraft:diorite	9	243	112	245	116
minecraft:acacia_wood	1	276	112	276	112
minecraft:stone	1	294	112	294	112
minecraft:cyan_terracotta	2	295	112	296	112
minecraft:mud	1	298	112	298	112
minecraft:pale_oak_wood	6	299	112	304	112
minecraft:moss_block	1	328	112	328	112
minecraft:grass_block	38	323	112	332	118
minecraft:stone	2	348	112	349	112
minecraft:stone	1	20	113	20	113
minecraft:acacia_wood	8	19	113	22	116
minecraft:stone	1	25	113	25	113
minecraft:cyan_terracotta	1	32	113	32	113
minecraft:basalt	12	37	113	40	118
minecraft:pale_moss_block	1	39	113	39	113
minecraft:cyan_terracotta	2	40	113	40	114
minecraft:pale_moss_block	2	41	113	41	114
minecraft:pale_oak_wood	1	49	113	49	113
minecraft:birch_wood	1	96	113	96	113
minecraft:mud	1	101	113	101	113
minecraft:basalt	1	103	113	103	113
minecraft:birch_wood	5	105	113	107	114
minecraft:birch_wood	1	109	113	109	113
minecraft:stone	1	120	113	120	113
minecraft:diorite	85	119	113	131	128
minecraft:white_concrete_powder	2	133	113	133	114
minecraft:birch_wood	2	134	113	134	114
minecraft:white_concrete_powder	5	134	113	136	115
minecraft:pale_oak_wood	1	139	113	139	113
minecraft:acacia_wood	1	140	113	140	113
minecraft:snow_block	1	141	113	141	113
minecraft:mud	2	142	113	143	113
minecraft:acacia_wood	1	146	113	146	113
minecraft:birch_wood	1	147	113	147	113
minecraft:acacia_wood	1	159	113	159	113
minecraft:pale_moss_block	1	160	113	160	113
minecraft:birch_wood	1	167	113	167	113
minecraft:white_concrete_powder	4	168	113	170	114
minecraft:diorite	1	189	113	189	113
minecraft:stone	3	194	113	195	114
minecraft:mud	2	199	113	199	114
minecraft:white_concrete_powder	11	201	113	206	115
minecraft:birch_wood	10	205	113	209	115
minecraft:cyan_terracotta	1	210	113	210	113
minecraft:pale_moss_block	1	211	113	211	113
minecraft:stone	5	210	113	212	115
minecraft:smooth_basalt	2	219	113	219	114
minecraft:diorite	3	224	113	225	114
minecraft:pale_moss_block	1	231	113	231	113
minecraft:stone	9	229	113	232	117
minecraft:acacia_wood	1	233	113	233	113
minecraft:pale_moss_block	1	234	113	234	113
minecraft:snow_block	1	235	113	235	113
minecraft:pale_oak_wood	1	250	113	250	113
minecraft:acacia_wood	1	267	113	267	113
minecraft:acacia_wood	1	275	113	275	113
minecraft:acacia_wood	5	294	113	296	114
minecraft:mud	1	297	113	297	113
minecraft:acacia_wood	2	298	113	299	113
minecraft:grass_block	25	310	113	316	117
minecraft:pale_moss_block	2	316	113	316	114
minecraft:acacia_wood	2	322	113	322	114
minecraft:acacia_wood	10	341	113	342	118
minecraft:stone	3	346	113	347	114
minecraft:mud	9	347	113	349	117
minecraft:stone	1	23	114	23	114
minecraft:stone	29	24	114	33	123
minecraft:cyan_terracotta	2	33	114	34	114
minecraft:basalt	5	35	114	36	117
minecraft:smooth_basalt	1	36	114	36	114
minecraft:cobblestone	4	60	114	61	116
minecraft:stone	1	73	114	73	114
minecraft:pale_moss_block	106	63	114	80	127
minecraft:basalt	25	87	114	95	121
minecraft:snow_block	1	94	114	94	114
minecraft:white_concrete_powder	1	95	114	95	114
minecraft:snow_block	1	96	114	96	114
minecraft:mud	1	100	114	100	114
minecraft:snow_block	1	109	114	109	114
minecraft:snow_block	1	113	114	113	114
minecraft:birch_wood	1	114	114	114	114
minecraft:cyan_terracotta	6	115	114	116	117
minecraft:acacia_wood	4	117	114	118	116
minecraft:white_concrete_powder	1	120	114	120	114
minecraft:snow_block	3	137	114	138	115
minecraft:white_concrete_powder	26	137	114	141	122
minecraft:snow_block	1	140	114	140	114
minecraft:acacia_wood	1	141	114	141	114
minecraft:diorite	1	142	114	142	114
minecraft:birch_wood	3	143	114	144	115
minecraft:acacia_wood	3	160	114	161	115
minecraft:mud	1	162	114	162	114
minecraft:birch_wood	1	166	114	166	114
minecraft:white_concrete_powder	1	173	114	173	114
minecraft:pale_moss_block	1	178	114	178	114
minecraft:diorite	1	188	114	188	114
minecraft:acacia_wood	1	200	114	200	114
minecraft:white_concrete_powder	1	209	114	209	114
minecraft:pale_oak_wood	1	221	114	221	114
minecraft:smooth_basalt	3	223	114	223	116
minecraft:smooth_basalt	1	225	114	225	114
minecraft:pale_oak_wood	4	225	114	226	116
minecraft:pale_moss_block	1	233	114	233	114
minecraft:cyan_terracotta	6	234	114	235	117
minecraft:white_concrete_powder	1	241	114	241	114
minecraft:blackstone	3	249	114	249	116
minecraft:mud	7	257	114	259	117
minecraft:birch_wood	4	260	114	261	116
minecraft:diorite	1	262	114	262	114
minecraft:smooth_basalt	10	269	114	274	116
minecraft:cyan_terracotta	1	321	114	321	114
minecraft:moss_block	1	349	114	349	114
minecraft:stone	132	0	115	22	139
minecraft:stone	2	22	115	22	116
minecraft:acacia_wood	2	23	115	23	116
minecraft:smooth_basalt	1	34	115	34	115
minecraft:moss_block	1	37	115	37	115
minecraft:cyan_terracotta	5	40	115	41	118
minecraft:pale_moss_block	1	47	115	47	115
minecraft:andesite	1	52	115	52	115
minecraft:cobblestone	2	66	115	66	116
minecraft:stone	1	75	115	75	115
minecraft:acacia_wood	30	82	115	92	122
minecraft:white_concrete_powder	3	92	115	94	115
minecraft:cyan_terracotta	1	95	115	95	115
minecraft:pale_moss_block	2	96	115	96	116
minecraft:cyan_terracotta	1	97	115	97	115
minecraft:white_concrete_powder	5	102	115	104	117
minecraft:white_concrete_powder	1	105	115	105	115
minecraft:diorite	1	106	115	106	115
minecraft:birch_wood	7	105	115	108	117
minecraft:snow_block	1	111	115	111	115
minecraft:diorite	1	121	115	121	115
minecraft:pale_oak_wood	3	141	115	141	117
minecraft:smooth_basalt	2	142	115	142	116
minecraft:pale_oak_wood	1	160	115	160	115
minecraft:smooth_basalt	1	162	115	162	115
minecraft:pale_moss_block	1	163	115	163	115
minecraft:white_concrete_powder	4	166	115	167	117
minecraft:white_concrete_powder	1	172	115	172	115
minecraft:pale_moss_block	6	173	115	176	116
minecraft:stone	1	177	115	177	115
minecraft:acacia_wood	1	178	115	178	115
minecraft:white_concrete_powder	1	187	115	187	115
minecraft:diorite	1	189	115	189	115
minecraft:white_concrete_powder	1	192	115	192	115
minecraft:stone	1	195	115	195	115
minecraft:cyan_terracotta	25	198	115	205	120
minecraft:acacia_wood	1	210	115	210	115
minecraft:birch_wood	1	231	115	231	115
minecraft:white_concrete_powder	10	230	115	233	119
minecraft:pale_moss_block	1	234	115	234	115
minecraft:mud	41	230	115	245	121
minecraft:pale_oak_wood	1	252	115	252	115
minecraft:pale_oak_wood	1	257	115	257	115
minecraft:stone	1	262	115	262	115
minecraft:cyan_terracotta	15	316	115	319	120
minecraft:acacia_wood	1	320	115	320	115
minecraft:smooth_basalt	1	321	115	321	115
minecraft:moss_block	1	322	115	322	115
minecraft:mud	1	324	115	324	115
minecraft:pale_moss_block	152	313	115	342	126
minecraft:cyan_terracotta	3	344	115	345	116
minecraft:acacia_wood	2	6	116	6	117
minecraft:stone	1	7	116	7	116
minecraft:pale_moss_block	2	24	116	25	116
minecraft:moss_block	1	30	116	30	116
minecraft:acacia_wood	2	34	116	34	117
minecraft:smooth_basalt	5	36	116	37	118
minecraft:acacia_wood	1	48	116	48	116
minecraft:acacia_wood	8	49	116	51	120
minecraft:cobblestone	1	69	116	69	116
minecraft:basalt	1	95	116	95	116
minecraft:basalt	1	97	116	97	116
minecraft:mud	1	101	116	101	116
minecraft:pale_moss_block	1	110	116	110	116
minecraft:cyan_terracotta	3	111	116	113	116
minecraft:acacia_wood	5	111	116	114	117
minecraft:white_concrete_powder	1	133	116	133	116
minecraft:diorite	1	143	116	143	116
minecraft:birch_wood	1	144	116	144	116
minecraft:white_concrete_powder	12	167	116	173	119
minecraft:white_concrete_powder	4	174	116	176	117
minecraft:cyan_terracotta	1	176	116	176	116
minecraft:acacia_wood	1	177	116	177	116
minecraft:white_concrete_powder	7	181	116	184	118
minecraft:diorite	1	192	116	192	116
minecraft:stone	2	196	116	197	116
minecraft:pale_moss_block	12	205	116	209	119
minecraft:white_concrete_powder	2	207	116	208	116
minecraft:stone	1	209	116	209	116
minecraft:birch_wood	1	210	116	210	116
minecraft:pale_moss_block	1	211	116	211	116
minecraft:black_wool	1	222	116	222	116
minecraft:birch_wood	1	230	116	230	116
minecraft:pale_moss_block	2	233	116	233	117
minecraft:pale_oak_wood	1	256	116	256	116
minecraft:diorite	30	256	116	261	126
minecraft:cyan_terracotta	28	266	116	274	122
minecraft:acacia_wood	1	274	116	274	116
minecraft:mud	1	277	116	277	116
minecraft:pale_moss_block	1	278	116	278	116
minecraft:stone	1	279	116	279	116
minecraft:acacia_wood	6	309	116	311	119
minecraft:pale_moss_block	1	316	116	316	116
minecraft:smooth_basalt	1	320	116	320	116
minecraft:mud	3	321	116	323	116
minecraft:acacia_wood	1	324	116	324	116
minecraft:stone	1	325	116	325	116
minecraft:cyan_terracotta	6	331	116	332	119
minecraft:pale_moss_block	1	342	116	342	116
minecraft:acacia_wood	1	343	116	343	116
minecraft:basalt	1	344	116	344	116
minecraft:stone	2	346	116	347	116
minecraft:snow_block	1	7	117	7	117
minecraft:pale_oak_wood	7	10	117	12	121
minecraft:mud	1	15	117	15	117
minecraft:moss_block	11	14	117	17	120
minecraft:stone	1	17	117	17	117
minecraft:acacia_wood	2	18	117	18	118
minecraft:cyan_terracotta	3	19	117	20	118
minecraft:pale_moss_block	3	20	117	21	118
minecraft:moss_block	92	14	117	25	132
minecraft:cyan_terracotta	49	23	117	31	130
minecraft:pale_moss_block	1	30	117	30	117
minecraft:moss_block	1	31	117	31	117
minecraft:acacia_wood	1	32	117	32	117
minecraft:mud	22	38	117	41	127
minecraft:stone	7	42	117	43	120
minecraft:light_gray_wool	2	53	117	53	118
minecraft:light_gray_wool	9	56	117	59	120
minecraft:pale_moss_block	1	80	117	80	117
minecraft:snow_block	94	80	117	92	130
minecraft:mud	1	93	117	93	117
minecraft:mud	1	102	117	102	117
minecraft:birch_wood	3	104	117	105	118
minecraft:mud	1	105	117	105	117
minecraft:stone	1	108	117	108	117
minecraft:birch_wood	1	109	117	109	117
minecraft:stone	6	109	117	112	119
minecraft:pale_moss_block	20	110	117	116	122
minecraft:white_concrete_powder	1	117	117	117	117
minecraft:birch_wood	1	139	117	139	117
minecraft:pale_moss_block	4	140	117	141	119
minecraft:acacia_wood	1	142	117	142	117
minecraft:smooth_basalt	1	143	117	143	117
minecraft:diorite	1	144	117	144	117
minecraft:birch_wood	1	145	117	145	117
minecraft:white_concrete_powder	6	157	117	159	119
minecraft:birch_wood	1	159	117	159	117
minecraft:pale_moss_block	2	161	117	162	117
minecraft:birch_wood	1	165	117	165	117
minecraft:birch_wood	1	167	117	167	117
minecraft:birch_wood	70	163	117	179	128
minecraft:diorite	1	178	117	178	117
minecraft:snow_block	3	186	117	187	118
minecraft:white_concrete_powder	12	186	117	189	122
minecraft:white_concrete_powder	37	190	117	201	124
minecraft:white_concrete_powder	10	209	117	211	121
minecraft:stone	1	212	117	212	117
minecraft:smooth_basalt	1	222	117	222	117
minecraft:cyan_terracotta	1	239	117	239	117
minecraft:diorite	1	245	117	245	117
minecraft:light_gray_wool	1	257	117	257	117
minecraft:stone	1	262	117	262	117
minecraft:acacia_wood	1	305	117	305	117
minecraft:acacia_wood	1	307	117	307	117
minecraft:mud	5	308	117	309	119
minecraft:mud	3	319	117	320	118
minecraft:smooth_basalt	2	321	117	322	117
minecraft:acacia_wood	1	323	117	323	117
minecraft:basalt	1	343	117	343	117
minecraft:cyan_terracotta	1	344	117	344	117
minecraft:acacia_wood	1	347	117	347	117
minecraft:stone	1	348	117	348	117
minecraft:acacia_wood	2	24	118	24	119
minecraft:pale_moss_block	1	27	118	27	118
minecraft:acacia_wood	2	35	118	36	118
minecraft:basalt	3	40	118	41	119
minecraft:pale_moss_block	1	43	118	43	118
minecraft:pale_oak_wood	1	51	118	51	118
minecraft:pale_moss_block	2	82	118	82	119
minecraft:mud	1	103	118	103	118
minecraft:acacia_wood	32	102	118	109	124
minecraft:cyan_terracotta	1	117	118	117	118
minecraft:white_concrete_powder	20	130	118	135	124
minecraft:snow_block	32	133	118	142	125
minecraft:pale_oak_wood	7	142	118	145	121
minecraft:acacia_wood	1	143	118	143	118
minecraft:smooth_basalt	1	144	118	144	118
minecraft:birch_wood	14	146	118	149	124
minecraft:birch_wood	20	150	118	155	123
minecraft:diorite	4	154	118	156	119
minecraft:birch_wood	7	158	118	162	120
minecraft:tuff	1	162	118	162	118
minecraft:diorite	1	165	118	165	118
minecraft:snow_block	1	169	118	169	118
minecraft:diorite	1	175	118	175	118
minecraft:birch_wood	17	181	118	186	123
minecraft:white_concrete_powder	1	185	118	185	118
minecraft:snow_block	1	197	118	197	118
minecraft:white_concrete_powder	1	204	118	204	118
minecraft:pale_moss_block	1	229	118	229	118
minecraft:cyan_terracotta	2	232	118	233	118
minecraft:basalt	17	236	118	241	121
minecraft:cyan_terracotta	2	240	118	241	118
minecraft:acacia_wood	1	244	118	244	118
minecraft:acacia_wood	5	246	118	248	120
minecraft:pale_oak_wood	1	256	118	256	118
minecraft:mud	1	257	118	257	118
minecraft:light_gray_wool	1	258	118	258	118
minecraft:stone	1	261	118	261	118
minecraft:pale_oak_wood	42	259	118	264	130
minecraft:blackstone	9	264	118	267	121
minecraft:acacia_wood	73	290	118	301	132
minecraft:mud	50	296	118	307	131
minecraft:grass_block	1	308	118	308	118
minecraft:stone	102	303	118	316	133
minecraft:smooth_basalt	1	318	118	318	118
minecraft:acacia_wood	4	320	118	322	119
minecraft:acacia_wood	1	330	118	330	118
minecraft:cyan_terracotta	1	343	118	343	118
minecraft:stone	1	349	118	349	118
minecraft:dirt	1	5	119	5	119
minecraft:pale_moss_block	6	19	119	21	121
minecraft:pale_moss_block	1	25	119	25	119
minecraft:pale_moss_block	1	28	119	28	119
minecraft:cyan_terracotta	2	37	119	37	120
minecraft:smooth_basalt	1	38	119	38	119
minecraft:pale_moss_block	28	45	119	50	129
minecraft:pale_oak_wood	1	52	119	52	119
minecraft:mud	8	104	119	107	121
minecraft:white_concrete_powder	3	117	119	118	120
minecraft:birch_wood	10	118	119	120	123
minecraft:birch_wood	1	122	119	122	119
minecraft:stone	4	156	119	157	121
minecraft:pale_moss_block	1	163	119	163	119
minecraft:tuff	1	164	119	164	119
minecraft:pale_oak_wood	1	165	119	165	119
minecraft:diorite	1	176	119	176	119
minecraft:diorite	1	178	119	178	119
minecraft:birch_wood	1	179	119	179	119
minecraft:snow_block	4	193	119	194	121
minecraft:snow_block	1	198	119	198	119
minecraft:diorite	1	201	119	201	119
minecraft:white_concrete_powder	2	202	119	202	120
minecraft:birch_wood	6	202	119	204	122
minecraft:white_concrete_powder	7	204	119	207	121
minecraft:cyan_terracotta	1	211	119	211	119
minecraft:pale_moss_block	1	212	119	212	119
minecraft:mud	1	217	119	217	119
minecraft:smooth_basalt	4	218	119	219	120
minecraft:smooth_basalt	1	221	119	221	119
minecraft:pale_oak_wood	10	223	119	227	121
minecraft:birch_wood	1	230	119	230	119
minecraft:cyan_terracotta	85	234	119	251	128
minecraft:light_gray_wool	3	256	119	257	120
minecraft:stone	1	258	119	258	119
minecraft:basalt	1	270	119	270	119
minecraft:acacia_wood	44	278	119	285	129
minecraft:stone	1	291	119	291	119
minecraft:mud	2	298	119	299	119
minecraft:smooth_basalt	1	300	119	300	119
minecraft:grass_block	4	305	119	307	120
minecraft:acacia_wood	1	339	119	339	119
minecraft:cyan_terracotta	4	341	119	342	121
minecraft:mud	1	343	119	343	119
minecraft:pale_moss_block	1	3	120	3	120
minecraft:dirt	1	4	120	4	120
minecraft:snow_block	1	5	120	5	120
minecraft:acacia_wood	10	25	120	27	125
minecraft:pale_moss_block	1	29	120	29	120
minecraft:stone	37	35	120	43	134
minecraft:cyan_terracotta	20	41	120	45	129
minecraft:pale_moss_block	1	44	120	44	120
minecraft:pale_moss_block	1	81	120	81	120
minecraft:snow_block	20	112	120	117	124
minecraft:stone	1	123	120	123	120
minecraft:birch_wood	5	130	120	132	121
minecraft:birch_wood	5	140	120	142	121
minecraft:acacia_wood	1	143	120	143	120
minecraft:white_concrete_powder	3	148	120	149	121
minecraft:diorite	1	153	120	153	120
minecraft:diorite	32	158	120	165	126
minecraft:pale_moss_block	1	161	120	161	120
minecraft:white_concrete_powder	5	173	120	175	121
minecraft:diorite	1	179	120	179	120
minecraft:white_concrete_powder	1	180	120	180	120
minecraft:diorite	151	173	120	188	139
minecraft:birch_wood	1	201	120	201	120
minecraft:birch_wood	135	196	120	220	133
minecraft:cyan_terracotta	1	212	120	212	120
minecraft:smooth_basalt	1	224	120	224	120
minecraft:acacia_wood	2	244	120	245	120
minecraft:pale_oak_wood	11	250	120	255	122
minecraft:stone	2	260	120	261	120
minecraft:basalt	3	281	120	282	121
minecraft:acacia_wood	2	290	120	291	120
minecraft:mud	5	291	120	292	122
minecraft:smooth_basalt	11	290	120	294	124
minecraft:smooth_basalt	10	298	120	301	123
minecraft:moss_block	1	304	120	304	120
minecraft:acacia_wood	13	303	120	309	126
minecraft:pale_moss_block	1	310	120	310	120
minecraft:grass_block	1	323	120	323	120
minecraft:acacia_wood	1	327	120	327	120
minecraft:grass_block	91	311	120	331	136
minecraft:acacia_wood	1	338	120	338	120
minecraft:pale_moss_block	1	0	121	0	121
minecraft:acacia_wood	1	1	121	1	121
minecraft:dirt	1	2	121	2	121
minecraft:snow_block	1	3	121	3	121
minecraft:moss_block	70	0	121	11	128
minecraft:mud	10	15	121	19	125
minecraft:pale_moss_block	1	30	121	30	121
minecraft:moss_block	13	34	121	37	129
minecraft:smooth_basalt	1	38	121	38	121
minecraft:pale_moss_block	2	43	121	43	122
minecraft:stone	6	44	121	46	124
minecraft:stone	1	50	121	50	121
minecraft:acacia_wood	1	51	121	51	121
minecraft:cobblestone	2	63	121	63	122
minecraft:acacia_wood	1	71	121	71	121
minecraft:stone	3	75	121	75	123
minecraft:acacia_wood	1	81	121	81	121
minecraft:pale_moss_block	27	92	121	102	127
minecraft:acacia_wood	1	121	121	121	121
minecraft:stone	6	121	121	123	124
minecraft:pale_oak_wood	1	123	121	123	121
minecraft:stone	1	124	121	124	121
minecraft:light_gray_wool	1	125	121	125	121
minecraft:mud	1	126	121	126	121
minecraft:pale_oak_wood	3	143	121	144	122
minecraft:acacia_wood	1	144	121	144	121
minecraft:diorite	3	145	121	146	122
minecraft:diorite	1	152	121	152	121
minecraft:pale_moss_block	1	156	121	156	121
minecraft:diorite	2	166	121	166	122
minecraft:white_concrete_powder	4	169	121	171	122
minecraft:snow_block	1	197	121	197	121
minecraft:acacia_wood	4	203	121	204	123
minecraft:mud	5	226	121	228	122
minecraft:diorite	1	229	121	229	121
minecraft:blackstone	1	263	121	263	121
minecraft:mud	6	263	121	265	124
minecraft:cyan_terracotta	1	289	121	289	121
minecraft:smooth_basalt	2	290	121	290	122
minecraft:grass_block	1	322	121	322	121
minecraft:snow_block	1	0	122	0	122
minecraft:acacia_wood	1	11	122	11	122
minecraft:pale_oak_wood	5	12	122	12	126
minecraft:cobblestone	2	65	122	65	123
minecraft:white_concrete_powder	2	81	122	82	122
minecraft:cyan_terracotta	11	108	122	111	125
minecraft:white_concrete_powder	1	112	122	112	122
minecraft:pale_oak_wood	1	121	122	121	122
minecraft:mud	3	123	122	125	122
minecraft:stone	1	126	122	126	122
minecraft:birch_wood	10	125	122	129	125
minecraft:pale_moss_block	1	142	122	142	122
minecraft:diorite	32	148	122	156	127
minecraft:birch_wood	1	156	122	156	122
minecraft:cobblestone	1	157	122	157	122
minecraft:stone	1	158	122	158	122
minecraft:birch_wood	1	159	122	159	122
minecraft:white_concrete_powder	1	177	122	177	122
minecraft:birch_wood	3	199	122	200	123
minecraft:stone	1	205	122	205	122
minecraft:stone	1	214	122	214	122
minecraft:smooth_basalt	1	220	122	220	122
minecraft:acacia_wood	2	224	122	225	122
minecraft:acacia_wood	32	223	122	233	127
minecraft:pale_oak_wood	30	230	122	238	129
minecraft:acacia_wood	10	233	122	238	126
minecraft:acacia_wood	1	250	122	250	122
minecraft:cyan_terracotta	1	271	122	271	122
minecraft:cyan_terracotta	10	275	122	277	127
minecraft:basalt	3	278	122	279	123
minecraft:cyan_terracotta	34	284	122	290	133
minecraft:acacia_wood	1	289	122	289	122
minecraft:cyan_terracotta	2	342	122	343	122
minecraft:pale_moss_block	1	344	122	344	122
minecraft:pale_moss_block	3	31	123	31	125
minecraft:cobblestone	13	32	123	34	129
minecraft:stone	3	34	123	34	125
minecraft:cyan_terracotta	1	38	123	38	123
minecraft:pale_moss_block	2	44	123	44	124
minecraft:cyan_terracotta	1	49	123	49	123
minecraft:andesite	1	59	123	59	123
minecraft:white_concrete_powder	5	79	123	80	126
minecraft:white_concrete_powder	1	83	123	83	123
minecraft:acacia_wood	1	92	123	92	123
minecraft:pale_moss_block	1	101	123	101	123
minecraft:white_concrete_powder	4	116	123	117	125
minecraft:diorite	1	119	123	119	123
minecraft:acacia_wood	8	119	123	121	126
minecraft:pale_moss_block	4	143	123	144	125
minecraft:stone	1	144	123	144	123
minecraft:pale_oak_wood	2	145	123	145	124
minecraft:pale_moss_block	2	157	123	158	123
minecraft:dripstone_block	1	164	123	164	123
minecraft:white_concrete_powder	1	168	123	168	123
minecraft:snow_block	4	168	123	170	124
minecraft:white_concrete_powder	1	171	123	171	123
minecraft:white_concrete_powder	49	166	123	176	133
minecraft:diorite	1	196	123	196	123
minecraft:snow_block	6	199	123	202	124
minecraft:stone	1	204	123	204	123
minecraft:snow_block	5	203	123	205	125
minecraft:diorite	9	205	123	208	126
minecraft:stone	1	213	123	213	123
minecraft:mud	5	216	123	217	125
minecraft:smooth_basalt	1	222	123	222	123
minecraft:mud	2	224	123	225	123
minecraft:basalt	2	240	123	240	124
minecraft:acacia_wood	1	251	123	251	123
minecraft:mud	1	252	123	252	123
minecraft:acacia_wood	239	240	123	258	156
minecraft:stone	2	255	123	255	124
minecraft:acacia_wood	16	264	123	268	127
minecraft:stone	2	269	123	269	124
minecraft:basalt	1	286	123	286	123
minecraft:mud	1	289	123	289	123
minecraft:acacia_wood	1	290	123	290	123
minecraft:stone	1	319	123	319	123
minecraft:stone	4	320	123	322	124
minecraft:grass_block	26	342	123	349	127
minecraft:mud	1	14	124	14	124
minecraft:cobblestone	2	57	124	57	125
minecraft:cobblestone	2	59	124	59	125
minecraft:andesite	1	61	124	61	124
minecraft:cobblestone	2	63	124	63	125
minecraft:white_concrete_powder	1	84	124	84	124
minecraft:acacia_wood	1	86	124	86	124
minecraft:pale_moss_block	1	87	124	87	124
minecraft:white_concrete_powder	2	93	124	93	125
minecraft:cyan_terracotta	18	103	124	107	128
minecraft:pale_moss_block	17	107	124	111	130
minecraft:basalt	2	112	124	112	125
minecraft:white_concrete_powder	1	113	124	113	124
minecraft:birch_wood	2	117	124	117	125
minecraft:white_concrete_powder	1	118	124	118	124
minecraft:diorite	1	122	124	122	124
minecraft:birch_wood	1	123	124	123	124
minecraft:birch_wood	16	131	124	137	127
minecraft:white_concrete_powder	3	135	124	136	125
minecraft:acacia_wood	1	146	124	146	124
minecraft:acacia_wood	4	157	124	158	126
minecraft:dripstone_block	1	159	124	159	124
minecraft:birch_wood	1	164	124	164	124
minecraft:diorite	1	165	124	165	124
minecraft:white_concrete_powder	1	167	124	167	124
minecraft:snow_block	1	176	124	176	124
minecraft:white_concrete_powder	4	176	124	177	126
minecraft:birch_wood	1	181	124	181	124
minecraft:birch_wood	1	184	124	184	124
minecraft:white_concrete_powder	1	190	124	190	124
minecraft:diorite	5	194	124	196	126
minecraft:stone	7	200	124	203	126
minecraft:pale_oak_wood	3	214	124	215	125
minecraft:acacia_wood	5	272	124	273	126
minecraft:pale_moss_block	1	277	124	277	124
minecraft:basalt	28	277	124	286	131
minecraft:smooth_basalt	1	286	124	286	124
minecraft:acacia_wood	1	289	124	289	124
minecraft:mud	1	292	124	292	124
minecraft:pale_moss_block	4	313	124	315	125
minecraft:stone	1	315	124	315	124
minecraft:acacia_wood	2	322	124	323	124
minecraft:acacia_wood	1	22	125	22	125
minecraft:mud	1	24	125	24	125
minecraft:smooth_basalt	1	39	125	39	125
minecraft:acacia_wood	1	42	125	42	125
minecraft:acacia_wood	9	61	125	64	129
minecraft:pale_moss_block	13	65	125	67	130
minecraft:birch_wood	1	79	125	79	125
minecraft:snow_block	1	94	125	94	125
minecraft:pale_moss_block	5	113	125	114	128
minecraft:cyan_terracotta	11	115	125	119	128
minecraft:birch_wood	2	122	125	122	126
minecraft:white_concrete_powder	10	125	125	129	127
minecraft:snow_block	6	129	125	131	127
minecraft:white_concrete_powder	3	139	125	140	126
minecraft:white_concrete_powder	2	142	125	142	126
minecraft:birch_wood	3	143	125	144	126
minecraft:stone	1	145	125	145	125
minecraft:pale_oak_wood	3	146	125	147	126
minecraft:birch_wood	4	148	125	150	126
minecraft:pale_moss_block	4	158	125	159	126
minecraft:light_gray_terracotta	6	160	125	162	128
minecraft:snow_block	1	175	125	175	125
minecraft:snow_block	1	198	125	198	125
minecraft:cyan_terracotta	1	199	125	199	125
minecraft:stone	1	214	125	214	125
minecraft:pale_oak_wood	1	218	125	218	125
minecraft:stone	1	225	125	225	125
minecraft:basalt	19	245	125	248	131
minecraft:blackstone	1	262	125	262	125
minecraft:stone	2	267	125	268	125
minecraft:basalt	1	283	125	283	125
minecraft:blackstone	1	284	125	284	125
minecraft:smooth_basalt	1	292	125	292	125
minecraft:stone	1	316	125	316	125
minecraft:stone	1	319	125	319	125
minecraft:acacia_wood	1	320	125	320	125
minecraft:stone	3	331	125	333	125
minecraft:acacia_wood	1	338	125	338	125
minecraft:cyan_terracotta	2	339	125	339	126
minecraft:mud	1	15	126	15	126
minecraft:pale_moss_block	3	21	126	22	127
minecraft:pale_moss_block	14	27	126	32	131
minecraft:acacia_wood	1	39	126	39	126
minecraft:cobblestone	6	55	126	58	128
minecraft:cyan_terracotta	16	68	126	72	131
minecraft:white_concrete_powder	1	87	126	87	126
minecraft:pale_moss_block	2	89	126	90	126
minecraft:white_concrete_powder	1	92	126	92	126
minecraft:birch_wood	1	93	126	93	126
minecraft:white_concrete_powder	20	93	126	99	131
minecraft:basalt	1	111	126	111	126
minecraft:pale_moss_block	1	112	126	112	126
minecraft:cyan_terracotta	11	111	126	114	130
minecraft:stone	1	120	126	120	126
minecraft:birch_wood	1	124	126	124	126
minecraft:white_concrete_powder	1	131	126	131	126
minecraft:white_concrete_powder	13	136	126	141	131
minecraft:birch_wood	1	139	126	139	126
minecraft:birch_wood	142	133	126	156	143
minecraft:pale_moss_block	1	145	126	145	126
minecraft:stone	1	146	126	146	126
minecraft:mud	4	148	126	150	127
minecraft:snow_block	1	171	126	171	126
minecraft:snow_block	1	176	126	176	126
minecraft:white_concrete_powder	13	188	126	192	130
minecraft:white_concrete_powder	1	199	126	199	126
minecraft:diorite	1	204	126	204	126
minecraft:diorite	2	212	126	213	126
minecraft:diorite	8	215	126	218	128
minecraft:acacia_wood	1	222	126	222	126
minecraft:mud	2	223	126	224	126
minecraft:birch_wood	13	222	126	228	128
minecraft:stone	2	227	126	228	126
minecraft:stone	1	258	126	258	126
minecraft:pale_moss_block	1	266	126	266	126
minecraft:acacia_wood	2	267	126	268	126
minecraft:cyan_terracotta	1	274	126	274	126
minecraft:pale_moss_block	1	275	126	275	126
minecraft:pale_moss_block	10	276	126	278	130
minecraft:blackstone	1	283	126	283	126
minecraft:smooth_basalt	1	291	126	291	126
minecraft:pale_oak_wood	1	292	126	292	126
minecraft:cyan_terracotta	1	298	126	298	126
minecraft:cyan_terracotta	1	301	126	301	126
minecraft:acacia_wood	3	301	126	302	127
minecraft:acacia_wood	2	318	126	319	126
minecraft:stone	188	297	126	330	157
minecraft:stone	1	330	126	330	126
minecraft:basalt	7	335	126	338	128
minecraft:acacia_wood	1	341	126	341	126
minecraft:mud	1	342	126	342	126
minecraft:stone	1	4	127	4	127
minecraft:acacia_wood	1	5	127	5	127
minecraft:acacia_wood	6	10	127	13	128
minecraft:pale_oak_wood	1	13	127	13	127
minecraft:stone	1	21	127	21	127
minecraft:andesite	3	33	127	34	128
minecraft:stone	1	35	127	35	127
minecraft:acacia_wood	1	40	127	40	127
minecraft:smooth_basalt	1	42	127	42	127
minecraft:pale_moss_block	2	55	127	55	128
minecraft:smooth_basalt	1	69	127	69	127
minecraft:cobblestone	1	72	127	72	127
minecraft:stone	26	70	127	76	136
minecraft:stone	1	77	127	77	127
minecraft:white_concrete_powder	39	80	127	91	134
minecraft:stone	1	90	127	90	127
minecraft:acacia_wood	1	99	127	99	127
minecraft:acacia_wood	20	100	127	107	132
minecraft:pale_moss_block	1	103	127	103	127
minecraft:black_wool	1	117	127	117	127
minecraft:pale_moss_block	10	119	127	122	130
minecraft:stone	1	121	127	121	127
minecraft:birch_wood	1	125	127	125	127
minecraft:birch_wood	1	127	127	127	127
minecraft:white_concrete_powder	4	132	127	134	128
minecraft:diorite	1	135	127	135	127
minecraft:white_concrete_powder	13	142	127	145	131
minecraft:birch_wood	4	145	127	147	128
minecraft:stone	3	147	127	148	128
minecraft:birch_wood	2	151	127	152	127
minecraft:mud	3	155	127	156	128
minecraft:snow_block	1	156	127	156	127
minecraft:smooth_basalt	1	157	127	157	127
minecraft:mud	1	158	127	158	127
minecraft:acacia_wood	15	159	127	165	135
minecraft:snow_block	1	175	127	175	127
minecraft:white_concrete_powder	1	176	127	176	127
minecraft:birch_wood	41	169	127	178	135
minecraft:white_concrete_powder	1	196	127	196	127
minecraft:diorite	1	229	127	229	127
minecraft:stone	1	230	127	230	127
minecraft:stone	1	233	127	233	127
minecraft:acacia_wood	3	239	127	240	128
minecraft:stone	1	259	127	259	127
minecraft:light_gray_wool	2	260	127	260	128
minecraft:stone	5	265	127	267	129
minecraft:acacia_wood	1	271	127	271	127
minecraft:pale_moss_block	1	272	127	272	127
minecraft:basalt	13	269	127	273	131
minecraft:acacia_wood	15	272	127	276	131
minecraft:pale_moss_block	4	287	127	289	128
minecraft:pale_oak_wood	1	293	127	293	127
minecraft:cyan_terracotta	2	297	127	297	128
minecraft:cyan_terracotta	6	299	127	301	130
minecraft:mud	2	317	127	318	127
minecraft:acacia_wood	1	330	127	330	127
minecraft:cyan_terracotta	5	331	127	335	127
minecraft:pale_moss_block	1	344	127	344	127
minecraft:acacia_wood	2	3	128	4	128
minecraft:acacia_wood	3	7	128	9	128
minecraft:stone	1	10	128	10	128
minecraft:pale_moss_block	4	23	128	24	130
minecraft:stone	4	30	128	32	129
minecraft:cobblestone	1	35	128	35	128
minecraft:acacia_wood	4	41	128	43	129
minecraft:pale_moss_block	213	39	128	60	149
minecraft:black_wool	1	72	128	72	128
minecraft:pale_moss_block	2	77	128	77	129
minecraft:stone	8	78	128	79	132
minecraft:stone	1	92	128	92	128
minecraft:snow_block	3	92	128	93	129
minecraft:pale_moss_block	1	99	128	99	128
minecraft:basalt	10	104	128	109	130
minecraft:basalt	7	116	128	118	130
minecraft:birch_wood	1	122	128	122	128
minecraft:birch_wood	43	119	128	135	135
minecraft:diorite	1	125	128	125	128
minecraft:birch_wood	1	126	128	126	128
minecraft:white_concrete_powder	13	126	128	131	130
minecraft:snow_block	1	128	128	128	128
minecraft:birch_wood	1	130	128	130	128
minecraft:pale_oak_wood	1	149	128	149	128
minecraft:stone	4	149	128	150	130
minecraft:acacia_wood	1	151	128	151	128
minecraft:snow_block	1	152	128	152	128
minecraft:acacia_wood	1	153	128	153	128
minecraft:snow_block	1	154	128	154	128
minecraft:diorite	1	157	128	157	128
minecraft:birch_wood	1	158	128	158	128
minecraft:mud	1	159	128	159	128
minecraft:dripstone_block	1	162	128	162	128
minecraft:white_concrete_powder	1	165	128	165	128
minecraft:diorite	8	191	128	194	131
minecraft:snow_block	1	195	128	195	128
minecraft:white_concrete_powder	2	197	128	198	128
minecraft:diorite	3	201	128	202	129
minecraft:diorite	10	219	128	223	131
minecraft:diorite	2	227	128	228	128
minecraft:birch_wood	5	228	128	229	131
minecraft:diorite	9	230	128	233	130
minecraft:basalt	2	242	128	243	128
minecraft:snow_block	16	241	128	246	132
minecraft:stone	23	254	128	259	133
minecraft:acacia_wood	4	258	128	259	130
minecraft:acacia_wood	1	270	128	270	128
minecraft:stone	4	291	128	292	130
minecraft:pale_moss_block	91	294	128	307	143
minecraft:acacia_wood	18	309	128	318	132
minecraft:acacia_wood	1	329	128	329	128
minecraft:cyan_terracotta	1	330	128	330	128
minecraft:mud	20	328	128	336	131
minecraft:acacia_wood	1	10	129	10	129
minecraft:pale_moss_block	1	26	129	26	129
minecraft:cyan_terracotta	1	27	129	27	129
minecraft:cyan_terracotta	1	30	129	30	129
minecraft:andesite	3	35	129	35	131
minecraft:cobblestone	1	36	129	36	129
minecraft:acacia_wood	2	51	129	51	130
minecraft:stone	10	55	129	58	134
minecraft:pale_moss_block	2	56	129	56	130
minecraft:cobblestone	2	57	129	57	130
minecraft:snow_block	3	88	129	88	131
minecraft:pale_moss_block	3	90	129	91	130
minecraft:birch_wood	1	97	129	97	129
minecraft:snow_block	2	98	129	99	129
minecraft:pale_moss_block	1	115	129	115	129
minecraft:mud	1	136	129	136	129
minecraft:white_concrete_powder	1	146	129	146	129
minecraft:diorite	12	147	129	150	133
minecraft:pale_oak_wood	1	151	129	151	129
minecraft:stone	1	152	129	152	129
minecraft:pale_moss_block	2	153	129	154	129
minecraft:snow_block	1	155	129	155	129
minecraft:smooth_basalt	1	156	129	156	129
minecraft:snow_block	1	157	129	157	129
minecraft:diorite	12	158	129	161	134
minecraft:light_gray_terracotta	4	162	129	164	130
minecraft:white_concrete_powder	1	164	129	164	129
minecraft:birch_wood	1	165	129	165	129
minecraft:snow_block	1	167	129	167	129
minecraft:birch_wood	13	178	129	182	134
minecraft:birch_wood	2	190	129	191	129
minecraft:birch_wood	1	194	129	194	129
minecraft:acacia_wood	1	195	129	195	129
minecraft:diorite	1	200	129	200	129
minecraft:white_concrete_powder	41	203	129	213	137
minecraft:stone	3	214	129	215	130
minecraft:mud	6	222	129	224	131
minecraft:diorite	3	225	129	226	130
minecraft:mud	1	227	129	227	129
minecraft:stone	1	234	129	234	129
minecraft:diorite	8	238	129	240	132
minecraft:snow_block	1	248	129	248	129
minecraft:white_concrete_powder	1	249	129	249	129
minecraft:stone	1	252	129	252	129
minecraft:stone	16	260	129	264	134
minecraft:acacia_wood	1	265	129	265	129
minecraft:acacia_wood	1	269	129	269	129
minecraft:mud	1	314	129	314	129
minecraft:mud	1	316	129	316	129
minecraft:stone	1	319	129	319	129
minecraft:acacia_wood	1	328	129	328	129
minecraft:moss_block	7	0	130	3	132
minecraft:light_gray_wool	1	3	130	3	130
minecraft:pale_moss_block	1	27	130	27	130
minecraft:cyan_terracotta	26	26	130	33	135
minecraft:stone	3	33	130	34	131
minecraft:stone	2	36	130	36	131
minecraft:cobblestone	3	37	130	38	131
minecraft:moss_block	2	38	130	39	130
minecraft:acacia_wood	1	44	130	44	130
minecraft:pale_moss_block	1	45	130	45	130
minecraft:cyan_terracotta	1	46	130	46	130
minecraft:acacia_wood	2	65	130	65	131
minecraft:acacia_wood	1	72	130	72	130
minecraft:cobblestone	28	74	130	82	136
minecraft:pale_moss_block	1	78	130	78	130
minecraft:stone	3	91	130	92	131
minecraft:white_concrete_powder	4	93	130	94	132
minecraft:snow_block	1	94	130	94	130
minecraft:snow_block	49	97	130	106	141
minecraft:acacia_wood	17	108	130	114	134
minecraft:basalt	2	114	130	114	131
minecraft:acacia_wood	7	115	130	117	132
minecraft:white_concrete_powder	1	121	130	121	130
minecraft:diorite	22	133	130	141	134
minecraft:birch_wood	7	136	130	139	131
minecraft:snow_block	1	144	130	144	130
minecraft:light_gray_wool	2	151	130	152	130
minecraft:stone	9	153	130	156	134
minecraft:pale_moss_block	1	155	130	155	130
minecraft:mud	3	156	130	157	131
minecraft:snow_block	1	158	130	158	130
minecraft:birch_wood	1	160	130	160	130
minecraft:diorite	1	165	130	165	130
minecraft:birch_wood	1	167	130	167	130
minecraft:white_concrete_powder	1	176	130	176	130
minecraft:birch_wood	10	192	130	196	134
minecraft:diorite	1	194	130	194	130
minecraft:birch_wood	1	195	130	195	130
minecraft:diorite	7	195	130	198	132
minecraft:snow_block	1	199	130	199	130
minecraft:acacia_wood	1	226	130	226	130
minecraft:diorite	16	226	130	230	135
minecraft:snow_block	22	231	130	239	135
minecraft:stone	2	232	130	233	130
minecraft:stone	1	236	130	236	130
minecraft:snow_block	2	237	130	237	131
minecraft:birch_wood	1	241	130	241	130
minecraft:cyan_terracotta	22	246	130	250	137
minecraft:stone	1	260	130	260	130
minecraft:acacia_wood	1	264	130	264	130
minecraft:stone	1	265	130	265	130
minecraft:pale_moss_block	15	281	130	284	135
minecraft:acacia_wood	1	284	130	284	130
minecraft:stone	1	293	130	293	130
minecraft:pale_oak_wood	1	295	130	295	130
minecraft:cyan_terracotta	1	298	130	298	130
minecraft:acacia_wood	1	299	130	299	130
minecraft:light_gray_wool	4	322	130	324	131
minecraft:pale_oak_wood	1	326	130	326	130
minecraft:acacia_wood	2	327	130	327	131
minecraft:blackstone	1	330	130	330	130
minecraft:grass_block	75	331	130	349	146
minecraft:moss_block	58	5	131	18	139
minecraft:acacia_wood	1	19	131	19	131
minecraft:pale_moss_block	1	26	131	26	131
minecraft:cyan_terracotta	1	33	131	33	131
minecraft:stone	3	38	131	39	132
minecraft:moss_block	1	40	131	40	131
minecraft:cyan_terracotta	1	45	131	45	131
minecraft:cyan_terracotta	2	52	131	52	132
minecraft:pale_moss_block	2	57	131	58	131
minecraft:pale_moss_block	11	58	131	61	134
minecraft:acacia_wood	1	70	131	70	131
minecraft:birch_wood	25	81	131	88	135
minecraft:birch_wood	1	92	131	92	131
minecraft:birch_wood	15	92	131	97	135
minecraft:snow_block	1	96	131	96	131
minecraft:pale_moss_block	4	107	131	109	132
minecraft:pale_moss_block	1	118	131	118	131
minecraft:snow_block	5	119	131	120	134
minecraft:white_concrete_powder	1	120	131	120	131
minecraft:diorite	1	124	131	124	131
minecraft:stone	2	151	131	152	131
minecraft:light_gray_wool	1	153	131	153	131
minecraft:pale_oak_wood	1	155	131	155	131
minecraft:pale_moss_block	2	156	131	156	132
minecraft:birch_wood	2	161	131	161	132
minecraft:dripstone_block	1	164	131	164	131
minecraft:light_gray_terracotta	2	165	131	165	132
minecraft:white_concrete_powder	6	171	131	172	133
minecraft:birch_wood	2	198	131	199	131
minecraft:diorite	1	200	131	200	131
minecraft:acacia_wood	2	203	131	203	132
minecraft:cyan_terracotta	1	204	131	204	131
minecraft:pale_moss_block	2	214	131	214	132
minecraft:mud	2	215	131	215	132
minecraft:acacia_wood	1	222	131	222	131
minecraft:pale_oak_wood	1	225	131	225	131
minecraft:stone	1	226	131	226	131
minecraft:stone	8	230	131	233	134
minecraft:pale_oak_wood	1	236	131	236	131
minecraft:birch_wood	62	237	131	247	142
minecraft:white_concrete_powder	9	241	131	245	134
minecraft:acacia_wood	2	260	131	261	131
minecraft:cyan_terracotta	227	253	131	291	153
minecraft:acacia_wood	1	279	131	279	131
minecraft:acacia_wood	1	281	131	281	131
minecraft:mud	15	284	131	287	137
minecraft:mud	2	288	131	289	131
minecraft:acacia_wood	1	298	131	298	131
minecraft:stone	67	287	131	300	144
minecraft:blackstone	1	313	131	313	131
minecraft:stone	1	316	131	316	131
minecraft:cyan_terracotta	1	328	131	328	131
minecraft:cyan_terracotta	12	334	131	342	133
minecraft:mud	2	337	131	338	131
minecraft:stone	3	344	131	345	132
minecraft:pale_moss_block	3	24	132	25	133
minecraft:acacia_wood	10	33	132	35	136
minecraft:stone	1	35	132	35	132
minecraft:andesite	4	36	132	38	133
minecraft:cobblestone	6	39	132	41	135
minecraft:acacia_wood	2	51	132	51	133
minecraft:acacia_wood	3	66	132	67	133
minecraft:acacia_wood	2	69	132	69	133
minecraft:andesite	3	72	132	73	133
minecraft:diorite	1	86	132	86	132
minecraft:snow_block	1	90	132	90	132
minecraft:pale_moss_block	2	91	132	92	132
minecraft:white_concrete_powder	3	95	132	96	133
minecraft:basalt	2	115	132	115	133
minecraft:white_concrete_powder	1	117	132	117	132
minecraft:basalt	1	118	132	118	132
minecraft:white_concrete_powder	4	120	132	121	134
minecraft:diorite	13	123	132	129	135
minecraft:diorite	1	132	132	132	132
minecraft:birch_wood	11	130	132	134	135
minecraft:pale_oak_wood	1	157	132	157	132
minecraft:smooth_basalt	1	158	132	158	132
minecraft:mud	1	162	132	162	132
minecraft:snow_block	1	166	132	166	132
minecraft:birch_wood	1	185	132	185	132
minecraft:diorite	66	189	132	198	146
minecraft:birch_wood	1	197	132	197	132
minecraft:diorite	2	198	132	199	132
minecraft:stone	1	202	132	202	132
minecraft:snow_block	1	207	132	207	132
minecraft:mud	1	213	132	213	132
minecraft:acacia_wood	4	221	132	222	134
minecraft:snow_block	2	222	132	223	132
minecraft:acacia_wood	2	224	132	225	132
minecraft:birch_wood	2	226	132	226	133
minecraft:stone	1	237	132	237	132
minecraft:pale_oak_wood	11	252	132	254	136
minecraft:acacia_wood	1	255	132	255	132
minecraft:acacia_wood	8	257	132	260	134
minecraft:basalt	1	267	132	267	132
minecraft:basalt	1	272	132	272	132
minecraft:pale_moss_block	1	274	132	274	132
minecraft:basalt	3	275	132	276	133
minecraft:acacia_wood	1	277	132	277	132
minecraft:basalt	1	279	132	279	132
minecraft:acacia_wood	1	280	132	280	132
minecraft:blackstone	12	287	132	290	137
minecraft:mud	4	291	132	294	132
minecraft:pale_moss_block	1	328	132	328	132
minecraft:acacia_wood	1	329	132	329	132
minecraft:pale_moss_block	34	327	132	338	137
minecraft:acacia_wood	1	343	132	343	132
minecraft:pale_moss_block	7	340	132	344	134
minecraft:pale_oak_wood	1	16	133	16	133
minecraft:pale_oak_wood	1	19	133	19	133
minecraft:cyan_terracotta	2	23	133	24	133
minecraft:stone	1	36	133	36	133
minecraft:cobblestone	2	61	133	62	133
minecraft:cobblestone	1	72	133	72	133
minecraft:birch_wood	2	79	133	80	133
minecraft:stone	1	91	133	91	133
minecraft:white_concrete_powder	1	106	133	106	133
minecraft:pale_moss_block	1	107	133	107	133
minecraft:snow_block	5	112	133	114	134
minecraft:pale_moss_block	12	115	133	119	137
minecraft:snow_block	1	117	133	117	133
minecraft:white_concrete_powder	2	118	133	118	134
minecraft:pale_oak_wood	2	127	133	128	133
minecraft:stone	1	129	133	129	133
minecraft:pale_oak_wood	1	130	133	130	133
minecraft:diorite	1	131	133	131	133
minecraft:acacia_wood	1	132	133	132	133
minecraft:birch_wood	1	139	133	139	133
minecraft:diorite	1	146	133	146	133
minecraft:pale_moss_block	3	157	133	158	134
minecraft:pale_oak_wood	1	158	133	158	133
minecraft:smooth_basalt	1	162	133	162	133
minecraft:mud	1	163	133	163	133
minecraft:dripstone_block	1	165	133	165	133
minecraft:light_gray_terracotta	1	166	133	166	133
minecraft:snow_block	5	167	133	168	136
minecraft:white_concrete_powder	19	169	133	175	141
minecraft:birch_wood	1	186	133	186	133
minecraft:diorite	1	197	133	197	133
minecraft:stone	1	201	133	201	133
minecraft:cyan_terracotta	1	202	133	202	133
minecraft:mud	8	201	133	203	137
minecraft:mud	1	209	133	209	133
minecraft:birch_wood	3	210	133	211	134
minecraft:pale_moss_block	1	213	133	213	133
minecraft:mud	1	214	133	214	133
minecraft:white_concrete_powder	6	215	133	218	135
minecraft:stone	2	223	133	224	133
minecraft:snow_block	1	225	133	225	133
minecraft:pale_oak_wood	8	231	133	234	135
minecraft:pale_moss_block	1	263	133	263	133
minecraft:smooth_basalt	1	268	133	268	133
minecraft:mud	3	289	133	290	134
minecraft:acacia_wood	9	291	133	294	136
minecraft:acacia_wood	1	308	133	308	133
minecraft:blackstone	2	309	133	310	133
minecraft:light_gray_wool	4	317	133	318	134
minecraft:pale_moss_block	1	339	133	339	133
minecraft:mud	2	349	133	349	134
minecraft:andesite	1	1	134	1	134
minecraft:cobblestone	1	4	134	4	134
minecraft:stone	3	5	134	6	135
minecraft:pale_oak_wood	1	17	134	17	134
minecraft:acacia_wood	1	21	134	21	134
minecraft:pale_moss_block	149	13	134	36	152
minecraft:cyan_terracotta	1	25	134	25	134
minecraft:stone	1	35	134	35	134
minecraft:acacia_wood	1	36	134	36	134
minecraft:stone	4	37	134	39	135
minecraft:acacia_wood	1	50	134	50	134
minecraft:basalt	2	53	134	53	135
minecraft:acacia_wood	6	54	134	56	136
minecraft:pale_moss_block	1	56	134	56	134
minecraft:stone	1	61	134	61	134
minecraft:pale_moss_block	4	61	134	62	136
minecraft:pale_oak_wood	2	69	134	69	135
minecraft:pale_oak_wood	13	70	134	72	140
minecraft:stone	6	72	134	74	136
minecraft:diorite	1	80	134	80	134
minecraft:snow_block	1	90	134	90	134
minecraft:white_concrete_powder	1	91	134	91	134
minecraft:white_concrete_powder	6	95	134	98	136
minecraft:white_concrete_powder	1	107	134	107	134
minecraft:snow_block	7	107	134	111	135
minecraft:acacia_wood	1	113	134	113	134
minecraft:white_concrete_powder	1	115	134	115	134
minecraft:pale_oak_wood	11	124	134	128	138
minecraft:stone	1	127	134	127	134
minecraft:diorite	16	127	134	133	137
minecraft:diorite	1	139	134	139	134
minecraft:white_concrete_powder	1	141	134	141	134
minecraft:white_concrete_powder	3	146	134	147	135
minecraft:acacia_wood	2	159	134	159	135
minecraft:snow_block	10	161	134	163	138
minecraft:pale_moss_block	2	166	134	166	135
minecraft:snow_block	1	197	134	197	134
minecraft:diorite	1	198	134	198	134
minecraft:white_concrete_powder	2	199	134	199	135
minecraft:stone	2	200	134	200	135
minecraft:pale_moss_block	1	201	134	201	134
minecraft:acacia_wood	1	207	134	207	134
minecraft:mud	1	208	134	208	134
minecraft:stone	1	209	134	209	134
minecraft:mud	1	210	134	210	134
minecraft:pale_moss_block	9	209	134	212	138
minecraft:mud	11	210	134	214	139
minecraft:cyan_terracotta	1	214	134	214	134
minecraft:mud	1	219	134	219	134
minecraft:acacia_wood	2	220	134	220	135
minecraft:mud	1	221	134	221	134
minecraft:cyan_terracotta	1	223	134	223	134
minecraft:snow_block	120	199	134	226	148
minecraft:birch_wood	2	225	134	225	135
minecraft:diorite	1	238	134	238	134
minecraft:white_concrete_powder	1	241	134	241	134
minecraft:pale_moss_block	1	246	134	246	134
minecraft:stone	1	306	134	306	134
minecraft:acacia_wood	1	307	134	307	134
minecraft:mud	1	308	134	308	134
minecraft:acacia_wood	8	307	134	310	137
minecraft:grass_block	2	332	134	333	134
minecraft:acacia_wood	1	339	134	339	134
minecraft:moss_block	1	346	134	346	134
minecraft:stone	5	346	134	348	136
minecraft:cobblestone	23	0	135	6	142
minecraft:andesite	1	2	135	2	135
minecraft:stone	1	4	135	4	135
minecraft:stone	21	9	135	16	140
minecraft:acacia_wood	4	30	135	32	136
minecraft:stone	1	32	135	32	135
minecraft:pale_oak_wood	1	37	135	37	135
minecraft:andesite	1	39	135	39	135
minecraft:stone	1	42	135	42	135
minecraft:cyan_terracotta	1	52	135	52	135
minecraft:pale_moss_block	1	57	135	57	135
minecraft:stone	3	58	135	60	135
minecraft:acacia_wood	1	68	135	68	135
minecraft:pale_oak_wood	3	73	135	73	137
minecraft:diorite	43	74	135	81	144
minecraft:diorite	1	84	135	84	135
minecraft:cobblestone	13	86	135	91	138
minecraft:diorite	1	88	135	88	135
minecraft:birch_wood	1	89	135	89	135
minecraft:white_concrete_powder	1	90	135	90	135
minecraft:snow_block	1	91	135	91	135
minecraft:pale_moss_block	22	102	135	109	138
minecraft:white_concrete_powder	1	109	135	109	135
minecraft:white_concrete_powder	11	110	135	116	138
minecraft:pale_moss_block	1	113	135	113	135
minecraft:white_concrete_powder	2	114	135	114	136
minecraft:birch_wood	1	115	135	115	135
minecraft:white_concrete_powder	1	116	135	116	135
minecraft:white_concrete_powder	1	134	135	134	135
minecraft:diorite	1	153	135	153	135
minecraft:stone	1	157	135	157	135
minecraft:light_gray_wool	2	158	135	158	136
minecraft:smooth_basalt	3	160	135	161	136
minecraft:diorite	1	164	135	164	135
minecraft:white_concrete_powder	1	167	135	167	135
minecraft:birch_wood	1	186	135	186	135
minecraft:diorite	1	191	135	191	135
minecraft:birch_wood	2	192	135	192	136
minecraft:birch_wood	2	198	135	198	136
minecraft:mud	41	198	135	209	147
minecraft:stone	1	208	135	208	135
minecraft:birch_wood	1	210	135	210	135
minecraft:cyan_terracotta	11	215	135	219	138
minecraft:cyan_terracotta	2	221	135	222	135
minecraft:pale_moss_block	1	223	135	223	135
minecraft:acacia_wood	5	226	135	227	138
minecraft:pale_oak_wood	12	227	135	230	139
minecraft:stone	1	230	135	230	135
minecraft:pale_oak_wood	1	236	135	236	135
minecraft:acacia_wood	4	235	135	237	136
minecraft:white_concrete_powder	1	239	135	239	135
minecraft:cyan_terracotta	1	246	135	246	135
minecraft:pale_moss_block	1	247	135	247	135
minecraft:birch_wood	1	254	135	254	135
minecraft:pale_moss_block	1	258	135	258	135
minecraft:stone	1	260	135	260	135
minecraft:acacia_wood	2	261	135	261	136
minecraft:mud	2	266	135	267	135
minecraft:acacia_wood	4	266	135	268	136
minecraft:mud	3	272	135	273	136
minecraft:stone	1	305	135	305	135
minecraft:acacia_wood	1	306	135	306	135
minecraft:blackstone	3	307	135	308	136
minecraft:pale_oak_wood	16	316	135	321	140
minecraft:pale_moss_block	1	346	135	346	135
minecraft:moss_block	5	0	136	0	140
minecraft:stone	1	2	136	2	136
minecraft:stone	1	8	136	8	136
minecraft:cyan_terracotta	1	27	136	27	136
minecraft:stone	4	30	136	31	138
minecraft:stone	1	33	136	33	136
minecraft:pale_oak_wood	1	38	136	38	136
minecraft:stone	2	43	136	43	137
minecraft:acacia_wood	2	52	136	53	136
minecraft:basalt	11	53	136	57	139
minecraft:basalt	1	56	136	56	136
minecraft:acacia_wood	8	56	136	59	139
minecraft:pale_moss_block	3	58	136	60	136
minecraft:stone	1	61	136	61	136
minecraft:acacia_wood	3	69	136	69	138
minecraft:light_gray_wool	1	74	136	74	136
minecraft:stone	5	79	136	82	137
minecraft:cobblestone	2	83	136	84	136
minecraft:stone	4	84	136	86	137
minecraft:stone	28	91	136	99	140
minecraft:cobblestone	4	93	136	94	137
minecraft:snow_block	1	109	136	109	136
minecraft:snow_block	4	113	136	115	137
minecraft:acacia_wood	28	120	136	133	140
minecraft:white_concrete_powder	7	135	136	138	138
minecraft:snow_block	1	137	136	137	136
minecraft:diorite	1	140	136	140	136
minecraft:white_concrete_powder	1	142	136	142	136
minecraft:diorite	77	146	136	160	148
minecraft:pale_moss_block	1	159	136	159	136
minecraft:birch_wood	7	164	136	165	140
minecraft:white_concrete_powder	8	165	136	166	140
minecraft:acacia_wood	10	167	136	170	142
minecraft:birch_wood	23	173	136	182	142
minecraft:birch_wood	1	182	136	182	136
minecraft:birch_wood	2	184	136	185	136
minecraft:diorite	1	186	136	186	136
minecraft:birch_wood	1	187	136	187	136
minecraft:snow_block	1	188	136	188	136
minecraft:white_concrete_powder	3	188	136	189	137
minecraft:white_concrete_powder	1	191	136	191	136
minecraft:stone	2	199	136	199	137
minecraft:acacia_wood	2	200	136	200	137
minecraft:cyan_terracotta	1	212	136	212	136
minecraft:pale_moss_block	5	216	136	219	137
minecraft:pale_moss_block	1	220	136	220	136
minecraft:acacia_wood	8	230	136	232	138
minecraft:snow_block	57	226	136	240	148
minecraft:pale_oak_wood	1	234	136	234	136
minecraft:diorite	6	240	136	242	139
minecraft:stone	1	247	136	247	136
minecraft:smooth_basalt	4	253	136	254	138
minecraft:mud	36	259	136	265	144
minecraft:pale_moss_block	1	270	136	270	136
minecraft:mud	1	278	136	278	136
minecraft:acacia_wood	1	305	136	305	136
minecraft:mud	3	305	136	306	137
minecraft:mud	7	330	136	334	137
minecraft:pale_moss_block	2	344	136	345	136
minecraft:acacia_wood	2	25	137	25	138
minecraft:cyan_terracotta	1	28	137	28	137
minecraft:mud	6	32	137	35	138
minecraft:acacia_wood	1	39	137	39	137
minecraft:stone	1	60	137	60	137
minecraft:pale_moss_block	14	59	137	62	143
minecraft:cobblestone	1	63	137	63	137
minecraft:light_gray_wool	1	72	137	72	137
minecraft:stone	5	73	137	74	139
minecraft:acacia_wood	2	80	137	81	137
minecraft:acacia_wood	1	83	137	83	137
minecraft:cobblestone	1	96	137	96	137
minecraft:acacia_wood	8	103	137	106	140
minecraft:snow_block	2	110	137	111	137
minecraft:stone	37	118	137	131	144
minecraft:birch_wood	1	129	137	129	137
minecraft:white_concrete_powder	2	143	137	144	137
minecraft:diorite	1	147	137	147	137
minecraft:stone	18	158	137	165	145
minecraft:pale_oak_wood	1	159	137	159	137
minecraft:acacia_wood	1	160	137	160	137
minecraft:diorite	1	161	137	161	137
minecraft:mud	1	162	137	162	137
minecraft:pale_moss_block	1	168	137	168	137
minecraft:snow_block	8	169	137	171	140
minecraft:birch_wood	2	186	137	186	138
minecraft:stone	2	187	137	187	138
minecraft:blackstone	5	201	137	203	138
minecraft:white_concrete_powder	3	213	137	214	138
minecraft:white_concrete_powder	1	244	137	244	137
minecraft:white_concrete_powder	1	246	137	246	137
minecraft:pale_moss_block	1	247	137	247	137
minecraft:smooth_basalt	2	259	137	259	138
minecraft:smooth_basalt	2	265	137	265	138
minecraft:mud	12	272	137	275	140
minecraft:acacia_wood	8	276	137	280	138
minecraft:smooth_basalt	1	279	137	279	137
minecraft:acacia_wood	15	303	137	306	142
minecraft:acacia_wood	1	318	137	318	137
minecraft:acacia_wood	1	320	137	320	137
minecraft:pale_moss_block	1	324	137	324	137
minecraft:cyan_terracotta	15	321	137	329	142
minecraft:acacia_wood	1	330	137	330	137
minecraft:pale_moss_block	2	331	137	332	137
minecraft:pale_moss_block	9	341	137	343	141
minecraft:stone	2	344	137	345	137
minecraft:stone	4	1	138	2	140
minecraft:stone	1	4	138	4	138
minecraft:cobblestone	2	5	138	6	138
minecraft:mud	1	30	138	30	138
minecraft:stone	1	33	138	33	138
minecraft:acacia_wood	1	38	138	38	138
minecraft:stone	1	46	138	46	138
minecraft:acacia_wood	38	49	138	57	144
minecraft:stone	1	71	138	71	138
minecraft:birch_wood	5	80	138	82	139
minecraft:diorite	2	83	138	84	138
minecraft:acacia_wood	2	85	138	86	138
minecraft:stone	2	87	138	88	138
minecraft:pale_moss_block	1	100	138	100	138
minecraft:stone	39	108	138	119	148
minecraft:birch_wood	1	117	138	117	138
minecraft:cyan_terracotta	2	134	138	134	139
minecraft:white_concrete_powder	1	139	138	139	138
minecraft:white_concrete_powder	1	149	138	149	138
minecraft:birch_wood	1	150	138	150	138
minecraft:diorite	1	154	138	154	138
minecraft:pale_moss_block	1	160	138	160	138
minecraft:acacia_wood	1	161	138	161	138
minecraft:diorite	1	162	138	162	138
minecraft:birch_wood	6	182	138	185	140
minecraft:mud	4	188	138	189	140
minecraft:birch_wood	7	195	138	198	141
minecraft:acacia_wood	1	199	138	199	138
minecraft:stone	1	207	138	207	138
minecraft:snow_block	10	206	138	209	141
minecraft:pale_moss_block	1	224	138	224	138
minecraft:pale_oak_wood	1	231	138	231	138
minecraft:diorite	5	238	138	239	140
minecraft:acacia_wood	1	258	138	258	138
minecraft:pale_moss_block	1	268	138	268	138
minecraft:acacia_wood	3	270	138	270	140
minecraft:cyan_terracotta	1	275	138	275	138
minecraft:smooth_basalt	1	281	138	281	138
minecraft:pale_moss_block	2	290	138	291	138
minecraft:grass_block	10	306	138	309	141
minecraft:smooth_basalt	1	326	138	326	138
minecraft:mud	88	308	138	333	154
minecraft:acacia_wood	1	333	138	333	138
minecraft:pale_moss_block	1	334	138	334	138
minecraft:stone	35	338	138	348	146
minecraft:acacia_wood	2	344	138	345	138
minecraft:pale_moss_block	2	4	139	4	140
minecraft:stone	3	5	139	6	140
minecraft:mud	10	29	139	32	142
minecraft:stone	1	30	139	30	139
minecraft:stone	1	32	139	32	139
minecraft:mud	1	33	139	33	139
minecraft:moss_block	16	31	139	34	144
minecraft:stone	1	61	139	61	139
minecraft:cobblestone	3	63	139	63	141
minecraft:cobblestone	2	65	139	66	139
minecraft:diorite	1	82	139	82	139
minecraft:birch_wood	40	80	139	93	143
minecraft:diorite	1	85	139	85	139
minecraft:pale_moss_block	7	96	139	99	142
minecraft:basalt	1	107	139	107	139
minecraft:birch_wood	2	115	139	116	139
minecraft:diorite	1	117	139	117	139
minecraft:birch_wood	4	117	139	119	140
minecraft:acacia_wood	1	135	139	135	139
minecraft:diorite	2	142	139	143	139
minecraft:pale_moss_block	1	161	139	161	139
minecraft:acacia_wood	1	162	139	162	139
minecraft:diorite	1	163	139	163	139
minecraft:smooth_basalt	1	167	139	167	139
minecraft:acacia_wood	1	186	139	186	139
minecraft:mud	1	187	139	187	139
minecraft:stone	16	185	139	189	144
minecraft:birch_wood	1	194	139	194	139
minecraft:white_concrete_powder	1	195	139	195	139
minecraft:white_concrete_powder	1	197	139	197	139
minecraft:acacia_wood	13	197	139	202	142
minecraft:acacia_wood	1	206	139	206	139
minecraft:white_concrete_powder	1	220	139	220	139
minecraft:birch_wood	1	221	139	221	139
minecraft:white_concrete_powder	1	222	139	222	139
minecraft:white_concrete_powder	15	223	139	225	147
minecraft:acacia_wood	3	225	139	226	140
minecraft:blackstone	1	235	139	235	139
minecraft:mud	1	236	139	236	139
minecraft:acacia_wood	1	237	139	237	139
minecraft:diorite	1	243	139	243	139
minecraft:white_concrete_powder	1	247	139	247	139
minecraft:smooth_basalt	6	276	139	280	140
minecraft:acacia_wood	5	281	139	283	141
minecraft:acacia_wood	4	285	139	288	139
minecraft:stone	1	302	139	302	139
minecraft:acacia_wood	1	334	139	334	139
minecraft:cobblestone	48	5	140	13	152
minecraft:andesite	1	11	140	11	140
minecraft:cyan_terracotta	1	24	140	24	140
minecraft:acacia_wood	2	25	140	25	141
minecraft:acacia_wood	3	37	140	37	142
minecraft:mud	1	52	140	52	140
minecraft:basalt	1	58	140	58	140
minecraft:cyan_terracotta	1	59	140	59	140
minecraft:acacia_wood	3	73	140	73	142
minecraft:birch_wood	2	74	140	74	141
minecraft:white_concrete_powder	3	91	140	93	140
minecraft:birch_wood	1	94	140	94	140
minecraft:acacia_wood	1	95	140	95	140
minecraft:white_concrete_powder	57	99	140	110	150
minecraft:cyan_terracotta	2	106	140	107	140
minecraft:mud	1	108	140	108	140
minecraft:pale_moss_block	1	109	140	109	140
minecraft:white_concrete_powder	1	119	140	119	140
minecraft:birch_wood	37	119	140	126	150
minecraft:diorite	1	121	140	121	140
minecraft:birch_wood	6	130	140	132	142
minecraft:white_concrete_powder	13	132	140	136	143
minecraft:acacia_wood	6	137	140	140	141
minecraft:diorite	2	145	140	145	141
minecraft:pale_moss_block	1	162	140	162	140
minecraft:mud	1	163	140	163	140
minecraft:mud	1	167	140	167	140
minecraft:snow_block	1	168	140	168	140
minecraft:white_concrete_powder	1	171	140	171	140
minecraft:snow_block	48	169	140	185	147
minecraft:white_concrete_powder	3	182	140	183	141
minecraft:acacia_wood	5	183	140	185	142
minecraft:birch_wood	1	193	140	193	140
minecraft:stone	1	197	140	197	140
minecraft:acacia_wood	1	204	140	204	140
minecraft:mud	10	206	140	209	143
minecraft:white_concrete_powder	6	210	140	212	141
minecraft:white_concrete_powder	1	221	140	221	140
minecraft:blackstone	1	236	140	236	140
minecraft:mud	1	237	140	237	140
minecraft:pale_oak_wood	1	238	140	238	140
minecraft:mud	3	271	140	272	141
minecraft:acacia_wood	1	272	140	272	140
minecraft:acacia_wood	63	267	140	279	150
minecraft:black_wool	1	277	140	277	140
minecraft:pale_oak_wood	1	278	140	278	140
minecraft:stone	1	280	140	280	140
minecraft:cyan_terracotta	3	282	140	283	141
minecraft:pale_moss_block	56	281	140	293	150
minecraft:acacia_wood	1	301	140	301	140
minecraft:pale_oak_wood	4	301	140	302	142
minecraft:moss_block	1	305	140	305	140
minecraft:pale_moss_block	1	309	140	309	140
minecraft:acacia_wood	8	312	140	316	142
minecraft:acacia_wood	1	333	140	333	140
minecraft:stone	1	334	140	334	140
minecraft:mud	8	331	140	336	142
minecraft:grass_block	2	349	140	349	141
minecraft:stone	82	0	141	10	153
minecraft:pale_oak_wood	2	36	141	36	142
minecraft:cyan_terracotta	1	58	141	58	141
minecraft:pale_moss_block	1	59	141	59	141
minecraft:cyan_terracotta	4	59	141	60	143
minecraft:diorite	1	87	141	87	141
minecraft:white_concrete_powder	21	87	141	95	145
minecraft:acacia_wood	1	96	141	96	141
minecraft:white_concrete_powder	1	97	141	97	141
minecraft:cyan_terracotta	5	109	141	110	144
minecraft:pale_moss_block	1	110	141	110	141
minecraft:pale_moss_block	21	110	141	115	146
minecraft:white_concrete_powder	1	118	141	118	141
minecraft:diorite	1	122	141	122	141
minecraft:birch_wood	1	133	141	133	141
minecraft:birch_wood	4	135	141	137	142
minecraft:diorite	1	142	141	142	141
minecraft:birch_wood	20	147	141	152	145
minecraft:pale_oak_wood	1	163	141	163	141
minecraft:mud	1	164	141	164	141
minecraft:snow_block	5	165	141	168	142
minecraft:diorite	2	167	141	168	141
minecraft:pale_moss_block	1	171	141	171	141
minecraft:acacia_wood	3	177	141	178	142
minecraft:mud	1	190	141	190	141
minecraft:cyan_terracotta	1	205	141	205	141
minecraft:acacia_wood	2	227	141	227	142
minecraft:pale_oak_wood	1	229	141	229	141
minecraft:mud	2	235	141	236	141
minecraft:acacia_wood	5	237	141	240	142
minecraft:diorite	2	243	141	243	142
minecraft:smooth_basalt	2	259	141	260	141
minecraft:pale_moss_block	1	280	141	280	141
minecraft:acacia_wood	2	299	141	300	141
minecraft:mud	1	301	141	301	141
minecraft:moss_block	1	306	141	306	141
minecraft:pale_oak_wood	1	317	141	317	141
minecraft:acacia_wood	10	316	141	320	146
minecraft:smooth_basalt	1	323	141	323	141
minecraft:cyan_terracotta	2	331	141	332	141
minecraft:pale_moss_block	1	333	141	333	141
minecraft:grass_block	3	347	141	348	142
minecraft:basalt	1	26	142	26	142
minecraft:acacia_wood	1	35	142	35	142
minecraft:acacia_wood	1	39	142	39	142
minecraft:mud	1	51	142	51	142
minecraft:pale_moss_block	1	55	142	55	142
minecraft:cobblestone	2	64	142	64	143
minecraft:cobblestone	1	66	142	66	142
minecraft:acacia_wood	1	82	142	82	142
minecraft:diorite	1	88	142	88	142
minecraft:birch_wood	3	95	142	97	142
minecraft:white_concrete_powder	1	98	142	98	142
minecraft:snow_block	1	100	142	100	142
minecraft:birch_wood	1	105	142	105	142
minecraft:cyan_terracotta	1	115	142	115	142
minecraft:cobblestone	17	117	142	121	148
minecraft:diorite	1	125	142	125	142
minecraft:acacia_wood	1	137	142	137	142
minecraft:cyan_terracotta	27	136	142	147	146
minecraft:white_concrete_powder	4	142	142	144	143
minecraft:white_concrete_powder	2	151	142	152	142
minecraft:birch_wood	3	161	142	161	144
minecraft:pale_oak_wood	1	164	142	164	142
minecraft:mud	1	165	142	165	142
minecraft:mud	1	169	142	169	142
minecraft:pale_moss_block	5	174	142	176	143
minecraft:mud	1	189	142	189	142
minecraft:birch_wood	2	195	142	195	143
minecraft:acacia_wood	1	203	142	203	142
minecraft:snow_block	1	204	142	204	142
minecraft:white_concrete_powder	1	205	142	205	142
minecraft:birch_wood	1	206	142	206	142
minecraft:smooth_basalt	3	210	142	211	143
minecraft:mud	2	212	142	213	142
minecraft:birch_wood	1	225	142	225	142
minecraft:acacia_wood	17	228	142	233	147
minecraft:pale_oak_wood	3	232	142	233	143
minecraft:pale_oak_wood	4	235	142	236	143
minecraft:mud	2	237	142	238	142
minecraft:diorite	1	246	142	246	142
minecraft:basalt	5	259	142	261	144
minecraft:cyan_terracotta	23	274	142	281	147
minecraft:acacia_wood	1	296	142	296	142
minecraft:cyan_terracotta	1	297	142	297	142
minecraft:acacia_wood	1	298	142	298	142
minecraft:mud	2	299	142	300	142
minecraft:moss_block	28	298	142	305	150
minecraft:mud	1	314	142	314	142
minecraft:moss_block	9	315	142	317	145
minecraft:acacia_wood	1	329	142	329	142
minecraft:pale_moss_block	17	326	142	333	147
minecraft:mud	1	349	142	349	142
minecraft:stone	177	11	143	34	161
minecraft:stone	1	16	143	16	143
minecraft:acacia_wood	39	18	143	29	150
minecraft:stone	1	35	143	35	143
minecraft:acacia_wood	1	36	143	36	143
minecraft:mud	1	40	143	40	143
minecraft:cyan_terracotta	1	61	143	61	143
minecraft:birch_wood	6	78	143	80	145
minecraft:diorite	2	80	143	81	143
minecraft:white_concrete_powder	85	77	143	93	157
minecraft:birch_wood	27	94	143	102	148
minecraft:diorite	1	95	143	95	143
minecraft:white_concrete_powder	2	96	143	97	143
minecraft:birch_wood	3	102	143	103	144
minecraft:snow_block	15	105	143	109	147
minecraft:birch_wood	1	114	143	114	143
minecraft:pale_moss_block	1	115	143	115	143
minecraft:stone	1	119	143	119	143
minecraft:cyan_terracotta	1	132	143	132	143
minecraft:white_concrete_powder	1	146	143	146	143
minecraft:birch_wood	2	155	143	155	144
minecraft:mud	1	158	143	158	143
minecraft:diorite	6	161	143	163	146
minecraft:pale_moss_block	1	165	143	165	143
minecraft:smooth_basalt	1	166	143	166	143
minecraft:birch_wood	1	167	143	167	143
minecraft:mud	1	168	143	168	143
minecraft:snow_block	1	169	143	169	143
minecraft:mud	7	169	143	171	146
minecraft:cyan_terracotta	1	177	143	177	143
minecraft:cyan_terracotta	1	182	143	182	143
minecraft:mud	1	183	143	183	143
minecraft:acacia_wood	1	185	143	185	143
minecraft:snow_block	2	188	143	189	143
minecraft:stone	1	202	143	202	143
minecraft:white_concrete_powder	1	204	143	204	143
minecraft:birch_wood	1	205	143	205	143
minecraft:acacia_wood	10	205	143	210	145
minecraft:cyan_terracotta	3	212	143	213	144
minecraft:basalt	1	216	143	216	143
minecraft:basalt	1	219	143	219	143
minecraft:birch_wood	1	226	143	226	143
minecraft:acacia_wood	2	237	143	238	143
minecraft:pale_oak_wood	1	242	143	242	143
minecraft:basalt	4	263	143	264	145
minecraft:mud	1	271	143	271	143
minecraft:smooth_basalt	2	272	143	273	143
minecraft:acacia_wood	1	295	143	295	143
minecraft:cyan_terracotta	2	296	143	296	144
minecraft:acacia_wood	1	297	143	297	143
minecraft:mud	3	297	143	298	144
minecraft:acacia_wood	5	299	143	301	144
minecraft:acacia_wood	1	311	143	311	143
minecraft:blackstone	5	310	143	312	145
minecraft:mud	1	313	143	313	143
minecraft:acacia_wood	4	313	143	314	145
minecraft:cyan_terracotta	1	328	143	328	143
minecraft:stone	1	339	143	339	143
minecraft:mud	1	340	143	340	143
minecraft:mud	3	345	143	347	143
minecraft:stone	1	31	144	31	144
minecraft:acacia_wood	2	34	144	35	144
minecraft:acacia_wood	1	37	144	37	144
minecraft:stone	1	57	144	57	144
minecraft:acacia_wood	1	61	144	61	144
minecraft:cobblestone	2	65	144	65	145
minecraft:birch_wood	9	73	144	76	146
minecraft:snow_block	1	83	144	83	144
minecraft:birch_wood	47	86	144	95	159
minecraft:stone	1	111	144	111	144
minecraft:pale_moss_block	1	116	144	116	144
minecraft:white_concrete_powder	1	120	144	120	144
minecraft:white_concrete_powder	1	123	144	123	144
minecraft:white_concrete_powder	1	126	144	126	144
minecraft:birch_wood	2	127	144	127	145
minecraft:diorite	1	128	144	128	144
minecraft:pale_moss_block	3	132	144	134	144
minecraft:cyan_terracotta	1	135	144	135	144
minecraft:pale_moss_block	25	136	144	145	148
minecraft:diorite	1	149	144	149	144
minecraft:stone	7	158	144	160	147
minecraft:mud	7	160	144	161	148
minecraft:birch_wood	1	163	144	163	144
minecraft:pale_moss_block	7	166	144	169	147
minecraft:acacia_wood	1	167	144	167	144
minecraft:white_concrete_powder	1	168	144	168	144
minecraft:acacia_wood	1	175	144	175	144
minecraft:cyan_terracotta	8	179	144	181	148
minecraft:acacia_wood	1	186	144	186	144
minecraft:mud	1	189	144	189	144
minecraft:stone	9	196	144	198	148
minecraft:acacia_wood	1	201	144	201	144
minecraft:birch_wood	1	204	144	204	144
minecraft:snow_block	1	211	144	211	144
minecraft:acacia_wood	1	215	144	215	144
minecraft:acacia_wood	1	219	144	219	144
minecraft:pale_moss_block	11	217	144	223	147
minecraft:acacia_wood	1	221	144	221	144
minecraft:diorite	1	226	144	226	144
minecraft:pale_oak_wood	3	243	144	244	145
minecraft:pale_oak_wood	2	249	144	249	145
minecraft:cyan_terracotta	1	272	144	272	144
minecraft:mud	1	273	144	273	144
minecraft:acacia_wood	1	294	144	294	144
minecraft:basalt	1	295	144	295	144
minecraft:acacia_wood	1	310	144	310	144
minecraft:stone	1	317	144	317	144
minecraft:cyan_terracotta	2	326	144	327	144
minecraft:mud	9	335	144	339	146
minecraft:mud	3	342	144	344	144
minecraft:pale_moss_block	18	17	145	26	150
minecraft:acacia_wood	1	28	145	28	145
minecraft:cyan_terracotta	1	49	145	49	145
minecraft:basalt	2	52	145	52	146
minecraft:acacia_wood	1	60	145	60	145
minecraft:acacia_wood	1	62	145	62	145
minecraft:diorite	1	75	145	75	145
minecraft:snow_block	1	86	145	86	145
minecraft:birch_wood	1	91	145	91	145
minecraft:birch_wood	1	93	145	93	145
minecraft:diorite	22	88	145	94	150
minecraft:white_concrete_powder	1	99	145	99	145
minecraft:birch_wood	1	100	145	100	145
minecraft:snow_block	1	102	145	102	145
minecraft:white_concrete_powder	1	107	145	107	145
minecraft:white_concrete_powder	1	109	145	109	145
minecraft:birch_wood	2	112	145	112	146
minecraft:diorite	1	121	145	121	145
minecraft:cobblestone	4	125	145	127	146
minecraft:white_concrete_powder	1	128	145	128	145
minecraft:birch_wood	11	128	145	133	147
minecraft:diorite	2	130	145	131	145
minecraft:stone	6	132	145	136	146
minecraft:acacia_wood	1	148	145	148	145
minecraft:birch_wood	1	164	145	164	145
minecraft:acacia_wood	2	168	145	169	145
minecraft:stone	2	182	145	183	145
minecraft:birch_wood	8	182	145	186	147
minecraft:white_concrete_powder	1	185	145	185	145
minecraft:snow_block	5	186	145	188	146
minecraft:birch_wood	16	189	145	194	149
minecraft:snow_block	1	196	145	196	145
minecraft:acacia_wood	3	199	145	200	146
minecraft:cyan_terracotta	1	211	145	211	145
minecraft:diorite	1	225	145	225	145
minecraft:birch_wood	1	226	145	226	145
minecraft:stone	1	228	145	228	145
minecraft:birch_wood	2	232	145	233	145
minecraft:acacia_wood	2	235	145	235	146
minecraft:acacia_wood	3	238	145	239	146
minecraft:cyan_terracotta	1	271	145	271	145
minecraft:basalt	1	280	145	280	145
minecraft:acacia_wood	20	281	145	284	151
minecraft:basalt	89	281	145	294	162
minecraft:cyan_terracotta	406	251	145	307	173
minecraft:mud	1	296	145	296	145
minecraft:mud	1	299	145	299	145
minecraft:acacia_wood	1	309	145	309	145
minecraft:mud	1	312	145	312	145
minecraft:moss_block	1	313	145	313	145
minecraft:pale_oak_wood	1	316	145	316	145
minecraft:cyan_terracotta	20	322	145	327	151
minecraft:acacia_wood	1	329	145	329	145
minecraft:pale_moss_block	26	326	145	335	151
minecraft:andesite	1	1	146	1	146
minecraft:andesite	1	3	146	3	146
minecraft:pale_moss_block	1	13	146	13	146
minecraft:stone	1	19	146	19	146
minecraft:cyan_terracotta	1	51	146	51	146
minecraft:pale_moss_block	534	2	146	77	185
minecraft:white_concrete_powder	3	75	146	76	147
minecraft:snow_block	123	73	146	92	161
minecraft:birch_wood	1	84	146	84	146
minecraft:birch_wood	1	92	146	92	146
minecraft:diorite	1	96	146	96	146
minecraft:white_concrete_powder	1	100	146	100	146
minecraft:snow_block	1	101	146	101	146
minecraft:andesite	1	119	146	119	146
minecraft:white_concrete_powder	3	133	146	134	147
minecraft:acacia_wood	5	147	146	149	147
minecraft:cyan_terracotta	1	148	146	148	146
minecraft:white_concrete_powder	1	150	146	150	146
minecraft:birch_wood	9	156	146	158	149
minecraft:birch_wood	16	162	146	165	153
minecraft:diorite	5	164	146	165	148
minecraft:white_concrete_powder	1	166	146	166	146
minecraft:acacia_wood	2	173	146	173	147
minecraft:pale_moss_block	5	177	146	178	148
minecraft:diorite	1	194	146	194	146
minecraft:snow_block	1	195	146	195	146
minecraft:acacia_wood	1	205	146	205	146
minecraft:cyan_terracotta	2	215	146	216	146
minecraft:birch_wood	8	217	146	220	149
minecraft:white_concrete_powder	1	219	146	219	146
minecraft:birch_wood	4	220	146	221	147
minecraft:birch_wood	2	225	146	225	147
minecraft:diorite	4	226	146	227	147
minecraft:snow_block	6	228	146	230	148
minecraft:white_concrete_powder	10	231	146	235	150
minecraft:birch_wood	3	234	146	235	147
minecraft:pale_oak_wood	1	236	146	236	146
minecraft:snow_block	5	239	146	241	148
minecraft:pale_moss_block	1	278	146	278	146
minecraft:pale_moss_block	29	276	146	282	153
minecraft:cyan_terracotta	2	291	146	292	146
minecraft:blackstone	1	296	146	296	146
minecraft:acacia_wood	1	308	146	308	146
minecraft:blackstone	1	309	146	309	146
minecraft:acacia_wood	19	309	146	314	150
minecraft:mud	1	311	146	311	146
minecraft:pale_oak_wood	3	314	146	315	147
minecraft:acacia_wood	2	323	146	324	146
minecraft:moss_block	2	329	146	330	146
minecraft:pale_moss_block	1	337	146	337	146
minecraft:cobblestone	14	2	147	7	150
minecraft:cyan_terracotta	1	50	147	50	147
minecraft:basalt	1	51	147	51	147
minecraft:pale_moss_block	1	61	147	61	147
minecraft:acacia_wood	1	63	147	63	147
minecraft:white_concrete_powder	2	73	147	74	147
minecraft:snow_block	1	75	147	75	147
minecraft:birch_wood	1	83	147	83	147
minecraft:diorite	83	94	147	106	157
minecraft:birch_wood	13	110	147	114	151
minecraft:white_concrete_powder	1	112	147	112	147
minecraft:acacia_wood	1	114	147	114	147
minecraft:diorite	1	123	147	123	147
minecraft:diorite	1	126	147	126	147
minecraft:white_concrete_powder	1	127	147	127	147
minecraft:diorite	1	129	147	129	147
minecraft:birch_wood	1	135	147	135	147
minecraft:white_concrete_powder	14	135	147	140	150
minecraft:birch_wood	2	137	147	138	147
minecraft:stone	16	143	147	149	151
minecraft:pale_oak_wood	15	148	147	153	150
minecraft:diorite	1	158	147	158	147
minecraft:birch_wood	4	165	147	167	148
minecraft:white_concrete_powder	1	167	147	167	147
minecraft:white_concrete_powder	5	175	147	177	149
minecraft:birch_wood	187	174	147	191	177
minecraft:white_concrete_powder	28	181	147	188	152
minecraft:birch_wood	1	187	147	187	147
minecraft:stone	1	188	147	188	147
minecraft:pale_oak_wood	1	194	147	194	147
minecraft:diorite	1	195	147	195	147
minecraft:cyan_terracotta	1	208	147	208	147
minecraft:white_concrete_powder	5	213	147	215	148
minecraft:birch_wood	1	216	147	216	147
minecraft:white_concrete_powder	1	217	147	217	147
minecraft:diorite	1	219	147	219	147
minecraft:cyan_terracotta	1	222	147	222	147
minecraft:snow_block	1	233	147	233	147
minecraft:acacia_wood	1	236	147	236	147
minecraft:pale_oak_wood	2	238	147	239	147
minecraft:pale_oak_wood	1	251	147	251	147
minecraft:cyan_terracotta	1	290	147	290	147
minecraft:cyan_terracotta	9	307	147	309	150
minecraft:smooth_basalt	1	321	147	321	147
minecraft:acacia_wood	2	328	147	329	147
minecraft:cyan_terracotta	1	336	147	336	147
minecraft:acacia_wood	1	65	148	65	148
minecraft:stone	2	68	148	68	149
minecraft:white_concrete_powder	1	75	148	75	148
minecraft:white_concrete_powder	1	77	148	77	148
minecraft:birch_wood	1	82	148	82	148
minecraft:mud	1	115	148	115	148
minecraft:stone	8	118	148	121	151
minecraft:white_concrete_powder	3	122	148	122	150
minecraft:white_concrete_powder	2	125	148	125	149
minecraft:birch_wood	3	126	148	127	149
minecraft:stone	21	128	148	140	152
minecraft:birch_wood	2	133	148	134	148
minecraft:acacia_wood	28	152	148	161	153
minecraft:diorite	2	159	148	159	149
minecraft:white_concrete_powder	1	162	148	162	148
minecraft:white_concrete_powder	32	165	148	173	156
minecraft:mud	1	169	148	169	148
minecraft:pale_moss_block	1	170	148	170	148
minecraft:basalt	2	171	148	172	148
minecraft:cyan_terracotta	5	172	148	174	150
minecraft:acacia_wood	1	174	148	174	148
minecraft:snow_block	1	186	148	186	148
minecraft:white_concrete_powder	3	189	148	190	149
minecraft:diorite	2	194	148	194	149
minecraft:birch_wood	1	195	148	195	148
minecraft:stone	1	201	148	201	148
minecraft:pale_moss_block	6	200	148	204	149
minecraft:acacia_wood	2	203	148	204	148
minecraft:cyan_terracotta	2	205	148	206	148
minecraft:cyan_terracotta	8	209	148	212	150
minecraft:birch_wood	1	215	148	215	148
minecraft:white_concrete_powder	1	216	148	216	148
minecraft:diorite	2	220	148	221	148
minecraft:stone	33	219	148	230	154
minecraft:cyan_terracotta	1	223	148	223	148
minecraft:acacia_wood	5	223	148	225	149
minecraft:birch_wood	3	226	148	227	149
minecraft:acacia_wood	2	227	148	228	148
minecraft:stone	1	231	148	231	148
minecraft:stone	4	235	148	237	149
minecraft:stone	1	238	148	238	148
minecraft:basalt	1	258	148	258	148
minecraft:acacia_wood	3	263	148	264	149
minecraft:stone	2	276	148	276	149
minecraft:cyan_terracotta	34	283	148	289	155
minecraft:acacia_wood	1	306	148	306	148
minecraft:mud	5	309	148	310	150
minecraft:acacia_wood	11	317	148	322	151
minecraft:cyan_terracotta	1	333	148	333	148
minecraft:smooth_basalt	1	334	148	334	148
minecraft:cobblestone	5	0	149	0	153
minecraft:stone	1	4	149	4	149
minecraft:andesite	1	7	149	7	149
minecraft:pale_moss_block	1	15	149	15	149
minecraft:acacia_wood	1	57	149	57	149
minecraft:acacia_wood	1	59	149	59	149
minecraft:white_concrete_powder	1	74	149	74	149
minecraft:birch_wood	1	84	149	84	149
minecraft:birch_wood	1	99	149	99	149
minecraft:birch_wood	16	103	149	109	153
minecraft:white_concrete_powder	5	110	149	112	151
minecraft:diorite	1	113	149	113	149
minecraft:acacia_wood	18	112	149	119	152
minecraft:white_concrete_powder	1	127	149	127	149
minecraft:pale_moss_block	19	126	149	138	152
minecraft:birch_wood	5	140	149	142	150
minecraft:light_gray_wool	1	148	149	148	149
minecraft:stone	1	161	149	161	149
minecraft:diorite	4	163	149	165	150
minecraft:mud	1	170	149	170	149
minecraft:pale_moss_block	1	171	149	171	149
minecraft:pale_moss_block	1	174	149	174	149
minecraft:stone	1	178	149	178	149
minecraft:diorite	2	179	149	180	149
minecraft:snow_block	1	188	149	188	149
minecraft:diorite	1	192	149	192	149
minecraft:acacia_wood	2	193	149	193	150
minecraft:snow_block	4	195	149	198	149
minecraft:white_concrete_powder	2	199	149	199	150
minecraft:stone	1	205	149	205	149
minecraft:pale_moss_block	1	206	149	206	149
minecraft:cyan_terracotta	1	207	149	207	149
minecraft:pale_moss_block	2	208	149	209	149
minecraft:acacia_wood	5	213	149	214	151
minecraft:birch_wood	1	214	149	214	149
minecraft:diorite	3	215	149	216	150
minecraft:diorite	1	218	149	218	149
minecraft:stone	2	228	149	229	149
minecraft:acacia_wood	1	230	149	230	149
minecraft:snow_block	39	230	149	240	159
minecraft:birch_wood	1	233	149	233	149
minecraft:pale_oak_wood	7	238	149	240	151
minecraft:basalt	4	257	149	258	151
minecraft:acacia_wood	1	258	149	258	149
minecraft:basalt	1	259	149	259	149
minecraft:pale_moss_block	7	260	149	261	153
minecraft:pale_moss_block	1	262	149	262	149
minecraft:stone	47	261	149	274	154
minecraft:acacia_wood	2	305	149	305	150
minecraft:blackstone	8	305	149	308	152
minecraft:stone	29	317	149	322	157
minecraft:cyan_terracotta	2	331	149	332	149
minecraft:smooth_basalt	1	333	149	333	149
minecraft:pale_moss_block	1	4	150	4	150
minecraft:stone	1	7	150	7	150
minecraft:andesite	1	10	150	10	150
minecraft:pale_moss_block	1	18	150	18	150
minecraft:stone	1	72	150	72	150
minecraft:stone	2	124	150	124	151
minecraft:cobblestone	1	125	150	125	150
minecraft:diorite	15	142	150	148	153
minecraft:light_gray_wool	1	145	150	145	150
minecraft:smooth_basalt	1	158	150	158	150
minecraft:black_wool	1	161	150	161	150
minecraft:snow_block	2	167	150	167	151
minecraft:mud	2	171	150	172	150
minecraft:pale_moss_block	1	175	150	175	150
minecraft:snow_block	1	185	150	185	150
minecraft:stone	1	189	150	189	150
minecraft:birch_wood	1	190	150	190	150
minecraft:snow_block	1	191	150	191	150
minecraft:stone	1	192	150	192	150
minecraft:snow_block	1	194	150	194	150
minecraft:stone	3	195	150	197	150
minecraft:pale_moss_block	13	193	150	198	155
minecraft:snow_block	37	197	150	203	157
minecraft:white_concrete_powder	66	194	150	207	160
minecraft:birch_wood	5	204	150	207	151
minecraft:white_concrete_powder	9	208	150	211	153
minecraft:pale_moss_block	4	211	150	212	152
minecraft:stone	1	212	150	212	150
minecraft:acacia_wood	1	216	150	216	150
minecraft:stone	1	217	150	217	150
minecraft:birch_wood	1	218	150	218	150
minecraft:acacia_wood	2	228	150	229	150
minecraft:birch_wood	6	234	150	235	153
minecraft:snow_block	4	236	150	237	152
minecraft:snow_block	7	238	150	242	152
minecraft:cyan_terracotta	45	243	150	253	157
minecraft:pale_moss_block	1	245	150	245	150
minecraft:acacia_wood	1	259	150	259	150
minecraft:acacia_wood	1	274	150	274	150
minecraft:stone	6	273	150	276	152
minecraft:acacia_wood	1	276	150	276	150
minecraft:pale_moss_block	1	303	150	303	150
minecraft:blackstone	1	304	150	304	150
minecraft:pale_moss_block	1	322	150	322	150
minecraft:basalt	1	325	150	325	150
minecraft:cyan_terracotta	2	329	150	330	150
minecraft:smooth_basalt	2	331	150	332	150
minecraft:pale_moss_block	2	20	151	20	152
minecraft:stone	4	30	151	33	151
minecraft:cobblestone	260	14	151	49	167
minecraft:cobblestone	1	60	151	60	151
minecraft:cobblestone	32	56	151	65	158
minecraft:diorite	4	109	151	110	152
minecraft:birch_wood	2	111	151	111	152
minecraft:birch_wood	2	121	151	122	151
minecraft:white_concrete_powder	1	123	151	123	151
minecraft:acacia_wood	1	125	151	125	151
minecraft:cyan_terracotta	4	127	151	129	152
minecraft:cyan_terracotta	3	131	151	132	152
minecraft:cobblestone	1	141	151	141	151
minecraft:birch_wood	1	142	151	142	151
minecraft:light_gray_wool	2	148	151	149	151
minecraft:stone	18	149	151	157	154
minecraft:pale_oak_wood	2	153	151	154	151
minecraft:pale_moss_block	1	168	151	168	151
minecraft:birch_wood	1	169	151	169	151
minecraft:snow_block	10	173	151	175	155
minecraft:cyan_terracotta	1	175	151	175	151
minecraft:white_concrete_powder	1	176	151	176	151
minecraft:snow_block	9	184	151	188	153
minecraft:pale_moss_block	2	188	151	189	151
minecraft:snow_block	3	189	151	190	152
minecraft:stone	2	191	151	191	152
minecraft:acacia_wood	1	192	151	192	151
minecraft:snow_block	1	193	151	193	151
minecraft:stone	1	194	151	194	151
minecraft:stone	12	213	151	216	157
minecraft:birch_wood	4	216	151	217	153
minecraft:white_concrete_powder	2	218	151	218	152
minecraft:birch_wood	9	219	151	223	152
minecraft:diorite	1	221	151	221	151
minecraft:diorite	2	224	151	224	152
minecraft:white_concrete_powder	4	233	151	234	153
minecraft:birch_wood	2	237	151	237	152
minecraft:basalt	16	251	151	255	158
minecraft:acacia_wood	1	258	151	258	151
minecraft:basalt	1	259	151	259	151
minecraft:pale_oak_wood	1	273	151	273	151
minecraft:pale_moss_block	1	298	151	298	151
minecraft:pale_moss_block	1	302	151	302	151
minecraft:acacia_wood	3	303	151	304	152
minecraft:cyan_terracotta	1	310	151	310	151
minecraft:acacia_wood	3	315	151	316	152
minecraft:pale_moss_block	11	322	151	325	156
minecraft:cyan_terracotta	25	323	151	330	158
minecraft:cyan_terracotta	1	328	151	328	151
minecraft:mud	3	328	151	329	152
minecraft:smooth_basalt	5	330	151	333	152
minecraft:pale_moss_block	121	0	152	19	168
minecraft:moss_block	5	29	152	31	153
minecraft:cobblestone	1	43	152	43	152
minecraft:stone	1	60	152	60	152
minecraft:acacia_wood	1	72	152	72	152
minecraft:birch_wood	1	86	152	86	152
minecraft:white_concrete_powder	1	91	152	91	152
minecraft:stone	19	108	152	117	155
minecraft:birch_wood	15	118	152	125	155
minecraft:white_concrete_powder	2	121	152	122	152
minecraft:diorite	2	124	152	125	152
minecraft:birch_wood	1	126	152	126	152
minecraft:white_concrete_powder	11	125	152	129	154
minecraft:snow_block	5	130	152	131	154
minecraft:white_concrete_powder	14	132	152	136	155
minecraft:pale_moss_block	1	140	152	140	152
minecraft:stone	1	141	152	141	152
minecraft:cobblestone	4	142	152	144	153
minecraft:diorite	1	161	152	161	152
minecraft:acacia_wood	1	162	152	162	152
minecraft:birch_wood	1	168	152	168	152
minecraft:birch_wood	2	170	152	171	152
minecraft:white_concrete_powder	1	175	152	175	152
minecraft:snow_block	1	176	152	176	152
minecraft:diorite	2	179	152	179	153
minecraft:birch_wood	1	183	152	183	152
minecraft:stone	1	188	152	188	152
minecraft:birch_wood	4	192	152	193	153
minecraft:birch_wood	171	193	152	215	172
minecraft:acacia_wood	24	223	152	230	158
minecraft:pale_oak_wood	1	240	152	240	152
minecraft:basalt	1	258	152	258	152
minecraft:acacia_wood	1	259	152	259	152
minecraft:acacia_wood	70	265	152	275	164
minecraft:acacia_wood	1	297	152	297	152
minecraft:cyan_terracotta	11	300	152	304	155
minecraft:blackstone	1	303	152	303	152
minecraft:cyan_terracotta	1	307	152	307	152
minecraft:acacia_wood	2	325	152	325	153
minecraft:acacia_wood	21	331	152	337	158
minecraft:stone	191	326	152	349	173
minecraft:cobblestone	1	10	153	10	153
minecraft:stone	9	10	153	12	157
minecraft:cobblestone	1	13	153	13	153
minecraft:pale_moss_block	3	21	153	22	154
minecraft:pale_moss_block	1	29	153	29	153
minecraft:andesite	1	47	153	47	153
minecraft:cobblestone	5	50	153	52	154
minecraft:andesite	42	50	153	59	160
minecraft:andesite	1	56	153	56	153
minecraft:white_concrete_powder	1	90	153	90	153
minecraft:birch_wood	3	90	153	91	154
minecraft:birch_wood	135	90	153	108	173
minecraft:pale_oak_wood	1	111	153	111	153
minecraft:diorite	39	115	153	123	161
minecraft:snow_block	2	137	153	137	154
minecraft:cyan_terracotta	1	138	153	138	153
minecraft:pale_moss_block	1	139	153	139	153
minecraft:snow_block	1	140	153	140	153
minecraft:pale_moss_block	2	141	153	142	153
minecraft:andesite	1	145	153	145	153
minecraft:birch_wood	3	149	153	150	154
minecraft:diorite	3	150	153	151	154
minecraft:smooth_basalt	1	162	153	162	153
minecraft:mud	1	163	153	163	153
minecraft:pale_moss_block	3	170	153	171	154
minecraft:white_concrete_powder	63	174	153	184	169
minecraft:white_concrete_powder	1	183	153	183	153
minecraft:stone	1	189	153	189	153
minecraft:white_concrete_powder	3	191	153	192	154
minecraft:acacia_wood	1	217	153	217	153
minecraft:birch_wood	2	218	153	218	154
minecraft:pale_oak_wood	2	228	153	228	154
minecraft:acacia_wood	1	236	153	236	153
minecraft:pale_oak_wood	2	237	153	238	153
minecraft:stone	3	239	153	240	154
minecraft:pale_oak_wood	1	241	153	241	153
minecraft:mud	1	255	153	255	153
minecraft:snow_block	1	257	153	257	153
minecraft:cyan_terracotta	17	256	153	260	157
minecraft:acacia_wood	23	260	153	264	159
minecraft:acacia_wood	1	268	153	268	153
minecraft:pale_moss_block	1	300	153	300	153
minecraft:blackstone	1	304	153	304	153
minecraft:mud	10	305	153	308	156
minecraft:blackstone	4	308	153	309	155
minecraft:acacia_wood	29	306	153	314	161
minecraft:pale_oak_wood	2	315	153	315	154
minecraft:stone	35	308	153	317	166
minecraft:pale_oak_wood	1	317	153	317	153
minecraft:acacia_wood	6	328	153	330	156
minecraft:cyan_terracotta	4	330	153	332	154
minecraft:stone	2	336	153	337	153
minecraft:pale_oak_wood	2	338	153	338	154
minecraft:pale_moss_block	6	347	153	349	156
minecraft:moss_block	1	0	154	0	154
minecraft:stone	1	6	154	6	154
minecraft:cobblestone	1	9	154	9	154
minecraft:cobblestone	2	12	154	12	155
minecraft:stone	1	13	154	13	154
minecraft:stone	1	16	154	16	154
minecraft:andesite	1	39	154	39	154
minecraft:andesite	1	49	154	49	154
minecraft:stone	1	106	154	106	154
minecraft:diorite	1	107	154	107	154
minecraft:cobblestone	2	114	154	114	155
minecraft:snow_block	3	134	154	135	155
minecraft:white_concrete_powder	15	138	154	144	157
minecraft:snow_block	1	139	154	139	154
minecraft:snow_block	1	141	154	141	154
minecraft:birch_wood	1	142	154	142	154
minecraft:pale_moss_block	1	143	154	143	154
minecraft:stone	2	144	154	145	154
minecraft:andesite	1	146	154	146	154
minecraft:stone	9	146	154	151	156
minecraft:birch_wood	11	152	154	156	157
minecraft:pale_moss_block	6	156	154	159	155
minecraft:cyan_terracotta	2	160	154	161	154
minecraft:acacia_wood	5	162	154	164	155
minecraft:cyan_terracotta	12	164	154	170	157
minecraft:snow_block	3	168	154	170	154
minecraft:white_concrete_powder	3	181	154	181	156
minecraft:acacia_wood	1	184	154	184	154
minecraft:stone	7	185	154	189	156
minecraft:pale_oak_wood	26	216	154	224	159
minecraft:acacia_wood	8	219	154	222	157
minecraft:pale_oak_wood	4	224	154	225	156
minecraft:diorite	1	230	154	230	154
minecraft:acacia_wood	1	232	154	232	154
minecraft:acacia_wood	1	235	154	235	154
minecraft:pale_oak_wood	1	236	154	236	154
minecraft:diorite	6	237	154	239	156
minecraft:pale_oak_wood	1	239	154	239	154
minecraft:powder_snow	1	255	154	255	154
minecraft:smooth_basalt	1	256	154	256	154
minecraft:light_gray_wool	14	316	154	319	158
minecraft:acacia_wood	1	324	154	324	154
minecraft:pale_moss_block	1	326	154	326	154
minecraft:moss_block	2	334	154	335	154
minecraft:stone	2	8	155	8	156
minecraft:pale_moss_block	1	11	155	11	155
minecraft:stone	1	15	155	15	155
minecraft:cobblestone	1	18	155	18	155
minecraft:pale_moss_block	2	20	155	20	156
minecraft:andesite	1	38	155	38	155
minecraft:andesite	2	40	155	41	155
minecraft:cobblestone	4	53	155	55	156
minecraft:birch_wood	1	86	155	86	155
minecraft:stone	1	107	155	107	155
minecraft:andesite	1	108	155	108	155
minecraft:diorite	9	108	155	113	157
minecraft:diorite	1	123	155	123	155
minecraft:acacia_wood	1	124	155	124	155
minecraft:cyan_terracotta	6	125	155	129	156
minecraft:basalt	2	130	155	130	156
minecraft:cyan_terracotta	28	131	155	143	159
minecraft:birch_wood	1	137	155	137	155
minecraft:birch_wood	5	144	155	146	157
minecraft:stone	1	157	155	157	155
minecraft:stone	3	160	155	162	155
minecraft:white_concrete_powder	1	168	155	168	155
minecraft:mud	1	169	155	169	155
minecraft:basalt	1	170	155	170	155
minecraft:diorite	2	183	155	183	156
minecraft:stone	1	184	155	184	155
minecraft:stone	1	192	155	192	155
minecraft:diorite	2	218	155	218	156
minecraft:birch_wood	2	219	155	219	156
minecraft:diorite	3	222	155	223	156
minecraft:pale_oak_wood	1	232	155	232	155
minecraft:acacia_wood	1	233	155	233	155
minecraft:pale_oak_wood	1	240	155	240	155
minecraft:blackstone	4	243	155	244	156
minecraft:smooth_basalt	1	255	155	255	155
minecraft:powder_snow	1	256	155	256	155
minecraft:diorite	7	264	155	266	158
minecraft:birch_wood	1	266	155	266	155
minecraft:basalt	1	291	155	291	155
minecraft:cyan_terracotta	1	292	155	292	155
minecraft:pale_moss_block	4	295	155	296	157
minecraft:pale_moss_block	3	301	155	302	156
minecraft:acacia_wood	1	305	155	305	155
minecraft:stone	1	312	155	312	155
minecraft:pale_moss_block	9	326	155	329	157
minecraft:stone	1	329	155	329	155
minecraft:stone	4	331	155	332	156
minecraft:acacia_wood	1	343	155	343	155
minecraft:moss_block	11	344	155	348	158
minecraft:moss_block	15	0	156	5	161
minecraft:acacia_wood	8	2	156	4	158
minecraft:stone	1	5	156	5	156
minecraft:stone	1	14	156	14	156
minecraft:cobblestone	1	17	156	17	156
minecraft:cobblestone	1	24	156	24	156
minecraft:acacia_wood	12	69	156	74	159
minecraft:white_concrete_powder	102	76	156	101	166
minecraft:birch_wood	1	107	156	107	156
minecraft:birch_wood	9	113	156	115	161
minecraft:birch_wood	1	119	156	119	156
minecraft:cobblestone	1	120	156	120	156
minecraft:stone	3	121	156	123	156
minecraft:pale_moss_block	55	124	156	135	163
minecraft:birch_wood	1	138	156	138	156
minecraft:birch_wood	1	141	156	141	156
minecraft:diorite	1	147	156	147	156
minecraft:birch_wood	3	147	156	148	157
minecraft:white_concrete_powder	2	149	156	149	157
minecraft:birch_wood	1	150	156	150	156
minecraft:pale_moss_block	1	152	156	152	156
minecraft:white_concrete_powder	7	152	156	155	158
minecraft:snow_block	1	157	156	157	156
minecraft:white_concrete_powder	15	157	156	164	159
minecraft:birch_wood	1	159	156	159	156
minecraft:pale_moss_block	12	160	156	167	158
minecraft:blackstone	2	169	156	170	156
minecraft:snow_block	3	172	156	173	157
minecraft:snow_block	1	177	156	177	156
minecraft:diorite	630	173	156	214	198
minecraft:diorite	1	220	156	220	156
minecraft:blackstone	1	222	156	222	156
minecraft:pale_oak_wood	13	227	156	232	159
minecraft:pale_oak_wood	1	238	156	238	156
minecraft:cyan_terracotta	1	242	156	242	156
minecraft:blackstone	1	247	156	247	156
minecraft:cyan_terracotta	1	255	156	255	156
minecraft:smooth_basalt	1	256	156	256	156
minecraft:white_concrete_powder	1	266	156	266	156
minecraft:birch_wood	16	264	156	268	161
minecraft:blackstone	1	292	156	292	156
minecraft:acacia_wood	35	292	156	298	164
minecraft:pale_moss_block	2	303	156	304	156
minecraft:pale_oak_wood	1	334	156	334	156
minecraft:smooth_basalt	2	335	156	336	156
minecraft:pale_oak_wood	1	342	156	342	156
minecraft:pale_moss_block	1	345	156	345	156
minecraft:cobblestone	1	26	157	26	157
minecraft:pale_moss_block	2	27	157	28	157
minecraft:pale_moss_block	1	30	157	30	157
minecraft:stone	1	32	157	32	157
minecraft:stone	1	34	157	34	157
minecraft:andesite	1	39	157	39	157
minecraft:stone	1	40	157	40	157
minecraft:andesite	13	38	157	43	159
minecraft:stone	1	63	157	63	157
minecraft:white_concrete_powder	1	78	157	78	157
minecraft:cobblestone	2	103	157	104	157
minecraft:andesite	3	105	157	107	157
minecraft:cobblestone	14	105	157	114	159
minecraft:birch_wood	1	112	157	112	157
minecraft:white_concrete_powder	1	113	157	113	157
minecraft:birch_wood	1	117	157	117	157
minecraft:stone	1	124	157	124	157
minecraft:mud	1	142	157	142	157
minecraft:white_concrete_powder	1	146	157	146	157
minecraft:diorite	1	150	157	150	157
minecraft:birch_wood	1	151	157	151	157
minecraft:basalt	1	171	157	171	157
minecraft:white_concrete_powder	1	173	157	173	157
minecraft:snow_block	2	174	157	175	157
minecraft:white_concrete_powder	1	180	157	180	157
minecraft:white_concrete_powder	3	186	157	186	159
minecraft:diorite	1	190	157	190	157
minecraft:birch_wood	1	191	157	191	157
minecraft:pale_oak_wood	5	234	157	236	159
minecraft:blackstone	2	241	157	242	157
minecraft:acacia_wood	1	300	157	300	157
minecraft:stone	1	311	157	311	157
minecraft:pale_oak_wood	1	316	157	316	157
minecraft:acacia_wood	8	320	157	322	159
minecraft:mud	77	315	157	337	166
minecraft:pale_oak_wood	4	338	157	340	158
minecraft:pale_moss_block	1	0	158	0	158
minecraft:stone	1	7	158	7	158
minecraft:cobblestone	1	30	158	30	158
minecraft:cobblestone	1	32	158	32	158
minecraft:cobblestone	1	34	158	34	158
minecraft:stone	1	35	158	35	158
minecraft:stone	2	37	158	37	159
minecraft:stone	1	39	158	39	158
minecraft:light_gray_wool	1	59	158	59	158
minecraft:andesite	1	60	158	60	158
minecraft:stone	2	61	158	62	158
minecraft:cobblestone	1	63	158	63	158
minecraft:stone	1	64	158	64	158
minecraft:stone	1	74	158	74	158
minecraft:snow_block	1	78	158	78	158
minecraft:white_concrete_powder	1	79	158	79	158
minecraft:birch_wood	2	97	158	98	158
minecraft:diorite	1	103	158	103	158
minecraft:stone	1	104	158	104	158
minecraft:birch_wood	15	122	158	125	162
minecraft:white_concrete_powder	1	125	158	125	158
minecraft:mud	1	144	158	144	158
minecraft:acacia_wood	8	144	158	148	159
minecraft:mud	1	147	158	147	158
minecraft:birch_wood	2	149	158	150	158
minecraft:white_concrete_powder	1	151	158	151	158
minecraft:mud	1	152	158	152	158
minecraft:snow_block	5	154	158	157	159
minecraft:snow_block	4	160	158	162	159
minecraft:snow_block	1	164	158	164	158
minecraft:acacia_wood	23	168	158	176	162
minecraft:basalt	3	172	158	174	158
minecraft:cyan_terracotta	3	174	158	175	159
minecraft:diorite	2	183	158	184	158
minecraft:white_concrete_powder	2	189	158	189	159
minecraft:stone	2	216	158	216	159
minecraft:stone	2	234	158	234	159
minecraft:stone	1	236	158	236	158
minecraft:acacia_wood	3	240	158	241	159
minecraft:snow_block	17	242	158	251	159
minecraft:smooth_basalt	21	256	158	264	162
minecraft:mud	4	258	158	259	159
minecraft:white_concrete_powder	1	268	158	268	158
minecraft:birch_wood	1	269	158	269	158
minecraft:smooth_basalt	1	278	158	278	158
minecraft:stone	2	298	158	298	159
minecraft:acacia_wood	2	299	158	299	159
minecraft:blackstone	1	302	158	302	158
minecraft:stone	2	309	158	310	158
minecraft:pale_oak_wood	1	314	158	314	158
minecraft:light_gray_wool	1	340	158	340	158
minecraft:pale_moss_block	1	347	158	347	158
minecraft:stone	1	0	159	0	159
minecraft:acacia_wood	2	4	159	4	160
minecraft:andesite	15	32	159	37	164
minecraft:light_gray_wool	44	51	159	62	164
minecraft:andesite	1	59	159	59	159
minecraft:andesite	1	62	159	62	159
minecraft:andesite	1	64	159	64	159
minecraft:cyan_terracotta	1	72	159	72	159
minecraft:stone	6	106	159	110	160
minecraft:stone	1	112	159	112	159
minecraft:white_concrete_powder	1	113	159	113	159
minecraft:cobblestone	2	118	159	119	159
minecraft:birch_wood	2	120	159	120	160
minecraft:acacia_wood	1	136	159	136	159
minecraft:pale_moss_block	8	136	159	140	161
minecraft:pale_moss_block	1	141	159	141	159
minecraft:cyan_terracotta	6	149	159	154	159
minecraft:basalt	1	155	159	155	159
minecraft:cyan_terracotta	1	157	159	157	159
minecraft:basalt	1	158	159	158	159
minecraft:snow_block	33	155	159	170	163
minecraft:white_concrete_powder	2	166	159	166	160
minecraft:snow_block	1	180	159	180	159
minecraft:white_concrete_powder	1	213	159	213	159
minecraft:white_concrete_powder	1	215	159	215	159
minecraft:stone	12	217	159	222	162
minecraft:light_gray_wool	1	223	159	223	159
minecraft:stone	8	225	159	228	162
minecraft:stone	1	230	159	230	159
minecraft:stone	1	237	159	237	159
minecraft:pale_oak_wood	1	238	159	238	159
minecraft:stone	29	231	159	242	163
minecraft:acacia_wood	1	242	159	242	159
minecraft:cyan_terracotta	1	243	159	243	159
minecraft:diorite	1	260	159	260	159
minecraft:stone	2	294	159	295	159
minecraft:basalt	1	301	159	301	159
minecraft:pale_moss_block	45	302	159	309	167
minecraft:pale_oak_wood	24	311	159	319	166
minecraft:blackstone	1	325	159	325	159
minecraft:moss_block	6	330	159	332	160
minecraft:acacia_wood	1	333	159	333	159
minecraft:pale_oak_wood	1	337	159	337	159
minecraft:moss_block	8	341	159	343	162
minecraft:pale_moss_block	2	346	159	346	160
minecraft:pale_moss_block	3	0	160	0	162
minecraft:andesite	2	20	160	20	161
minecraft:andesite	1	49	160	49	160
minecraft:andesite	1	58	160	58	160
minecraft:andesite	1	61	160	61	160
minecraft:birch_wood	1	77	160	77	160
minecraft:snow_block	1	84	160	84	160
minecraft:white_concrete_powder	4	102	160	104	161
minecraft:white_concrete_powder	1	107	160	107	160
minecraft:white_concrete_powder	2	109	160	109	161
minecraft:birch_wood	4	110	160	111	162
minecraft:diorite	185	104	160	126	177
minecraft:white_concrete_powder	2	115	160	115	161
minecraft:birch_wood	26	115	160	119	172
minecraft:white_concrete_powder	9	119	160	122	163
minecraft:white_concrete_powder	1	124	160	124	160
minecraft:snow_block	1	128	160	128	160
minecraft:acacia_wood	1	135	160	135	160
minecraft:stone	18	138	160	148	161
minecraft:pale_moss_block	6	148	160	151	161
minecraft:stone	4	151	160	153	161
minecraft:pale_moss_block	1	153	160	153	160
minecraft:stone	4	154	160	156	161
minecraft:pale_moss_block	2	157	160	158	160
minecraft:stone	4	159	160	162	160
minecraft:acacia_wood	1	163	160	163	160
minecraft:pale_moss_block	1	176	160	176	160
minecraft:diorite	3	184	160	184	162
minecraft:white_concrete_powder	2	187	160	187	161
minecraft:white_concrete_powder	4	215	160	216	162
minecraft:diorite	7	223	160	226	161
minecraft:light_gray_wool	1	228	160	228	160
minecraft:diorite	11	229	160	237	161
minecraft:birch_wood	1	242	160	242	160
minecraft:white_concrete_powder	2	243	160	244	160
minecraft:pale_moss_block	24	243	160	249	163
minecraft:stone	26	249	160	257	165
minecraft:acacia_wood	2	251	160	252	160
minecraft:birch_wood	1	260	160	260	160
minecraft:diorite	1	265	160	265	160
minecraft:white_concrete_powder	1	269	160	269	160
minecraft:mud	1	279	160	279	160
minecraft:cyan_terracotta	1	308	160	308	160
minecraft:pale_oak_wood	1	313	160	313	160
minecraft:light_gray_wool	1	315	160	315	160
minecraft:acacia_wood	1	319	160	319	160
minecraft:blackstone	1	323	160	323	160
minecraft:pale_oak_wood	1	336	160	336	160
minecraft:stone	9	7	161	10	165
minecraft:cyan_terracotta	1	13	161	13	161
minecraft:cyan_terracotta	3	70	161	71	162
minecraft:birch_wood	1	82	161	82	161
minecraft:birch_wood	1	119	161	119	161
minecraft:white_concrete_powder	1	123	161	123	161
minecraft:stone	1	129	161	129	161
minecraft:birch_wood	1	130	161	130	161
minecraft:white_concrete_powder	3	131	161	133	161
minecraft:stone	12	132	161	136	165
minecraft:white_concrete_powder	4	152	161	154	162
minecraft:white_concrete_powder	4	171	161	172	163
minecraft:pale_moss_block	1	172	161	172	161
minecraft:snow_block	3	177	161	179	161
minecraft:birch_wood	6	216	161	219	163
minecraft:diorite	1	218	161	218	161
minecraft:birch_wood	1	226	161	226	161
minecraft:light_gray_wool	2	231	161	232	161
minecraft:acacia_wood	5	254	161	256	163
minecraft:mud	1	258	161	258	161
minecraft:acacia_wood	1	265	161	265	161
minecraft:diorite	2	266	161	267	161
minecraft:blackstone	1	292	161	292	161
minecraft:mud	1	294	161	294	161
minecraft:acacia_wood	3	334	161	335	162
minecraft:pale_oak_wood	1	349	161	349	161
minecraft:acacia_wood	7	0	162	4	163
minecraft:pale_moss_block	1	2	162	2	162
minecraft:stone	1	27	162	27	162
minecraft:pale_moss_block	2	71	162	71	163
minecraft:stone	18	70	162	74	166
minecraft:snow_block	8	84	162	87	164
minecraft:snow_block	1	89	162	89	162
minecraft:white_concrete_powder	1	94	162	94	162
minecraft:diorite	3	99	162	100	163
minecraft:diorite	1	117	162	117	162
minecraft:stone	2	130	162	130	163
minecraft:pale_moss_block	1	131	162	131	162
minecraft:birch_wood	1	133	162	133	162
minecraft:white_concrete_powder	1	134	162	134	162
minecraft:diorite	15	137	162	145	165
minecraft:birch_wood	1	138	162	138	162
minecraft:birch_wood	5	144	162	147	163
minecraft:white_concrete_powder	3	148	162	150	162
minecraft:snow_block	1	151	162	151	162
minecraft:white_concrete_powder	1	158	162	158	162
minecraft:white_concrete_powder	5	166	162	169	163
minecraft:birch_wood	2	170	162	170	163
minecraft:snow_block	14	172	162	177	165
minecraft:pale_moss_block	1	177	162	177	162
minecraft:birch_wood	2	181	162	181	163
minecraft:white_concrete_powder	53	207	162	217	171
minecraft:acacia_wood	22	219	162	225	166
minecraft:pale_oak_wood	1	222	162	222	162
minecraft:stone	1	225	162	225	162
minecraft:acacia_wood	2	226	162	226	163
minecraft:acacia_wood	1	228	162	228	162
minecraft:stone	1	229	162	229	162
minecraft:snow_block	1	230	162	230	162
minecraft:mud	1	259	162	259	162
minecraft:mud	3	264	162	266	162
minecraft:basalt	8	277	162	279	165
minecraft:blackstone	2	290	162	291	162
minecraft:blackstone	3	329	162	331	162
minecraft:acacia_wood	127	307	162	334	178
minecraft:stone	1	334	162	334	162
minecraft:acacia_wood	1	347	162	347	162
minecraft:pale_oak_wood	1	348	162	348	162
minecraft:cyan_terracotta	2	7	163	7	164
minecraft:pale_moss_block	3	9	163	10	164
minecraft:stone	11	9	163	13	166
minecraft:stone	134	1	163	47	174
minecraft:acacia_wood	2	48	163	48	164
minecraft:acacia_wood	1	66	163	66	163
minecraft:acacia_wood	9	67	163	70	166
minecraft:birch_wood	1	78	163	78	163
minecraft:snow_block	1	91	163	91	163
minecraft:white_concrete_powder	2	95	163	95	164
minecraft:diorite	1	97	163	97	163
minecraft:diorite	1	105	163	105	163
minecraft:pale_moss_block	8	121	163	124	166
minecraft:stone	23	123	163	128	171
minecraft:cobblestone	1	131	163	131	163
minecraft:birch_wood	10	138	163	141	167
minecraft:stone	44	135	163	151	172
minecraft:pale_moss_block	37	149	163	164	167
minecraft:stone	1	153	163	153	163
minecraft:birch_wood	1	168	163	168	163
minecraft:diorite	1	169	163	169	163
minecraft:birch_wood	1	188	163	188	163
minecraft:white_concrete_powder	5	216	163	218	165
minecraft:birch_wood	1	225	163	225	163
minecraft:white_concrete_powder	1	227	163	227	163
minecraft:birch_wood	2	228	163	229	163
minecraft:acacia_wood	40	229	163	244	167
minecraft:pale_oak_wood	1	235	163	235	163
minecraft:acacia_wood	2	290	163	291	163
minecraft:cyan_terracotta	1	304	163	304	163
minecraft:smooth_basalt	15	317	163	322	167
minecraft:pale_oak_wood	1	347	163	347	163
minecraft:cyan_terracotta	2	2	164	2	165
minecraft:acacia_wood	1	51	164	51	164
minecraft:cyan_terracotta	1	78	164	78	164
minecraft:birch_wood	17	77	164	82	170
minecraft:birch_wood	1	89	164	89	164
minecraft:white_concrete_powder	5	100	164	101	167
minecraft:white_concrete_powder	1	104	164	104	164
minecraft:birch_wood	7	104	164	106	166
minecraft:pale_moss_block	1	120	164	120	164
minecraft:stone	10	120	164	122	169
minecraft:white_concrete_powder	1	126	164	126	164
minecraft:birch_wood	20	127	164	130	170
minecraft:white_concrete_powder	1	130	164	130	164
minecraft:birch_wood	2	131	164	132	164
minecraft:cobblestone	1	136	164	136	164
minecraft:diorite	1	141	164	141	164
minecraft:cobblestone	10	140	164	145	166
minecraft:acacia_wood	8	156	164	161	166
minecraft:stone	8	165	164	171	165
minecraft:white_concrete_powder	8	174	164	176	168
minecraft:birch_wood	1	182	164	182	164
minecraft:snow_block	4	215	164	216	166
minecraft:blackstone	1	220	164	220	164
minecraft:blackstone	1	222	164	222	164
minecraft:birch_wood	1	224	164	224	164
minecraft:white_concrete_powder	2	225	164	226	164
minecraft:birch_wood	1	227	164	227	164
minecraft:snow_block	2	228	164	228	165
minecraft:birch_wood	1	231	164	231	164
minecraft:cyan_terracotta	1	245	164	245	164
minecraft:white_concrete_powder	12	244	164	248	167
minecraft:cyan_terracotta	2	247	164	248	164
minecraft:acacia_wood	4	249	164	250	165
minecraft:basalt	19	260	164	265	167
minecraft:mud	1	285	164	285	164
minecraft:acacia_wood	4	292	164	292	167
minecraft:stone	1	311	164	311	164
minecraft:blackstone	1	314	164	314	164
minecraft:pale_oak_wood	1	331	164	331	164
minecraft:acacia_wood	1	345	164	345	164
minecraft:pale_oak_wood	4	346	164	348	165
minecraft:mud	1	347	164	347	164
minecraft:cyan_terracotta	1	4	165	4	165
minecraft:cobblestone	1	9	165	9	165
minecraft:cobblestone	5	11	165	13	167
minecraft:pale_oak_wood	1	40	165	40	165
minecraft:acacia_wood	3	43	165	44	166
minecraft:acacia_wood	141	28	165	56	175
minecraft:acacia_wood	1	50	165	50	165
minecraft:snow_block	1	85	165	85	165
minecraft:snow_block	11	88	165	91	168
minecraft:diorite	1	98	165	98	165
minecraft:white_concrete_powder	2	103	165	103	166
minecraft:cobblestone	19	128	165	133	172
minecraft:cobblestone	1	134	165	134	165
minecraft:birch_wood	8	134	165	136	168
minecraft:white_concrete_powder	1	136	165	136	165
minecraft:white_concrete_powder	1	139	165	139	165
minecraft:basalt	7	160	165	165	166
minecraft:acacia_wood	3	163	165	165	165
minecraft:pale_moss_block	8	166	165	169	166
minecraft:pale_moss_block	1	171	165	171	165
minecraft:stone	2	172	165	173	165
minecraft:snow_block	1	179	165	179	165
minecraft:snow_block	5	181	165	183	167
minecraft:birch_wood	1	189	165	189	165
minecraft:pale_moss_block	6	217	165	219	167
minecraft:cyan_terracotta	1	219	165	219	165
minecraft:cyan_terracotta	1	226	165	226	165
minecraft:acacia_wood	3	227	165	228	166
minecraft:mud	12	235	165	241	167
minecraft:diorite	3	240	165	241	166
minecraft:birch_wood	1	242	165	242	165
minecraft:pale_moss_block	1	251	165	251	165
minecraft:cyan_terracotta	26	245	165	253	170
minecraft:pale_moss_block	10	257	165	259	170
minecraft:acacia_wood	6	274	165	275	168
minecraft:smooth_basalt	2	279	165	279	166
minecraft:basalt	1	280	165	280	165
minecraft:acacia_wood	1	283	165	283	165
minecraft:mud	6	312	165	314	167
minecraft:pale_oak_wood	15	311	165	316	169
minecraft:pale_oak_wood	1	332	165	332	165
minecraft:acacia_wood	10	340	165	345	167
minecraft:mud	1	345	165	345	165
minecraft:cobblestone	9	6	166	8	169
minecraft:andesite	1	19	166	19	166
minecraft:pale_oak_wood	1	49	166	49	166
minecraft:white_concrete_powder	1	80	166	80	166
minecraft:snow_block	1	84	166	84	166
minecraft:birch_wood	1	85	166	85	166
minecraft:white_concrete_powder	4	91	166	92	168
minecraft:diorite	1	94	166	94	166
minecraft:diorite	10	93	166	97	169
minecraft:white_concrete_powder	1	130	166	130	166
minecraft:white_concrete_powder	2	137	166	137	167
minecraft:pale_moss_block	7	150	166	153	168
minecraft:acacia_wood	2	152	166	153	166
minecraft:cyan_terracotta	1	156	166	156	166
minecraft:basalt	2	157	166	158	166
minecraft:white_concrete_powder	15	165	166	172	169
minecraft:snow_block	1	173	166	173	166
minecraft:snow_block	2	175	166	176	166
minecraft:pale_moss_block	1	180	166	180	166
minecraft:snow_block	4	210	166	211	167
minecraft:snow_block	2	213	166	214	166
minecraft:stone	8	220	166	223	168
minecraft:pale_oak_wood	1	225	166	225	166
minecraft:light_gray_wool	63	219	166	230	175
minecraft:snow_block	1	229	166	229	166
minecraft:smooth_basalt	1	237	166	237	166
minecraft:birch_wood	1	241	166	241	166
minecraft:mud	2	242	166	243	166
minecraft:birch_wood	2	244	166	244	167
minecraft:snow_block	1	247	166	247	166
minecraft:acacia_wood	29	250	166	256	173
minecraft:smooth_basalt	1	283	166	283	166
minecraft:acacia_wood	29	280	166	288	172
minecraft:mud	1	285	166	285	166
minecraft:moss_block	2	333	166	333	167
minecraft:moss_block	6	9	167	11	169
minecraft:cobblestone	1	10	167	10	167
minecraft:stone	1	11	167	11	167
minecraft:acacia_wood	1	42	167	42	167
minecraft:stone	1	43	167	43	167
minecraft:stone	1	77	167	77	167
minecraft:white_concrete_powder	12	79	167	82	171
minecraft:birch_wood	55	80	167	91	176
minecraft:white_concrete_powder	1	85	167	85	167
minecraft:white_concrete_powder	1	88	167	88	167
minecraft:stone	1	115	167	115	167
minecraft:cobblestone	3	121	167	122	168
minecraft:white_concrete_powder	4	126	167	126	170
minecraft:white_concrete_powder	1	131	167	131	167
minecraft:birch_wood	1	132	167	132	167
minecraft:cobblestone	4	137	167	139	168
minecraft:pale_moss_block	12	143	167	149	169
minecraft:acacia_wood	1	149	167	149	167
minecraft:cyan_terracotta	1	154	167	154	167
minecraft:cyan_terracotta	1	157	167	157	167
minecraft:white_concrete_powder	73	147	167	161	182
minecraft:snow_block	39	159	167	169	172
minecraft:birch_wood	4	172	167	173	168
minecraft:birch_wood	1	179	167	179	167
minecraft:stone	60	227	167	241	175
minecraft:cyan_terracotta	8	236	167	241	169
minecraft:diorite	1	242	167	242	167
minecraft:acacia_wood	10	240	167	245	169
minecraft:snow_block	1	245	167	245	167
minecraft:cyan_terracotta	45	255	167	261	179
minecraft:acacia_wood	14	259	167	265	169
minecraft:acacia_wood	1	266	167	266	167
minecraft:pale_moss_block	38	263	167	274	171
minecraft:cyan_terracotta	42	302	167	313	175
minecraft:pale_oak_wood	1	319	167	319	167
minecraft:acacia_wood	1	330	167	330	167
minecraft:grass_block	7	345	167	349	168
minecraft:acacia_wood	2	18	168	18	169
minecraft:acacia_wood	1	27	168	27	168
minecraft:acacia_wood	1	67	168	67	168
minecraft:stone	1	74	168	74	168
minecraft:diorite	1	119	168	119	168
minecraft:diorite	1	121	168	121	168
minecraft:diorite	1	128	168	128	168
minecraft:white_concrete_powder	2	135	168	136	168
minecraft:acacia_wood	2	150	168	150	169
minecraft:snow_block	1	152	168	152	168
minecraft:birch_wood	1	153	168	153	168
minecraft:birch_wood	1	155	168	155	168
minecraft:white_concrete_powder	2	185	168	186	168
minecraft:white_concrete_powder	1	199	168	199	168
minecraft:snow_block	1	209	168	209	168
minecraft:birch_wood	102	200	168	220	185
minecraft:white_concrete_powder	2	218	168	219	168
minecraft:acacia_wood	1	250	168	250	168
minecraft:stone	1	274	168	274	168
minecraft:pale_moss_block	9	275	168	278	171
minecraft:basalt	61	295	168	308	175
minecraft:pale_moss_block	1	304	168	304	168
minecraft:stone	2	324	168	325	168
minecraft:acacia_wood	1	326	168	326	168
minecraft:stone	15	343	168	349	171
minecraft:cobblestone	17	0	169	4	173
minecraft:pale_moss_block	2	13	169	14	169
minecraft:cyan_terracotta	9	11	169	15	173
minecraft:acacia_wood	3	16	169	17	170
minecraft:moss_block	35	19	169	27	175
minecraft:smooth_basalt	1	45	169	45	169
minecraft:stone	1	55	169	55	169
minecraft:pale_oak_wood	1	57	169	57	169
minecraft:white_concrete_powder	24	77	169	81	178
minecraft:diorite	4	85	169	86	171
minecraft:white_concrete_powder	4	87	169	89	170
minecraft:diorite	15	97	169	103	174
minecraft:white_concrete_powder	1	117	169	117	169
minecraft:birch_wood	2	121	169	122	169
minecraft:white_concrete_powder	1	123	169	123	169
minecraft:white_concrete_powder	3	133	169	134	170
minecraft:snow_block	1	135	169	135	169
minecraft:acacia_wood	33	139	169	148	173
minecraft:snow_block	1	155	169	155	169
minecraft:birch_wood	3	157	169	158	170
minecraft:pale_moss_block	1	164	169	164	169
minecraft:snow_block	3	170	169	171	170
minecraft:white_concrete_powder	1	172	169	172	169
minecraft:pale_moss_block	1	173	169	173	169
minecraft:cobblestone	1	176	169	176	169
minecraft:stone	1	180	169	180	169
minecraft:birch_wood	1	182	169	182	169
minecraft:birch_wood	1	191	169	191	169
minecraft:diorite	6	221	169	225	170
minecraft:pale_moss_block	1	238	169	238	169
minecraft:stone	1	275	169	275	169
minecraft:pale_moss_block	1	279	169	279	169
minecraft:stone	1	322	169	322	169
minecraft:pale_moss_block	21	320	169	327	174
minecraft:acacia_wood	1	325	169	325	169
minecraft:grass_block	3	342	169	344	169
minecraft:pale_moss_block	6	9	170	12	172
minecraft:stone	3	18	170	18	172
minecraft:cobblestone	1	19	170	19	170
minecraft:cobblestone	1	24	170	24	170
minecraft:acacia_wood	1	27	170	27	170
minecraft:stone	1	31	170	31	170
minecraft:mud	1	39	170	39	170
minecraft:smooth_basalt	1	43	170	43	170
minecraft:mud	1	45	170	45	170
minecraft:stone	1	53	170	53	170
minecraft:pale_moss_block	1	60	170	60	170
minecraft:birch_wood	1	89	170	89	170
minecraft:diorite	9	88	170	93	172
minecraft:birch_wood	18	101	170	107	175
minecraft:birch_wood	1	116	170	116	170
minecraft:diorite	1	117	170	117	170
minecraft:birch_wood	5	124	170	126	172
minecraft:cobblestone	1	128	170	128	170
minecraft:stone	1	129	170	129	170
minecraft:diorite	1	132	170	132	170
minecraft:birch_wood	1	133	170	133	170
minecraft:basalt	1	148	170	148	170
minecraft:acacia_wood	1	149	170	149	170
minecraft:snow_block	5	150	170	152	171
minecraft:white_concrete_powder	1	169	170	169	170
minecraft:pale_moss_block	1	172	170	172	170
minecraft:stone	87	165	170	173	199
minecraft:diorite	1	174	170	174	170
minecraft:cobblestone	1	175	170	175	170
minecraft:stone	1	181	170	181	170
minecraft:white_concrete_powder	1	182	170	182	170
minecraft:diorite	1	186	170	186	170
minecraft:birch_wood	1	190	170	190	170
minecraft:birch_wood	1	192	170	192	170
minecraft:birch_wood	6	207	170	210	171
minecraft:diorite	1	220	170	220	170
minecraft:diorite	1	235	170	235	170
minecraft:pale_moss_block	6	239	170	243	171
minecraft:stone	24	243	170	250	175
minecraft:pale_moss_block	8	246	170	250	172
minecraft:basalt	6	260	170	262	172
minecraft:stone	3	273	170	274	171
minecraft:stone	168	271	170	292	186
minecraft:pale_oak_wood	2	283	170	284	170
minecraft:acacia_wood	1	336	170	336	170
minecraft:pale_moss_block	4	340	170	342	171
minecraft:moss_block	2	0	171	1	171
minecraft:pale_moss_block	4	5	171	7	172
minecraft:pale_moss_block	10	14	171	18	174
minecraft:cyan_terracotta	4	47	171	48	173
minecraft:stone	1	49	171	49	171
minecraft:stone	1	67	171	67	171
minecraft:stone	210	68	171	89	197
minecraft:snow_block	3	78	171	80	171
minecraft:birch_wood	1	115	171	115	171
minecraft:birch_wood	1	120	171	120	171
minecraft:white_concrete_powder	1	127	171	127	171
minecraft:stone	1	128	171	128	171
minecraft:diorite	1	131	171	131	171
minecraft:white_concrete_powder	2	132	171	133	171
minecraft:cobblestone	9	132	171	135	174
minecraft:pale_moss_block	32	129	171	140	180
minecraft:basalt	1	147	171	147	171
minecraft:white_concrete_powder	1	148	171	148	171
minecraft:snow_block	53	141	171	151	182
minecraft:birch_wood	1	155	171	155	171
minecraft:pale_moss_block	11	164	171	168	173
minecraft:cobblestone	1	174	171	174	171
minecraft:diorite	1	180	171	180	171
minecraft:birch_wood	2	193	171	194	171
minecraft:white_concrete_powder	1	215	171	215	171
minecraft:diorite	5	218	171	221	172
minecraft:cyan_terracotta	6	262	171	265	172
minecraft:acacia_wood	356	259	171	301	201
minecraft:stone	1	270	171	270	171
minecraft:pale_oak_wood	1	285	171	285	171
minecraft:pale_moss_block	1	318	171	318	171
minecraft:cyan_terracotta	3	319	171	321	171
minecraft:pale_oak_wood	1	332	171	332	171
minecraft:acacia_wood	3	345	171	347	171
minecraft:stone	53	0	172	7	182
minecraft:moss_block	7	15	172	17	175
minecraft:cobblestone	1	19	172	19	172
minecraft:acacia_wood	1	23	172	23	172
minecraft:stone	1	42	172	42	172
minecraft:acacia_wood	1	49	172	49	172
minecraft:stone	1	50	172	50	172
minecraft:white_concrete_powder	1	82	172	82	172
minecraft:diorite	1	84	172	84	172
minecraft:diorite	2	96	172	96	173
minecraft:birch_wood	9	96	172	99	174
minecraft:birch_wood	2	112	172	112	173
minecraft:birch_wood	2	122	172	122	173
minecraft:stone	3	126	172	127	173
minecraft:birch_wood	7	129	172	132	174
minecraft:basalt	1	143	172	143	172
minecraft:snow_block	40	153	172	161	181
minecraft:stone	1	159	172	159	172
minecraft:stone	17	160	172	166	176
minecraft:pale_moss_block	3	170	172	172	172
minecraft:cobblestone	1	173	172	173	172
minecraft:birch_wood	1	174	172	174	172
minecraft:diorite	1	183	172	183	172
minecraft:birch_wood	1	206	172	206	172
minecraft:diorite	1	213	172	213	172
minecraft:white_concrete_powder	11	215	172	218	176
minecraft:stone	1	218	172	218	172
minecraft:pale_moss_block	54	238	172	252	179
minecraft:birch_wood	2	242	172	243	172
minecraft:pale_moss_block	1	244	172	244	172
minecraft:pale_moss_block	3	262	172	262	174
minecraft:stone	1	271	172	271	172
minecraft:mud	3	272	172	274	172
minecraft:cyan_terracotta	20	315	172	321	177
minecraft:pale_moss_block	3	319	172	321	172
minecraft:cyan_terracotta	1	322	172	322	172
minecraft:cyan_terracotta	1	325	172	325	172
minecraft:pale_oak_wood	5	330	172	332	174
minecraft:acacia_wood	2	332	172	332	173
minecraft:pale_oak_wood	3	333	172	334	173
minecraft:acacia_wood	7	334	172	339	173
minecraft:cyan_terracotta	3	340	172	342	172
minecraft:acacia_wood	2	343	172	344	172
minecraft:mud	1	345	172	345	172
minecraft:andesite	1	0	173	0	173
minecraft:acacia_wood	1	5	173	5	173
minecraft:acacia_wood	2	7	173	7	174
minecraft:cyan_terracotta	1	9	173	9	173
minecraft:moss_block	1	10	173	10	173
minecraft:pale_moss_block	3	12	173	13	174
minecraft:acacia_wood	2	14	173	14	174
minecraft:stone	1	15	173	15	173
minecraft:stone	2	31	173	31	174
minecraft:cyan_terracotta	1	37	173	37	173
minecraft:stone	1	39	173	39	173
minecraft:stone	5	41	173	42	175
minecraft:cyan_terracotta	1	42	173	42	173
minecraft:stone	1	43	173	43	173
minecraft:cyan_terracotta	2	45	173	45	174
minecraft:pale_moss_block	3	46	173	47	174
minecraft:diorite	19	83	173	88	178
minecraft:diorite	1	91	173	91	173
minecraft:diorite	5	92	173	95	174
minecraft:white_concrete_powder	1	105	173	105	173
minecraft:cobblestone	4	126	173	127	175
minecraft:white_concrete_powder	1	128	173	128	173
minecraft:diorite	1	131	173	131	173
minecraft:birch_wood	1	151	173	151	173
minecraft:birch_wood	1	159	173	159	173
minecraft:birch_wood	6	173	173	174	176
minecraft:white_concrete_powder	2	178	173	179	173
minecraft:white_concrete_powder	1	183	173	183	173
minecraft:mud	16	231	173	237	175
minecraft:pale_oak_wood	1	267	173	267	173
minecraft:diorite	13	269	173	273	177
minecraft:pale_moss_block	31	289	173	295	182
minecraft:cyan_terracotta	3	326	173	327	174
minecraft:acacia_wood	2	328	173	328	174
minecraft:acacia_wood	2	330	173	330	174
minecraft:mud	49	328	173	344	177
minecraft:stone	1	12	174	12	174
minecraft:cyan_terracotta	1	20	174	20	174
minecraft:acacia_wood	1	22	174	22	174
minecraft:stone	1	23	174	23	174
minecraft:acacia_wood	1	24	174	24	174
minecraft:stone	47	19	174	30	180
minecraft:acacia_wood	2	26	174	27	174
minecraft:cyan_terracotta	4	32	174	34	175
minecraft:stone	14	34	174	38	177
minecraft:acacia_wood	1	39	174	39	174
minecraft:acacia_wood	1	43	174	43	174
minecraft:cyan_terracotta	1	47	174	47	174
minecraft:cobblestone	33	68	174	74	182
minecraft:snow_block	1	77	174	77	174
minecraft:snow_block	2	79	174	79	175
minecraft:birch_wood	1	111	174	111	174
minecraft:white_concrete_powder	1	112	174	112	174
minecraft:birch_wood	1	113	174	113	174
minecraft:birch_wood	1	123	174	123	174
minecraft:stone	2	124	174	125	174
minecraft:birch_wood	8	127	174	130	176
minecraft:white_concrete_powder	1	129	174	129	174
minecraft:stone	18	126	174	133	179
minecraft:white_concrete_powder	4	145	174	146	176
minecraft:stone	1	155	174	155	174
minecraft:white_concrete_powder	2	159	174	159	175
minecraft:birch_wood	1	160	174	160	174
minecraft:snow_block	1	166	174	166	174
minecraft:birch_wood	3	200	174	201	175
minecraft:white_concrete_powder	56	209	174	220	189
minecraft:birch_wood	1	218	174	218	174
minecraft:mud	2	239	174	239	175
minecraft:stone	6	253	174	254	177
minecraft:birch_wood	14	268	174	272	179
minecraft:birch_wood	2	273	174	273	175
minecraft:acacia_wood	71	294	174	307	184
minecraft:pale_moss_block	1	320	174	320	174
minecraft:basalt	4	322	174	324	175
minecraft:acacia_wood	1	324	174	324	174
minecraft:basalt	1	325	174	325	174
minecraft:acacia_wood	2	3	175	4	175
minecraft:acacia_wood	1	6	175	6	175
minecraft:cyan_terracotta	1	9	175	9	175
minecraft:acacia_wood	14	12	175	15	180
minecraft:pale_moss_block	1	14	175	14	175
minecraft:basalt	1	17	175	17	175
minecraft:cyan_terracotta	2	18	175	19	175
minecraft:pale_moss_block	14	15	175	20	179
minecraft:acacia_wood	1	23	175	23	175
minecraft:acacia_wood	1	31	175	31	175
minecraft:cyan_terracotta	1	46	175	46	175
minecraft:cyan_terracotta	1	49	175	49	175
minecraft:stone	196	46	175	70	196
minecraft:white_concrete_powder	156	85	175	107	192
minecraft:birch_wood	1	93	175	93	175
minecraft:white_concrete_powder	1	94	175	94	175
minecraft:birch_wood	1	95	175	95	175
minecraft:cobblestone	3	96	175	98	175
minecraft:stone	4	99	175	100	177
minecraft:cobblestone	5	100	175	103	176
minecraft:white_concrete_powder	3	104	175	106	175
minecraft:birch_wood	2	110	175	110	176
minecraft:diorite	4	111	175	113	176
minecraft:birch_wood	5	112	175	115	176
minecraft:cobblestone	1	124	175	124	175
minecraft:white_concrete_powder	1	130	175	130	175
minecraft:snow_block	1	131	175	131	175
minecraft:cyan_terracotta	3	135	175	136	176
minecraft:acacia_wood	1	137	175	137	175
minecraft:cyan_terracotta	6	137	175	138	179
minecraft:white_concrete_powder	18	138	175	143	182
minecraft:birch_wood	1	162	175	162	175
minecraft:white_concrete_powder	1	167	175	167	175
minecraft:cobblestone	27	169	175	172	185
minecraft:birch_wood	1	198	175	198	175
minecraft:pale_moss_block	1	212	175	212	175
minecraft:white_concrete_powder	4	213	175	214	177
minecraft:light_gray_wool	2	218	175	218	176
minecraft:acacia_wood	1	219	175	219	175
minecraft:pale_oak_wood	17	219	175	223	181
minecraft:acacia_wood	57	217	175	228	186
minecraft:pale_moss_block	13	230	175	237	177
minecraft:acacia_wood	1	254	175	254	175
minecraft:basalt	2	257	175	257	176
minecraft:mud	2	266	175	266	176
minecraft:birch_wood	1	271	175	271	175
minecraft:white_concrete_powder	2	274	175	274	176
minecraft:acacia_wood	1	276	175	276	175
minecraft:blackstone	5	322	175	325	176
minecraft:smooth_basalt	8	326	175	329	177
minecraft:blackstone	3	334	175	335	176
minecraft:blackstone	1	343	175	343	175
minecraft:moss_block	1	1	176	1	176
minecraft:pale_oak_wood	1	2	176	2	176
minecraft:stone	3	10	176	11	177
minecraft:pale_moss_block	1	12	176	12	176
minecraft:cyan_terracotta	1	41	176	41	176
minecraft:birch_wood	1	87	176	87	176
minecraft:stone	1	88	176	88	176
minecraft:cobblestone	2	89	176	89	177
minecraft:birch_wood	1	94	176	94	176
minecraft:cobblestone	1	95	176	95	176
minecraft:stone	2	96	176	97	176
minecraft:pale_moss_block	5	96	176	98	178
minecraft:pale_moss_block	25	99	176	108	180
minecraft:stone	8	103	176	107	177
minecraft:cobblestone	11	107	176	113	178
minecraft:cobblestone	1	122	176	122	176
minecraft:pale_moss_block	1	137	176	137	176
minecraft:white_concrete_powder	1	143	176	143	176
minecraft:white_concrete_powder	1	164	176	164	176
minecraft:white_concrete_powder	1	166	176	166	176
minecraft:birch_wood	1	176	176	176	176
minecraft:white_concrete_powder	12	205	176	209	179
minecraft:birch_wood	1	212	176	212	176
minecraft:birch_wood	1	216	176	216	176
minecraft:diorite	1	217	176	217	176
minecraft:cyan_terracotta	85	225	176	238	186
minecraft:acacia_wood	1	238	176	238	176
minecraft:stone	3	247	176	248	177
minecraft:pale_moss_block	1	255	176	255	176
minecraft:mud	1	275	176	275	176
minecraft:acacia_wood	4	278	176	279	178
minecraft:mud	1	282	176	282	176
minecraft:mud	1	285	176	285	176
minecraft:cyan_terracotta	1	308	176	308	176
minecraft:pale_moss_block	25	302	176	309	181
minecraft:mud	1	326	176	326	176
minecraft:acacia_wood	6	339	176	343	177
minecraft:cyan_terracotta	2	344	176	345	176
minecraft:mud	1	346	176	346	176
minecraft:basalt	2	347	176	348	176
minecraft:acacia_wood	1	56	177	56	177
minecraft:birch_wood	1	80	177	80	177
minecraft:cobblestone	2	81	177	82	177
minecraft:white_concrete_powder	1	83	177	83	177
minecraft:snow_block	1	92	177	92	177
minecraft:white_concrete_powder	2	114	177	115	177
minecraft:birch_wood	2	116	177	117	177
minecraft:birch_wood	17	118	177	125	180
minecraft:cobblestone	1	127	177	127	177
minecraft:cyan_terracotta	13	132	177	136	181
minecraft:pale_moss_block	3	136	177	136	179
minecraft:birch_wood	1	146	177	146	177
minecraft:birch_wood	2	151	177	151	178
minecraft:white_concrete_powder	55	151	177	164	185
minecraft:stone	1	164	177	164	177
minecraft:white_concrete_powder	1	165	177	165	177
minecraft:snow_block	2	210	177	210	178
minecraft:pale_moss_block	1	212	177	212	177
minecraft:acacia_wood	1	215	177	215	177
minecraft:white_concrete_powder	3	215	177	216	178
minecraft:acacia_wood	1	217	177	217	177
minecraft:pale_oak_wood	1	218	177	218	177
minecraft:snow_block	2	231	177	232	177
minecraft:white_concrete_powder	1	233	177	233	177
minecraft:snow_block	5	233	177	234	179
minecraft:cyan_terracotta	1	235	177	235	177
minecraft:basalt	1	237	177	237	177
minecraft:cyan_terracotta	1	238	177	238	177
minecraft:basalt	21	238	177	240	186
minecraft:cyan_terracotta	48	237	177	246	191
minecraft:pale_moss_block	23	251	177	258	182
minecraft:cyan_terracotta	1	255	177	255	177
minecraft:smooth_basalt	3	266	177	267	178
minecraft:acacia_wood	2	268	177	268	178
minecraft:birch_wood	1	274	177	274	177
minecraft:stone	2	275	177	275	178
minecraft:mud	2	276	177	276	178
minecraft:stone	86	305	177	321	185
minecraft:basalt	9	322	177	328	179
minecraft:acacia_wood	8	332	177	338	178
minecraft:stone	42	334	177	344	184
minecraft:acacia_wood	6	344	177	347	178
minecraft:cyan_terracotta	6	346	177	349	178
minecraft:cobblestone	2	3	178	3	179
minecraft:pale_moss_block	1	6	178	6	178
minecraft:moss_block	9	6	178	8	183
minecraft:stone	1	8	178	8	178
minecraft:stone	1	17	178	17	178
minecraft:moss_block	1	18	178	18	178
minecraft:moss_block	3	22	178	22	180
minecraft:cyan_terracotta	1	38	178	38	178
minecraft:basalt	1	40	178	40	178
minecraft:cyan_terracotta	4	41	178	43	179
minecraft:cyan_terracotta	1	45	178	45	178
minecraft:stone	1	54	178	54	178
minecraft:snow_block	1	79	178	79	178
minecraft:white_concrete_powder	24	79	178	85	184
minecraft:birch_wood	3	81	178	82	179
minecraft:birch_wood	22	83	178	89	184
minecraft:birch_wood	1	94	178	94	178
minecraft:birch_wood	1	99	178	99	178
minecraft:white_concrete_powder	1	100	178	100	178
minecraft:stone	1	109	178	109	178
minecraft:stone	2	111	178	112	178
minecraft:pale_moss_block	21	109	178	116	182
minecraft:stone	8	116	178	118	181
minecraft:cobblestone	1	126	178	126	178
minecraft:snow_block	1	138	178	138	178
minecraft:white_concrete_powder	1	139	178	139	178
minecraft:birch_wood	4	139	178	140	180
minecraft:white_concrete_powder	3	145	178	146	179
minecraft:birch_wood	11	145	178	148	182
minecraft:birch_wood	3	173	178	174	179
minecraft:birch_wood	1	197	178	197	178
minecraft:birch_wood	2	208	178	208	179
minecraft:light_gray_wool	11	212	178	218	182
minecraft:cyan_terracotta	1	214	178	214	178
minecraft:mud	1	217	178	217	178
minecraft:smooth_basalt	1	220	178	220	178
minecraft:smooth_basalt	1	222	178	222	178
minecraft:white_concrete_powder	9	234	178	237	181
minecraft:cyan_terracotta	1	237	178	237	178
minecraft:snow_block	1	242	178	242	178
minecraft:acacia_wood	3	245	178	246	179
minecraft:stone	1	246	178	246	178
minecraft:acacia_wood	3	247	178	248	179
minecraft:stone	11	249	178	252	180
minecraft:mud	1	260	178	260	178
minecraft:mud	5	273	178	275	179
minecraft:acacia_wood	3	280	178	281	179
minecraft:mud	1	288	178	288	178
minecraft:pale_moss_block	1	297	178	297	178
minecraft:acacia_wood	1	318	178	318	178
minecraft:pale_moss_block	30	316	178	325	185
minecraft:acacia_wood	1	324	178	324	178
minecraft:cyan_terracotta	2	327	178	328	178
minecraft:smooth_basalt	1	329	178	329	178
minecraft:cyan_terracotta	10	329	178	334	180
minecraft:pale_oak_wood	1	0	179	0	179
minecraft:cyan_terracotta	2	9	179	9	180
minecraft:stone	1	15	179	15	179
minecraft:moss_block	3	17	179	17	181
minecraft:cyan_terracotta	1	40	179	40	179
minecraft:stone	1	72	179	72	179
minecraft:pale_moss_block	1	74	179	74	179
minecraft:snow_block	1	78	179	78	179
minecraft:birch_wood	1	93	179	93	179
minecraft:stone	1	108	179	108	179
minecraft:white_concrete_powder	7	118	179	121	180
minecraft:cobblestone	13	123	179	128	182
minecraft:white_concrete_powder	1	138	179	138	179
minecraft:birch_wood	1	163	179	163	179
minecraft:birch_wood	1	165	179	165	179
minecraft:white_concrete_powder	5	198	179	199	181
minecraft:white_concrete_powder	1	201	179	201	179
minecraft:snow_block	1	209	179	209	179
minecraft:cyan_terracotta	1	216	179	216	179
minecraft:snow_block	1	230	179	230	179
minecraft:white_concrete_powder	3	242	179	243	180
minecraft:white_concrete_powder	2	247	179	247	180
minecraft:blackstone	2	260	179	261	179
minecraft:mud	3	267	179	268	180
minecraft:acacia_wood	5	268	179	270	181
minecraft:cyan_terracotta	6	278	179	280	182
minecraft:acacia_wood	32	320	179	329	186
minecraft:pale_moss_block	70	328	179	349	185
minecraft:pale_moss_block	1	345	179	345	179
minecraft:stone	1	346	179	346	179
minecraft:pale_moss_block	1	5	180	5	180
minecraft:cobblestone	1	6	180	6	180
minecraft:stone	1	16	180	16	180
minecraft:cobblestone	2	21	180	21	181
minecraft:cyan_terracotta	1	35	180	35	180
minecraft:basalt	1	37	180	37	180
minecraft:cobblestone	1	63	180	63	180
minecraft:pale_moss_block	1	75	180	75	180
minecraft:birch_wood	7	89	180	92	182
minecraft:birch_wood	1	94	180	94	180
minecraft:snow_block	33	94	180	106	184
minecraft:white_concrete_powder	1	101	180	101	180
minecraft:white_concrete_powder	3	103	180	103	182
minecraft:acacia_wood	1	108	180	108	180
minecraft:cyan_terracotta	3	111	180	112	181
minecraft:pale_moss_block	2	137	180	137	181
minecraft:birch_wood	1	138	180	138	180
minecraft:snow_block	3	149	180	149	182
minecraft:birch_wood	8	151	180	153	182
minecraft:snow_block	26	161	180	166	187
minecraft:birch_wood	5	183	180	186	181
minecraft:diorite	1	203	180	203	180
minecraft:white_concrete_powder	4	208	180	209	181
minecraft:cyan_terracotta	2	217	180	218	180
minecraft:birch_wood	1	236	180	236	180
minecraft:birch_wood	14	243	180	248	183
minecraft:cyan_terracotta	1	245	180	245	180
minecraft:pale_moss_block	1	248	180	248	180
minecraft:stone	71	253	180	269	194
minecraft:cyan_terracotta	3	262	180	262	182
minecraft:white_concrete_powder	1	271	180	271	180
minecraft:acacia_wood	4	277	180	278	181
minecraft:pale_moss_block	2	280	180	280	181
minecraft:acacia_wood	5	281	180	283	182
minecraft:mud	54	285	180	298	188
minecraft:basalt	1	294	180	294	180
minecraft:grass_block	1	340	180	340	180
minecraft:grass_block	2	345	180	346	180
minecraft:moss_block	8	0	181	1	185
minecraft:acacia_wood	1	13	181	13	181
minecraft:stone	1	22	181	22	181
minecraft:acacia_wood	1	38	181	38	181
minecraft:acacia_wood	1	41	181	41	181
minecraft:birch_wood	2	107	181	108	181
minecraft:cyan_terracotta	5	108	181	109	184
minecraft:white_concrete_powder	2	110	181	110	182
minecraft:pale_moss_block	1	111	181	111	181
minecraft:snow_block	32	113	181	121	187
minecraft:white_concrete_powder	3	121	181	122	182
minecraft:stone	26	121	181	129	186
minecraft:acacia_wood	29	128	181	135	186
minecraft:white_concrete_powder	3	147	181	148	182
minecraft:diorite	1	152	181	152	181
minecraft:snow_block	1	155	181	155	181
minecraft:white_concrete_powder	2	165	181	165	182
minecraft:birch_wood	4	172	181	173	183
minecraft:stone	1	185	181	185	181
minecraft:cobblestone	1	186	181	186	181
minecraft:birch_wood	1	188	181	188	181
minecraft:birch_wood	1	197	181	197	181
minecraft:diorite	1	206	181	206	181
minecraft:snow_block	8	214	181	217	185
minecraft:cyan_terracotta	2	219	181	219	182
minecraft:pale_moss_block	14	246	181	249	185
minecraft:cyan_terracotta	50	249	181	255	197
minecraft:smooth_basalt	2	267	181	268	181
minecraft:white_concrete_powder	1	270	181	270	181
minecraft:acacia_wood	4	271	181	272	182
minecraft:basalt	2	296	181	297	181
minecraft:grass_block	1	336	181	336	181
minecraft:stone	1	21	182	21	182
minecraft:stone	1	72	182	72	182
minecraft:stone	1	74	182	74	182
minecraft:cobblestone	18	74	182	81	186
minecraft:snow_block	3	82	182	83	183
minecraft:white_concrete_powder	1	89	182	89	182
minecraft:white_concrete_powder	1	100	182	100	182
minecraft:snow_block	1	111	182	111	182
minecraft:pale_moss_block	1	112	182	112	182
minecraft:stone	1	113	182	113	182
minecraft:stone	25	132	182	140	188
minecraft:birch_wood	1	138	182	138	182
minecraft:white_concrete_powder	21	140	182	146	187
minecraft:snow_block	1	167	182	167	182
minecraft:birch_wood	2	175	182	175	183
minecraft:andesite	5	185	182	188	183
minecraft:pale_oak_wood	1	222	182	222	182
minecraft:pale_moss_block	1	261	182	261	182
minecraft:cyan_terracotta	1	264	182	264	182
minecraft:cyan_terracotta	1	269	182	269	182
minecraft:smooth_basalt	1	270	182	270	182
minecraft:pale_oak_wood	4	273	182	274	184
minecraft:basalt	3	298	182	299	183
minecraft:cyan_terracotta	3	301	182	303	182
minecraft:acacia_wood	1	304	182	304	182
minecraft:mud	1	310	182	310	182
minecraft:light_gray_wool	2	314	182	314	183
minecraft:mud	18	342	182	349	185
minecraft:stone	102	31	183	48	201
minecraft:cobblestone	22	47	183	52	188
minecraft:pale_moss_block	12	58	183	63	189
minecraft:cobblestone	1	64	183	64	183
minecraft:pale_moss_block	255	44	183	77	206
minecraft:stone	1	69	183	69	183
minecraft:stone	1	71	183	71	183
minecraft:cobblestone	1	72	183	72	183
minecraft:pale_moss_block	7	107	183	111	185
minecraft:stone	539	76	183	113	230
minecraft:pale_moss_block	1	113	183	113	183
minecraft:cobblestone	1	138	183	138	183
minecraft:pale_moss_block	2	139	183	140	183
minecraft:snow_block	4	141	183	143	184
minecraft:birch_wood	4	147	183	148	184
minecraft:white_concrete_powder	1	149	183	149	183
minecraft:birch_wood	9	150	183	155	186
minecraft:birch_wood	8	158	183	160	186
minecraft:white_concrete_powder	1	167	183	167	183
minecraft:white_concrete_powder	27	173	183	179	191
minecraft:white_concrete_powder	1	176	183	176	183
minecraft:birch_wood	39	176	183	184	194
minecraft:light_gray_wool	5	186	183	187	185
minecraft:birch_wood	6	189	183	192	185
minecraft:light_gray_wool	1	219	183	219	183
minecraft:pale_moss_block	2	262	183	262	184
minecraft:cyan_terracotta	1	263	183	263	183
minecraft:mud	8	268	183	272	184
minecraft:pale_moss_block	4	277	183	278	185
minecraft:stone	1	281	183	281	183
minecraft:acacia_wood	2	298	183	298	184
minecraft:pale_moss_block	11	298	183	302	188
minecraft:mud	2	303	183	304	183
minecraft:acacia_wood	3	305	183	307	183
minecraft:mud	1	309	183	309	183
minecraft:mud	1	312	183	312	183
minecraft:mud	1	340	183	340	183
minecraft:cyan_terracotta	15	0	184	5	188
minecraft:cyan_terracotta	1	15	184	15	184
minecraft:stone	125	0	184	22	209
minecraft:stone	8	26	184	30	186
minecraft:stone	1	32	184	32	184
minecraft:cobblestone	99	19	184	40	193
minecraft:pale_moss_block	4	54	184	55	186
minecraft:pale_moss_block	5	57	184	60	185
minecraft:snow_block	1	85	184	85	184
minecraft:pale_moss_block	90	110	184	123	200
minecraft:acacia_wood	9	124	184	127	188
minecraft:pale_oak_wood	18	127	184	132	190
minecraft:diorite	8	147	184	150	186
minecraft:acacia_wood	1	163	184	163	184
minecraft:stone	2	188	184	188	185
minecraft:cobblestone	1	189	184	189	184
minecraft:white_concrete_powder	1	190	184	190	184
minecraft:diorite	1	208	184	208	184
minecraft:light_gray_wool	245	212	184	229	210
minecraft:acacia_wood	2	253	184	253	185
minecraft:stone	6	291	184	293	187
minecraft:mud	1	299	184	299	184
minecraft:smooth_basalt	10	303	184	307	186
minecraft:mud	6	307	184	309	187
minecraft:pale_oak_wood	20	309	184	312	194
minecraft:light_gray_wool	1	313	184	313	184
minecraft:mud	1	314	184	314	184
minecraft:mud	1	316	184	316	184
minecraft:mud	1	318	184	318	184
minecraft:cyan_terracotta	1	342	184	342	184
minecraft:pale_moss_block	3	343	184	345	184
minecraft:cyan_terracotta	1	6	185	6	185
minecraft:stone	1	7	185	7	185
minecraft:acacia_wood	1	8	185	8	185
minecraft:stone	4	9	185	11	186
minecraft:acacia_wood	1	13	185	13	185
minecraft:stone	1	60	185	60	185
minecraft:stone	3	62	185	63	186
minecraft:cobblestone	1	72	185	72	185
minecraft:snow_block	24	92	185	101	190
minecraft:birch_wood	1	100	185	100	185
minecraft:cyan_terracotta	1	106	185	106	185
minecraft:cobblestone	3	138	185	139	186
minecraft:birch_wood	21	140	185	149	190
minecraft:snow_block	1	157	185	157	185
minecraft:white_concrete_powder	1	159	185	159	185
minecraft:white_concrete_powder	2	161	185	162	185
minecraft:pale_moss_block	163	159	185	170	213
minecraft:white_concrete_powder	3	172	185	172	187
minecraft:snow_block	5	173	185	174	187
minecraft:white_concrete_powder	1	179	185	179	185
minecraft:andesite	1	189	185	189	185
minecraft:cobblestone	2	190	185	191	185
minecraft:birch_wood	14	209	185	214	188
minecraft:pale_moss_block	75	228	185	241	193
minecraft:pale_moss_block	1	255	185	255	185
minecraft:mud	1	257	185	257	185
minecraft:pale_moss_block	6	263	185	265	188
minecraft:cyan_terracotta	1	265	185	265	185
minecraft:stone	2	285	185	286	185
minecraft:acacia_wood	3	287	185	288	186
minecraft:stone	1	289	185	289	185
minecraft:pale_moss_block	1	293	185	293	185
minecraft:acacia_wood	1	299	185	299	185
minecraft:acacia_wood	3	302	185	303	186
minecraft:cyan_terracotta	1	338	185	338	185
minecraft:acacia_wood	1	339	185	339	185
minecraft:cyan_terracotta	1	347	185	347	185
minecraft:stone	1	5	186	5	186
minecraft:acacia_wood	10	6	186	10	188
minecraft:stone	1	8	186	8	186
minecraft:acacia_wood	1	11	186	11	186
minecraft:stone	1	12	186	12	186
minecraft:pale_moss_block	23	2	186	13	191
minecraft:stone	1	23	186	23	186
minecraft:stone	1	33	186	33	186
minecraft:cobblestone	1	54	186	54	186
minecraft:pale_moss_block	3	86	186	86	188
minecraft:pale_moss_block	2	105	186	106	186
minecraft:white_concrete_powder	2	112	186	112	187
minecraft:andesite	10	134	186	138	190
minecraft:stone	1	150	186	150	186
minecraft:diorite	1	151	186	151	186
minecraft:snow_block	1	156	186	156	186
minecraft:pale_moss_block	1	157	186	157	186
minecraft:pale_moss_block	1	161	186	161	186
minecraft:stone	1	167	186	167	186
minecraft:snow_block	1	178	186	178	186
minecraft:light_gray_wool	62	186	186	196	199
minecraft:andesite	22	190	186	197	191
minecraft:birch_wood	1	206	186	206	186
minecraft:birch_wood	3	218	186	219	187
minecraft:cyan_terracotta	1	235	186	235	186
minecraft:mud	12	244	186	247	191
minecraft:cyan_terracotta	1	247	186	247	186
minecraft:basalt	21	246	186	249	195
minecraft:pale_moss_block	2	256	186	257	186
minecraft:mud	9	258	186	262	189
minecraft:mud	2	271	186	271	187
minecraft:blackstone	6	277	186	279	187
minecraft:smooth_basalt	5	285	186	287	187
minecraft:mud	1	288	186	288	186
minecraft:pale_moss_block	2	294	186	294	187
minecraft:stone	264	290	186	322	230
minecraft:acacia_wood	11	305	186	309	190
minecraft:acacia_wood	103	311	186	329	197
minecraft:cyan_terracotta	32	314	186	326	190
minecraft:smooth_basalt	2	321	186	322	186
minecraft:basalt	1	323	186	323	186
minecraft:basalt	1	327	186	327	186
minecraft:cyan_terracotta	6	328	186	333	186
minecraft:basalt	1	334	186	334	186
minecraft:cyan_terracotta	2	335	186	336	186
minecraft:smooth_basalt	2	337	186	338	186
minecraft:pale_moss_block	3	348	186	349	187
minecraft:basalt	1	1	187	1	187
minecraft:acacia_wood	1	5	187	5	187
minecraft:stone	1	6	187	6	187
minecraft:stone	1	11	187	11	187
minecraft:acacia_wood	1	12	187	12	187
minecraft:pale_moss_block	1	15	187	15	187
minecraft:cobblestone	3	16	187	18	187
minecraft:stone	1	32	187	32	187
minecraft:cobblestone	9	52	187	56	189
minecraft:stone	3	60	187	61	188
minecraft:acacia_wood	1	65	187	65	187
minecraft:pale_moss_block	2	83	187	83	188
minecraft:cobblestone	2	84	187	84	188
minecraft:birch_wood	3	87	187	88	188
minecraft:birch_wood	1	101	187	101	187
minecraft:snow_block	1	102	187	102	187
minecraft:acacia_wood	1	103	187	103	187
minecraft:pale_moss_block	2	104	187	104	188
minecraft:snow_block	2	108	187	109	187
minecraft:acacia_wood	8	116	187	119	189
minecraft:cyan_terracotta	1	123	187	123	187
minecraft:pale_oak_wood	1	126	187	126	187
minecraft:diorite	1	127	187	127	187
minecraft:diorite	24	134	187	142	191
minecraft:cobblestone	9	150	187	154	189
minecraft:stone	3	155	187	155	189
minecraft:pale_moss_block	3	156	187	156	189
minecraft:stone	1	157	187	157	187
minecraft:white_concrete_powder	10	158	187	160	191
minecraft:stone	3	160	187	161	188
minecraft:snow_block	1	161	187	161	187
minecraft:white_concrete_powder	1	162	187	162	187
minecraft:stone	1	165	187	165	187
minecraft:light_gray_wool	1	185	187	185	187
minecraft:andesite	1	188	187	188	187
minecraft:birch_wood	2	216	187	216	188
minecraft:cyan_terracotta	1	224	187	224	187
minecraft:mud	4	250	187	251	189
minecraft:acacia_wood	36	253	187	259	197
minecraft:acacia_wood	1	304	187	304	187
minecraft:pale_oak_wood	1	305	187	305	187
minecraft:acacia_wood	1	309	187	309	187
minecraft:basalt	1	322	187	322	187
minecraft:smooth_basalt	1	323	187	323	187
minecraft:basalt	1	324	187	324	187
minecraft:mud	53	325	187	336	193
minecraft:smooth_basalt	21	333	187	340	191
minecraft:moss_block	2	337	187	338	187
minecraft:acacia_wood	5	0	188	1	190
minecraft:stone	1	9	188	9	188
minecraft:moss_block	16	14	188	19	191
minecraft:cobblestone	5	42	188	44	189
minecraft:acacia_wood	9	64	188	68	190
minecraft:smooth_basalt	1	102	188	102	188
minecraft:cyan_terracotta	1	103	188	103	188
minecraft:white_concrete_powder	6	107	188	110	189
minecraft:cyan_terracotta	1	122	188	122	188
minecraft:pale_moss_block	1	123	188	123	188
minecraft:diorite	7	124	188	127	190
minecraft:birch_wood	2	127	188	127	189
minecraft:diorite	2	128	188	128	189
minecraft:cobblestone	1	142	188	142	188
minecraft:white_concrete_powder	2	146	188	146	189
minecraft:stone	1	147	188	147	188
minecraft:cobblestone	1	148	188	148	188
minecraft:white_concrete_powder	3	150	188	151	189
minecraft:stone	2	153	188	153	189
minecraft:snow_block	5	156	188	158	190
minecraft:birch_wood	1	162	188	162	188
minecraft:white_concrete_powder	1	163	188	163	188
minecraft:stone	1	164	188	164	188
minecraft:cobblestone	3	170	188	170	190
minecraft:birch_wood	2	172	188	173	188
minecraft:diorite	1	213	188	213	188
minecraft:birch_wood	4	213	188	214	190
minecraft:snow_block	1	217	188	217	188
minecraft:white_concrete_powder	1	218	188	218	188
minecraft:white_concrete_powder	1	230	188	230	188
minecraft:birch_wood	2	232	188	233	188
minecraft:acacia_wood	5	242	188	243	191
minecraft:stone	1	259	188	259	188
minecraft:pale_oak_wood	16	286	188	290	193
minecraft:stone	1	294	188	294	188
minecraft:pale_moss_block	1	295	188	295	188
minecraft:mud	1	309	188	309	188
minecraft:smooth_basalt	1	324	188	324	188
minecraft:moss_block	1	336	188	336	188
minecraft:grass_block	4	336	188	338	189
minecraft:stone	1	5	189	5	189
minecraft:cobblestone	1	46	189	46	189
minecraft:stone	1	59	189	59	189
minecraft:stone	1	63	189	63	189
minecraft:pale_moss_block	12	79	189	83	192
minecraft:birch_wood	1	91	189	91	189
minecraft:cyan_terracotta	1	102	189	102	189
minecraft:pale_moss_block	1	103	189	103	189
minecraft:snow_block	1	107	189	107	189
minecraft:birch_wood	6	108	189	110	191
minecraft:cyan_terracotta	1	121	189	121	189
minecraft:pale_moss_block	1	122	189	122	189
minecraft:stone	1	123	189	123	189
minecraft:stone	38	123	189	131	205
minecraft:andesite	2	132	189	132	190
minecraft:cobblestone	2	133	189	133	190
minecraft:stone	1	144	189	144	189
minecraft:cobblestone	3	147	189	147	191
minecraft:stone	3	148	189	148	191
minecraft:cobblestone	4	149	189	150	191
minecraft:cobblestone	6	160	189	162	191
minecraft:stone	2	163	189	163	190
minecraft:white_concrete_powder	2	172	189	173	189
minecraft:birch_wood	1	174	189	174	189
minecraft:snow_block	1	177	189	177	189
minecraft:snow_block	1	216	189	216	189
minecraft:white_concrete_powder	1	217	189	217	189
minecraft:blackstone	10	252	189	255	193
minecraft:stone	1	260	189	260	189
minecraft:pale_moss_block	7	277	189	279	191
minecraft:stone	19	279	189	283	194
minecraft:stone	1	295	189	295	189
minecraft:pale_moss_block	1	296	189	296	189
minecraft:acacia_wood	14	340	189	345	193
minecraft:cyan_terracotta	1	342	189	342	189
minecraft:pale_moss_block	1	0	190	0	190
minecraft:stone	23	16	190	23	195
minecraft:pale_moss_block	23	38	190	44	197
minecraft:cobblestone	1	45	190	45	190
minecraft:stone	1	58	190	58	190
minecraft:stone	1	62	190	62	190
minecraft:cyan_terracotta	1	71	190	71	190
minecraft:birch_wood	1	86	190	86	190
minecraft:snow_block	1	87	190	87	190
minecraft:pale_moss_block	1	102	190	102	190
minecraft:birch_wood	1	106	190	106	190
minecraft:white_concrete_powder	6	105	190	107	192
minecraft:acacia_wood	1	115	190	115	190
minecraft:cyan_terracotta	1	120	190	120	190
minecraft:pale_moss_block	1	121	190	121	190
minecraft:stone	1	122	190	122	190
minecraft:birch_wood	14	122	190	126	195
minecraft:andesite	1	140	190	140	190
minecraft:cobblestone	7	140	190	142	193
minecraft:cobblestone	5	144	190	145	193
minecraft:stone	53	141	190	149	202
minecraft:stone	11	149	190	152	193
minecraft:diorite	1	151	190	151	190
minecraft:diorite	1	153	190	153	190
minecraft:white_concrete_powder	1	154	190	154	190
minecraft:birch_wood	1	155	190	155	190
minecraft:birch_wood	1	169	190	169	190
minecraft:birch_wood	7	172	190	175	192
minecraft:diorite	1	180	190	180	190
minecraft:white_concrete_powder	1	183	190	183	190
minecraft:birch_wood	4	200	190	201	192
minecraft:diorite	1	214	190	214	190
minecraft:birch_wood	4	214	190	215	192
minecraft:white_concrete_powder	1	216	190	216	190
minecraft:stone	5	232	190	234	192
minecraft:basalt	2	245	190	245	191
minecraft:pale_oak_wood	3	255	190	256	191
minecraft:pale_oak_wood	8	259	190	262	193
minecraft:stone	2	261	190	262	190
minecraft:mud	25	263	190	269	199
minecraft:cyan_terracotta	7	270	190	272	193
minecraft:pale_moss_block	2	276	190	276	191
minecraft:stone	3	277	190	277	192
minecraft:acacia_wood	1	299	190	299	190
minecraft:cyan_terracotta	1	313	190	313	190
minecraft:moss_block	7	0	191	4	192
minecraft:pale_moss_block	279	0	191	25	226
minecraft:andesite	2	30	191	31	191
minecraft:stone	1	45	191	45	191
minecraft:cobblestone	29	42	191	50	196
minecraft:cobblestone	1	56	191	56	191
minecraft:stone	2	60	191	61	191
minecraft:white_concrete_powder	1	87	191	87	191
minecraft:birch_wood	24	87	191	96	194
minecraft:acacia_wood	1	114	191	114	191
minecraft:cyan_terracotta	2	121	191	121	192
minecraft:white_concrete_powder	4	122	191	123	193
minecraft:pale_oak_wood	1	127	191	127	191
minecraft:andesite	1	131	191	131	191
minecraft:cobblestone	3	131	191	132	192
minecraft:andesite	1	133	191	133	191
minecraft:andesite	2	137	191	138	191
minecraft:cobblestone	1	151	191	151	191
minecraft:birch_wood	28	153	191	159	198
minecraft:diorite	1	155	191	155	191
minecraft:white_concrete_powder	2	156	191	157	191
minecraft:birch_wood	1	158	191	158	191
minecraft:stone	1	161	191	161	191
minecraft:diorite	1	178	191	178	191
minecraft:stone	8	181	191	186	192
minecraft:cobblestone	8	196	191	199	194
minecraft:white_concrete_powder	1	199	191	199	191
minecraft:cyan_terracotta	1	223	191	223	191
minecraft:cyan_terracotta	9	225	191	229	193
minecraft:birch_wood	1	239	191	239	191
minecraft:stone	132	227	191	245	207
minecraft:stone	1	263	191	263	191
minecraft:stone	1	290	191	290	191
minecraft:stone	1	296	191	296	191
minecraft:smooth_basalt	1	299	191	299	191
minecraft:blackstone	3	311	191	312	192
minecraft:blackstone	1	314	191	314	191
minecraft:mud	1	337	191	337	191
minecraft:acacia_wood	1	339	191	339	191
minecraft:cyan_terracotta	17	336	191	341	195
minecraft:grass_block	1	345	191	345	191
minecraft:pale_moss_block	3	0	192	1	193
minecraft:stone	1	1	192	1	192
minecraft:moss_block	1	9	192	9	192
minecraft:moss_block	1	11	192	11	192
minecraft:stone	26	25	192	31	197
minecraft:andesite	1	32	192	32	192
minecraft:cobblestone	6	35	192	37	195
minecraft:stone	2	43	192	43	193
minecraft:stone	1	58	192	58	192
minecraft:stone	1	63	192	63	192
minecraft:cyan_terracotta	1	65	192	65	192
minecraft:stone	1	69	192	69	192
minecraft:diorite	2	89	192	89	193
minecraft:snow_block	1	96	192	96	192
minecraft:pale_moss_block	1	99	192	99	192
minecraft:birch_wood	3	103	192	105	192
minecraft:diorite	1	124	192	124	192
minecraft:acacia_wood	1	126	192	126	192
minecraft:light_gray_wool	1	128	192	128	192
minecraft:birch_wood	17	132	192	137	196
minecraft:cobblestone	5	137	192	139	194
minecraft:stone	3	139	192	140	193
minecraft:andesite	2	146	192	146	193
minecraft:diorite	8	148	192	150	196
minecraft:diorite	5	157	192	159	193
minecraft:cobblestone	4	160	192	161	194
minecraft:stone	1	162	192	162	192
minecraft:white_concrete_powder	1	172	192	172	192
minecraft:white_concrete_powder	1	176	192	176	192
minecraft:white_concrete_powder	44	172	192	182	202
minecraft:stone	5	194	192	196	193
minecraft:white_concrete_powder	1	200	192	200	192
minecraft:birch_wood	1	209	192	209	192
minecraft:acacia_wood	5	223	192	225	193
minecraft:white_concrete_powder	1	236	192	236	192
minecraft:acacia_wood	1	244	192	244	192
minecraft:cyan_terracotta	1	245	192	245	192
minecraft:mud	3	248	192	249	193
minecraft:diorite	19	261	192	264	199
minecraft:pale_oak_wood	2	263	192	263	193
minecraft:diorite	1	266	192	266	192
minecraft:pale_moss_block	58	269	192	278	205
minecraft:cyan_terracotta	15	272	192	276	198
minecraft:pale_oak_wood	7	301	192	303	194
minecraft:acacia_wood	1	309	192	309	192
minecraft:cyan_terracotta	1	314	192	314	192
minecraft:acacia_wood	1	337	192	337	192
minecraft:basalt	1	341	192	341	192
minecraft:cyan_terracotta	1	342	192	342	192
minecraft:andesite	1	31	193	31	193
minecraft:light_gray_wool	1	32	193	32	193
minecraft:andesite	29	28	193	34	199
minecraft:stone	1	45	193	45	193
minecraft:cobblestone	1	57	193	57	193
minecraft:stone	1	61	193	61	193
minecraft:cyan_terracotta	1	63	193	63	193
minecraft:cyan_terracotta	9	65	193	68	196
minecraft:acacia_wood	7	69	193	71	195
minecraft:acacia_wood	1	87	193	87	193
minecraft:stone	1	97	193	97	193
minecraft:pale_moss_block	1	98	193	98	193
minecraft:birch_wood	4	100	193	102	194
minecraft:white_concrete_powder	1	103	193	103	193
minecraft:snow_block	1	104	193	104	193
minecraft:cyan_terracotta	1	120	193	120	193
minecraft:birch_wood	1	121	193	121	193
minecraft:cobblestone	1	130	193	130	193
minecraft:andesite	7	128	193	132	195
minecraft:cobblestone	1	152	193	152	193
minecraft:white_concrete_powder	6	153	193	155	195
minecraft:stone	2	160	193	160	194
minecraft:snow_block	6	164	193	166	195
minecraft:birch_wood	1	172	193	172	193
minecraft:birch_wood	6	181	193	184	195
minecraft:diorite	1	184	193	184	193
minecraft:birch_wood	6	185	193	187	195
minecraft:stone	25	183	193	190	198
minecraft:andesite	8	190	193	192	197
minecraft:stone	18	196	193	201	199
minecraft:cobblestone	90	198	193	213	206
minecraft:white_concrete_powder	3	201	193	202	194
minecraft:stone	1	233	193	233	193
minecraft:white_concrete_powder	1	234	193	234	193
minecraft:stone	1	235	193	235	193
minecraft:birch_wood	1	236	193	236	193
minecraft:acacia_wood	1	245	193	245	193
minecraft:pale_oak_wood	9	254	193	256	197
minecraft:birch_wood	1	266	193	266	193
minecraft:stone	30	295	193	299	200
minecraft:moss_block	24	303	193	306	202
minecraft:mud	9	320	193	325	194
minecraft:smooth_basalt	1	325	193	325	193
minecraft:basalt	16	330	193	336	195
minecraft:basalt	1	342	193	342	193
minecraft:cyan_terracotta	9	341	193	344	196
minecraft:acacia_wood	1	0	194	0	194
minecraft:pale_moss_block	1	19	194	19	194
minecraft:cobblestone	1	55	194	55	194
minecraft:cyan_terracotta	1	61	194	61	194
minecraft:stone	2	70	194	70	195
minecraft:acacia_wood	1	88	194	88	194
minecraft:white_concrete_powder	2	91	194	92	194
minecraft:stone	1	94	194	94	194
minecraft:cobblestone	1	95	194	95	194
minecraft:stone	1	96	194	96	194
minecraft:birch_wood	2	97	194	98	194
minecraft:white_concrete_powder	1	99	194	99	194
minecraft:white_concrete_powder	1	102	194	102	194
minecraft:birch_wood	1	103	194	103	194
minecraft:cobblestone	67	87	194	106	203
minecraft:stone	8	113	194	116	195
minecraft:cyan_terracotta	1	119	194	119	194
minecraft:birch_wood	1	120	194	120	194
minecraft:white_concrete_powder	1	121	194	121	194
minecraft:diorite	1	132	194	132	194
minecraft:white_concrete_powder	4	135	194	137	195
minecraft:pale_moss_block	72	132	194	144	208
minecraft:birch_wood	10	151	194	153	198
minecraft:white_concrete_powder	1	152	194	152	194
minecraft:cobblestone	1	153	194	153	194
minecraft:cobblestone	1	159	194	159	194
minecraft:white_concrete_powder	2	162	194	162	195
minecraft:white_concrete_powder	6	184	194	186	196
minecraft:andesite	1	195	194	195	194
minecraft:birch_wood	2	203	194	204	194
minecraft:pale_moss_block	5	227	194	229	195
minecraft:white_concrete_powder	1	233	194	233	194
minecraft:mud	1	235	194	235	194
minecraft:pale_moss_block	53	241	194	251	203
minecraft:acacia_wood	3	252	194	253	195
minecraft:mud	3	258	194	260	194
minecraft:pale_oak_wood	15	280	194	283	199
minecraft:cyan_terracotta	10	314	194	317	198
minecraft:cyan_terracotta	6	328	194	331	196
minecraft:pale_moss_block	1	341	194	341	194
minecraft:acacia_wood	5	345	194	346	197
minecraft:pale_moss_block	14	0	195	2	202
minecraft:stone	1	41	195	41	195
minecraft:cyan_terracotta	2	62	195	63	195
minecraft:acacia_wood	1	73	195	73	195
minecraft:acacia_wood	1	84	195	84	195
minecraft:pale_oak_wood	1	86	195	86	195
minecraft:acacia_wood	1	89	195	89	195
minecraft:white_concrete_powder	1	90	195	90	195
minecraft:birch_wood	21	90	195	97	199
minecraft:cobblestone	2	93	195	94	195
minecraft:white_concrete_powder	5	96	195	99	196
minecraft:birch_wood	1	99	195	99	195
minecraft:white_concrete_powder	2	100	195	101	195
minecraft:birch_wood	1	102	195	102	195
minecraft:stone	1	105	195	105	195
minecraft:pale_moss_block	2	106	195	107	195
minecraft:white_concrete_powder	59	113	195	122	205
minecraft:birch_wood	1	121	195	121	195
minecraft:white_concrete_powder	1	122	195	122	195
minecraft:diorite	6	130	195	132	198
minecraft:cobblestone	1	158	195	158	195
minecraft:stone	3	159	195	160	196
minecraft:cobblestone	1	160	195	160	195
minecraft:birch_wood	6	172	195	174	197
minecraft:snow_block	3	180	195	182	195
minecraft:white_concrete_powder	1	183	195	183	195
minecraft:light_gray_wool	1	190	195	190	195
minecraft:white_concrete_powder	1	204	195	204	195
minecraft:light_gray_wool	11	236	195	239	199
minecraft:blackstone	1	254	195	254	195
minecraft:pale_oak_wood	3	259	195	260	196
minecraft:acacia_wood	1	264	195	264	195
minecraft:birch_wood	1	268	195	268	195
minecraft:pale_oak_wood	5	301	195	302	197
minecraft:mud	1	302	195	302	195
minecraft:pale_moss_block	44	331	195	342	200
minecraft:pale_moss_block	1	3	196	3	196
minecraft:acacia_wood	1	13	196	13	196
minecraft:stone	1	15	196	15	196
minecraft:stone	1	18	196	18	196
minecraft:acacia_wood	2	37	196	37	197
minecraft:stone	6	38	196	39	199
minecraft:stone	47	39	196	45	210
minecraft:stone	1	46	196	46	196
minecraft:stone	1	55	196	55	196
minecraft:cyan_terracotta	1	60	196	60	196
minecraft:basalt	1	63	196	63	196
minecraft:cyan_terracotta	1	69	196	69	196
minecraft:cyan_terracotta	1	71	196	71	196
minecraft:cobblestone	49	77	196	86	204
minecraft:pale_oak_wood	1	87	196	87	196
minecraft:birch_wood	1	90	196	90	196
minecraft:white_concrete_powder	1	91	196	91	196
minecraft:diorite	1	93	196	93	196
minecraft:birch_wood	1	118	196	118	196
minecraft:birch_wood	1	122	196	122	196
minecraft:cobblestone	21	126	196	130	202
minecraft:cobblestone	34	127	196	136	208
minecraft:diorite	1	147	196	147	196
minecraft:diorite	2	153	196	153	197
minecraft:snow_block	4	177	196	178	198
minecraft:snow_block	1	179	196	179	196
minecraft:white_concrete_powder	13	177	196	182	199
minecraft:birch_wood	1	183	196	183	196
minecraft:birch_wood	7	206	196	209	198
minecraft:cyan_terracotta	1	225	196	225	196
minecraft:acacia_wood	2	247	196	248	196
minecraft:mud	3	252	196	253	197
minecraft:pale_oak_wood	1	254	196	254	196
minecraft:blackstone	1	255	196	255	196
minecraft:mud	3	259	196	260	197
minecraft:stone	1	265	196	265	196
minecraft:pale_oak_wood	1	285	196	285	196
minecraft:pale_moss_block	2	297	196	298	196
minecraft:smooth_basalt	1	300	196	300	196
minecraft:pale_moss_block	42	313	196	323	203
minecraft:stone	39	321	196	331	201
minecraft:acacia_wood	1	334	196	334	196
minecraft:grass_block	2	338	196	339	196
minecraft:stone	10	339	196	344	199
minecraft:pale_moss_block	1	4	197	4	197
minecraft:stone	2	10	197	11	197
minecraft:stone	1	17	197	17	197
minecraft:acacia_wood	1	40	197	40	197
minecraft:basalt	1	58	197	58	197
minecraft:acacia_wood	3	59	197	60	198
minecraft:stone	202	53	197	84	217
minecraft:andesite	6	85	197	86	200
minecraft:white_concrete_powder	1	90	197	90	197
minecraft:stone	1	99	197	99	197
minecraft:pale_moss_block	15	122	197	124	203
minecraft:birch_wood	1	132	197	132	197
minecraft:stone	1	137	197	137	197
minecraft:birch_wood	2	148	197	149	197
minecraft:cobblestone	1	150	197	150	197
minecraft:birch_wood	2	181	197	182	197
minecraft:andesite	1	196	197	196	197
minecraft:cobblestone	1	197	197	197	197
minecraft:andesite	1	205	197	205	197
minecraft:diorite	7	234	197	236	199
minecraft:acacia_wood	11	252	197	255	200
minecraft:blackstone	1	257	197	257	197
minecraft:pale_oak_wood	1	261	197	261	197
minecraft:birch_wood	2	264	197	265	197
minecraft:stone	1	266	197	266	197
minecraft:mud	1	300	197	300	197
minecraft:pale_moss_block	1	308	197	308	197
minecraft:acacia_wood	1	310	197	310	197
minecraft:moss_block	11	311	197	314	201
minecraft:cyan_terracotta	1	313	197	313	197
minecraft:smooth_basalt	1	345	197	345	197
minecraft:stone	5	14	198	16	200
minecraft:stone	1	24	198	24	198
minecraft:cobblestone	17	25	198	31	201
minecraft:cobblestone	2	33	198	34	198
minecraft:pale_oak_wood	2	36	198	37	198
minecraft:acacia_wood	2	39	198	39	199
minecraft:stone	2	57	198	57	199
minecraft:andesite	1	81	198	81	198
minecraft:diorite	1	95	198	95	198
minecraft:birch_wood	13	117	198	121	201
minecraft:birch_wood	1	131	198	131	198
minecraft:stone	1	136	198	136	198
minecraft:stone	1	138	198	138	198
minecraft:cobblestone	2	149	198	149	199
minecraft:stone	1	150	198	150	198
minecraft:cobblestone	2	151	198	151	199
minecraft:white_concrete_powder	1	154	198	154	198
minecraft:diorite	1	155	198	155	198
minecraft:stone	9	159	198	162	200
minecraft:birch_wood	21	181	198	189	203
minecraft:andesite	1	206	198	206	198
minecraft:white_concrete_powder	1	207	198	207	198
minecraft:white_concrete_powder	1	248	198	248	198
minecraft:blackstone	1	256	198	256	198
minecraft:pale_oak_wood	14	255	198	257	204
minecraft:mud	1	258	198	258	198
minecraft:acacia_wood	2	259	198	259	199
minecraft:pale_oak_wood	47	260	198	268	209
minecraft:mud	1	261	198	261	198
minecraft:acacia_wood	5	264	198	266	200
minecraft:stone	1	267	198	267	198
minecraft:stone	2	271	198	272	198
minecraft:stone	1	274	198	274	198
minecraft:acacia_wood	1	299	198	299	198
minecraft:pale_oak_wood	16	299	198	303	202
minecraft:mud	2	301	198	302	198
minecraft:cyan_terracotta	7	307	198	310	200
minecraft:acacia_wood	2	308	198	309	198
minecraft:grass_block	4	321	198	323	199
minecraft:acacia_wood	7	343	198	347	200
minecraft:pale_oak_wood	2	346	198	347	198
minecraft:acacia_wood	2	348	198	349	198
minecraft:acacia_wood	2	0	199	0	200
minecraft:stone	2	10	199	11	199
minecraft:cobblestone	1	32	199	32	199
minecraft:acacia_wood	6	34	199	37	201
minecraft:cobblestone	21	38	199	42	206
minecraft:stone	1	55	199	55	199
minecraft:acacia_wood	1	72	199	72	199
minecraft:diorite	2	92	199	93	199
minecraft:pale_moss_block	1	108	199	108	199
minecraft:birch_wood	2	130	199	130	200
minecraft:stone	6	132	199	135	201
minecraft:birch_wood	3	146	199	147	200
minecraft:birch_wood	1	150	199	150	199
minecraft:white_concrete_powder	3	152	199	153	200
minecraft:cobblestone	1	154	199	154	199
minecraft:birch_wood	1	155	199	155	199
minecraft:white_concrete_powder	2	156	199	157	199
minecraft:cobblestone	2	158	199	158	200
minecraft:birch_wood	1	164	199	164	199
minecraft:birch_wood	1	173	199	173	199
minecraft:snow_block	8	175	199	177	202
minecraft:birch_wood	4	178	199	180	200
minecraft:snow_block	1	182	199	182	199
minecraft:white_concrete_powder	3	182	199	183	200
minecraft:diorite	1	187	199	187	199
minecraft:diorite	3	189	199	190	200
minecraft:stone	133	186	199	200	221
minecraft:cobblestone	1	198	199	198	199
minecraft:stone	7	198	199	202	201
minecraft:stone	1	212	199	212	199
minecraft:stone	1	238	199	238	199
minecraft:acacia_wood	8	236	199	239	202
minecraft:cyan_terracotta	13	238	199	241	204
minecraft:white_concrete_powder	1	249	199	249	199
minecraft:stone	150	233	199	264	218
minecraft:blackstone	1	258	199	258	199
minecraft:mud	1	262	199	262	199
minecraft:stone	1	266	199	266	199
minecraft:acacia_wood	1	267	199	267	199
minecraft:stone	5	267	199	270	200
minecraft:cyan_terracotta	1	277	199	277	199
minecraft:stone	1	286	199	286	199
minecraft:cyan_terracotta	1	314	199	314	199
minecraft:acacia_wood	1	341	199	341	199
minecraft:pale_oak_wood	1	342	199	342	199
minecraft:mud	1	343	199	343	199
minecraft:smooth_basalt	1	344	199	344	199
minecraft:grass_block	44	341	199	349	207
minecraft:acacia_wood	3	9	200	10	201
minecraft:stone	29	20	200	27	205
minecraft:stone	1	37	200	37	200
minecraft:acacia_wood	5	36	200	38	202
minecraft:cyan_terracotta	1	45	200	45	200
minecraft:cyan_terracotta	1	47	200	47	200
minecraft:acacia_wood	47	46	200	53	209
minecraft:stone	1	54	200	54	200
minecraft:pale_moss_block	1	55	200	55	200
minecraft:pale_moss_block	1	57	200	57	200
minecraft:andesite	5	86	200	88	202
minecraft:pale_moss_block	92	102	200	111	217
minecraft:stone	1	108	200	108	200
minecraft:pale_moss_block	1	109	200	109	200
minecraft:birch_wood	11	109	200	112	206
minecraft:birch_wood	1	112	200	112	200
minecraft:diorite	1	129	200	129	200
minecraft:white_concrete_powder	9	140	200	143	203
minecraft:birch_wood	1	145	200	145	200
minecraft:diorite	1	146	200	146	200
minecraft:cobblestone	2	148	200	148	201
minecraft:stone	1	149	200	149	200
minecraft:cobblestone	1	150	200	150	200
minecraft:diorite	33	147	200	152	209
minecraft:birch_wood	1	152	200	152	200
minecraft:snow_block	2	154	200	155	200
minecraft:stone	13	153	200	157	203
minecraft:acacia_wood	4	160	200	161	202
minecraft:white_concrete_powder	2	166	200	166	201
minecraft:cobblestone	1	171	200	171	200
minecraft:stone	38	164	200	173	208
minecraft:white_concrete_powder	1	180	200	180	200
minecraft:snow_block	1	181	200	181	200
minecraft:white_concrete_powder	1	185	200	185	200
minecraft:andesite	1	195	200	195	200
minecraft:andesite	1	197	200	197	200
minecraft:mud	4	258	200	259	201
minecraft:acacia_wood	30	258	200	262	208
minecraft:acacia_wood	1	263	200	263	200
minecraft:stone	76	271	200	283	214
minecraft:acacia_wood	1	281	200	281	200
minecraft:pale_moss_block	132	280	200	297	215
minecraft:cyan_terracotta	1	286	200	286	200
minecraft:cyan_terracotta	1	294	200	294	200
minecraft:acacia_wood	16	298	200	304	205
minecraft:acacia_wood	2	307	200	307	201
minecraft:stone	1	308	200	308	200
minecraft:pale_moss_block	21	307	200	312	206
minecraft:grass_block	2	318	200	319	200
minecraft:acacia_wood	3	338	200	340	200
minecraft:mud	1	341	200	341	200
minecraft:pale_oak_wood	3	343	200	345	200
minecraft:stone	1	13	201	13	201
minecraft:moss_block	1	24	201	24	201
minecraft:cyan_terracotta	4	33	201	34	202
minecraft:stone	1	36	201	36	201
minecraft:acacia_wood	1	44	201	44	201
minecraft:stone	1	53	201	53	201
minecraft:pale_moss_block	2	54	201	54	202
minecraft:pale_moss_block	1	59	201	59	201
minecraft:cobblestone	1	108	201	108	201
minecraft:stone	1	109	201	109	201
minecraft:white_concrete_powder	1	111	201	111	201
minecraft:diorite	3	112	201	113	202
minecraft:birch_wood	11	126	201	129	206
minecraft:birch_wood	1	146	201	146	201
minecraft:stone	1	147	201	147	201
minecraft:cobblestone	12	151	201	155	205
minecraft:pale_moss_block	4	158	201	159	203
minecraft:cobblestone	1	170	201	170	201
minecraft:white_concrete_powder	54	175	201	187	211
minecraft:birch_wood	1	180	201	180	201
minecraft:white_concrete_powder	1	181	201	181	201
minecraft:diorite	1	188	201	188	201
minecraft:birch_wood	3	189	201	190	202
minecraft:cobblestone	1	197	201	197	201
minecraft:pale_moss_block	1	201	201	201	201
minecraft:stone	1	202	201	202	201
minecraft:stone	3	212	201	213	202
minecraft:stone	1	245	201	245	201
minecraft:birch_wood	1	251	201	251	201
minecraft:acacia_wood	28	266	201	272	208
minecraft:mud	1	271	201	271	201
minecraft:stone	1	272	201	272	201
minecraft:stone	1	278	201	278	201
minecraft:acacia_wood	1	279	201	279	201
minecraft:stone	3	288	201	289	202
minecraft:cyan_terracotta	1	292	201	292	201
minecraft:cyan_terracotta	1	295	201	295	201
minecraft:stone	2	298	201	298	202
minecraft:acacia_wood	2	303	201	303	202
minecraft:cyan_terracotta	26	311	201	319	205
minecraft:stone	1	323	201	323	201
minecraft:acacia_wood	14	324	201	330	203
minecraft:pale_oak_wood	1	328	201	328	201
minecraft:cyan_terracotta	6	331	201	336	201
minecraft:acacia_wood	1	337	201	337	201
minecraft:mud	7	338	201	340	203
minecraft:moss_block	1	23	202	23	202
minecraft:pale_moss_block	31	19	202	30	208
minecraft:stone	1	30	202	30	202
minecraft:pale_moss_block	2	31	202	32	202
minecraft:pale_moss_block	1	35	202	35	202
minecraft:stone	1	38	202	38	202
minecraft:cyan_terracotta	1	45	202	45	202
minecraft:cobblestone	5	64	202	67	203
minecraft:stone	1	73	202	73	202
minecraft:stone	1	108	202	108	202
minecraft:birch_wood	4	113	202	114	204
minecraft:snow_block	1	120	202	120	202
minecraft:snow_block	1	139	202	139	202
minecraft:birch_wood	2	143	202	144	202
minecraft:diorite	1	146	202	146	202
minecraft:cobblestone	1	147	202	147	202
minecraft:stone	1	148	202	148	202
minecraft:cobblestone	1	149	202	149	202
minecraft:birch_wood	1	151	202	151	202
minecraft:pale_moss_block	1	157	202	157	202
minecraft:cyan_terracotta	1	158	202	158	202
minecraft:cyan_terracotta	2	160	202	160	203
minecraft:stone	1	170	202	170	202
minecraft:cobblestone	1	171	202	171	202
minecraft:white_concrete_powder	2	187	202	188	202
minecraft:stone	1	200	202	200	202
minecraft:cobblestone	5	200	202	202	204
minecraft:stone	1	203	202	203	202
minecraft:pale_moss_block	27	225	202	231	210
minecraft:white_concrete_powder	1	252	202	252	202
minecraft:stone	2	271	202	271	203
minecraft:acacia_wood	1	280	202	280	202
minecraft:acacia_wood	10	319	202	322	205
minecraft:cyan_terracotta	55	323	202	347	209
minecraft:mud	14	329	202	335	204
minecraft:blackstone	17	334	202	339	205
minecraft:stone	1	10	203	10	203
minecraft:cyan_terracotta	16	11	203	18	206
minecraft:cyan_terracotta	12	30	203	33	207
minecraft:pale_moss_block	3	33	203	34	204
minecraft:cyan_terracotta	1	35	203	35	203
minecraft:stone	11	36	203	38	209
minecraft:stone	1	40	203	40	203
minecraft:acacia_wood	1	44	203	44	203
minecraft:pale_moss_block	19	43	203	47	211
minecraft:stone	1	54	203	54	203
minecraft:pale_moss_block	1	55	203	55	203
minecraft:stone	1	66	203	66	203
minecraft:pale_moss_block	4	67	203	69	204
minecraft:white_concrete_powder	13	108	203	110	208
minecraft:white_concrete_powder	4	112	203	113	205
minecraft:snow_block	1	117	203	117	203
minecraft:stone	10	119	203	123	206
minecraft:stone	1	133	203	133	203
minecraft:stone	23	141	203	146	211
minecraft:diorite	3	144	203	145	204
minecraft:stone	1	146	203	146	203
minecraft:andesite	1	147	203	147	203
minecraft:pale_moss_block	1	156	203	156	203
minecraft:cyan_terracotta	1	157	203	157	203
minecraft:white_concrete_powder	25	155	203	161	211
minecraft:stone	1	161	203	161	203
minecraft:snow_block	1	174	203	174	203
minecraft:birch_wood	1	179	203	179	203
minecraft:snow_block	2	183	203	184	203
minecraft:stone	1	202	203	202	203
minecraft:stone	1	205	203	205	203
minecraft:acacia_wood	1	235	203	235	203
minecraft:cyan_terracotta	1	236	203	236	203
minecraft:birch_wood	1	237	203	237	203
minecraft:acacia_wood	1	239	203	239	203
minecraft:pale_moss_block	1	241	203	241	203
minecraft:cyan_terracotta	4	242	203	244	204
minecraft:cobblestone	1	248	203	248	203
minecraft:mud	2	272	203	273	203
minecraft:pale_oak_wood	1	303	203	303	203
minecraft:stone	1	304	203	304	203
minecraft:acacia_wood	1	305	203	305	203
minecraft:cyan_terracotta	1	308	203	308	203
minecraft:cyan_terracotta	1	321	203	321	203
minecraft:mud	3	325	203	326	204
minecraft:smooth_basalt	4	327	203	329	204
minecraft:acacia_wood	14	340	203	344	207
minecraft:pale_moss_block	1	16	204	16	204
minecraft:cyan_terracotta	1	29	204	29	204
minecraft:cyan_terracotta	1	34	204	34	204
minecraft:pale_moss_block	11	34	204	36	208
minecraft:pale_moss_block	2	53	204	54	204
minecraft:cobblestone	3	60	204	61	205
minecraft:cyan_terracotta	2	66	204	67	204
minecraft:pale_moss_block	1	81	204	81	204
minecraft:stone	1	107	204	107	204
minecraft:birch_wood	1	109	204	109	204
minecraft:birch_wood	4	116	204	118	205
minecraft:cobblestone	2	124	204	124	205
minecraft:cobblestone	1	126	204	126	204
minecraft:stone	28	128	204	133	216
minecraft:birch_wood	1	138	204	138	204
minecraft:white_concrete_powder	18	138	204	141	210
minecraft:andesite	1	146	204	146	204
minecraft:stone	1	147	204	147	204
minecraft:birch_wood	2	160	204	161	204
minecraft:white_concrete_powder	16	174	204	178	211
minecraft:snow_block	1	175	204	175	204
minecraft:birch_wood	59	177	204	192	222
minecraft:stone	1	201	204	201	204
minecraft:cobblestone	1	202	204	202	204
minecraft:stone	5	202	204	204	206
minecraft:andesite	12	210	204	215	206
minecraft:stone	1	213	204	213	204
minecraft:cyan_terracotta	1	235	204	235	204
minecraft:snow_block	1	236	204	236	204
minecraft:white_concrete_powder	1	237	204	237	204
minecraft:pale_moss_block	8	238	204	240	207
minecraft:acacia_wood	6	241	204	244	205
minecraft:cobblestone	3	249	204	251	204
minecraft:birch_wood	1	253	204	253	204
minecraft:mud	1	260	204	260	204
minecraft:mud	1	274	204	274	204
minecraft:acacia_wood	1	297	204	297	204
minecraft:cyan_terracotta	1	309	204	309	204
minecraft:blackstone	1	333	204	333	204
minecraft:cyan_terracotta	1	27	205	27	205
minecraft:acacia_wood	6	27	205	29	207
minecraft:pale_moss_block	1	61	205	61	205
minecraft:cyan_terracotta	3	61	205	62	206
minecraft:acacia_wood	4	63	205	65	206
minecraft:stone	1	66	205	66	205
minecraft:cobblestone	41	60	205	69	213
minecraft:pale_moss_block	32	77	205	87	211
minecraft:birch_wood	1	107	205	107	205
minecraft:snow_block	16	111	205	115	210
minecraft:birch_wood	4	141	205	142	207
minecraft:diorite	1	144	205	144	205
minecraft:andesite	1	147	205	147	205
minecraft:birch_wood	1	155	205	155	205
minecraft:snow_block	1	170	205	170	205
minecraft:white_concrete_powder	3	170	205	171	206
minecraft:snow_block	1	176	205	176	205
minecraft:birch_wood	6	177	205	178	208
minecraft:snow_block	1	183	205	183	205
minecraft:birch_wood	2	186	205	186	206
minecraft:diorite	1	190	205	190	205
minecraft:pale_moss_block	9	197	205	200	208
minecraft:cobblestone	2	201	205	201	206
minecraft:white_concrete_powder	1	218	205	218	205
minecraft:cyan_terracotta	1	222	205	222	205
minecraft:basalt	14	223	205	225	212
minecraft:pale_moss_block	8	231	205	235	207
minecraft:white_concrete_powder	2	236	205	236	206
minecraft:birch_wood	2	237	205	238	205
minecraft:andesite	38	250	205	261	218
minecraft:diorite	1	254	205	254	205
minecraft:smooth_basalt	1	260	205	260	205
minecraft:acacia_wood	2	298	205	298	206
minecraft:pale_moss_block	116	311	205	335	212
minecraft:moss_block	1	345	205	345	205
minecraft:moss_block	23	10	206	16	210
minecraft:acacia_wood	3	18	206	19	207
minecraft:basalt	8	26	206	30	209
minecraft:pale_moss_block	1	33	206	33	206
minecraft:basalt	1	34	206	34	206
minecraft:pale_moss_block	127	38	206	54	229
minecraft:mud	14	59	206	64	210
minecraft:white_concrete_powder	1	116	206	116	206
minecraft:pale_moss_block	1	117	206	117	206
minecraft:cyan_terracotta	1	118	206	118	206
minecraft:cobblestone	2	121	206	122	206
minecraft:birch_wood	4	123	206	125	207
minecraft:white_concrete_powder	1	126	206	126	206
minecraft:snow_block	4	137	206	138	208
minecraft:birch_wood	1	144	206	144	206
minecraft:cobblestone	1	145	206	145	206
minecraft:stone	2	152	206	153	206
minecraft:white_concrete_powder	6	153	206	155	208
minecraft:birch_wood	2	156	206	156	207
minecraft:birch_wood	1	158	206	158	206
minecraft:diorite	11	179	206	181	212
minecraft:birch_wood	11	180	206	184	208
minecraft:diorite	11	191	206	194	209
minecraft:stone	1	198	206	198	206
minecraft:cobblestone	1	199	206	199	206
minecraft:cobblestone	1	203	206	203	206
minecraft:stone	10	203	206	207	209
minecraft:stone	1	209	206	209	206
minecraft:cobblestone	17	209	206	216	208
minecraft:acacia_wood	1	226	206	226	206
minecraft:cyan_terracotta	9	225	206	227	212
minecraft:cyan_terracotta	1	232	206	232	206
minecraft:snow_block	9	234	206	236	210
minecraft:diorite	1	237	206	237	206
minecraft:mud	2	238	206	238	207
minecraft:diorite	1	243	206	243	206
minecraft:acacia_wood	1	248	206	248	206
minecraft:pale_oak_wood	1	249	206	249	206
minecraft:stone	1	250	206	250	206
minecraft:stone	3	269	206	270	207
minecraft:mud	1	275	206	275	206
minecraft:stone	2	321	206	322	206
minecraft:acacia_wood	1	346	206	346	206
minecraft:moss_block	3	347	206	348	207
minecraft:acacia_wood	2	5	207	6	207
minecraft:stone	1	9	207	9	207
minecraft:basalt	1	16	207	16	207
minecraft:stone	2	23	207	24	207
minecraft:moss_block	1	31	207	31	207
minecraft:cobblestone	1	38	207	38	207
minecraft:acacia_wood	1	41	207	41	207
minecraft:pale_oak_wood	1	97	207	97	207
minecraft:white_concrete_powder	1	107	207	107	207
minecraft:birch_wood	8	108	207	110	211
minecraft:acacia_wood	2	115	207	115	208
minecraft:pale_moss_block	2	116	207	116	208
minecraft:cobblestone	8	117	207	120	210
minecraft:birch_wood	2	121	207	121	208
minecraft:diorite	35	117	207	125	213
minecraft:diorite	2	126	207	127	207
minecraft:acacia_wood	2	131	207	131	208
minecraft:white_concrete_powder	4	136	207	137	209
minecraft:diorite	1	142	207	142	207
minecraft:snow_block	17	157	207	162	210
minecraft:cobblestone	159	169	207	181	240
minecraft:stone	2	174	207	174	208
minecraft:birch_wood	1	176	207	176	207
minecraft:diorite	1	177	207	177	207
minecraft:white_concrete_powder	1	183	207	183	207
minecraft:stone	18	200	207	204	213
minecraft:pale_moss_block	1	202	207	202	207
minecraft:cobblestone	1	207	207	207	207
minecraft:stone	1	208	207	208	207
minecraft:acacia_wood	34	218	207	223	217
minecraft:white_concrete_powder	1	237	207	237	207
minecraft:pale_oak_wood	2	250	207	250	208
minecraft:stone	1	251	207	251	207
minecraft:diorite	1	255	207	255	207
minecraft:acacia_wood	1	275	207	275	207
minecraft:pale_oak_wood	1	302	207	302	207
minecraft:grass_block	6	314	207	315	210
minecraft:basalt	2	336	207	337	207
minecraft:pale_moss_block	1	2	208	2	208
minecraft:cyan_terracotta	1	3	208	3	208
minecraft:acacia_wood	8	6	208	9	211
minecraft:stone	30	14	208	24	213
minecraft:moss_block	80	20	208	31	220
minecraft:basalt	1	31	208	31	208
minecraft:acacia_wood	4	32	208	33	210
minecraft:basalt	1	33	208	33	208
minecraft:stone	1	34	208	34	208
minecraft:pale_moss_block	41	31	208	43	217
minecraft:acacia_wood	3	40	208	40	210
minecraft:pale_moss_block	1	78	208	78	208
minecraft:birch_wood	2	126	208	126	209
minecraft:birch_wood	5	132	208	135	209
minecraft:diorite	1	141	208	141	208
minecraft:cobblestone	6	144	208	145	211
minecraft:birch_wood	17	144	208	150	213
minecraft:birch_wood	4	153	208	155	209
minecraft:birch_wood	2	185	208	185	209
minecraft:white_concrete_powder	5	188	208	190	210
minecraft:cobblestone	6	198	208	200	211
minecraft:birch_wood	1	203	208	203	208
minecraft:cobblestone	1	204	208	204	208
minecraft:cobblestone	1	206	208	206	208
minecraft:stone	1	207	208	207	208
minecraft:cobblestone	1	208	208	208	208
minecraft:pale_moss_block	1	209	208	209	208
minecraft:pale_moss_block	1	211	208	211	208
minecraft:stone	1	229	208	229	208
minecraft:acacia_wood	1	230	208	230	208
minecraft:cyan_terracotta	25	228	208	231	218
minecraft:basalt	4	232	208	232	211
minecraft:acacia_wood	2	233	208	233	209
minecraft:birch_wood	1	237	208	237	208
minecraft:pale_moss_block	1	238	208	238	208
minecraft:mud	1	239	208	239	208
minecraft:mud	1	244	208	244	208
minecraft:acacia_wood	6	247	208	249	210
minecraft:light_gray_wool	4	250	208	252	209
minecraft:mud	11	264	208	268	212
minecraft:pale_oak_wood	3	266	208	266	210
minecraft:pale_oak_wood	18	267	208	272	213
minecraft:acacia_wood	1	270	208	270	208
minecraft:acacia_wood	4	273	208	275	209
minecraft:basalt	3	282	208	284	208
minecraft:light_gray_wool	22	299	208	303	212
minecraft:moss_block	2	310	208	310	209
minecraft:acacia_wood	2	313	208	313	209
minecraft:grass_block	2	317	208	317	209
minecraft:grass_block	5	328	208	330	210
minecraft:acacia_wood	25	336	208	342	213
minecraft:basalt	2	338	208	339	208
minecraft:acacia_wood	2	348	208	348	209
minecraft:cobblestone	2	349	208	349	209
minecraft:cyan_terracotta	1	2	209	2	209
minecraft:stone	1	10	209	10	209
minecraft:stone	5	12	209	14	211
minecraft:pale_moss_block	1	18	209	18	209
minecraft:acacia_wood	2	25	209	25	210
minecraft:acacia_wood	1	35	209	35	209
minecraft:stone	43	42	209	50	218
minecraft:smooth_basalt	8	57	209	59	212
minecraft:pale_moss_block	1	72	209	72	209
minecraft:mud	26	86	209	96	213
minecraft:acacia_wood	1	98	209	98	209
minecraft:acacia_wood	1	101	209	101	209
minecraft:white_concrete_powder	3	111	209	111	211
minecraft:basalt	1	114	209	114	209
minecraft:pale_moss_block	1	115	209	115	209
minecraft:stone	6	115	209	116	212
minecraft:andesite	16	121	209	127	213
minecraft:diorite	10	130	209	133	212
minecraft:snow_block	1	138	209	138	209
minecraft:white_concrete_powder	1	147	209	147	209
minecraft:acacia_wood	1	162	209	162	209
minecraft:stone	51	162	209	171	222
minecraft:birch_wood	3	179	209	179	211
minecraft:birch_wood	1	181	209	181	209
minecraft:diorite	1	182	209	182	209
minecraft:birch_wood	1	204	209	204	209
minecraft:cobblestone	1	207	209	207	209
minecraft:pale_moss_block	84	199	209	213	219
minecraft:stone	1	209	209	209	209
minecraft:stone	116	211	209	226	228
minecraft:stone	1	228	209	228	209
minecraft:acacia_wood	1	229	209	229	209
minecraft:white_concrete_powder	3	236	209	237	210
minecraft:mud	15	234	209	239	214
minecraft:pale_moss_block	1	239	209	239	209
minecraft:mud	2	240	209	241	209
minecraft:pale_oak_wood	9	248	209	252	211
minecraft:blackstone	1	267	209	267	209
minecraft:acacia_wood	3	267	209	268	210
minecraft:basalt	1	281	209	281	209
minecraft:acacia_wood	10	281	209	285	211
minecraft:basalt	1	285	209	285	209
minecraft:cyan_terracotta	1	286	209	286	209
minecraft:mud	1	289	209	289	209
minecraft:grass_block	3	321	209	322	210
minecraft:grass_block	1	324	209	324	209
minecraft:pale_moss_block	31	341	209	349	215
minecraft:pale_moss_block	4	20	210	21	212
minecraft:pale_moss_block	1	23	210	23	210
minecraft:basalt	1	24	210	24	210
minecraft:basalt	2	32	210	32	211
minecraft:stone	1	35	210	35	210
minecraft:cobblestone	4	71	210	73	211
minecraft:acacia_wood	1	96	210	96	210
minecraft:pale_oak_wood	1	97	210	97	210
minecraft:stone	1	98	210	98	210
minecraft:acacia_wood	1	99	210	99	210
minecraft:white_concrete_powder	7	108	210	109	214
minecraft:basalt	1	113	210	113	210
minecraft:acacia_wood	1	114	210	114	210
minecraft:birch_wood	13	116	210	119	215
minecraft:birch_wood	1	131	210	131	210
minecraft:birch_wood	21	132	210	138	215
minecraft:white_concrete_powder	2	134	210	135	210
minecraft:pale_moss_block	1	136	210	136	210
minecraft:pale_moss_block	6	140	210	142	212
minecraft:white_concrete_powder	3	148	210	149	211
minecraft:diorite	1	150	210	150	210
minecraft:cobblestone	1	151	210	151	210
minecraft:stone	7	150	210	152	213
minecraft:cobblestone	10	153	210	157	213
minecraft:birch_wood	2	176	210	176	211
minecraft:birch_wood	1	192	210	192	210
minecraft:cobblestone	5	204	210	206	211
minecraft:acacia_wood	1	228	210	228	210
minecraft:pale_moss_block	13	231	210	234	216
minecraft:pale_moss_block	1	245	210	245	210
minecraft:acacia_wood	1	246	210	246	210
minecraft:stone	6	245	210	247	213
minecraft:acacia_wood	3	262	210	263	211
minecraft:pale_oak_wood	1	264	210	264	210
minecraft:pale_moss_block	4	279	210	280	212
minecraft:cyan_terracotta	1	280	210	280	210
minecraft:mud	224	287	210	327	245
minecraft:stone	19	315	210	323	213
minecraft:moss_block	2	331	210	332	210
minecraft:stone	4	348	210	349	211
minecraft:cyan_terracotta	1	0	211	0	211
minecraft:cobblestone	1	3	211	3	211
minecraft:stone	1	11	211	11	211
minecraft:pale_moss_block	1	14	211	14	211
minecraft:pale_moss_block	1	18	211	18	211
minecraft:acacia_wood	4	22	211	24	212
minecraft:stone	1	43	211	43	211
minecraft:acacia_wood	1	50	211	50	211
minecraft:mud	4	56	211	57	213
minecraft:pale_moss_block	1	69	211	69	211
minecraft:acacia_wood	1	94	211	94	211
minecraft:acacia_wood	1	98	211	98	211
minecraft:stone	1	99	211	99	211
minecraft:acacia_wood	1	100	211	100	211
minecraft:cyan_terracotta	1	112	211	112	211
minecraft:acacia_wood	1	113	211	113	211
minecraft:pale_moss_block	4	113	211	114	213
minecraft:white_concrete_powder	1	136	211	136	211
minecraft:stone	4	139	211	140	213
minecraft:diorite	1	145	211	145	211
minecraft:birch_wood	1	150	211	150	211
minecraft:stone	17	154	211	160	215
minecraft:white_concrete_powder	1	162	211	162	211
minecraft:stone	1	207	211	207	211
minecraft:pale_moss_block	1	217	211	217	211
minecraft:pale_moss_block	1	226	211	226	211
minecraft:stone	7	226	211	228	214
minecraft:acacia_wood	9	241	211	245	214
minecraft:stone	1	251	211	251	211
minecraft:light_gray_wool	1	253	211	253	211
minecraft:diorite	1	258	211	258	211
minecraft:birch_wood	8	259	211	261	214
minecraft:basalt	2	281	211	282	211
minecraft:basalt	1	286	211	286	211
minecraft:mud	1	288	211	288	211
minecraft:stone	1	291	211	291	211
minecraft:stone	1	293	211	293	211
minecraft:moss_block	6	333	211	336	212
minecraft:moss_block	1	338	211	338	211
minecraft:stone	9	0	212	4	215
minecraft:acacia_wood	2	32	212	32	213
minecraft:stone	25	34	212	40	218
minecraft:pale_moss_block	2	55	212	55	213
minecraft:stone	135	50	212	72	226
minecraft:pale_moss_block	1	68	212	68	212
minecraft:stone	1	69	212	69	212
minecraft:pale_moss_block	24	63	212	71	217
minecraft:cobblestone	1	72	212	72	212
minecraft:pale_moss_block	1	74	212	74	212
minecraft:cobblestone	46	72	212	79	224
minecraft:pale_moss_block	1	76	212	76	212
minecraft:cobblestone	1	89	212	89	212
minecraft:acacia_wood	1	96	212	96	212
minecraft:acacia_wood	2	99	212	99	213
minecraft:birch_wood	1	109	212	109	212
minecraft:white_concrete_powder	1	110	212	110	212
minecraft:cyan_terracotta	1	111	212	111	212
minecraft:acacia_wood	1	112	212	112	212
minecraft:stone	149	113	212	135	233
minecraft:pale_oak_wood	2	128	212	128	213
minecraft:light_gray_wool	1	130	212	130	212
minecraft:cobblestone	1	141	212	141	212
minecraft:cobblestone	5	142	212	143	215
minecraft:cobblestone	19	144	212	149	217
minecraft:acacia_wood	1	152	212	152	212
minecraft:stone	1	153	212	153	212
minecraft:cobblestone	4	165	212	167	213
minecraft:diorite	1	179	212	179	212
minecraft:birch_wood	7	179	212	181	214
minecraft:diorite	1	188	212	188	212
minecraft:acacia_wood	4	205	212	207	213
minecraft:stone	1	206	212	206	212
minecraft:pale_moss_block	1	207	212	207	212
minecraft:stone	1	208	212	208	212
minecraft:acacia_wood	1	228	212	228	212
minecraft:basalt	1	231	212	231	212
minecraft:mud	1	238	212	238	212
minecraft:pale_oak_wood	1	247	212	247	212
minecraft:diorite	56	238	212	251	221
minecraft:acacia_wood	1	252	212	252	212
minecraft:pale_oak_wood	1	253	212	253	212
minecraft:light_gray_wool	1	254	212	254	212
minecraft:stone	1	258	212	258	212
minecraft:pale_oak_wood	1	264	212	264	212
minecraft:acacia_wood	165	270	212	290	236
minecraft:cyan_terracotta	5	279	212	282	213
minecraft:acacia_wood	1	286	212	286	212
minecraft:pale_oak_wood	2	306	212	307	212
minecraft:acacia_wood	9	307	212	310	216
minecraft:cyan_terracotta	4	310	212	312	213
minecraft:mud	3	320	212	322	212
minecraft:pale_moss_block	1	323	212	323	212
minecraft:stone	1	324	212	324	212
minecraft:mud	4	324	212	326	213
minecraft:mud	3	327	212	328	213
minecraft:stone	1	329	212	329	212
minecraft:mud	36	330	212	349	219
minecraft:mud	1	334	212	334	212
minecraft:moss_block	6	342	212	345	213
minecraft:cobblestone	2	0	213	1	213
minecraft:stone	105	3	213	15	230
minecraft:pale_moss_block	1	14	213	14	213
minecraft:pale_moss_block	19	15	213	20	218
minecraft:pale_moss_block	1	20	213	20	213
minecraft:cyan_terracotta	1	28	213	28	213
minecraft:pale_moss_block	1	36	213	36	213
minecraft:cobblestone	1	44	213	44	213
minecraft:smooth_basalt	1	56	213	56	213
minecraft:stone	1	66	213	66	213
minecraft:stone	1	68	213	68	213
minecraft:stone	1	71	213	71	213
minecraft:pale_moss_block	1	72	213	72	213
minecraft:cobblestone	1	79	213	79	213
minecraft:dirt	1	82	213	82	213
minecraft:cobblestone	3	84	213	86	213
minecraft:acacia_wood	1	97	213	97	213
minecraft:acacia_wood	1	101	213	101	213
minecraft:stone	1	114	213	114	213
minecraft:white_concrete_powder	11	111	213	115	217
minecraft:cobblestone	1	132	213	132	213
minecraft:white_concrete_powder	25	132	213	137	220
minecraft:pale_moss_block	25	133	213	141	223
minecraft:stone	1	141	213	141	213
minecraft:diorite	1	145	213	145	213
minecraft:birch_wood	2	152	213	153	213
minecraft:stone	1	178	213	178	213
minecraft:diorite	20	176	213	182	218
minecraft:diorite	1	185	213	185	213
minecraft:pale_moss_block	26	218	213	224	219
minecraft:acacia_wood	1	225	213	225	213
minecraft:pale_moss_block	1	241	213	241	213
minecraft:birch_wood	39	248	213	255	220
minecraft:acacia_wood	2	253	213	254	213
minecraft:stone	1	255	213	255	213
minecraft:cobblestone	1	258	213	258	213
minecraft:diorite	3	261	213	262	214
minecraft:pale_oak_wood	26	265	213	271	220
minecraft:mud	1	269	213	269	213
minecraft:stone	11	290	213	296	216
minecraft:acacia_wood	2	313	213	314	213
minecraft:stone	1	326	213	326	213
minecraft:pale_moss_block	1	329	213	329	213
minecraft:pale_moss_block	1	334	213	334	213
minecraft:pale_moss_block	1	336	213	336	213
minecraft:moss_block	8	347	213	349	216
minecraft:pale_moss_block	8	28	214	29	218
minecraft:stone	2	52	214	52	215
minecraft:smooth_basalt	1	55	214	55	214
minecraft:cyan_terracotta	1	56	214	56	214
minecraft:snow_block	1	114	214	114	214
minecraft:cobblestone	10	118	214	123	216
minecraft:acacia_wood	6	126	214	129	216
minecraft:cobblestone	2	131	214	131	215
minecraft:diorite	2	132	214	133	214
minecraft:birch_wood	2	143	214	143	215
minecraft:diorite	1	144	214	144	214
minecraft:stone	9	146	214	150	217
minecraft:birch_wood	7	150	214	153	216
minecraft:white_concrete_powder	1	152	214	152	214
minecraft:diorite	1	153	214	153	214
minecraft:white_concrete_powder	1	161	214	161	214
minecraft:andesite	1	171	214	171	214
minecraft:stone	1	177	214	177	214
minecraft:diorite	1	186	214	186	214
minecraft:pale_moss_block	10	191	214	196	216
minecraft:cyan_terracotta	5	224	214	225	217
minecraft:acacia_wood	82	225	214	237	228
minecraft:pale_moss_block	1	240	214	240	214
minecraft:pale_oak_wood	1	244	214	244	214
minecraft:white_concrete_powder	1	252	214	252	214
minecraft:diorite	1	254	214	254	214
minecraft:acacia_wood	1	255	214	255	214
minecraft:stone	2	256	214	256	215
minecraft:stone	1	259	214	259	214
minecraft:light_gray_wool	7	261	214	265	216
minecraft:pale_moss_block	1	276	214	276	214
minecraft:mud	4	310	214	312	215
minecraft:smooth_basalt	11	312	214	316	217
minecraft:mud	2	314	214	315	214
minecraft:acacia_wood	35	316	214	323	220
minecraft:stone	2	324	214	325	214
minecraft:acacia_wood	1	326	214	326	214
minecraft:stone	12	323	214	328	217
minecraft:acacia_wood	2	328	214	328	215
minecraft:cyan_terracotta	1	329	214	329	214
minecraft:pale_moss_block	3	330	214	332	214
minecraft:pale_moss_block	1	0	215	0	215
minecraft:stone	9	5	215	7	219
minecraft:pale_moss_block	1	12	215	12	215
minecraft:cobblestone	1	13	215	13	215
minecraft:pale_moss_block	2	26	215	26	216
minecraft:pale_moss_block	1	35	215	35	215
minecraft:moss_block	1	36	215	36	215
minecraft:cobblestone	33	38	215	46	219
minecraft:cyan_terracotta	1	55	215	55	215
minecraft:basalt	1	67	215	67	215
minecraft:acacia_wood	4	68	215	69	217
minecraft:pale_moss_block	1	73	215	73	215
minecraft:pale_moss_block	1	81	215	81	215
minecraft:acacia_wood	1	97	215	97	215
minecraft:stone	1	107	215	107	215
minecraft:snow_block	2	112	215	113	215
minecraft:stone	1	141	215	141	215
minecraft:diorite	18	150	215	156	218
minecraft:birch_wood	56	152	215	163	226
minecraft:white_concrete_powder	5	158	215	160	217
minecraft:birch_wood	1	161	215	161	215
minecraft:acacia_wood	2	162	215	162	216
minecraft:birch_wood	1	176	215	176	215
minecraft:diorite	33	182	215	187	224
minecraft:cyan_terracotta	1	193	215	193	215
minecraft:cyan_terracotta	1	195	215	195	215
minecraft:acacia_wood	2	196	215	197	215
minecraft:acacia_wood	3	205	215	207	215
minecraft:pale_oak_wood	2	241	215	242	215
minecraft:diorite	1	255	215	255	215
minecraft:mud	1	270	215	270	215
minecraft:smooth_basalt	1	272	215	272	215
minecraft:stone	1	275	215	275	215
minecraft:cyan_terracotta	1	282	215	282	215
minecraft:pale_moss_block	1	289	215	289	215
minecraft:stone	1	323	215	323	215
minecraft:acacia_wood	4	323	215	325	216
minecraft:pale_moss_block	27	325	215	333	221
minecraft:cyan_terracotta	3	330	215	331	216
minecraft:basalt	3	332	215	333	216
minecraft:acacia_wood	4	334	215	335	217
minecraft:acacia_wood	10	336	215	338	219
minecraft:stone	1	344	215	344	215
minecraft:stone	1	0	216	0	216
minecraft:stone	3	2	216	3	217
minecraft:cobblestone	2	8	216	8	217
minecraft:pale_moss_block	1	11	216	11	216
minecraft:stone	1	17	216	17	216
minecraft:acacia_wood	1	18	216	18	216
minecraft:acacia_wood	1	21	216	21	216
minecraft:stone	75	26	216	40	226
minecraft:moss_block	16	33	216	37	221
minecraft:pale_moss_block	1	36	216	36	216
minecraft:stone	1	70	216	70	216
minecraft:pale_moss_block	5	69	216	71	218
minecraft:acacia_wood	5	87	216	90	217
minecraft:birch_wood	1	115	216	115	216
minecraft:white_concrete_powder	1	116	216	116	216
minecraft:stone	1	117	216	117	216
minecraft:pale_moss_block	8	129	216	131	219
minecraft:stone	25	136	216	145	223
minecraft:cobblestone	1	141	216	141	216
minecraft:white_concrete_powder	3	142	216	143	217
minecraft:birch_wood	15	147	216	151	221
minecraft:stone	1	161	216	161	216
minecraft:cobblestone	3	166	216	168	216
minecraft:andesite	13	167	216	173	219
minecraft:stone	1	174	216	174	216
minecraft:diorite	1	176	216	176	216
minecraft:birch_wood	2	177	216	178	216
minecraft:acacia_wood	1	189	216	189	216
minecraft:white_concrete_powder	8	191	216	195	218
minecraft:birch_wood	1	196	216	196	216
minecraft:pale_oak_wood	1	240	216	240	216
minecraft:diorite	1	254	216	254	216
minecraft:diorite	1	256	216	256	216
minecraft:stone	21	252	216	260	221
minecraft:stone	208	262	216	284	250
minecraft:mud	1	273	216	273	216
minecraft:stone	12	277	216	281	219
minecraft:pale_moss_block	4	282	216	282	219
minecraft:cyan_terracotta	9	283	216	286	218
minecraft:pale_moss_block	4	287	216	288	217
minecraft:stone	1	289	216	289	216
minecraft:pale_moss_block	2	290	216	291	216
minecraft:acacia_wood	1	293	216	293	216
minecraft:cyan_terracotta	1	311	216	311	216
minecraft:acacia_wood	1	312	216	312	216
minecraft:stone	1	322	216	322	216
minecraft:pale_moss_block	2	331	216	332	216
minecraft:basalt	2	335	216	335	217
minecraft:mud	1	338	216	338	216
minecraft:acacia_wood	1	339	216	339	216
minecraft:pale_moss_block	6	339	216	341	218
minecraft:pale_moss_block	1	6	217	6	217
minecraft:pale_moss_block	1	15	217	15	217
minecraft:stone	1	16	217	16	217
minecraft:stone	2	26	217	26	218
minecraft:stone	2	28	217	28	218
minecraft:pale_moss_block	1	55	217	55	217
minecraft:pale_moss_block	2	61	217	62	217
minecraft:birch_wood	14	109	217	114	221
minecraft:stone	1	116	217	116	217
minecraft:cobblestone	3	116	217	117	218
minecraft:birch_wood	2	135	217	136	217
minecraft:light_gray_wool	2	170	217	171	217
minecraft:birch_wood	1	176	217	176	217
minecraft:birch_wood	4	190	217	191	219
minecraft:birch_wood	37	192	217	200	224
minecraft:diorite	3	196	217	197	218
minecraft:diorite	1	199	217	199	217
minecraft:white_concrete_powder	2	201	217	201	218
minecraft:diorite	1	202	217	202	217
minecraft:birch_wood	9	202	217	205	220
minecraft:white_concrete_powder	1	204	217	204	217
minecraft:stone	1	211	217	211	217
minecraft:mud	1	239	217	239	217
minecraft:birch_wood	1	244	217	244	217
minecraft:diorite	2	249	217	250	217
minecraft:cobblestone	19	258	217	264	222
minecraft:mud	1	271	217	271	217
minecraft:cyan_terracotta	2	272	217	273	217
minecraft:mud	11	289	217	294	219
minecraft:pale_moss_block	1	292	217	292	217
minecraft:stone	1	293	217	293	217
minecraft:acacia_wood	8	294	217	298	219
minecraft:stone	3	297	217	298	218
minecraft:pale_moss_block	2	311	217	312	217
minecraft:acacia_wood	1	313	217	313	217
minecraft:basalt	3	331	217	332	218
minecraft:basalt	1	339	217	339	217
minecraft:cyan_terracotta	1	341	217	341	217
minecraft:pale_moss_block	2	342	217	343	217
minecraft:stone	3	344	217	346	217
minecraft:acacia_wood	1	0	218	0	218
minecraft:cobblestone	12	5	218	8	222
minecraft:cobblestone	1	11	218	11	218
minecraft:pale_moss_block	1	14	218	14	218
minecraft:stone	1	15	218	15	218
minecraft:pale_moss_block	1	16	218	16	218
minecraft:stone	1	17	218	17	218
minecraft:acacia_wood	1	18	218	18	218
minecraft:acacia_wood	3	24	218	24	220
minecraft:pale_moss_block	1	48	218	48	218
minecraft:pale_moss_block	1	54	218	54	218
minecraft:pale_moss_block	1	58	218	58	218
minecraft:stone	1	71	218	71	218
minecraft:pale_moss_block	1	72	218	72	218
minecraft:pale_moss_block	2	89	218	90	218
minecraft:pale_oak_wood	4	95	218	95	221
minecraft:stone	1	115	218	115	218
minecraft:stone	1	132	218	132	218
minecraft:snow_block	1	133	218	133	218
minecraft:pale_moss_block	2	146	218	147	218
minecraft:diorite	1	162	218	162	218
minecraft:light_gray_wool	26	165	218	169	224
minecraft:stone	4	169	218	171	219
minecraft:white_concrete_powder	1	205	218	205	218
minecraft:stone	15	208	218	213	221
minecraft:mud	3	232	218	233	219
minecraft:pale_oak_wood	1	238	218	238	218
minecraft:birch_wood	5	245	218	247	220
minecraft:white_concrete_powder	4	248	218	249	220
minecraft:pale_oak_wood	1	257	218	257	218
minecraft:acacia_wood	9	269	218	271	223
minecraft:smooth_basalt	1	272	218	272	218
minecraft:mud	16	283	218	287	222
minecraft:cyan_terracotta	6	287	218	289	220
minecraft:pale_moss_block	1	289	218	289	218
minecraft:stone	1	294	218	294	218
minecraft:acacia_wood	2	314	218	315	218
minecraft:mud	2	316	218	317	218
minecraft:cyan_terracotta	2	318	218	319	218
minecraft:cyan_terracotta	1	324	218	324	218
minecraft:basalt	1	334	218	334	218
minecraft:acacia_wood	1	335	218	335	218
minecraft:basalt	4	335	218	336	220
minecraft:cyan_terracotta	3	342	218	343	219
minecraft:acacia_wood	7	344	218	346	220
minecraft:stone	3	347	218	348	219
minecraft:basalt	4	0	219	1	221
minecraft:stone	1	3	219	3	219
minecraft:pale_moss_block	1	6	219	6	219
minecraft:pale_moss_block	1	13	219	13	219
minecraft:stone	1	14	219	14	219
minecraft:pale_moss_block	1	15	219	15	219
minecraft:stone	1	16	219	16	219
minecraft:pale_moss_block	6	17	219	19	221
minecraft:acacia_wood	1	19	219	19	219
minecraft:pale_moss_block	1	20	219	20	219
minecraft:pale_moss_block	101	15	219	33	233
minecraft:acacia_wood	2	26	219	26	220
minecraft:pale_moss_block	1	28	219	28	219
minecraft:pale_moss_block	1	30	219	30	219
minecraft:pale_moss_block	5	45	219	47	221
minecraft:cyan_terracotta	1	48	219	48	219
minecraft:pale_moss_block	82	57	219	71	230
minecraft:pale_moss_block	1	71	219	71	219
minecraft:andesite	85	73	219	87	231
minecraft:diorite	1	113	219	113	219
minecraft:cobblestone	4	113	219	115	220
minecraft:pale_oak_wood	1	123	219	123	219
minecraft:snow_block	2	132	219	132	220
minecraft:snow_block	1	141	219	141	219
minecraft:birch_wood	1	145	219	145	219
minecraft:white_concrete_powder	22	141	219	149	223
minecraft:diorite	1	151	219	151	219
minecraft:diorite	3	156	219	157	220
minecraft:white_concrete_powder	1	158	219	158	219
minecraft:diorite	36	157	219	164	231
minecraft:stone	10	171	219	174	222
minecraft:acacia_wood	1	189	219	189	219
minecraft:diorite	19	188	219	193	224
minecraft:diorite	3	200	219	201	220
minecraft:white_concrete_powder	5	204	219	206	221
minecraft:stone	1	207	219	207	219
minecraft:pale_moss_block	2	214	219	214	220
minecraft:diorite	1	251	219	251	219
minecraft:andesite	1	259	219	259	219
minecraft:pale_moss_block	4	290	219	292	220
minecraft:pale_moss_block	1	295	219	295	219
minecraft:cyan_terracotta	107	290	219	312	236
minecraft:stone	1	299	219	299	219
minecraft:pale_moss_block	1	300	219	300	219
minecraft:pale_moss_block	1	309	219	309	219
minecraft:moss_block	3	310	219	311	220
minecraft:acacia_wood	24	316	219	324	228
minecraft:mud	1	318	219	318	219
minecraft:cyan_terracotta	29	322	219	331	227
minecraft:pale_moss_block	1	324	219	324	219
minecraft:cyan_terracotta	1	325	219	325	219
minecraft:cyan_terracotta	1	329	219	329	219
minecraft:cyan_terracotta	1	333	219	333	219
minecraft:pale_moss_block	1	334	219	334	219
minecraft:moss_block	142	335	219	349	233
minecraft:pale_moss_block	4	342	219	343	221
minecraft:cobblestone	1	10	220	10	220
minecraft:pale_moss_block	1	14	220	14	220
minecraft:stone	1	15	220	15	220
minecraft:pale_moss_block	1	16	220	16	220
minecraft:stone	1	17	220	17	220
minecraft:acacia_wood	1	20	220	20	220
minecraft:pale_moss_block	1	21	220	21	220
minecraft:acacia_wood	1	22	220	22	220
minecraft:pale_moss_block	1	23	220	23	220
minecraft:cobblestone	1	37	220	37	220
minecraft:cyan_terracotta	2	45	220	45	221
minecraft:cyan_terracotta	2	47	220	47	221
minecraft:andesite	1	80	220	80	220
minecraft:cobblestone	1	81	220	81	220
minecraft:cobblestone	21	104	220	112	223
minecraft:white_concrete_powder	2	109	220	109	221
minecraft:white_concrete_powder	1	111	220	111	220
minecraft:acacia_wood	21	117	220	123	226
minecraft:white_concrete_powder	1	139	220	139	220
minecraft:snow_block	1	140	220	140	220
minecraft:birch_wood	1	143	220	143	220
minecraft:white_concrete_powder	1	150	220	150	220
minecraft:birch_wood	1	151	220	151	220
minecraft:white_concrete_powder	4	152	220	154	221
minecraft:white_concrete_powder	7	177	220	179	222
minecraft:acacia_wood	1	188	220	188	220
minecraft:diorite	1	194	220	194	220
minecraft:diorite	9	196	220	199	222
minecraft:birch_wood	1	201	220	201	220
minecraft:diorite	2	202	220	203	220
minecraft:birch_wood	4	206	220	208	221
minecraft:stone	1	227	220	227	220
minecraft:birch_wood	1	238	220	238	220
minecraft:cobblestone	2	255	220	256	220
minecraft:cyan_terracotta	122	277	220	297	239
minecraft:pale_moss_block	1	301	220	301	220
minecraft:pale_moss_block	1	310	220	310	220
minecraft:mud	1	319	220	319	220
minecraft:cyan_terracotta	1	321	220	321	220
minecraft:acacia_wood	1	322	220	322	220
minecraft:pale_moss_block	1	325	220	325	220
minecraft:cyan_terracotta	5	326	220	329	221
minecraft:cyan_terracotta	1	331	220	331	220
minecraft:cyan_terracotta	1	334	220	334	220
minecraft:acacia_wood	1	336	220	336	220
minecraft:basalt	1	337	220	337	220
minecraft:stone	5	344	220	345	222
minecraft:acacia_wood	1	348	220	348	220
minecraft:stone	2	349	220	349	221
minecraft:cobblestone	1	11	221	11	221
minecraft:pale_moss_block	1	13	221	13	221
minecraft:stone	1	14	221	14	221
minecraft:pale_moss_block	1	15	221	15	221
minecraft:stone	1	16	221	16	221
minecraft:acacia_wood	1	19	221	19	221
minecraft:pale_moss_block	1	20	221	20	221
minecraft:acacia_wood	1	21	221	21	221
minecraft:pale_moss_block	1	22	221	22	221
minecraft:acacia_wood	1	23	221	23	221
minecraft:cobblestone	6	69	221	71	223
minecraft:stone	1	72	221	72	221
minecraft:stone	1	74	221	74	221
minecraft:light_gray_wool	2	79	221	80	221
minecraft:cobblestone	2	90	221	90	222
minecraft:light_gray_wool	3	99	221	101	221
minecraft:andesite	58	98	221	108	229
minecraft:acacia_wood	8	112	221	116	224
minecraft:cyan_terracotta	8	117	221	120	223
minecraft:acacia_wood	1	125	221	125	221
minecraft:snow_block	1	139	221	139	221
minecraft:stone	19	138	221	143	226
minecraft:snow_block	2	141	221	141	222
minecraft:snow_block	2	145	221	145	222
minecraft:white_concrete_powder	1	149	221	149	221
minecraft:birch_wood	22	144	221	153	225
minecraft:white_concrete_powder	2	151	221	151	222
minecraft:birch_wood	3	152	221	153	222
minecraft:white_concrete_powder	1	162	221	162	221
minecraft:andesite	1	181	221	181	221
minecraft:stone	4	182	221	183	223
minecraft:white_concrete_powder	2	201	221	201	222
minecraft:birch_wood	2	202	221	203	221
minecraft:cobblestone	2	214	221	214	222
minecraft:acacia_wood	1	227	221	227	221
minecraft:stone	1	228	221	228	221
minecraft:diorite	1	236	221	236	221
minecraft:birch_wood	1	237	221	237	221
minecraft:diorite	1	238	221	238	221
minecraft:birch_wood	43	235	221	244	232
minecraft:white_concrete_powder	7	243	221	247	223
minecraft:snow_block	19	243	221	249	225
minecraft:stone	2	250	221	251	221
minecraft:pale_moss_block	2	252	221	253	221
minecraft:cobblestone	1	257	221	257	221
minecraft:pale_oak_wood	7	271	221	272	225
minecraft:blackstone	1	284	221	284	221
minecraft:blackstone	1	287	221	287	221
minecraft:mud	2	288	221	288	222
minecraft:basalt	53	285	221	297	229
minecraft:smooth_basalt	1	295	221	295	221
minecraft:mud	6	320	221	322	224
minecraft:acacia_wood	1	321	221	321	221
minecraft:pale_moss_block	1	326	221	326	221
minecraft:cyan_terracotta	15	330	221	335	225
minecraft:pale_moss_block	2	334	221	335	221
minecraft:basalt	1	336	221	336	221
minecraft:cyan_terracotta	1	0	222	0	222
minecraft:cobblestone	1	12	222	12	222
minecraft:pale_moss_block	2	14	222	14	223
minecraft:stone	3	15	222	16	223
minecraft:pale_moss_block	1	16	222	16	222
minecraft:stone	1	17	222	17	222
minecraft:acacia_wood	1	18	222	18	222
minecraft:pale_moss_block	1	19	222	19	222
minecraft:acacia_wood	1	20	222	20	222
minecraft:pale_moss_block	1	21	222	21	222
minecraft:acacia_wood	1	22	222	22	222
minecraft:pale_moss_block	1	28	222	28	222
minecraft:cyan_terracotta	1	44	222	44	222
minecraft:cyan_terracotta	1	46	222	46	222
minecraft:cobblestone	5	57	222	59	223
minecraft:cobblestone	1	72	222	72	222
minecraft:stone	1	73	222	73	222
minecraft:light_gray_wool	1	81	222	81	222
minecraft:andesite	2	91	222	91	223
minecraft:pale_moss_block	1	117	222	117	222
minecraft:cyan_terracotta	5	124	222	125	224
minecraft:pale_moss_block	4	131	222	132	224
minecraft:snow_block	1	133	222	133	222
minecraft:white_concrete_powder	2	134	222	134	223
minecraft:birch_wood	2	138	222	138	223
minecraft:white_concrete_powder	4	152	222	153	224
minecraft:white_concrete_powder	2	155	222	156	222
minecraft:birch_wood	9	186	222	188	226
minecraft:cobblestone	9	198	222	203	225
minecraft:stone	4	203	222	205	223
minecraft:cobblestone	2	206	222	207	222
minecraft:pale_moss_block	16	208	222	214	225
minecraft:cyan_terracotta	2	213	222	213	223
minecraft:cobblestone	34	215	222	220	228
minecraft:acacia_wood	2	226	222	226	223
minecraft:stone	4	227	222	228	224
minecraft:birch_wood	1	236	222	236	222
minecraft:diorite	2	237	222	237	223
minecraft:acacia_wood	7	248	222	250	226
minecraft:basalt	10	250	222	252	227
minecraft:acacia_wood	2	253	222	254	222
minecraft:pale_moss_block	11	255	222	260	224
minecraft:pale_moss_block	173	239	222	271	237
minecraft:mud	1	273	222	273	222
minecraft:cyan_terracotta	1	287	222	287	222
minecraft:acacia_wood	2	300	222	300	223
minecraft:pale_moss_block	2	304	222	305	222
minecraft:acacia_wood	1	322	222	322	222
minecraft:acacia_wood	12	327	222	331	225
minecraft:acacia_wood	1	346	222	346	222
minecraft:acacia_wood	1	19	223	19	223
minecraft:pale_moss_block	1	20	223	20	223
minecraft:acacia_wood	1	21	223	21	223
minecraft:cobblestone	119	37	223	57	247
minecraft:stone	1	60	223	60	223
minecraft:stone	1	80	223	80	223
minecraft:andesite	2	81	223	82	223
minecraft:cobblestone	1	92	223	92	223
minecraft:cobblestone	35	94	223	101	230
minecraft:stone	27	107	223	115	228
minecraft:cyan_terracotta	1	115	223	115	223
minecraft:pale_moss_block	1	116	223	116	223
minecraft:pale_moss_block	1	126	223	126	223
minecraft:birch_wood	1	128	223	128	223
minecraft:diorite	1	129	223	129	223
minecraft:andesite	1	170	223	170	223
minecraft:stone	2	179	223	179	224
minecraft:white_concrete_powder	1	194	223	194	223
minecraft:white_concrete_powder	3	195	223	196	224
minecraft:cobblestone	1	205	223	205	223
minecraft:stone	3	206	223	208	223
minecraft:cyan_terracotta	3	234	223	235	224
minecraft:white_concrete_powder	13	234	223	236	229
minecraft:mud	1	251	223	251	223
minecraft:cyan_terracotta	5	253	223	256	224
minecraft:stone	25	260	223	266	230
minecraft:cyan_terracotta	1	307	223	307	223
minecraft:blackstone	1	323	223	323	223
minecraft:moss_block	1	334	223	334	223
minecraft:cyan_terracotta	1	335	223	335	223
minecraft:basalt	1	338	223	338	223
minecraft:cyan_terracotta	1	339	223	339	223
minecraft:pale_moss_block	3	340	223	341	224
minecraft:pale_oak_wood	1	349	223	349	223
minecraft:cyan_terracotta	2	2	224	2	225
minecraft:acacia_wood	15	3	224	8	229
minecraft:acacia_wood	1	18	224	18	224
minecraft:acacia_wood	1	20	224	20	224
minecraft:acacia_wood	4	36	224	38	225
minecraft:cyan_terracotta	1	40	224	40	224
minecraft:stone	1	43	224	43	224
minecraft:stone	16	48	224	51	230
minecraft:andesite	1	73	224	73	224
minecraft:stone	1	74	224	74	224
minecraft:light_gray_wool	1	81	224	81	224
minecraft:andesite	1	84	224	84	224
minecraft:andesite	30	90	224	98	231
minecraft:pale_moss_block	2	115	224	115	225
minecraft:cyan_terracotta	1	116	224	116	224
minecraft:cyan_terracotta	3	123	224	123	226
minecraft:pale_moss_block	6	124	224	125	227
minecraft:white_concrete_powder	3	127	224	128	225
minecraft:birch_wood	2	129	224	129	225
minecraft:birch_wood	3	136	224	137	225
minecraft:pale_moss_block	39	140	224	152	232
minecraft:white_concrete_powder	1	155	224	155	224
minecraft:white_concrete_powder	2	157	224	158	224
minecraft:birch_wood	1	159	224	159	224
minecraft:andesite	1	165	224	165	224
minecraft:diorite	17	166	224	169	229
minecraft:stone	1	170	224	170	224
minecraft:andesite	4	169	224	171	225
minecraft:stone	2	172	224	173	224
minecraft:stone	1	175	224	175	224
minecraft:birch_wood	11	181	224	184	228
minecraft:stone	166	181	224	198	245
minecraft:diorite	1	187	224	187	224
minecraft:birch_wood	8	190	224	192	226
minecraft:white_concrete_powder	1	193	224	193	224
minecraft:snow_block	1	194	224	194	224
minecraft:pale_moss_block	64	201	224	213	236
minecraft:stone	1	209	224	209	224
minecraft:pale_moss_block	284	215	224	238	254
minecraft:diorite	2	239	224	239	225
minecraft:mud	8	252	224	255	226
minecraft:basalt	9	256	224	258	227
minecraft:acacia_wood	20	303	224	310	228
minecraft:mud	1	307	224	307	224
minecraft:cyan_terracotta	1	322	224	322	224
minecraft:mud	2	323	224	324	224
minecraft:moss_block	1	333	224	333	224
minecraft:moss_block	1	335	224	335	224
minecraft:cyan_terracotta	1	336	224	336	224
minecraft:cyan_terracotta	1	340	224	340	224
minecraft:stone	1	342	224	342	224
minecraft:pale_moss_block	2	34	225	35	225
minecraft:cyan_terracotta	9	36	225	40	228
minecraft:pale_moss_block	1	40	225	40	225
minecraft:cyan_terracotta	1	41	225	41	225
minecraft:stone	2	44	225	45	225
minecraft:cobblestone	41	69	225	76	238
minecraft:andesite	1	72	225	72	225
minecraft:stone	1	73	225	73	225
minecraft:stone	1	75	225	75	225
minecraft:light_gray_wool	1	82	225	82	225
minecraft:acacia_wood	2	116	225	116	226
minecraft:stone	1	117	225	117	225
minecraft:cyan_terracotta	55	107	225	121	238
minecraft:white_concrete_powder	1	121	225	121	225
minecraft:birch_wood	1	122	225	122	225
minecraft:white_concrete_powder	1	136	225	136	225
minecraft:stone	4	144	225	145	227
minecraft:diorite	2	149	225	150	225
minecraft:white_concrete_powder	1	154	225	154	225
minecraft:stone	1	165	225	165	225
minecraft:white_concrete_powder	3	189	225	190	226
minecraft:pale_moss_block	30	192	225	200	230
minecraft:stone	1	199	225	199	225
minecraft:cyan_terracotta	10	200	225	206	227
minecraft:stone	3	210	225	212	225
minecraft:acacia_wood	1	213	225	213	225
minecraft:stone	2	215	225	215	226
minecraft:stone	2	230	225	230	226
minecraft:cyan_terracotta	10	233	225	234	231
minecraft:white_concrete_powder	11	241	225	245	229
minecraft:cyan_terracotta	10	251	225	255	228
minecraft:acacia_wood	8	258	225	261	227
minecraft:pale_moss_block	6	260	225	262	228
minecraft:cyan_terracotta	3	292	225	293	226
minecraft:acacia_wood	13	296	225	300	230
minecraft:pale_moss_block	1	300	225	300	225
minecraft:grass_block	1	315	225	315	225
minecraft:acacia_wood	1	326	225	326	225
minecraft:cyan_terracotta	2	1	226	1	227
minecraft:moss_block	8	0	226	2	229
minecraft:pale_oak_wood	1	10	226	10	226
minecraft:stone	1	17	226	17	226
minecraft:acacia_wood	2	34	226	35	226
minecraft:pale_moss_block	1	36	226	36	226
minecraft:stone	660	36	226	87	276
minecraft:acacia_wood	2	66	226	66	227
minecraft:acacia_wood	10	110	226	114	229
minecraft:white_concrete_powder	1	122	226	122	226
minecraft:snow_block	2	128	226	128	227
minecraft:pale_moss_block	11	129	226	132	229
minecraft:birch_wood	2	135	226	136	226
minecraft:cobblestone	85	124	226	139	248
minecraft:cobblestone	12	146	226	154	227
minecraft:stone	1	156	226	156	226
minecraft:stone	2	163	226	164	226
minecraft:andesite	13	164	226	168	232
minecraft:cobblestone	2	170	226	171	226
minecraft:andesite	1	172	226	172	226
minecraft:andesite	2	175	226	176	226
minecraft:diorite	29	178	226	183	233
minecraft:white_concrete_powder	3	193	226	194	227
minecraft:snow_block	1	195	226	195	226
minecraft:white_concrete_powder	1	196	226	196	226
minecraft:white_concrete_powder	2	205	226	206	226
minecraft:birch_wood	1	207	226	207	226
minecraft:cyan_terracotta	7	213	226	214	230
minecraft:acacia_wood	1	214	226	214	226
minecraft:snow_block	1	236	226	236	226
minecraft:diorite	1	238	226	238	226
minecraft:birch_wood	1	239	226	239	226
minecraft:diorite	3	239	226	240	227
minecraft:basalt	1	246	226	246	226
minecraft:pale_moss_block	1	247	226	247	226
minecraft:pale_moss_block	4	248	226	249	228
minecraft:pale_moss_block	1	298	226	298	226
minecraft:basalt	1	299	226	299	226
minecraft:smooth_basalt	1	309	226	309	226
minecraft:stone	1	310	226	310	226
minecraft:moss_block	1	315	226	315	226
minecraft:mud	1	316	226	316	226
minecraft:cyan_terracotta	1	322	226	322	226
minecraft:pale_moss_block	3	325	226	326	227
minecraft:acacia_wood	2	327	226	328	226
minecraft:acacia_wood	8	332	226	336	228
minecraft:cyan_terracotta	1	336	226	336	226
minecraft:cyan_terracotta	4	3	227	4	229
minecraft:andesite	18	10	227	15	232
minecraft:cobblestone	147	0	227	20	247
minecraft:pale_moss_block	1	17	227	17	227
minecraft:stone	27	18	227	23	234
minecraft:acacia_wood	6	31	227	33	229
minecraft:pale_moss_block	11	32	227	35	231
minecraft:acacia_wood	9	37	227	40	229
minecraft:stone	150	27	227	47	245
minecraft:light_gray_wool	1	74	227	74	227
minecraft:stone	1	92	227	92	227
minecraft:pale_moss_block	9	120	227	123	230
minecraft:cyan_terracotta	1	122	227	122	227
minecraft:white_concrete_powder	1	123	227	123	227
minecraft:white_concrete_powder	8	126	227	128	230
minecraft:white_concrete_powder	3	134	227	135	228
minecraft:stone	9	147	227	151	229
minecraft:stone	4	153	227	154	229
minecraft:pale_moss_block	14	154	227	156	234
minecraft:cobblestone	1	157	227	157	227
minecraft:stone	3	157	227	158	228
minecraft:stone	4	162	227	163	229
minecraft:cobblestone	1	163	227	163	227
minecraft:stone	8	170	227	175	229
minecraft:cobblestone	1	172	227	172	227
minecraft:andesite	1	173	227	173	227
minecraft:birch_wood	1	189	227	189	227
minecraft:pale_moss_block	1	192	227	192	227
minecraft:white_concrete_powder	15	202	227	208	230
minecraft:birch_wood	6	203	227	206	228
minecraft:diorite	1	205	227	205	227
minecraft:birch_wood	2	208	227	208	228
minecraft:cyan_terracotta	1	226	227	226	227
minecraft:cyan_terracotta	1	231	227	231	227
minecraft:snow_block	2	243	227	244	227
minecraft:acacia_wood	5	245	227	246	229
minecraft:basalt	5	246	227	248	229
minecraft:cyan_terracotta	1	257	227	257	227
minecraft:pale_moss_block	1	300	227	300	227
minecraft:mud	1	310	227	310	227
minecraft:acacia_wood	1	311	227	311	227
minecraft:grass_block	1	316	227	316	227
minecraft:mud	1	317	227	317	227
minecraft:stone	1	325	227	325	227
minecraft:stone	10	327	227	330	229
minecraft:stone	1	332	227	332	227
minecraft:cyan_terracotta	1	333	227	333	227
minecraft:stone	1	16	228	16	228
minecraft:acacia_wood	2	28	228	29	228
minecraft:acacia_wood	1	44	228	44	228
minecraft:andesite	1	55	228	55	228
minecraft:stone	97	92	228	107	244
minecraft:light_gray_wool	1	107	228	107	228
minecraft:pale_moss_block	1	117	228	117	228
minecraft:stone	1	139	228	139	228
minecraft:birch_wood	9	159	228	162	232
minecraft:cobblestone	21	163	228	169	237
minecraft:cobblestone	1	170	228	170	228
minecraft:white_concrete_powder	1	192	228	192	228
minecraft:white_concrete_powder	2	194	228	195	228
minecraft:basalt	1	199	228	199	228
minecraft:snow_block	5	199	228	201	229
minecraft:stone	21	216	228	221	232
minecraft:white_concrete_powder	2	228	228	228	229
minecraft:basalt	1	249	228	249	228
minecraft:acacia_wood	1	258	228	258	228
minecraft:acacia_wood	1	260	228	260	228
minecraft:mud	1	311	228	311	228
minecraft:pale_moss_block	1	312	228	312	228
minecraft:moss_block	1	317	228	317	228
minecraft:mud	1	318	228	318	228
minecraft:pale_moss_block	73	322	228	339	243
minecraft:pale_moss_block	1	325	228	325	228
minecraft:cyan_terracotta	1	326	228	326	228
minecraft:stone	6	333	228	336	229
minecraft:grass_block	6	0	229	1	232
minecraft:stone	2	27	229	27	230
minecraft:basalt	2	117	229	118	229
minecraft:acacia_wood	11	115	229	119	235
minecraft:birch_wood	1	134	229	134	229
minecraft:stone	1	138	229	138	229
minecraft:white_concrete_powder	34	138	229	148	235
minecraft:snow_block	2	141	229	142	229
minecraft:white_concrete_powder	8	152	229	155	231
minecraft:birch_wood	3	157	229	158	230
minecraft:stone	1	165	229	165	229
minecraft:andesite	1	170	229	170	229
minecraft:cyan_terracotta	1	198	229	198	229
minecraft:pale_moss_block	2	215	229	215	230
minecraft:cyan_terracotta	1	226	229	226	229
minecraft:white_concrete_powder	4	238	229	240	230
minecraft:acacia_wood	1	249	229	249	229
minecraft:acacia_wood	1	261	229	261	229
minecraft:moss_block	8	297	229	299	232
minecraft:pale_moss_block	38	293	229	304	236
minecraft:moss_block	2	318	229	318	230
minecraft:stone	1	324	229	324	229
minecraft:cyan_terracotta	1	325	229	325	229
minecraft:stone	1	331	229	331	229
minecraft:cyan_terracotta	1	337	229	337	229
minecraft:cyan_terracotta	1	339	229	339	229
minecraft:pale_moss_block	3	2	230	4	230
minecraft:acacia_wood	2	25	230	25	231
minecraft:stone	27	23	230	33	238
minecraft:acacia_wood	1	37	230	37	230
minecraft:andesite	1	54	230	54	230
minecraft:acacia_wood	1	61	230	61	230
minecraft:cobblestone	1	67	230	67	230
minecraft:cobblestone	25	88	230	96	234
minecraft:basalt	1	116	230	116	230
minecraft:cobblestone	3	124	230	125	231
minecraft:birch_wood	1	125	230	125	230
minecraft:birch_wood	5	126	230	128	232
minecraft:cobblestone	1	130	230	130	230
minecraft:birch_wood	18	137	230	144	235
minecraft:stone	2	151	230	152	230
minecraft:birch_wood	1	155	230	155	230
minecraft:stone	1	157	230	157	230
minecraft:white_concrete_powder	2	161	230	162	230
minecraft:stone	12	169	230	175	233
minecraft:andesite	1	171	230	171	230
minecraft:diorite	1	190	230	190	230
minecraft:white_concrete_powder	13	195	230	201	233
minecraft:snow_block	1	198	230	198	230
minecraft:snow_block	14	200	230	206	233
minecraft:stone	7	206	230	209	232
minecraft:basalt	4	213	230	214	232
minecraft:white_concrete_powder	1	229	230	229	230
minecraft:cyan_terracotta	1	247	230	247	230
minecraft:cyan_terracotta	1	250	230	250	230
minecraft:acacia_wood	1	258	230	258	230
minecraft:stone	1	259	230	259	230
minecraft:pale_moss_block	1	313	230	313	230
minecraft:pale_moss_block	18	343	230	347	235
minecraft:stone	7	2	231	4	233
minecraft:stone	1	76	231	76	231
minecraft:cobblestone	5	77	231	79	233
minecraft:cobblestone	7	79	231	82	233
minecraft:cobblestone	39	83	231	91	239
minecraft:stone	1	87	231	87	231
minecraft:cobblestone	1	97	231	97	231
minecraft:pale_moss_block	118	101	231	120	249
minecraft:basalt	3	114	231	115	232
minecraft:pale_moss_block	18	115	231	119	237
minecraft:pale_moss_block	1	122	231	122	231
minecraft:stone	14	149	231	153	235
minecraft:birch_wood	1	151	231	151	231
minecraft:cobblestone	13	157	231	160	237
minecraft:stone	2	158	231	158	232
minecraft:diorite	1	161	231	161	231
minecraft:stone	1	162	231	162	231
minecraft:pale_moss_block	15	162	231	166	236
minecraft:stone	2	164	231	164	232
minecraft:stone	8	168	231	171	234
minecraft:andesite	1	169	231	169	231
minecraft:birch_wood	1	190	231	190	231
minecraft:birch_wood	2	193	231	194	231
minecraft:acacia_wood	1	215	231	215	231
minecraft:birch_wood	1	229	231	229	231
minecraft:stone	4	229	231	231	232
minecraft:acacia_wood	11	235	231	238	236
minecraft:cyan_terracotta	1	246	231	246	231
minecraft:stone	1	256	231	256	231
minecraft:stone	2	262	231	262	232
minecraft:pale_oak_wood	1	278	231	278	231
minecraft:acacia_wood	1	291	231	291	231
minecraft:acacia_wood	1	299	231	299	231
minecraft:moss_block	51	306	231	313	239
minecraft:pale_moss_block	1	314	231	314	231
minecraft:cyan_terracotta	10	325	231	328	235
minecraft:mud	1	335	231	335	231
minecraft:moss_block	1	1	232	1	232
minecraft:stone	1	26	232	26	232
minecraft:pale_moss_block	2	32	232	33	232
minecraft:light_gray_wool	12	38	232	42	235
minecraft:stone	20	72	232	81	236
minecraft:pale_moss_block	1	76	232	76	232
minecraft:stone	1	79	232	79	232
minecraft:stone	1	83	232	83	232
minecraft:andesite	1	88	232	88	232
minecraft:mud	1	113	232	113	232
minecraft:pale_moss_block	23	121	232	124	240
minecraft:stone	1	122	232	122	232
minecraft:stone	7	124	232	126	234
minecraft:birch_wood	1	146	232	146	232
minecraft:white_concrete_powder	1	151	232	151	232
minecraft:andesite	2	170	232	171	232
minecraft:birch_wood	1	179	232	179	232
minecraft:diorite	2	194	232	194	233
minecraft:birch_wood	8	195	232	198	233
minecraft:acacia_wood	1	213	232	213	232
minecraft:acacia_wood	7	222	232	224	234
minecraft:cyan_terracotta	3	227	232	227	234
minecraft:stone	2	238	232	239	232
minecraft:cyan_terracotta	1	240	232	240	232
minecraft:cyan_terracotta	1	242	232	242	232
minecraft:acacia_wood	3	259	232	259	234
minecraft:stone	30	259	232	264	243
minecraft:stone	1	267	232	267	232
minecraft:mud	1	307	232	307	232
minecraft:cyan_terracotta	1	314	232	314	232
minecraft:mud	14	327	232	330	238
minecraft:cyan_terracotta	5	330	232	332	234
minecraft:mud	10	334	232	340	235
minecraft:stone	1	347	232	347	232
minecraft:pale_moss_block	1	22	233	22	233
minecraft:cobblestone	26	27	233	34	240
minecraft:stone	1	52	233	52	233
minecraft:acacia_wood	16	52	233	56	237
minecraft:pale_moss_block	1	77	233	77	233
minecraft:stone	1	82	233	82	233
minecraft:andesite	2	89	233	89	234
minecraft:andesite	18	90	233	96	238
minecraft:cobblestone	1	101	233	101	233
minecraft:acacia_wood	1	108	233	108	233
minecraft:cobblestone	6	125	233	127	235
minecraft:diorite	1	128	233	128	233
minecraft:stone	82	131	233	140	255
minecraft:cobblestone	4	137	233	139	234
minecraft:birch_wood	1	153	233	153	233
minecraft:stone	1	156	233	156	233
minecraft:stone	5	160	233	162	235
minecraft:diorite	8	170	233	173	236
minecraft:birch_wood	1	180	233	180	233
minecraft:stone	1	201	233	201	233
minecraft:pale_moss_block	14	197	233	202	236
minecraft:acacia_wood	1	203	233	203	233
minecraft:cyan_terracotta	6	212	233	214	235
minecraft:acacia_wood	26	210	233	215	242
minecraft:birch_wood	1	230	233	230	233
minecraft:pale_moss_block	2	239	233	240	233
minecraft:acacia_wood	1	241	233	241	233
minecraft:cyan_terracotta	1	243	233	243	233
minecraft:stone	2	250	233	250	234
minecraft:acacia_wood	1	257	233	257	233
minecraft:pale_oak_wood	15	255	233	259	237
minecraft:stone	1	265	233	265	233
minecraft:cobblestone	32	264	233	268	242
minecraft:pale_moss_block	1	271	233	271	233
minecraft:cyan_terracotta	1	287	233	287	233
minecraft:acacia_wood	35	291	233	302	240
minecraft:cyan_terracotta	1	301	233	301	233
minecraft:pale_moss_block	2	314	233	315	233
minecraft:blackstone	1	329	233	329	233
minecraft:stone	3	12	234	13	235
minecraft:acacia_wood	1	22	234	22	234
minecraft:pale_oak_wood	1	40	234	40	234
minecraft:white_wool	8	75	234	79	237
minecraft:cobblestone	1	82	234	82	234
minecraft:stone	1	83	234	83	234
minecraft:stone	1	86	234	86	234
minecraft:mud	1	113	234	113	234
minecraft:acacia_wood	23	118	234	121	242
minecraft:birch_wood	6	128	234	130	235
minecraft:diorite	1	141	234	141	234
minecraft:snow_block	1	147	234	147	234
minecraft:white_concrete_powder	2	152	234	153	234
minecraft:white_concrete_powder	1	155	234	155	234
minecraft:birch_wood	48	153	234	167	243
minecraft:stone	2	157	234	157	235
minecraft:stone	1	159	234	159	234
minecraft:pale_moss_block	2	161	234	161	235
minecraft:stone	1	164	234	164	234
minecraft:diorite	1	168	234	168	234
minecraft:andesite	2	170	234	171	234
minecraft:stone	1	173	234	173	234
minecraft:stone	1	176	234	176	234
minecraft:white_concrete_powder	1	180	234	180	234
minecraft:cobblestone	6	181	234	183	236
minecraft:stone	1	199	234	199	234
minecraft:cyan_terracotta	1	203	234	203	234
minecraft:cyan_terracotta	1	207	234	207	234
minecraft:white_concrete_powder	1	232	234	232	234
minecraft:stone	1	238	234	238	234
minecraft:acacia_wood	4	239	234	241	235
minecraft:stone	1	241	234	241	234
minecraft:stone	104	240	234	256	249
minecraft:cobblestone	1	249	234	249	234
minecraft:cobblestone	1	251	234	251	234
minecraft:acacia_wood	1	256	234	256	234
minecraft:cyan_terracotta	2	294	234	295	234
minecraft:cyan_terracotta	13	313	234	317	237
minecraft:mud	1	315	234	315	234
minecraft:pale_moss_block	1	316	234	316	234
minecraft:mud	1	332	234	332	234
minecraft:cyan_terracotta	1	333	234	333	234
minecraft:acacia_wood	3	334	234	335	235
minecraft:pale_moss_block	1	336	234	336	234
minecraft:cyan_terracotta	1	337	234	337	234
minecraft:pale_moss_block	1	338	234	338	234
minecraft:pale_moss_block	3	340	234	341	235
minecraft:mud	2	342	234	342	235
minecraft:moss_block	1	345	234	345	234
minecraft:stone	1	11	235	11	235
minecraft:pale_oak_wood	1	12	235	12	235
minecraft:stone	1	20	235	20	235
minecraft:pale_oak_wood	4	20	235	22	236
minecraft:stone	1	22	235	22	235
minecraft:pale_oak_wood	1	23	235	23	235
minecraft:andesite	1	44	235	44	235
minecraft:pale_moss_block	3	78	235	79	236
minecraft:pale_moss_block	1	81	235	81	235
minecraft:stone	1	82	235	82	235
minecraft:pale_moss_block	1	83	235	83	235
minecraft:stone	1	84	235	84	235
minecraft:pale_moss_block	1	85	235	85	235
minecraft:stone	1	103	235	103	235
minecraft:acacia_wood	4	107	235	109	236
minecraft:acacia_wood	12	110	235	114	239
minecraft:basalt	2	112	235	112	236
minecraft:cyan_terracotta	1	122	235	122	235
minecraft:andesite	2	132	235	132	236
minecraft:andesite	1	137	235	137	235
minecraft:light_gray_wool	10	136	235	139	238
minecraft:andesite	13	139	235	142	239
minecraft:diorite	1	142	235	142	235
minecraft:snow_block	1	146	235	146	235
minecraft:stone	1	147	235	147	235
minecraft:pale_moss_block	3	147	235	148	236
minecraft:cobblestone	4	151	235	152	236
minecraft:stone	1	153	235	153	235
minecraft:stone	1	166	235	166	235
minecraft:birch_wood	1	180	235	180	235
minecraft:white_concrete_powder	1	203	235	203	235
minecraft:white_concrete_powder	3	205	235	207	235
minecraft:stone	2	209	235	209	236
minecraft:stone	1	221	235	221	235
minecraft:pale_moss_block	2	239	235	239	236
minecraft:pale_moss_block	1	250	235	250	235
minecraft:pale_moss_block	4	273	235	274	237
minecraft:cyan_terracotta	1	301	235	301	235
minecraft:acacia_wood	1	303	235	303	235
minecraft:smooth_basalt	1	304	235	304	235
minecraft:mud	1	306	235	306	235
minecraft:pale_moss_block	1	313	235	313	235
minecraft:pale_moss_block	1	317	235	317	235
minecraft:moss_block	1	322	235	322	235
minecraft:acacia_wood	1	324	235	324	235
minecraft:blackstone	1	328	235	328	235
minecraft:moss_block	38	330	235	340	240
minecraft:acacia_wood	1	337	235	337	235
minecraft:stone	1	338	235	338	235
minecraft:grass_block	100	335	235	348	247
minecraft:andesite	10	0	236	6	237
minecraft:stone	3	7	236	9	236
minecraft:pale_oak_wood	2	10	236	11	236
minecraft:andesite	2	18	236	18	237
minecraft:stone	2	19	236	19	237
minecraft:stone	1	23	236	23	236
minecraft:light_gray_wool	2	24	236	25	236
minecraft:stone	2	51	236	51	237
minecraft:light_gray_wool	1	68	236	68	236
minecraft:andesite	1	70	236	70	236
minecraft:pale_moss_block	1	75	236	75	236
minecraft:pale_moss_block	2	82	236	82	237
minecraft:stone	7	83	236	86	238
minecraft:pale_moss_block	1	84	236	84	236
minecraft:pale_moss_block	1	87	236	87	236
minecraft:light_gray_wool	1	95	236	95	236
minecraft:acacia_wood	5	97	236	98	238
minecraft:blackstone	1	113	236	113	236
minecraft:stone	398	100	236	128	278
minecraft:cobblestone	14	141	236	145	241
minecraft:stone	8	145	236	149	238
minecraft:cobblestone	5	149	236	150	239
minecraft:pale_moss_block	1	150	236	150	236
minecraft:stone	1	159	236	159	236
minecraft:stone	1	161	236	161	236
minecraft:cyan_terracotta	1	164	236	164	236
minecraft:stone	1	167	236	167	236
minecraft:birch_wood	10	170	236	174	238
minecraft:stone	1	174	236	174	236
minecraft:birch_wood	2	179	236	179	237
minecraft:white_concrete_powder	6	179	236	181	239
minecraft:acacia_wood	1	188	236	188	236
minecraft:acacia_wood	3	189	236	190	237
minecraft:white_concrete_powder	5	200	236	202	238
minecraft:birch_wood	25	198	236	208	239
minecraft:stone	20	216	236	223	239
minecraft:acacia_wood	2	223	236	224	236
minecraft:cyan_terracotta	4	228	236	229	238
minecraft:snow_block	1	232	236	232	236
minecraft:stone	1	238	236	238	236
minecraft:acacia_wood	1	243	236	243	236
minecraft:pale_moss_block	1	251	236	251	236
minecraft:acacia_wood	81	271	236	278	261
minecraft:stone	2	273	236	273	237
minecraft:cyan_terracotta	2	298	236	299	236
minecraft:smooth_basalt	5	302	236	304	238
minecraft:pale_moss_block	1	312	236	312	236
minecraft:pale_moss_block	1	318	236	318	236
minecraft:cyan_terracotta	5	328	236	329	239
minecraft:cobblestone	1	0	237	0	237
minecraft:light_gray_wool	1	4	237	4	237
minecraft:pale_oak_wood	26	4	237	10	242
minecraft:mud	3	8	237	10	237
minecraft:light_gray_wool	1	11	237	11	237
minecraft:acacia_wood	5	19	237	22	238
minecraft:stone	2	21	237	22	237
minecraft:pale_oak_wood	1	23	237	23	237
minecraft:stone	1	45	237	45	237
minecraft:pale_moss_block	7	50	237	52	240
minecraft:light_gray_wool	1	67	237	67	237
minecraft:light_gray_wool	1	69	237	69	237
minecraft:pale_moss_block	30	75	237	81	245
minecraft:pale_moss_block	1	80	237	80	237
minecraft:white_wool	1	81	237	81	237
minecraft:pale_moss_block	1	86	237	86	237
minecraft:pale_oak_wood	4	95	237	96	238
minecraft:acacia_wood	1	105	237	105	237
minecraft:stone	6	116	237	117	240
minecraft:stone	2	151	237	152	237
minecraft:cobblestone	12	153	237	157	240
minecraft:white_concrete_powder	1	159	237	159	237
minecraft:stone	2	162	237	163	237
minecraft:acacia_wood	2	164	237	165	237
minecraft:cyan_terracotta	1	166	237	166	237
minecraft:pale_moss_block	1	167	237	167	237
minecraft:stone	1	175	237	175	237
minecraft:pale_moss_block	183	179	237	195	261
minecraft:acacia_wood	2	192	237	192	238
minecraft:white_concrete_powder	1	198	237	198	237
minecraft:diorite	1	207	237	207	237
minecraft:white_concrete_powder	6	208	237	210	240
minecraft:acacia_wood	1	222	237	222	237
minecraft:stone	5	225	237	226	240
minecraft:snow_block	1	233	237	233	237
minecraft:cyan_terracotta	14	237	237	240	245
minecraft:acacia_wood	1	239	237	239	237
minecraft:cobblestone	1	246	237	246	237
minecraft:pale_moss_block	50	281	237	290	247
minecraft:stone	2	286	237	287	237
minecraft:cyan_terracotta	1	292	237	292	237
minecraft:mud	8	295	237	300	239
minecraft:acacia_wood	54	301	237	311	247
minecraft:cyan_terracotta	1	307	237	307	237
minecraft:moss_block	1	315	237	315	237
minecraft:mud	1	317	237	317	237
minecraft:basalt	1	318	237	318	237
minecraft:stone	127	0	238	12	262
minecraft:light_gray_wool	4	2	238	3	240
minecraft:smooth_basalt	1	8	238	8	238
minecraft:andesite	9	10	238	12	243
minecraft:stone	1	18	238	18	238
minecraft:stone	6	20	238	24	239
minecraft:pale_oak_wood	1	24	238	24	238
minecraft:andesite	8	27	238	30	241
minecraft:cobblestone	1	33	238	33	238
minecraft:white_wool	3	80	238	81	239
minecraft:pale_moss_block	1	81	238	81	238
minecraft:white_wool	1	82	238	82	238
minecraft:pale_moss_block	1	83	238	83	238
minecraft:pale_moss_block	1	85	238	85	238
minecraft:stone	1	86	238	86	238
minecraft:stone	1	106	238	106	238
minecraft:acacia_wood	3	107	238	108	239
minecraft:basalt	1	120	238	120	238
minecraft:andesite	1	131	238	131	238
minecraft:light_gray_wool	4	133	238	135	239
minecraft:pale_oak_wood	1	136	238	136	238
minecraft:cobblestone	13	144	238	147	241
minecraft:pale_moss_block	3	151	238	152	239
minecraft:diorite	1	157	238	157	238
minecraft:diorite	1	165	238	165	238
minecraft:acacia_wood	1	166	238	166	238
minecraft:cyan_terracotta	1	167	238	167	238
minecraft:stone	9	168	238	172	241
minecraft:cobblestone	1	170	238	170	238
minecraft:white_concrete_powder	2	173	238	174	238
minecraft:birch_wood	4	173	238	175	239
minecraft:cobblestone	1	181	238	181	238
minecraft:cyan_terracotta	3	189	238	190	239
minecraft:diorite	36	197	238	206	243
minecraft:birch_wood	9	207	238	209	242
minecraft:stone	1	210	238	210	238
minecraft:pale_oak_wood	12	213	238	216	243
minecraft:snow_block	1	230	238	230	238
minecraft:pale_moss_block	2	239	238	239	239
minecraft:cobblestone	2	247	238	247	239
minecraft:cobblestone	1	250	238	250	238
minecraft:light_gray_wool	29	251	238	258	244
minecraft:pale_oak_wood	18	258	238	262	243
minecraft:mud	1	276	238	276	238
minecraft:cyan_terracotta	1	293	238	293	238
minecraft:pale_oak_wood	3	301	238	302	239
minecraft:cyan_terracotta	2	312	238	312	239
minecraft:moss_block	7	313	238	314	241
minecraft:cyan_terracotta	1	315	238	315	238
minecraft:moss_block	4	316	238	317	240
minecraft:basalt	1	317	238	317	238
minecraft:mud	1	318	238	318	238
minecraft:acacia_wood	1	319	238	319	238
minecraft:moss_block	13	323	238	326	243
minecraft:acacia_wood	14	329	238	333	242
minecraft:light_gray_wool	1	6	239	6	239
minecraft:light_gray_wool	1	10	239	10	239
minecraft:stone	2	17	239	17	240
minecraft:acacia_wood	1	18	239	18	239
minecraft:cyan_terracotta	20	16	239	20	245
minecraft:acacia_wood	4	25	239	27	240
minecraft:stone	1	27	239	27	239
minecraft:moss_block	1	60	239	60	239
minecraft:pale_moss_block	1	82	239	82	239
minecraft:white_wool	67	80	239	91	247
minecraft:white_wool	1	92	239	92	239
minecraft:stone	1	144	239	144	239
minecraft:pale_moss_block	23	146	239	152	246
minecraft:cobblestone	2	152	239	152	240
minecraft:stone	2	153	239	153	240
minecraft:stone	1	158	239	158	239
minecraft:diorite	1	160	239	160	239
minecraft:acacia_wood	1	167	239	167	239
minecraft:cobblestone	2	171	239	172	239
minecraft:stone	100	170	239	182	257
minecraft:white_concrete_powder	1	190	239	190	239
minecraft:stone	62	199	239	215	249
minecraft:cobblestone	29	217	239	224	245
minecraft:snow_block	2	229	239	229	240
minecraft:cyan_terracotta	1	230	239	230	239
minecraft:cyan_terracotta	1	240	239	240	239
minecraft:pale_moss_block	3	241	239	242	240
minecraft:cobblestone	2	245	239	245	240
minecraft:cobblestone	1	249	239	249	239
minecraft:andesite	12	265	239	268	244
minecraft:mud	223	276	239	297	295
minecraft:cyan_terracotta	1	294	239	294	239
minecraft:acacia_wood	7	294	239	297	241
minecraft:black_wool	1	303	239	303	239
minecraft:pale_oak_wood	1	305	239	305	239
minecraft:pale_moss_block	1	311	239	311	239
minecraft:basalt	1	315	239	315	239
minecraft:basalt	2	318	239	318	240
minecraft:blackstone	1	319	239	319	239
minecraft:acacia_wood	1	320	239	320	239
minecraft:light_gray_wool	4	4	240	5	241
minecraft:stone	2	10	240	10	241
minecraft:pale_moss_block	55	20	240	29	249
minecraft:cyan_terracotta	3	24	240	25	241
minecraft:cobblestone	29	59	240	67	246
minecraft:grass_block	1	61	240	61	240
minecraft:pale_moss_block	1	74	240	74	240
minecraft:stone	1	78	240	78	240
minecraft:acacia_wood	21	102	240	111	243
minecraft:pale_moss_block	2	107	240	108	240
minecraft:cyan_terracotta	1	109	240	109	240
minecraft:acacia_wood	1	111	240	111	240
minecraft:stone	1	123	240	123	240
minecraft:pale_moss_block	5	123	240	124	243
minecraft:pale_moss_block	1	143	240	143	240
minecraft:stone	7	149	240	152	242
minecraft:andesite	6	154	240	157	242
minecraft:cobblestone	5	158	240	160	242
minecraft:white_concrete_powder	4	162	240	165	240
minecraft:pale_moss_block	3	168	240	169	241
minecraft:cobblestone	3	173	240	174	241
minecraft:cobblestone	1	177	240	177	240
minecraft:white_concrete_powder	3	189	240	190	241
minecraft:birch_wood	2	190	240	191	240
minecraft:acacia_wood	8	215	240	217	243
minecraft:stone	3	217	240	218	241
minecraft:acacia_wood	1	228	240	228	240
minecraft:cyan_terracotta	1	231	240	231	240
minecraft:acacia_wood	2	240	240	240	241
minecraft:stone	52	250	240	260	250
minecraft:light_gray_wool	1	262	240	262	240
minecraft:stone	203	288	240	312	260
minecraft:cyan_terracotta	1	293	240	293	240
minecraft:pale_oak_wood	16	297	240	301	244
minecraft:smooth_basalt	3	300	240	302	240
minecraft:pale_oak_wood	1	303	240	303	240
minecraft:cyan_terracotta	36	308	240	318	246
minecraft:basalt	10	311	240	314	244
minecraft:cyan_terracotta	1	315	240	315	240
minecraft:basalt	5	315	240	317	242
minecraft:moss_block	10	318	240	320	244
minecraft:basalt	1	320	240	320	240
minecraft:stone	1	333	240	333	240
minecraft:grass_block	1	335	240	335	240
minecraft:stone	1	16	241	16	241
minecraft:cyan_terracotta	1	26	241	26	241
minecraft:stone	1	41	241	41	241
minecraft:cobblestone	1	42	241	42	241
minecraft:acacia_wood	1	54	241	54	241
minecraft:cobblestone	1	65	241	65	241
minecraft:stone	7	90	241	92	244
minecraft:white_wool	1	92	241	92	241
minecraft:pale_moss_block	1	109	241	109	241
minecraft:cyan_terracotta	1	110	241	110	241
minecraft:stone	1	143	241	143	241
minecraft:cobblestone	1	153	241	153	241
minecraft:stone	1	158	241	158	241
minecraft:stone	1	168	241	168	241
minecraft:pale_moss_block	1	171	241	171	241
minecraft:cobblestone	1	172	241	172	241
minecraft:stone	1	173	241	173	241
minecraft:birch_wood	1	205	241	205	241
minecraft:snow_block	1	228	241	228	241
minecraft:light_gray_wool	1	263	241	263	241
minecraft:cyan_terracotta	1	288	241	288	241
minecraft:acacia_wood	1	293	241	293	241
minecraft:stone	1	296	241	296	241
minecraft:pale_oak_wood	1	304	241	304	241
minecraft:moss_block	1	310	241	310	241
minecraft:mud	1	325	241	325	241
minecraft:stone	51	328	241	342	249
minecraft:grass_block	1	334	241	334	241
minecraft:moss_block	2	335	241	335	242
minecraft:acacia_wood	5	338	241	338	245
minecraft:stone	1	9	242	9	242
minecraft:pale_moss_block	1	16	242	16	242
minecraft:acacia_wood	1	35	242	35	242
minecraft:pale_moss_block	1	42	242	42	242
minecraft:pale_moss_block	2	49	242	50	242
minecraft:andesite	1	60	242	60	242
minecraft:grass_block	2	65	242	66	242
minecraft:acacia_wood	2	72	242	73	242
minecraft:stone	2	79	242	79	243
minecraft:cobblestone	6	92	242	94	244
minecraft:moss_block	2	94	242	95	242
minecraft:acacia_wood	1	101	242	101	242
minecraft:stone	19	99	242	104	247
minecraft:stone	2	106	242	107	242
minecraft:stone	1	112	242	112	242
minecraft:stone	1	115	242	115	242
minecraft:stone	1	117	242	117	242
minecraft:pale_moss_block	1	121	242	121	242
minecraft:acacia_wood	1	133	242	133	242
minecraft:pale_moss_block	11	139	242	142	246
minecraft:stone	24	142	242	147	247
minecraft:cobblestone	1	143	242	143	242
minecraft:cobblestone	1	152	242	152	242
minecraft:stone	32	152	242	159	247
minecraft:andesite	9	158	242	162	244
minecraft:white_concrete_powder	4	164	242	166	243
minecraft:diorite	1	168	242	168	242
minecraft:stone	1	169	242	169	242
minecraft:pale_moss_block	1	170	242	170	242
minecraft:pale_moss_block	6	172	242	175	243
minecraft:acacia_wood	7	193	242	195	244
minecraft:diorite	1	208	242	208	242
minecraft:stone	7	218	242	220	245
minecraft:stone	61	221	242	234	255
minecraft:snow_block	1	227	242	227	242
minecraft:acacia_wood	2	228	242	228	243
minecraft:acacia_wood	5	243	242	245	244
minecraft:pale_oak_wood	25	244	242	251	246
minecraft:light_gray_wool	1	259	242	259	242
minecraft:acacia_wood	1	289	242	289	242
minecraft:pale_oak_wood	1	296	242	296	242
minecraft:stone	1	297	242	297	242
minecraft:pale_oak_wood	1	305	242	305	242
minecraft:acacia_wood	1	314	242	314	242
minecraft:pale_moss_block	2	315	242	315	243
minecraft:pale_moss_block	4	321	242	322	244
minecraft:mud	1	326	242	326	242
minecraft:pale_oak_wood	1	334	242	334	242
minecraft:pale_oak_wood	1	4	243	4	243
minecraft:stone	1	5	243	5	243
minecraft:acacia_wood	1	6	243	6	243
minecraft:stone	5	6	243	8	244
minecraft:pale_moss_block	2	15	243	15	244
minecraft:mud	2	22	243	22	244
minecraft:acacia_wood	10	31	243	34	246
minecraft:acacia_wood	1	36	243	36	243
minecraft:cobblestone	1	75	243	75	243
minecraft:stone	1	76	243	76	243
minecraft:pale_moss_block	2	99	243	100	243
minecraft:moss_block	11	104	243	107	248
minecraft:andesite	13	128	243	132	247
minecraft:cobblestone	1	131	243	131	243
minecraft:birch_wood	1	166	243	166	243
minecraft:white_concrete_powder	1	167	243	167	243
minecraft:birch_wood	1	168	243	168	243
minecraft:cobblestone	1	169	243	169	243
minecraft:andesite	17	198	243	205	246
minecraft:birch_wood	1	205	243	205	243
minecraft:cobblestone	1	206	243	206	243
minecraft:snow_block	1	226	243	226	243
minecraft:pale_moss_block	1	227	243	227	243
minecraft:acacia_wood	19	259	243	263	249
minecraft:pale_oak_wood	1	263	243	263	243
minecraft:pale_oak_wood	1	306	243	306	243
minecraft:pale_oak_wood	3	332	243	333	244
minecraft:moss_block	1	334	243	334	243
minecraft:andesite	1	0	244	0	244
minecraft:acacia_wood	1	5	244	5	244
minecraft:stone	3	13	244	14	245
minecraft:mud	5	15	244	16	247
minecraft:mud	1	24	244	24	244
minecraft:stone	1	40	244	40	244
minecraft:cobblestone	1	41	244	41	244
minecraft:acacia_wood	8	55	244	59	245
minecraft:cobblestone	1	74	244	74	244
minecraft:stone	4	88	244	90	245
minecraft:cobblestone	1	90	244	90	244
minecraft:pale_moss_block	95	87	244	106	252
minecraft:grass_block	13	106	244	110	248
minecraft:cobblestone	140	130	244	142	275
minecraft:acacia_wood	36	136	244	141	256
minecraft:acacia_wood	6	147	244	149	247
minecraft:basalt	1	148	244	148	244
minecraft:pale_moss_block	1	154	244	154	244
minecraft:light_gray_wool	9	159	244	162	247
minecraft:cobblestone	14	163	244	169	247
minecraft:birch_wood	1	167	244	167	244
minecraft:diorite	4	168	244	169	246
minecraft:white_concrete_powder	1	169	244	169	244
minecraft:cobblestone	1	170	244	170	244
minecraft:pale_moss_block	7	171	244	173	247
minecraft:stone	1	193	244	193	244
minecraft:cobblestone	1	198	244	198	244
minecraft:cyan_terracotta	3	216	244	217	245
minecraft:acacia_wood	1	227	244	227	244
minecraft:acacia_wood	1	235	244	235	244
minecraft:acacia_wood	19	239	244	242	252
minecraft:stone	1	252	244	252	244
minecraft:pale_oak_wood	1	264	244	264	244
minecraft:pale_moss_block	241	251	244	277	273
minecraft:light_gray_wool	8	295	244	297	247
minecraft:basalt	1	316	244	316	244
minecraft:basalt	4	318	244	318	247
minecraft:cyan_terracotta	1	321	244	321	244
minecraft:moss_block	1	327	244	327	244
minecraft:acacia_wood	1	334	244	334	244
minecraft:pale_oak_wood	1	4	245	4	245
minecraft:acacia_wood	2	6	245	7	245
minecraft:acacia_wood	1	15	245	15	245
minecraft:mud	2	23	245	23	246
minecraft:cobblestone	1	36	245	36	245
minecraft:pale_moss_block	4	48	245	49	247
minecraft:cobblestone	1	87	245	87	245
minecraft:pale_moss_block	1	124	245	124	245
minecraft:cyan_terracotta	1	150	245	150	245
minecraft:stone	2	161	245	162	245
minecraft:andesite	17	163	245	166	252
minecraft:stone	26	166	245	172	252
minecraft:birch_wood	5	176	245	178	246
minecraft:white_concrete_powder	6	178	245	180	248
minecraft:acacia_wood	1	187	245	187	245
minecraft:cyan_terracotta	6	192	245	195	246
minecraft:pale_moss_block	32	195	245	206	253
minecraft:cobblestone	1	199	245	199	245
minecraft:pale_moss_block	46	213	245	224	257
minecraft:moss_block	2	251	245	251	246
minecraft:pale_oak_wood	1	252	245	252	245
minecraft:andesite	1	255	245	255	245
minecraft:stone	1	264	245	264	245
minecraft:cobblestone	67	263	245	268	261
minecraft:pale_moss_block	1	279	245	279	245
minecraft:pale_moss_block	1	284	245	284	245
minecraft:pale_oak_wood	1	307	245	307	245
minecraft:cyan_terracotta	4	319	245	320	247
minecraft:blackstone	1	320	245	320	245
minecraft:moss_block	1499	302	245	349	308
minecraft:cyan_terracotta	1	322	245	322	245
minecraft:pale_moss_block	1	323	245	323	245
minecraft:pale_oak_wood	1	6	246	6	246
minecraft:pale_moss_block	20	11	246	14	255
minecraft:acacia_wood	59	14	246	21	260
minecraft:cyan_terracotta	46	18	246	30	255
minecraft:stone	1	33	246	33	246
minecraft:cobblestone	28	32	246	38	253
minecraft:cobblestone	186	28	246	47	278
minecraft:pale_oak_wood	4	55	246	57	247
minecraft:mud	8	58	246	61	248
minecraft:pale_moss_block	52	63	246	71	256
minecraft:cobblestone	2	75	246	76	246
minecraft:stone	1	106	246	106	246
minecraft:cobblestone	1	122	246	122	246
minecraft:pale_oak_wood	16	135	246	139	252
minecraft:stone	1	136	246	136	246
minecraft:cyan_terracotta	1	140	246	140	246
minecraft:pale_moss_block	254	142	246	169	275
minecraft:basalt	8	150	246	153	250
minecraft:cyan_terracotta	1	152	246	152	246
minecraft:andesite	1	167	246	167	246
minecraft:birch_wood	1	180	246	180	246
minecraft:pale_moss_block	5	211	246	212	248
minecraft:cyan_terracotta	3	238	246	238	248
minecraft:blackstone	1	239	246	239	246
minecraft:light_gray_wool	1	246	246	246	246
minecraft:stone	1	249	246	249	246
minecraft:stone	18	261	246	263	257
minecraft:acacia_wood	1	279	246	279	246
minecraft:pale_moss_block	2	324	246	325	246
minecraft:acacia_wood	1	6	247	6	247
minecraft:cyan_terracotta	1	16	247	16	247
minecraft:stone	3	18	247	19	248
minecraft:cyan_terracotta	1	24	247	24	247
minecraft:pale_moss_block	1	31	247	31	247
minecraft:acacia_wood	1	57	247	57	247
minecraft:stone	1	66	247	66	247
minecraft:cobblestone	1	72	247	72	247
minecraft:andesite	1	73	247	73	247
minecraft:stone	1	125	247	125	247
minecraft:cyan_terracotta	1	141	247	141	247
minecraft:pale_moss_block	3	152	247	153	248
minecraft:cobblestone	1	154	247	154	247
minecraft:cobblestone	1	180	247	180	247
minecraft:basalt	6	191	247	194	248
minecraft:acacia_wood	1	195	247	195	247
minecraft:basalt	1	197	247	197	247
minecraft:acacia_wood	6	208	247	210	249
minecraft:pale_oak_wood	98	241	247	261	257
minecraft:light_gray_wool	4	247	247	249	248
minecraft:cyan_terracotta	2	272	247	272	248
minecraft:pale_moss_block	40	275	247	284	256
minecraft:pale_moss_block	86	312	247	324	258
minecraft:acacia_wood	1	316	247	316	247
minecraft:stone	1	329	247	329	247
minecraft:grass_block	1	339	247	339	247
minecraft:cyan_terracotta	1	14	248	14	248
minecraft:acacia_wood	1	20	248	20	248
minecraft:pale_moss_block	1	29	248	29	248
minecraft:cobblestone	1	30	248	30	248
minecraft:stone	66	23	248	34	258
minecraft:pale_moss_block	1	48	248	48	248
minecraft:mud	1	54	248	54	248
minecraft:mud	1	57	248	57	248
minecraft:blackstone	3	58	248	59	249
minecraft:acacia_wood	8	60	248	62	251
minecraft:acacia_wood	74	86	248	99	259
minecraft:stone	1	98	248	98	248
minecraft:acacia_wood	1	125	248	125	248
minecraft:stone	3	128	248	129	249
minecraft:stone	1	141	248	141	248
minecraft:stone	6	144	248	146	251
minecraft:acacia_wood	5	150	248	151	251
minecraft:stone	29	154	248	162	253
minecraft:cobblestone	10	155	248	159	251
minecraft:andesite	1	161	248	161	248
minecraft:cobblestone	186	165	248	178	282
minecraft:birch_wood	1	179	248	179	248
minecraft:stone	1	180	248	180	248
minecraft:snow_block	22	192	248	197	253
minecraft:white_concrete_powder	1	194	248	194	248
minecraft:acacia_wood	13	196	248	199	253
minecraft:cyan_terracotta	7	204	248	208	250
minecraft:stone	121	190	248	214	261
minecraft:stone	16	217	248	221	252
minecraft:light_gray_wool	1	251	248	251	248
minecraft:andesite	1	254	248	254	248
minecraft:stone	5	267	248	268	250
minecraft:grass_block	1	340	248	340	248
minecraft:pale_moss_block	1	343	248	343	248
minecraft:grass_block	32	341	248	349	254
minecraft:cobblestone	7	0	249	1	253
minecraft:cobblestone	1	2	249	2	249
minecraft:mud	4	14	249	15	251
minecraft:cyan_terracotta	3	17	249	19	249
minecraft:pale_moss_block	1	20	249	20	249
minecraft:cyan_terracotta	1	21	249	21	249
minecraft:pale_moss_block	1	28	249	28	249
minecraft:acacia_wood	1	57	249	57	249
minecraft:grass_block	15	58	249	59	258
minecraft:stone	2	63	249	63	250
minecraft:cobblestone	2	72	249	73	249
minecraft:cobblestone	1	77	249	77	249
minecraft:pale_moss_block	2	86	249	87	249
minecraft:stone	5	104	249	106	250
minecraft:pale_moss_block	1	106	249	106	249
minecraft:pale_moss_block	4	124	249	124	252
minecraft:smooth_basalt	1	125	249	125	249
minecraft:stone	3	126	249	127	250
minecraft:pale_moss_block	17	126	249	129	254
minecraft:stone	1	142	249	142	249
minecraft:pale_moss_block	1	180	249	180	249
minecraft:stone	1	181	249	181	249
minecraft:acacia_wood	15	189	249	195	254
minecraft:blackstone	1	240	249	240	249
minecraft:light_gray_wool	8	252	249	255	251
minecraft:pale_oak_wood	2	261	249	261	250
minecraft:mud	1	283	249	283	249
minecraft:moss_block	9	283	249	286	251
minecraft:stone	26	320	249	325	256
minecraft:stone	2	328	249	329	249
minecraft:pale_moss_block	1	19	250	19	250
minecraft:cyan_terracotta	1	20	250	20	250
minecraft:pale_moss_block	1	21	250	21	250
minecraft:pale_moss_block	1	27	250	27	250
minecraft:acacia_wood	1	40	250	40	250
minecraft:andesite	22	43	250	46	258
minecraft:blackstone	1	57	250	57	250
minecraft:pale_oak_wood	1	60	250	60	250
minecraft:pale_moss_block	65	82	250	90	266
minecraft:pale_moss_block	1	88	250	88	250
minecraft:cobblestone	1	107	250	107	250
minecraft:pale_moss_block	1	116	250	116	250
minecraft:acacia_wood	5	125	250	125	254
minecraft:cyan_terracotta	1	142	250	142	250
minecraft:cyan_terracotta	1	152	250	152	250
minecraft:acacia_wood	1	154	250	154	250
minecraft:cobblestone	2	163	250	164	250
minecraft:white_concrete_powder	1	192	250	192	250
minecraft:acacia_wood	1	207	250	207	250
minecraft:stone	1	215	250	215	250
minecraft:cobblestone	37	214	250	221	259
minecraft:cyan_terracotta	1	224	250	224	250
minecraft:pale_moss_block	19	225	250	229	257
minecraft:stone	193	236	250	256	271
minecraft:blackstone	6	241	250	243	252
minecraft:acacia_wood	2	259	250	260	250
minecraft:acacia_wood	4	280	250	281	251
minecraft:mud	1	284	250	284	250
minecraft:pale_oak_wood	3	305	250	306	251
minecraft:acacia_wood	1	326	250	326	250
minecraft:stone	1	327	250	327	250
minecraft:stone	1	335	250	335	250
minecraft:acacia_wood	9	3	251	5	254
minecraft:pale_moss_block	1	20	251	20	251
minecraft:pale_moss_block	1	26	251	26	251
minecraft:stone	2	37	251	38	251
minecraft:acacia_wood	2	39	251	39	252
minecraft:stone	2	40	251	40	252
minecraft:acacia_wood	2	54	251	54	252
minecraft:acacia_wood	6	55	251	57	254
minecraft:pale_oak_wood	2	57	251	57	252
minecraft:blackstone	1	59	251	59	251
minecraft:stone	25	61	251	68	257
minecraft:acacia_wood	1	63	251	63	251
minecraft:cobblestone	84	67	251	82	264
minecraft:cyan_terracotta	15	98	251	105	253
minecraft:cobblestone	1	114	251	114	251
minecraft:pale_moss_block	1	115	251	115	251
minecraft:stone	1	142	251	142	251
minecraft:cyan_terracotta	2	153	251	153	252
minecraft:acacia_wood	1	162	251	162	251
minecraft:pale_moss_block	1	163	251	163	251
minecraft:stone	1	164	251	164	251
minecraft:cobblestone	20	165	251	171	259
minecraft:diorite	2	167	251	167	252
minecraft:acacia_wood	2	188	251	189	251
minecraft:cobblestone	1	209	251	209	251
minecraft:cobblestone	1	211	251	211	251
minecraft:acacia_wood	8	213	251	215	255
minecraft:stone	3	216	251	216	253
minecraft:cyan_terracotta	8	223	251	226	253
minecraft:mud	1	224	251	224	251
minecraft:acacia_wood	1	226	251	226	251
minecraft:pale_oak_wood	1	253	251	253	251
minecraft:stone	1	254	251	254	251
minecraft:acacia_wood	10	254	251	258	254
minecraft:stone	1	259	251	259	251
minecraft:stone	13	268	251	270	257
minecraft:mud	1	278	251	278	251
minecraft:acacia_wood	2	291	251	292	251
minecraft:pale_moss_block	3	300	251	300	253
minecraft:light_gray_wool	1	306	251	306	251
minecraft:pale_oak_wood	1	307	251	307	251
minecraft:pale_moss_block	10	325	251	328	254
minecraft:acacia_wood	2	327	251	327	252
minecraft:stone	4	341	251	342	253
minecraft:cobblestone	81	0	252	11	265
minecraft:stone	3	13	252	13	254
minecraft:pale_moss_block	1	25	252	25	252
minecraft:stone	1	36	252	36	252
minecraft:acacia_wood	1	37	252	37	252
minecraft:smooth_basalt	1	38	252	38	252
minecraft:pale_oak_wood	7	60	252	63	254
minecraft:stone	2	86	252	86	253
minecraft:acacia_wood	1	106	252	106	252
minecraft:cobblestone	22	109	252	115	260
minecraft:cobblestone	3	117	252	118	253
minecraft:stone	16	126	252	132	256
minecraft:cyan_terracotta	25	141	252	148	258
minecraft:cyan_terracotta	5	162	252	164	254
minecraft:pale_moss_block	1	164	252	164	252
minecraft:pale_moss_block	1	193	252	193	252
minecraft:acacia_wood	6	242	252	244	254
minecraft:stone	1	253	252	253	252
minecraft:stone	1	275	252	275	252
minecraft:mud	1	279	252	279	252
minecraft:pale_moss_block	2	280	252	281	252
minecraft:pale_moss_block	12	289	252	291	257
minecraft:cyan_terracotta	59	291	252	303	267
minecraft:pale_moss_block	8	293	252	296	254
minecraft:mud	53	297	252	307	266
minecraft:pale_oak_wood	1	306	252	306	252
minecraft:pale_oak_wood	1	308	252	308	252
minecraft:acacia_wood	10	309	252	312	255
minecraft:moss_block	7	343	252	347	253
minecraft:stone	1	0	253	0	253
minecraft:blackstone	1	14	253	14	253
minecraft:pale_moss_block	1	24	253	24	253
minecraft:stone	1	34	253	34	253
minecraft:acacia_wood	1	35	253	35	253
minecraft:smooth_basalt	5	34	253	36	255
minecraft:black_wool	2	37	253	37	254
minecraft:acacia_wood	1	38	253	38	253
minecraft:stone	1	39	253	39	253
minecraft:acacia_wood	1	63	253	63	253
minecraft:basalt	5	98	253	100	255
minecraft:pale_moss_block	1	106	253	106	253
minecraft:cobblestone	2	119	253	120	253
minecraft:cobblestone	3	123	253	123	255
minecraft:stone	2	124	253	124	254
minecraft:pale_moss_block	3	141	253	142	254
minecraft:stone	1	151	253	151	253
minecraft:andesite	3	167	253	169	253
minecraft:acacia_wood	1	185	253	185	253
minecraft:pale_moss_block	5	196	253	199	254
minecraft:blackstone	1	246	253	246	253
minecraft:acacia_wood	1	258	253	258	253
minecraft:mud	1	259	253	259	253
minecraft:andesite	8	263	253	266	256
minecraft:cyan_terracotta	3	272	253	273	254
minecraft:pale_moss_block	1	298	253	298	253
minecraft:stone	1	340	253	340	253
minecraft:acacia_wood	1	341	253	341	253
minecraft:pale_moss_block	2	0	254	1	254
minecraft:acacia_wood	1	23	254	23	254
minecraft:stone	2	38	254	38	255
minecraft:acacia_wood	1	49	254	49	254
minecraft:grass_block	14	52	254	55	258
minecraft:stone	3	56	254	57	255
minecraft:cobblestone	1	70	254	70	254
minecraft:grass_block	3	80	254	81	255
minecraft:acacia_wood	5	86	254	88	256
minecraft:acacia_wood	2	100	254	101	254
minecraft:pale_moss_block	4	102	254	105	254
minecraft:acacia_wood	2	106	254	107	254
minecraft:pale_moss_block	1	112	254	112	254
minecraft:cobblestone	1	121	254	121	254
minecraft:cyan_terracotta	1	140	254	140	254
minecraft:acacia_wood	27	152	254	158	261
minecraft:stone	62	159	254	170	265
minecraft:diorite	4	168	254	169	255
minecraft:acacia_wood	4	183	254	184	255
minecraft:basalt	1	185	254	185	254
minecraft:pale_moss_block	2	216	254	216	255
minecraft:stone	6	220	254	221	258
minecraft:basalt	20	223	254	227	258
minecraft:mud	1	247	254	247	254
minecraft:mud	1	251	254	251	254
minecraft:stone	11	277	254	279	259
minecraft:smooth_basalt	1	292	254	292	254
minecraft:moss_block	6	303	254	305	256
minecraft:pale_oak_wood	1	308	254	308	254
minecraft:stone	1	319	254	319	254
minecraft:pale_moss_block	2	4	255	4	256
minecraft:stone	1	5	255	5	255
minecraft:blackstone	3	13	255	14	256
minecraft:blackstone	1	20	255	20	255
minecraft:cobblestone	1	23	255	23	255
minecraft:cobblestone	1	31	255	31	255
minecraft:pale_moss_block	1	32	255	32	255
minecraft:mud	4	33	255	35	256
minecraft:acacia_wood	1	35	255	35	255
minecraft:acacia_wood	1	37	255	37	255
minecraft:pale_oak_wood	2	49	255	49	256
minecraft:blackstone	1	60	255	60	255
minecraft:moss_block	35	99	255	108	259
minecraft:pale_moss_block	3	114	255	115	256
minecraft:acacia_wood	1	117	255	117	255
minecraft:acacia_wood	3	124	255	124	257
minecraft:mud	3	125	255	125	257
minecraft:pale_moss_block	2	139	255	140	255
minecraft:andesite	14	170	255	174	260
minecraft:cyan_terracotta	4	188	255	191	255
minecraft:pale_oak_wood	1	209	255	209	255
minecraft:mud	9	209	255	211	259
minecraft:acacia_wood	2	211	255	211	256
minecraft:cyan_terracotta	1	215	255	215	255
minecraft:stone	1	217	255	217	255
minecraft:cobblestone	60	228	255	236	269
minecraft:moss_block	11	257	255	260	257
minecraft:acacia_wood	4	291	255	292	257
minecraft:cyan_terracotta	2	292	255	292	256
minecraft:smooth_basalt	7	293	255	295	258
minecraft:pale_moss_block	3	297	255	298	256
minecraft:cyan_terracotta	20	311	255	320	258
minecraft:acacia_wood	3	1	256	2	257
minecraft:cobblestone	1	11	256	11	256
minecraft:stone	3	11	256	12	257
minecraft:cobblestone	52	17	256	29	264
minecraft:pale_moss_block	1	31	256	31	256
minecraft:smooth_basalt	5	32	256	33	258
minecraft:acacia_wood	1	36	256	36	256
minecraft:stone	1	37	256	37	256
minecraft:acacia_wood	5	47	256	48	259
minecraft:cobblestone	18	52	256	57	261
minecraft:stone	2	58	256	58	257
minecraft:pale_oak_wood	3	60	256	61	257
minecraft:andesite	1	63	256	63	256
minecraft:cobblestone	17	118	256	122	259
minecraft:blackstone	2	126	256	126	257
minecraft:pale_moss_block	15	127	256	130	261
minecraft:pale_moss_block	1	137	256	137	256
minecraft:cyan_terracotta	1	139	256	139	256
minecraft:moss_block	2	140	256	140	257
minecraft:pale_moss_block	2	141	256	142	256
minecraft:mud	1	148	256	148	256
minecraft:cyan_terracotta	4	149	256	150	258
minecraft:basalt	1	155	256	155	256
minecraft:acacia_wood	1	157	256	157	256
minecraft:acacia_wood	1	182	256	182	256
minecraft:cyan_terracotta	3	185	256	187	256
minecraft:pale_moss_block	1	188	256	188	256
minecraft:acacia_wood	32	186	256	196	261
minecraft:pale_oak_wood	4	204	256	207	256
minecraft:acacia_wood	8	206	256	208	259
minecraft:cyan_terracotta	10	211	256	214	261
minecraft:pale_moss_block	1	215	256	215	256
minecraft:andesite	29	231	256	240	263
minecraft:mud	1	251	256	251	256
minecraft:acacia_wood	9	261	256	262	261
minecraft:blackstone	1	273	256	273	256
minecraft:mud	1	313	256	313	256
minecraft:blackstone	1	314	256	314	256
minecraft:acacia_wood	2	336	256	336	257
minecraft:grass_block	1	343	256	343	256
minecraft:andesite	2	6	257	6	258
minecraft:cyan_terracotta	11	12	257	15	261
minecraft:mud	1	15	257	15	257
minecraft:acacia_wood	2	30	257	31	257
minecraft:acacia_wood	2	34	257	35	257
minecraft:stone	1	36	257	36	257
minecraft:stone	1	61	257	61	257
minecraft:light_gray_wool	2	62	257	63	257
minecraft:andesite	18	61	257	66	261
minecraft:cobblestone	1	66	257	66	257
minecraft:stone	3	69	257	70	258
minecraft:andesite	76	68	257	77	270
minecraft:pale_moss_block	1	98	257	98	257
minecraft:stone	4	113	257	115	258
minecraft:cyan_terracotta	1	116	257	116	257
minecraft:stone	4	136	257	137	259
minecraft:pale_moss_block	12	138	257	140	262
minecraft:moss_block	117	141	257	154	275
minecraft:basalt	3	157	257	158	258
minecraft:cyan_terracotta	1	159	257	159	257
minecraft:pale_moss_block	1	165	257	165	257
minecraft:acacia_wood	1	204	257	204	257
minecraft:acacia_wood	1	210	257	210	257
minecraft:stone	1	214	257	214	257
minecraft:acacia_wood	1	252	257	252	257
minecraft:acacia_wood	9	253	257	257	259
minecraft:moss_block	1	288	257	288	257
minecraft:basalt	6	293	257	294	260
minecraft:pale_moss_block	4	298	257	300	258
minecraft:pale_moss_block	1	310	257	310	257
minecraft:stone	53	334	257	349	271
minecraft:acacia_wood	3	3	258	3	260
minecraft:acacia_wood	3	12	258	13	259
minecraft:stone	1	29	258	29	258
minecraft:mud	2	30	258	31	258
minecraft:acacia_wood	9	29	258	33	260
minecraft:stone	4	34	258	35	260
minecraft:mud	9	49	258	51	261
minecraft:andesite	9	55	258	58	262
minecraft:light_gray_wool	28	58	258	66	268
minecraft:stone	1	62	258	62	258
minecraft:cyan_terracotta	1	85	258	85	258
minecraft:stone	35	87	258	92	265
minecraft:pale_moss_block	1	92	258	92	258
minecraft:pale_moss_block	281	85	258	110	283
minecraft:acacia_wood	1	115	258	115	258
minecraft:pale_moss_block	15	112	258	116	262
minecraft:cyan_terracotta	1	124	258	124	258
minecraft:blackstone	2	125	258	125	259
minecraft:smooth_basalt	1	126	258	126	258
minecraft:stone	1	131	258	131	258
minecraft:cyan_terracotta	1	139	258	139	258
minecraft:pale_moss_block	1	149	258	149	258
minecraft:cyan_terracotta	1	158	258	158	258
minecraft:pale_moss_block	1	159	258	159	258
minecraft:stone	1	187	258	187	258
minecraft:cyan_terracotta	55	217	258	227	272
minecraft:stone	3	228	258	228	260
minecraft:stone	1	257	258	257	258
minecraft:acacia_wood	5	257	258	259	259
minecraft:grass_block	2	260	258	260	259
minecraft:blackstone	5	272	258	273	261
minecraft:pale_moss_block	5	279	258	281	260
minecraft:pale_moss_block	4	290	258	292	259
minecraft:pale_moss_block	51	310	258	320	271
minecraft:basalt	32	313	258	320	268
minecraft:cyan_terracotta	1	323	258	323	258
minecraft:grass_block	2	343	258	343	259
minecraft:stone	1	18	259	18	259
minecraft:stone	1	28	259	28	259
minecraft:mud	1	29	259	29	259
minecraft:stone	1	58	259	58	259
minecraft:pale_oak_wood	1	59	259	59	259
minecraft:cobblestone	1	82	259	82	259
minecraft:stone	1	105	259	105	259
minecraft:cobblestone	4	104	259	106	260
minecraft:stone	1	113	259	113	259
minecraft:mud	1	126	259	126	259
minecraft:stone	1	130	259	130	259
minecraft:pale_moss_block	82	115	259	131	276
minecraft:stone	49	129	259	134	275
minecraft:cyan_terracotta	1	149	259	149	259
minecraft:basalt	2	155	259	156	259
minecraft:birch_wood	1	175	259	175	259
minecraft:stone	182	175	259	192	285
minecraft:pale_oak_wood	1	187	259	187	259
minecraft:cyan_terracotta	81	192	259	209	272
minecraft:pale_moss_block	1	197	259	197	259
minecraft:mud	2	203	259	203	260
minecraft:moss_block	10	207	259	210	262
minecraft:pale_moss_block	1	213	259	213	259
minecraft:stone	125	208	259	220	283
minecraft:pale_moss_block	2	220	259	221	259
minecraft:stone	4	263	259	263	262
minecraft:stone	16	264	259	268	265
minecraft:pale_moss_block	14	280	259	283	264
minecraft:acacia_wood	1	284	259	284	259
minecraft:acacia_wood	7	290	259	292	262
minecraft:mud	2	295	259	295	260
minecraft:acacia_wood	8	298	259	300	262
minecraft:stone	4	299	259	301	260
minecraft:acacia_wood	2	337	259	337	260
minecraft:stone	1	17	260	17	260
minecraft:stone	1	27	260	27	260
minecraft:mud	1	28	260	28	260
minecraft:cyan_terracotta	1	32	260	32	260
minecraft:smooth_basalt	3	48	260	49	261
minecraft:cyan_terracotta	66	44	260	52	283
minecraft:light_gray_wool	1	58	260	58	260
minecraft:stone	1	59	260	59	260
minecraft:stone	1	82	260	82	260
minecraft:stone	2	98	260	99	260
minecraft:mud	1	125	260	125	260
minecraft:smooth_basalt	4	126	260	127	262
minecraft:stone	5	128	260	129	263
minecraft:basalt	1	153	260	153	260
minecraft:pale_moss_block	1	168	260	168	260
minecraft:cyan_terracotta	1	169	260	169	260
minecraft:acacia_wood	1	170	260	170	260
minecraft:stone	1	171	260	171	260
minecraft:smooth_basalt	1	189	260	189	260
minecraft:pale_moss_block	1	198	260	198	260
minecraft:cyan_terracotta	1	207	260	207	260
minecraft:pale_moss_block	1	225	260	225	260
minecraft:pale_moss_block	37	222	260	230	268
minecraft:stone	7	234	260	235	265
minecraft:light_gray_wool	17	235	260	240	265
minecraft:pale_moss_block	1	257	260	257	260
minecraft:cyan_terracotta	10	257	260	261	264
minecraft:acacia_wood	1	260	260	260	260
minecraft:grass_block	1	261	260	261	260
minecraft:moss_block	4	274	260	275	262
minecraft:cyan_terracotta	1	279	260	279	260
minecraft:basalt	1	284	260	284	260
minecraft:acacia_wood	3	284	260	285	261
minecraft:pale_moss_block	1	0	261	0	261
minecraft:stone	1	11	261	11	261
minecraft:acacia_wood	14	10	261	14	265
minecraft:pale_moss_block	1	16	261	16	261
minecraft:stone	1	26	261	26	261
minecraft:smooth_basalt	1	27	261	27	261
minecraft:cyan_terracotta	23	24	261	31	265
minecraft:pale_moss_block	1	32	261	32	261
minecraft:stone	1	33	261	33	261
minecraft:acacia_wood	8	52	261	55	264
minecraft:stone	1	58	261	58	261
minecraft:stone	7	66	261	68	265
minecraft:stone	30	76	261	83	267
minecraft:acacia_wood	1	92	261	92	261
minecraft:cobblestone	1	109	261	109	261
minecraft:cobblestone	1	117	261	117	261
minecraft:cobblestone	1	122	261	122	261
minecraft:pale_moss_block	2	124	261	125	261
minecraft:stone	1	151	261	151	261
minecraft:acacia_wood	5	153	261	155	263
minecraft:basalt	2	154	261	155	261
minecraft:pale_moss_block	3	166	261	167	262
minecraft:stone	3	168	261	168	263
minecraft:pale_moss_block	2	169	261	170	261
minecraft:light_gray_wool	12	185	261	189	265
minecraft:mud	2	190	261	191	261
minecraft:acacia_wood	1	199	261	199	261
minecraft:acacia_wood	2	201	261	201	262
minecraft:pale_moss_block	16	202	261	208	265
minecraft:mud	3	204	261	205	262
minecraft:pale_moss_block	2	205	261	206	261
minecraft:pale_moss_block	1	211	261	211	261
minecraft:pale_moss_block	1	220	261	220	261
minecraft:pale_moss_block	1	224	261	224	261
minecraft:mud	1	261	261	261	261
minecraft:acacia_wood	3	272	261	273	262
minecraft:acacia_wood	2	275	261	275	262
minecraft:stone	6	276	261	277	264
minecraft:stone	1	278	261	278	261
minecraft:acacia_wood	4	278	261	279	263
minecraft:cyan_terracotta	1	280	261	280	261
minecraft:moss_block	10	288	261	290	264
minecraft:mud	1	290	261	290	261
minecraft:pale_moss_block	7	292	261	293	264
minecraft:pale_moss_block	2	301	261	302	261
minecraft:acacia_wood	2	338	261	338	262
minecraft:grass_block	40	343	261	349	267
minecraft:stone	1	0	262	0	262
minecraft:stone	2	10	262	10	263
minecraft:pale_moss_block	1	15	262	15	262
minecraft:stone	20	14	262	22	266
minecraft:stone	1	25	262	25	262
minecraft:pale_moss_block	2	31	262	31	263
minecraft:andesite	39	32	262	42	270
minecraft:cobblestone	1	55	262	55	262
minecraft:stone	13	53	262	59	267
minecraft:andesite	1	58	262	58	262
minecraft:stone	3	62	262	63	263
minecraft:pale_moss_block	2	92	262	92	263
minecraft:acacia_wood	1	93	262	93	262
minecraft:cobblestone	1	116	262	116	262
minecraft:pale_moss_block	1	122	262	122	262
minecraft:stone	2	138	262	139	262
minecraft:cyan_terracotta	1	141	262	141	262
minecraft:stone	1	152	262	152	262
minecraft:cyan_terracotta	1	167	262	167	262
minecraft:cyan_terracotta	1	169	262	169	262
minecraft:stone	1	170	262	170	262
minecraft:acacia_wood	3	190	262	191	263
minecraft:pale_moss_block	1	200	262	200	262
minecraft:stone	5	206	262	209	263
minecraft:pale_moss_block	1	208	262	208	262
minecraft:pale_moss_block	1	210	262	210	262
minecraft:cyan_terracotta	4	210	262	211	264
minecraft:pale_moss_block	1	212	262	212	262
minecraft:cobblestone	15	213	262	216	267
minecraft:pale_moss_block	3	219	262	219	264
minecraft:stone	1	228	262	228	262
minecraft:cobblestone	1	233	262	233	262
minecraft:andesite	2	241	262	241	263
minecraft:cobblestone	1	242	262	242	262
minecraft:grass_block	11	261	262	264	266
minecraft:pale_moss_block	2	264	262	264	263
minecraft:basalt	4	284	262	285	263
minecraft:acacia_wood	1	286	262	286	262
minecraft:mud	1	296	262	296	262
minecraft:pale_moss_block	9	303	262	305	267
minecraft:pale_oak_wood	4	338	262	339	264
minecraft:pale_moss_block	3	14	263	14	265
minecraft:stone	1	23	263	23	263
minecraft:pale_moss_block	1	24	263	24	263
minecraft:smooth_basalt	1	47	263	47	263
minecraft:grass_block	15	49	263	53	266
minecraft:pale_oak_wood	1	61	263	61	263
minecraft:pale_oak_wood	32	58	263	67	272
minecraft:stone	1	74	263	74	263
minecraft:stone	1	93	263	93	263
minecraft:stone	1	99	263	99	263
minecraft:pale_moss_block	1	102	263	102	263
minecraft:cobblestone	3	108	263	109	264
minecraft:pale_moss_block	5	122	263	124	264
minecraft:acacia_wood	11	122	263	126	266
minecraft:moss_block	1	127	263	127	263
minecraft:stone	1	134	263	134	263
minecraft:stone	3	139	263	140	264
minecraft:pale_moss_block	2	141	263	141	264
minecraft:cyan_terracotta	2	165	263	166	263
minecraft:pale_oak_wood	16	182	263	188	268
minecraft:stone	32	189	263	195	270
minecraft:acacia_wood	1	193	263	193	263
minecraft:pale_moss_block	29	194	263	200	271
minecraft:andesite	2	243	263	243	264
minecraft:cyan_terracotta	1	263	263	263	263
minecraft:cyan_terracotta	5	272	263	274	264
minecraft:acacia_wood	1	277	263	277	263
minecraft:mud	1	278	263	278	263
minecraft:mud	2	291	263	291	264
minecraft:acacia_wood	4	294	263	295	265
minecraft:acacia_wood	8	314	263	318	265
minecraft:stone	34	0	264	6	272
minecraft:stone	1	9	264	9	264
minecraft:pale_moss_block	1	23	264	23	264
minecraft:basalt	1	26	264	26	264
minecraft:stone	1	31	264	31	264
minecraft:andesite	14	56	264	60	267
minecraft:grass_block	1	59	264	59	264
minecraft:pale_moss_block	2	111	264	111	265
minecraft:mud	1	127	264	127	264
minecraft:cobblestone	1	130	264	130	264
minecraft:stone	2	170	264	170	265
minecraft:light_gray_wool	1	182	264	182	264
minecraft:acacia_wood	2	209	264	209	265
minecraft:pale_moss_block	1	211	264	211	264
minecraft:cyan_terracotta	1	226	264	226	264
minecraft:acacia_wood	1	278	264	278	264
minecraft:cyan_terracotta	2	279	264	280	264
minecraft:moss_block	31	278	264	284	272
minecraft:pale_moss_block	10	282	264	285	269
minecraft:stone	1	339	264	339	264
minecraft:stone	1	8	265	8	265
minecraft:cyan_terracotta	5	9	265	11	267
minecraft:pale_moss_block	39	5	265	20	270
minecraft:cyan_terracotta	1	13	265	13	265
minecraft:pale_moss_block	1	22	265	22	265
minecraft:basalt	5	23	265	25	266
minecraft:cyan_terracotta	1	26	265	26	265
minecraft:pale_moss_block	1	27	265	27	265
minecraft:stone	2	30	265	30	266
minecraft:pale_moss_block	3	45	265	45	267
minecraft:acacia_wood	1	53	265	53	265
minecraft:acacia_wood	1	67	265	67	265
minecraft:stone	1	75	265	75	265
minecraft:cyan_terracotta	1	88	265	88	265
minecraft:cobblestone	5	105	265	107	267
minecraft:pale_moss_block	1	121	265	121	265
minecraft:smooth_basalt	1	127	265	127	265
minecraft:cobblestone	1	132	265	132	265
minecraft:andesite	1	134	265	134	265
minecraft:stone	1	141	265	141	265
minecraft:stone	3	151	265	152	266
minecraft:andesite	1	176	265	176	265
minecraft:light_gray_wool	8	182	265	184	268
minecraft:moss_block	2	191	265	192	265
minecraft:basalt	1	200	265	200	265
minecraft:pale_moss_block	1	210	265	210	265
minecraft:stone	1	221	265	221	265
minecraft:stone	1	229	265	229	265
minecraft:andesite	11	235	265	240	268
minecraft:stone	1	237	265	237	265
minecraft:light_gray_wool	1	244	265	244	265
minecraft:acacia_wood	1	277	265	277	265
minecraft:cyan_terracotta	2	278	265	278	266
minecraft:moss_block	1	291	265	291	265
minecraft:stone	28	292	265	298	276
minecraft:pale_moss_block	1	296	265	296	265
minecraft:pale_moss_block	1	302	265	302	265
minecraft:pale_moss_block	2	317	265	318	265
minecraft:pale_oak_wood	3	339	265	340	266
minecraft:moss_block	1	345	265	345	265
minecraft:gray_wool	5	4	266	6	268
minecraft:basalt	4	20	266	22	267
minecraft:acacia_wood	1	23	266	23	266
minecraft:pale_moss_block	1	26	266	26	266
minecraft:cyan_terracotta	1	27	266	27	266
minecraft:pale_moss_block	94	14	266	29	279
minecraft:pale_moss_block	62	47	266	55	279
minecraft:cyan_terracotta	1	52	266	52	266
minecraft:cobblestone	11	54	266	56	271
minecraft:stone	20	60	266	65	272
minecraft:acacia_wood	5	65	266	66	269
minecraft:stone	4	67	266	67	269
minecraft:light_gray_wool	1	74	266	74	266
minecraft:cobblestone	3	79	266	81	266
minecraft:grass_block	19	81	266	88	269
minecraft:cyan_terracotta	1	95	266	95	266
minecraft:cyan_terracotta	1	97	266	97	266
minecraft:acacia_wood	2	120	266	121	266
minecraft:stone	1	126	266	126	266
minecraft:stone	1	140	266	140	266
minecraft:cyan_terracotta	1	141	266	141	266
minecraft:basalt	1	162	266	162	266
minecraft:andesite	8	175	266	178	269
minecraft:moss_block	1	193	266	193	266
minecraft:basalt	1	198	266	198	266
minecraft:pale_moss_block	6	204	266	208	267
minecraft:pale_moss_block	1	218	266	218	266
minecraft:moss_block	5	239	266	241	267
minecraft:light_gray_wool	1	242	266	242	266
minecraft:pale_oak_wood	1	246	266	246	266
minecraft:pale_oak_wood	1	248	266	248	266
minecraft:stone	1	264	266	264	266
minecraft:moss_block	1	292	266	292	266
minecraft:basalt	1	303	266	303	266
minecraft:basalt	1	316	266	316	266
minecraft:cyan_terracotta	1	317	266	317	266
minecraft:acacia_wood	4	340	266	341	268
minecraft:acacia_wood	27	17	267	26	271
minecraft:basalt	1	23	267	23	267
minecraft:light_gray_wool	1	63	267	63	267
minecraft:cobblestone	47	67	267	80	274
minecraft:stone	4	78	267	80	268
minecraft:pale_moss_block	1	80	267	80	267
minecraft:acacia_wood	9	89	267	91	272
minecraft:stone	1	105	267	105	267
minecraft:acacia_wood	2	119	267	119	268
minecraft:cyan_terracotta	1	128	267	128	267
minecraft:stone	3	141	267	141	269
minecraft:acacia_wood	1	154	267	154	267
minecraft:acacia_wood	5	159	267	161	268
minecraft:stone	2	169	267	170	267
minecraft:stone	1	178	267	178	267
minecraft:light_gray_wool	2	179	267	179	268
minecraft:mud	1	187	267	187	267
minecraft:acacia_wood	8	188	267	190	271
minecraft:acacia_wood	6	198	267	199	270
minecraft:pale_moss_block	2	210	267	210	268
minecraft:pale_moss_block	1	217	267	217	267
minecraft:acacia_wood	1	221	267	221	267
minecraft:stone	2	222	267	223	267
minecraft:stone	15	229	267	234	273
minecraft:andesite	1	242	267	242	267
minecraft:pale_oak_wood	1	247	267	247	267
minecraft:acacia_wood	66	248	267	265	277
minecraft:stone	1	263	267	263	267
minecraft:cyan_terracotta	5	276	267	277	270
minecraft:stone	8	283	267	285	270
minecraft:acacia_wood	1	297	267	297	267
minecraft:basalt	19	298	267	301	272
minecraft:cyan_terracotta	6	318	267	320	269
minecraft:grass_block	5	0	268	1	271
minecraft:stone	6	10	268	13	270
minecraft:stone	14	36	268	37	276
minecraft:cobblestone	2	38	268	39	268
minecraft:acacia_wood	1	53	268	53	268
minecraft:stone	7	56	268	57	272
minecraft:pale_moss_block	2	81	268	82	268
minecraft:acacia_wood	35	95	268	100	278
minecraft:cobblestone	1	105	268	105	268
minecraft:cyan_terracotta	1	109	268	109	268
minecraft:moss_block	1	122	268	122	268
minecraft:grass_block	2	123	268	124	268
minecraft:stone	2	125	268	126	268
minecraft:acacia_wood	8	128	268	130	272
minecraft:grass_block	3	138	268	139	269
minecraft:grass_block	1	142	268	142	268
minecraft:cyan_terracotta	1	161	268	161	268
minecraft:andesite	2	173	268	173	269
minecraft:andesite	1	178	268	178	268
minecraft:acacia_wood	1	187	268	187	268
minecraft:mud	1	188	268	188	268
minecraft:pale_moss_block	15	220	268	225	273
minecraft:moss_block	1	224	268	224	268
minecraft:grass_block	1	225	268	225	268
minecraft:acacia_wood	9	226	268	229	272
minecraft:basalt	1	228	268	228	268
minecraft:stone	4	236	268	237	270
minecraft:cobblestone	60	238	268	248	283
minecraft:stone	1	242	268	242	268
minecraft:moss_block	1	243	268	243	268
minecraft:stone	1	262	268	262	268
minecraft:acacia_wood	1	275	268	275	268
minecraft:acacia_wood	6	286	268	288	270
minecraft:stone	1	287	268	287	268
minecraft:moss_block	29	293	268	298	282
minecraft:cyan_terracotta	1	297	268	297	268
minecraft:cyan_terracotta	1	317	268	317	268
minecraft:acacia_wood	1	322	268	322	268
minecraft:acacia_wood	1	345	268	345	268
minecraft:pale_moss_block	1	21	269	21	269
minecraft:cobblestone	1	41	269	41	269
minecraft:pale_moss_block	2	46	269	46	270
minecraft:cyan_terracotta	2	47	269	47	270
minecraft:cyan_terracotta	2	51	269	52	269
minecraft:pale_moss_block	4	52	269	53	271
minecraft:stone	1	54	269	54	269
minecraft:stone	1	77	269	77	269
minecraft:stone	25	81	269	90	275
minecraft:basalt	1	96	269	96	269
minecraft:pale_moss_block	1	142	269	142	269
minecraft:grass_block	33	142	269	147	279
minecraft:stone	12	164	269	166	272
minecraft:cyan_terracotta	2	190	269	191	269
minecraft:acacia_wood	8	201	269	204	271
minecraft:moss_block	1	223	269	223	269
minecraft:grass_block	2	226	269	226	270
minecraft:pale_moss_block	24	228	269	232	275
minecraft:acacia_wood	1	276	269	276	269
minecraft:acacia_wood	1	284	269	284	269
minecraft:stone	3	289	269	289	271
minecraft:mud	2	294	269	294	270
minecraft:acacia_wood	1	297	269	297	269
minecraft:pale_moss_block	1	321	269	321	269
minecraft:cyan_terracotta	1	322	269	322	269
minecraft:stone	13	320	269	326	271
minecraft:diamond_block	1	328	269	328	269
minecraft:gray_wool	1	6	270	6	270
minecraft:stone	18	25	270	29	276
minecraft:cobblestone	1	37	270	37	270
minecraft:cobblestone	28	38	270	40	281
minecraft:acacia_wood	1	44	270	44	270
minecraft:grass_block	2	51	270	51	271
minecraft:acacia_wood	3	65	270	65	272
minecraft:stone	1	66	270	66	270
minecraft:stone	1	75	270	75	270
minecraft:stone	4	78	270	80	271
minecraft:pale_moss_block	22	78	270	83	281
minecraft:stone	3	104	270	105	271
minecraft:cyan_terracotta	1	108	270	108	270
minecraft:acacia_wood	3	118	270	119	271
minecraft:stone	10	122	270	127	272
minecraft:stone	1	140	270	140	270
minecraft:stone	2	142	270	142	271
minecraft:stone	1	153	270	153	270
minecraft:acacia_wood	1	155	270	155	270
minecraft:cyan_terracotta	1	156	270	156	270
minecraft:cyan_terracotta	1	158	270	158	270
minecraft:cyan_terracotta	1	161	270	161	270
minecraft:stone	3	168	270	168	272
minecraft:mud	13	190	270	194	277
minecraft:cyan_terracotta	3	192	270	193	271
minecraft:stone	21	195	270	204	275
minecraft:moss_block	14	221	270	225	274
minecraft:pale_moss_block	2	235	270	235	271
minecraft:acacia_wood	4	236	270	237	272
minecraft:stone	3	238	270	238	272
minecraft:grass_block	1	244	270	244	270
minecraft:cyan_terracotta	1	249	270	249	270
minecraft:stone	10	257	270	263	272
minecraft:stone	1	267	270	267	270
minecraft:acacia_wood	1	275	270	275	270
minecraft:acacia_wood	8	276	270	278	273
minecraft:mud	1	282	270	282	270
minecraft:moss_block	2	284	270	285	270
minecraft:pale_oak_wood	10	287	270	289	275
minecraft:cyan_terracotta	23	298	270	306	279
minecraft:mud	1	310	270	310	270
minecraft:moss_block	1	1	271	1	271
minecraft:gray_wool	1	5	271	5	271
minecraft:stone	1	6	271	6	271
minecraft:cobblestone	2	10	271	11	271
minecraft:stone	14	11	271	15	276
minecraft:acacia_wood	4	14	271	16	272
minecraft:cyan_terracotta	2	48	271	49	271
minecraft:stone	1	53	271	53	271
minecraft:cobblestone	12	59	271	63	276
minecraft:pale_moss_block	3	66	271	66	273
minecraft:stone	78	66	271	81	285
minecraft:pale_moss_block	10	134	271	136	274
minecraft:stone	1	136	271	136	271
minecraft:pale_moss_block	1	148	271	148	271
minecraft:stone	1	154	271	154	271
minecraft:moss_block	6	155	271	157	274
minecraft:grass_block	22	157	271	161	277
minecraft:cyan_terracotta	1	160	271	160	271
minecraft:acacia_wood	1	192	271	192	271
minecraft:moss_block	1	204	271	204	271
minecraft:acacia_wood	16	204	271	208	276
minecraft:pale_moss_block	1	209	271	209	271
minecraft:pale_moss_block	2	211	271	211	272
minecraft:pale_moss_block	2	216	271	216	272
minecraft:basalt	15	216	271	219	280
minecraft:acacia_wood	1	224	271	224	271
minecraft:moss_block	1	242	271	242	271
minecraft:grass_block	1	243	271	243	271
minecraft:stone	1	244	271	244	271
minecraft:grass_block	31	244	271	248	279
minecraft:pale_moss_block	25	247	271	254	279
minecraft:stone	42	265	271	274	279
minecraft:stone	1	282	271	282	271
minecraft:mud	8	281	271	284	273
minecraft:stone	23	280	271	288	276
minecraft:moss_block	2	286	271	286	272
minecraft:light_gray_wool	1	295	271	295	271
minecraft:pale_moss_block	1	311	271	311	271
minecraft:moss_block	78	0	272	6	288
minecraft:grass_block	1	1	272	1	272
minecraft:gray_wool	12	3	272	6	278
minecraft:stone	2	51	272	52	272
minecraft:stone	1	54	272	54	272
minecraft:acacia_wood	7	56	272	58	274
minecraft:stone	1	76	272	76	272
minecraft:acacia_wood	1	82	272	82	272
minecraft:pale_moss_block	2	83	272	83	273
minecraft:stone	4	103	272	104	274
minecraft:stone	2	121	272	122	272
minecraft:stone	1	124	272	124	272
minecraft:cobblestone	1	125	272	125	272
minecraft:moss_block	10	128	272	131	276
minecraft:stone	32	147	272	152	281
minecraft:stone	1	155	272	155	272
minecraft:acacia_wood	1	179	272	179	272
minecraft:acacia_wood	4	190	272	191	274
minecraft:acacia_wood	63	193	272	202	285
minecraft:acacia_wood	2	221	272	222	272
minecraft:pale_moss_block	5	226	272	227	275
minecraft:cyan_terracotta	44	234	272	240	282
minecraft:mud	1	236	272	236	272
minecraft:stone	6	242	272	244	274
minecraft:cyan_terracotta	1	251	272	251	272
minecraft:stone	3	275	272	276	273
minecraft:mud	3	295	272	295	274
minecraft:light_gray_wool	3	296	272	296	274
minecraft:mud	1	310	272	310	272
minecraft:light_gray_wool	2	3	273	4	273
minecraft:cobblestone	2	11	273	12	273
minecraft:stone	2	59	273	59	274
minecraft:grass_block	29	58	273	63	285
minecraft:pale_moss_block	39	64	273	70	283
minecraft:cyan_terracotta	1	65	273	65	273
minecraft:acacia_wood	1	81	273	81	273
minecraft:cyan_terracotta	1	82	273	82	273
minecraft:cyan_terracotta	1	107	273	107	273
minecraft:stone	8	120	273	123	276
minecraft:grass_block	9	124	273	128	275
minecraft:acacia_wood	1	132	273	132	273
minecraft:stone	1	137	273	137	273
minecraft:stone	1	143	273	143	273
minecraft:cobblestone	7	150	273	153	276
minecraft:stone	1	151	273	151	273
minecraft:cobblestone	1	152	273	152	273
minecraft:stone	1	153	273	153	273
minecraft:cobblestone	32	154	273	160	281
minecraft:acacia_wood	1	162	273	162	273
minecraft:stone	1	169	273	169	273
minecraft:acacia_wood	10	178	273	182	277
minecraft:mud	4	179	273	180	275
minecraft:acacia_wood	2	180	273	180	274
minecraft:pale_oak_wood	1	196	273	196	273
minecraft:cobblestone	1	200	273	200	273
minecraft:cobblestone	42	201	273	211	283
minecraft:moss_block	1	206	273	206	273
minecraft:pale_moss_block	1	209	273	209	273
minecraft:pale_moss_block	2	212	273	213	273
minecraft:acacia_wood	1	216	273	216	273
minecraft:acacia_wood	15	218	273	224	277
minecraft:acacia_wood	2	223	273	224	273
minecraft:stone	58	219	273	230	287
minecraft:pale_moss_block	1	234	273	234	273
minecraft:acacia_wood	1	238	273	238	273
minecraft:stone	2	239	273	239	274
minecraft:cyan_terracotta	3	252	273	253	274
minecraft:grass_block	1	255	273	255	273
minecraft:stone	1	259	273	259	273
minecraft:stone	2	279	273	280	273
minecraft:stone	2	290	273	290	274
minecraft:acacia_wood	1	298	273	298	273
minecraft:mud	2	300	273	300	274
minecraft:cyan_terracotta	2	301	273	301	274
minecraft:pale_moss_block	1	306	273	306	273
minecraft:stone	5	320	273	321	275
minecraft:pale_moss_block	9	343	273	346	276
minecraft:mud	25	345	273	349	286
minecraft:grass_block	1	2	274	2	274
minecraft:pale_moss_block	25	41	274	43	285
minecraft:cyan_terracotta	1	54	274	54	274
minecraft:cyan_terracotta	14	53	274	57	279
minecraft:cyan_terracotta	1	81	274	81	274
minecraft:cyan_terracotta	3	83	274	84	275
minecraft:pale_moss_block	2	84	274	85	274
minecraft:acacia_wood	6	90	274	92	277
minecraft:cyan_terracotta	1	106	274	106	274
minecraft:acacia_wood	1	118	274	118	274
minecraft:cobblestone	3	121	274	122	275
minecraft:cobblestone	1	124	274	124	274
minecraft:stone	1	127	274	127	274
minecraft:grass_block	1	130	274	130	274
minecraft:acacia_wood	1	131	274	131	274
minecraft:stone	1	136	274	136	274
minecraft:stone	1	152	274	152	274
minecraft:andesite	1	153	274	153	274
minecraft:stone	13	161	274	166	277
minecraft:pale_moss_block	1	166	274	166	274
minecraft:andesite	2	200	274	200	275
minecraft:pale_moss_block	3	214	274	215	275
minecraft:acacia_wood	30	226	274	233	286
minecraft:basalt	3	234	274	234	276
minecraft:mud	3	235	274	236	275
minecraft:acacia_wood	10	272	274	275	277
minecraft:pale_oak_wood	2	276	274	277	274
minecraft:stone	1	278	274	278	274
minecraft:acacia_wood	1	279	274	279	274
minecraft:mud	1	280	274	280	274
minecraft:cyan_terracotta	1	306	274	306	274
minecraft:pale_moss_block	1	312	274	312	274
minecraft:mud	7	317	274	319	276
minecraft:stone	1	329	274	329	274
minecraft:grass_block	28	337	274	341	280
minecraft:stone	2	35	275	35	276
minecraft:acacia_wood	5	35	275	36	278
minecraft:stone	12	48	275	51	279
minecraft:stone	1	58	275	58	275
minecraft:acacia_wood	1	65	275	65	275
minecraft:basalt	5	84	275	86	277
minecraft:cyan_terracotta	1	86	275	86	275
minecraft:pale_moss_block	6	87	275	89	277
minecraft:pale_moss_block	1	116	275	116	275
minecraft:stone	1	117	275	117	275
minecraft:andesite	8	122	275	125	277
minecraft:grass_block	1	131	275	131	275
minecraft:acacia_wood	1	133	275	133	275
minecraft:stone	28	132	275	138	282
minecraft:cobblestone	1	136	275	136	275
minecraft:andesite	48	137	275	145	286
minecraft:stone	1	153	275	153	275
minecraft:moss_block	1	158	275	158	275
minecraft:pale_moss_block	28	161	275	168	281
minecraft:cobblestone	2	184	275	184	276
minecraft:acacia_wood	3	192	275	192	277
minecraft:stone	2	205	275	205	276
minecraft:cyan_terracotta	2	217	275	217	276
minecraft:pale_moss_block	9	217	275	219	279
minecraft:stone	1	225	275	225	275
minecraft:stone	1	240	275	240	275
minecraft:stone	1	243	275	243	275
minecraft:cobblestone	2	244	275	245	275
minecraft:stone	21	248	275	252	281
minecraft:stone	53	253	275	263	284
minecraft:stone	2	276	275	277	275
minecraft:acacia_wood	1	278	275	278	275
minecraft:moss_block	1	279	275	279	275
minecraft:pale_oak_wood	1	280	275	280	275
minecraft:acacia_wood	6	282	275	285	276
minecraft:acacia_wood	3	289	275	290	276
minecraft:mud	2	296	275	296	276
minecraft:smooth_basalt	2	301	275	302	275
minecraft:pale_moss_block	1	311	275	311	275
minecraft:pale_moss_block	2	314	275	315	275
minecraft:pale_moss_block	7	317	275	321	277
minecraft:mud	1	320	275	320	275
minecraft:mud	1	322	275	322	275
minecraft:stone	132	14	276	33	292
minecraft:pale_moss_block	1	27	276	27	276
minecraft:acacia_wood	1	57	276	57	276
minecraft:cobblestone	2	58	276	58	277
minecraft:stone	46	54	276	63	289
minecraft:cyan_terracotta	1	107	276	107	276
minecraft:cobblestone	2	115	276	115	277
minecraft:stone	1	116	276	116	276
minecraft:cyan_terracotta	2	117	276	117	277
minecraft:stone	41	115	276	123	287
minecraft:stone	3	126	276	128	276
minecraft:grass_block	67	128	276	137	307
minecraft:grass_block	1	132	276	132	276
minecraft:andesite	1	154	276	154	276
minecraft:stone	37	168	276	173	286
minecraft:cobblestone	30	185	276	191	286
minecraft:stone	1	200	276	200	276
minecraft:moss_block	6	206	276	207	278
minecraft:pale_moss_block	1	222	276	222	276
minecraft:moss_block	1	224	276	224	276
minecraft:pale_moss_block	1	225	276	225	276
minecraft:pale_moss_block	3	240	276	240	278
minecraft:pale_oak_wood	5	264	276	265	278
minecraft:pale_oak_wood	2	276	276	277	276
minecraft:stone	1	278	276	278	276
minecraft:pale_oak_wood	1	279	276	279	276
minecraft:blackstone	1	285	276	285	276
minecraft:acacia_wood	5	286	276	287	279
minecraft:moss_block	447	265	276	297	319
minecraft:stone	1	291	276	291	276
minecraft:light_gray_wool	5	297	276	298	279
minecraft:acacia_wood	1	299	276	299	276
minecraft:pale_moss_block	1	312	276	312	276
minecraft:pale_moss_block	1	316	276	316	276
minecraft:cyan_terracotta	2	333	276	333	277
minecraft:basalt	1	344	276	344	276
minecraft:andesite	5	12	277	13	279
minecraft:cobblestone	4	14	277	16	278
minecraft:stone	1	20	277	20	277
minecraft:stone	1	25	277	25	277
minecraft:pale_moss_block	1	26	277	26	277
minecraft:pale_moss_block	6	37	277	37	282
minecraft:mud	1	44	277	44	277
minecraft:stone	1	57	277	57	277
minecraft:pale_moss_block	1	63	277	63	277
minecraft:basalt	1	64	277	64	277
minecraft:acacia_wood	10	71	277	73	281
minecraft:pale_moss_block	1	73	277	73	277
minecraft:basalt	3	81	277	82	278
minecraft:acacia_wood	4	82	277	84	278
minecraft:cyan_terracotta	8	84	277	87	280
minecraft:cyan_terracotta	1	89	277	89	277
minecraft:pale_moss_block	30	84	277	92	283
minecraft:cobblestone	112	99	277	116	307
minecraft:pale_moss_block	1	116	277	116	277
minecraft:cobblestone	2	120	277	121	277
minecraft:light_gray_wool	7	124	277	127	279
minecraft:andesite	1	127	277	127	277
minecraft:acacia_wood	1	133	277	133	277
minecraft:pale_oak_wood	1	134	277	134	277
minecraft:cobblestone	1	137	277	137	277
minecraft:stone	3	144	277	145	278
minecraft:andesite	5	153	277	155	279
minecraft:pale_moss_block	17	174	277	177	283
minecraft:cyan_terracotta	77	177	277	189	292
minecraft:stone	1	201	277	201	277
minecraft:stone	1	208	277	208	277
minecraft:pale_moss_block	2	215	277	215	278
minecraft:moss_block	9	220	277	223	280
minecraft:pale_moss_block	2	224	277	224	278
minecraft:pale_moss_block	2	230	277	230	278
minecraft:basalt	2	233	277	233	278
minecraft:acacia_wood	1	261	277	261	277
minecraft:pale_oak_wood	2	262	277	262	278
minecraft:moss_block	12	265	277	269	281
minecraft:mud	1	273	277	273	277
minecraft:moss_block	55	274	277	280	287
minecraft:pale_oak_wood	12	279	277	282	281
minecraft:acacia_wood	3	282	277	282	279
minecraft:blackstone	2	283	277	284	277
minecraft:mud	1	285	277	285	277
minecraft:stone	50	299	277	307	296
minecraft:pale_moss_block	1	300	277	300	277
minecraft:mud	2	303	277	304	277
minecraft:pale_moss_block	4	311	277	311	280
minecraft:cyan_terracotta	2	312	277	312	278
minecraft:basalt	1	313	277	313	277
minecraft:grass_block	10	314	277	317	279
minecraft:stone	2	331	277	331	278
minecraft:pale_moss_block	7	332	277	334	280
minecraft:basalt	3	345	277	346	278
minecraft:cyan_terracotta	1	346	277	346	277
minecraft:pale_moss_block	4	347	277	348	279
minecraft:stone	1	34	278	34	278
minecraft:cyan_terracotta	23	32	278	36	285
minecraft:pale_moss_block	2	47	278	47	279
minecraft:pale_moss_block	1	56	278	56	278
minecraft:cobblestone	3	57	278	57	280
minecraft:acacia_wood	8	63	278	64	281
minecraft:pale_moss_block	11	73	278	77	282
minecraft:basalt	1	84	278	84	278
minecraft:cyan_terracotta	1	88	278	88	278
minecraft:stone	1	92	278	92	278
minecraft:stone	20	93	278	97	283
minecraft:cyan_terracotta	1	107	278	107	278
minecraft:stone	1	108	278	108	278
minecraft:pale_moss_block	1	115	278	115	278
minecraft:moss_block	1	130	278	130	278
minecraft:cobblestone	1	136	278	136	278
minecraft:grass_block	1	149	278	149	278
minecraft:stone	1	160	278	160	278
minecraft:cyan_terracotta	2	166	278	167	278
minecraft:stone	2	174	278	174	279
minecraft:stone	1	202	278	202	278
minecraft:acacia_wood	2	220	278	221	278
minecraft:pale_oak_wood	1	266	278	266	278
minecraft:acacia_wood	10	271	278	273	283
minecraft:mud	1	272	278	272	278
minecraft:acacia_wood	1	273	278	273	278
minecraft:mud	3	283	278	283	280
minecraft:mud	1	286	278	286	278
minecraft:stone	4	289	278	291	279
minecraft:mud	1	297	278	297	278
minecraft:stone	2	41	279	41	280
minecraft:acacia_wood	26	48	279	55	283
minecraft:stone	2	56	279	56	280
minecraft:stone	3	65	279	66	280
minecraft:cyan_terracotta	3	81	279	82	280
minecraft:pale_moss_block	3	83	279	84	280
minecraft:andesite	3	123	279	125	279
minecraft:andesite	1	128	279	128	279
minecraft:pale_oak_wood	39	133	279	141	293
minecraft:cobblestone	1	137	279	137	279
minecraft:andesite	1	138	279	138	279
minecraft:stone	1	139	279	139	279
minecraft:andesite	1	152	279	152	279
minecraft:stone	1	153	279	153	279
minecraft:stone	7	160	279	162	282
minecraft:cyan_terracotta	1	193	279	193	279
minecraft:stone	16	202	279	207	285
minecraft:acacia_wood	2	215	279	215	280
minecraft:acacia_wood	22	214	279	220	286
minecraft:pale_moss_block	3	222	279	223	280
minecraft:pale_moss_block	2	229	279	229	280
minecraft:pale_moss_block	25	233	279	238	285
minecraft:pale_moss_block	4	241	279	241	282
minecraft:acacia_wood	1	257	279	257	279
minecraft:grass_block	219	260	279	288	304
minecraft:acacia_wood	1	268	279	268	279
minecraft:pale_oak_wood	1	270	279	270	279
minecraft:mud	1	273	279	273	279
minecraft:moss_block	1	280	279	280	279
minecraft:acacia_wood	3	290	279	291	280
minecraft:pale_moss_block	32	302	279	312	285
minecraft:basalt	2	312	279	312	280
minecraft:mud	1	332	279	332	279
minecraft:acacia_wood	10	345	279	347	284
minecraft:cobblestone	64	15	280	24	294
minecraft:pale_moss_block	1	33	280	33	280
minecraft:basalt	1	36	280	36	280
minecraft:stone	13	37	280	41	285
minecraft:basalt	1	44	280	44	280
minecraft:basalt	3	81	280	82	281
minecraft:moss_block	2	86	280	87	280
minecraft:stone	1	91	280	91	280
minecraft:stone	1	112	280	112	280
minecraft:andesite	1	121	280	121	280
minecraft:grass_block	2	124	280	124	281
minecraft:light_gray_wool	1	125	280	125	280
minecraft:moss_block	2	126	280	127	280
minecraft:light_gray_wool	12	132	280	134	287
minecraft:stone	1	138	280	138	280
minecraft:cobblestone	1	139	280	139	280
minecraft:cobblestone	30	140	280	148	285
minecraft:stone	1	146	280	146	280
minecraft:cobblestone	2	147	280	148	280
minecraft:andesite	1	150	280	150	280
minecraft:light_gray_wool	2	152	280	153	280
minecraft:stone	65	151	280	161	294
minecraft:cobblestone	1	155	280	155	280
minecraft:cyan_terracotta	1	166	280	166	280
minecraft:pale_moss_block	1	184	280	184	280
minecraft:pale_moss_block	48	192	280	199	293
minecraft:cyan_terracotta	11	194	280	197	282
minecraft:pale_moss_block	1	214	280	214	280
minecraft:basalt	1	232	280	232	280
minecraft:cyan_terracotta	3	233	280	233	282
minecraft:grass_block	1	252	280	252	280
minecraft:acacia_wood	1	260	280	260	280
minecraft:stone	3	270	280	271	281
minecraft:light_gray_wool	2	280	280	280	281
minecraft:stone	1	292	280	292	280
minecraft:grass_block	1	318	280	318	280
minecraft:stone	1	333	280	333	280
minecraft:basalt	1	345	280	345	280
minecraft:pale_moss_block	1	32	281	32	281
minecraft:smooth_basalt	2	35	281	36	281
minecraft:calcite	4	44	281	44	284
minecraft:blackstone	1	54	281	54	281
minecraft:cobblestone	2	56	281	56	282
minecraft:basalt	5	71	281	72	283
minecraft:acacia_wood	2	73	281	73	282
minecraft:moss_block	2	78	281	78	282
minecraft:cyan_terracotta	11	82	281	85	285
minecraft:stone	69	98	281	109	291
minecraft:stone	1	113	281	113	281
minecraft:moss_block	4	123	281	124	283
minecraft:andesite	1	125	281	125	281
minecraft:light_gray_wool	19	125	281	128	288
minecraft:stone	2	147	281	148	281
minecraft:cobblestone	1	149	281	149	281
minecraft:andesite	1	152	281	152	281
minecraft:cobblestone	1	160	281	160	281
minecraft:cyan_terracotta	3	164	281	165	282
minecraft:pale_moss_block	1	166	281	166	281
minecraft:cyan_terracotta	1	167	281	167	281
minecraft:stone	1	174	281	174	281
minecraft:basalt	21	177	281	182	287
minecraft:stone	2	185	281	185	282
minecraft:moss_block	115	200	281	213	301
minecraft:acacia_wood	1	202	281	202	281
minecraft:acacia_wood	1	204	281	204	281
minecraft:pale_moss_block	74	208	281	229	293
minecraft:acacia_wood	1	214	281	214	281
minecraft:basalt	1	215	281	215	281
minecraft:pale_moss_block	2	219	281	220	281
minecraft:acacia_wood	2	221	281	222	281
minecraft:stone	3	242	281	242	283
minecraft:grass_block	114	248	281	266	299
minecraft:grass_block	1	251	281	251	281
minecraft:stone	1	252	281	252	281
minecraft:pale_oak_wood	1	263	281	263	281
minecraft:acacia_wood	3	283	281	284	282
minecraft:pale_oak_wood	1	291	281	291	281
minecraft:acacia_wood	2	292	281	292	282
minecraft:cyan_terracotta	1	308	281	308	281
minecraft:cyan_terracotta	1	310	281	310	281
minecraft:basalt	1	311	281	311	281
minecraft:pale_moss_block	9	346	281	348	285
minecraft:pale_moss_block	4	30	282	32	283
minecraft:basalt	1	35	282	35	282
minecraft:calcite	1	36	282	36	282
minecraft:blackstone	2	45	282	45	283
minecraft:pale_moss_block	8	61	282	63	285
minecraft:stone	24	64	282	69	288
minecraft:acacia_wood	2	70	282	70	283
minecraft:stone	16	74	282	78	286
minecraft:pale_moss_block	1	81	282	81	282
minecraft:stone	45	86	282	94	289
minecraft:stone	1	91	282	91	282
minecraft:cobblestone	1	92	282	92	282
minecraft:acacia_wood	5	117	282	118	285
minecraft:cobblestone	2	120	282	120	283
minecraft:andesite	22	121	282	125	288
minecraft:andesite	1	124	282	124	282
minecraft:andesite	18	128	282	131	290
minecraft:andesite	52	146	282	154	290
minecraft:light_gray_wool	1	152	282	152	282
minecraft:acacia_wood	1	161	282	161	282
minecraft:acacia_wood	3	162	282	163	283
minecraft:pale_moss_block	1	165	282	165	282
minecraft:cyan_terracotta	4	166	282	167	284
minecraft:pale_moss_block	1	167	282	167	282
minecraft:mud	1	184	282	184	282
minecraft:basalt	1	214	282	214	282
minecraft:pale_moss_block	1	218	282	218	282
minecraft:acacia_wood	2	219	282	220	282
minecraft:pale_moss_block	6	225	282	227	285
minecraft:basalt	1	231	282	231	282
minecraft:pale_moss_block	1	232	282	232	282
minecraft:stone	1	245	282	245	282
minecraft:stone	1	251	282	251	282
minecraft:pale_moss_block	5	256	282	258	284
minecraft:acacia_wood	1	258	282	258	282
minecraft:pale_oak_wood	1	266	282	266	282
minecraft:moss_block	3	270	282	270	284
minecraft:acacia_wood	1	271	282	271	282
minecraft:stone	30	271	282	277	291
minecraft:stone	8	280	282	283	284
minecraft:pale_oak_wood	2	283	282	283	283
minecraft:grass_block	5484	224	282	349	379
minecraft:mud	2	299	282	299	283
minecraft:moss_block	15	305	282	311	286
minecraft:grass_block	1	40	283	40	283
minecraft:cyan_terracotta	1	43	283	43	283
minecraft:blackstone	1	49	283	49	283
minecraft:blackstone	16	47	283	52	288
minecraft:pale_oak_wood	1	53	283	53	283
minecraft:cyan_terracotta	1	62	283	62	283
minecraft:pale_moss_block	2	73	283	73	284
minecraft:moss_block	2	79	283	79	284
minecraft:basalt	1	82	283	82	283
minecraft:cobblestone	1	91	283	91	283
minecraft:cobblestone	34	93	283	98	292
minecraft:stone	1	114	283	114	283
minecraft:light_gray_wool	1	151	283	151	283
minecraft:pale_moss_block	2	164	283	164	284
minecraft:moss_block	1	165	283	165	283
minecraft:acacia_wood	32	173	283	179	291
minecraft:pale_moss_block	1	185	283	185	283
minecraft:mud	3	195	283	196	284
minecraft:cobblestone	3	208	283	209	284
minecraft:pale_moss_block	1	219	283	219	283
minecraft:moss_block	4	220	283	220	286
minecraft:pale_moss_block	2	221	283	222	283
minecraft:pale_moss_block	1	224	283	224	283
minecraft:pale_moss_block	1	230	283	230	283
minecraft:cyan_terracotta	7	230	283	233	285
minecraft:acacia_wood	1	238	283	238	283
minecraft:pale_moss_block	1	239	283	239	283
minecraft:acacia_wood	1	240	283	240	283
minecraft:cyan_terracotta	28	239	283	242	297
minecraft:stone	38	242	283	251	290
minecraft:pale_moss_block	1	248	283	248	283
minecraft:pale_moss_block	1	250	283	250	283
minecraft:stone	1	253	283	253	283
minecraft:grass_block	1	259	283	259	283
minecraft:stone	1	260	283	260	283
minecraft:acacia_wood	1	261	283	261	283
minecraft:pale_oak_wood	4	292	283	293	285
minecraft:acacia_wood	1	311	283	311	283
minecraft:basalt	2	312	283	313	283
minecraft:grass_block	2	5	284	6	284
minecraft:pale_moss_block	1	29	284	29	284
minecraft:smooth_basalt	1	35	284	35	284
minecraft:calcite	1	36	284	36	284
minecraft:pale_moss_block	5	37	284	37	288
minecraft:moss_block	2	40	284	40	285
minecraft:stone	2	41	284	41	285
minecraft:mud	8	45	284	47	287
minecraft:acacia_wood	1	49	284	49	284
minecraft:stone	2	53	284	53	285
minecraft:cobblestone	57	49	284	58	295
minecraft:cyan_terracotta	3	70	284	70	286
minecraft:blackstone	2	71	284	71	285
minecraft:cyan_terracotta	1	72	284	72	284
minecraft:pale_moss_block	2	82	284	82	285
minecraft:acacia_wood	5	85	284	86	287
minecraft:cobblestone	1	89	284	89	284
minecraft:moss_block	1	105	284	105	284
minecraft:acacia_wood	2	107	284	108	284
minecraft:stone	1	109	284	109	284
minecraft:mud	5	118	284	118	288
minecraft:acacia_wood	4	119	284	119	287
minecraft:stone	5	120	284	121	287
minecraft:andesite	2	132	284	132	285
minecraft:light_gray_wool	1	137	284	137	284
minecraft:stone	3	137	284	138	285
minecraft:stone	2	146	284	146	285
minecraft:stone	1	148	284	148	284
minecraft:pale_moss_block	3	159	284	160	285
minecraft:acacia_wood	1	161	284	161	284
minecraft:stone	5	161	284	163	286
minecraft:grass_block	5	164	284	165	287
minecraft:pale_moss_block	106	161	284	174	308
minecraft:pale_moss_block	1	168	284	168	284
minecraft:pale_moss_block	3	186	284	186	286
minecraft:cyan_terracotta	1	195	284	195	284
minecraft:stone	4	201	284	202	286
minecraft:acacia_wood	1	219	284	219	284
minecraft:cyan_terracotta	1	237	284	237	284
minecraft:stone	1	238	284	238	284
minecraft:acacia_wood	2	239	284	239	285
minecraft:pale_moss_block	4	242	284	242	287
minecraft:pale_moss_block	9	259	284	261	288
minecraft:stone	1	261	284	261	284
minecraft:mud	4	300	284	300	287
minecraft:cyan_terracotta	11	303	284	308	288
minecraft:pale_moss_block	1	305	284	305	284
minecraft:acacia_wood	34	312	284	324	289
minecraft:basalt	3	315	284	317	284
minecraft:mud	2	347	284	347	285
minecraft:grass_block	1	4	285	4	285
minecraft:moss_block	106	0	285	6	304
minecraft:cobblestone	33	38	285	42	296
minecraft:cyan_terracotta	1	44	285	44	285
minecraft:pale_oak_wood	1	52	285	52	285
minecraft:cobblestone	1	60	285	60	285
minecraft:cobblestone	1	63	285	63	285
minecraft:pale_moss_block	2	69	285	69	286
minecraft:mud	12	70	285	73	290
minecraft:cyan_terracotta	1	73	285	73	285
minecraft:pale_moss_block	2	74	285	74	286
minecraft:cobblestone	142	75	285	88	310
minecraft:cobblestone	1	92	285	92	285
minecraft:moss_block	9	110	285	112	289
minecraft:stone	44	139	285	150	295
minecraft:stone	1	154	285	154	285
minecraft:cobblestone	1	155	285	155	285
minecraft:cobblestone	8	161	285	163	288
minecraft:stone	49	187	285	198	297
minecraft:cyan_terracotta	1	196	285	196	285
minecraft:mud	1	197	285	197	285
minecraft:cyan_terracotta	2	198	285	199	285
minecraft:pale_moss_block	1	221	285	221	285
minecraft:moss_block	1	224	285	224	285
minecraft:smooth_basalt	1	230	285	230	285
minecraft:mud	1	231	285	231	285
minecraft:pale_moss_block	1	249	285	249	285
minecraft:cyan_terracotta	6	260	285	262	288
minecraft:grass_block	2	279	285	280	285
minecraft:stone	1	294	285	294	285
minecraft:pale_moss_block	5	306	285	308	287
minecraft:grass_block	1	1	286	1	286
minecraft:grass_block	7	1	286	3	289
minecraft:pale_moss_block	1	17	286	17	286
minecraft:pale_moss_block	1	24	286	24	286
minecraft:moss_block	112	24	286	39	301
minecraft:acacia_wood	1	35	286	35	286
minecraft:smooth_basalt	1	36	286	36	286
minecraft:stone	12	42	286	44	291
minecraft:acacia_wood	1	44	286	44	286
minecraft:calcite	2	45	286	45	287
minecraft:pale_oak_wood	1	51	286	51	286
minecraft:stone	1	52	286	52	286
minecraft:cobblestone	52	58	286	66	302
minecraft:acacia_wood	1	73	286	73	286
minecraft:stone	1	82	286	82	286
minecraft:smooth_basalt	2	83	286	84	286
minecraft:grass_block	1	105	286	105	286
minecraft:cyan_terracotta	5	116	286	117	288
minecraft:cobblestone	1	121	286	121	286
minecraft:andesite	7	133	286	134	290
minecraft:cyan_terracotta	2	160	286	160	287
minecraft:moss_block	10	164	286	166	290
minecraft:acacia_wood	1	168	286	168	286
minecraft:pale_moss_block	1	175	286	175	286
minecraft:blackstone	1	185	286	185	286
minecraft:stone	2	194	286	194	287
minecraft:cyan_terracotta	1	197	286	197	286
minecraft:blackstone	2	198	286	198	287
minecraft:moss_block	1	199	286	199	286
minecraft:cyan_terracotta	4	199	286	200	288
minecraft:cobblestone	2	202	286	203	286
minecraft:stone	1	210	286	210	286
minecraft:acacia_wood	1	219	286	219	286
minecraft:moss_block	2	223	286	223	287
minecraft:stone	3	224	286	225	287
minecraft:cyan_terracotta	3	229	286	230	287
minecraft:acacia_wood	24	227	286	233	293
minecraft:stone	17	233	286	237	292
minecraft:acacia_wood	4	235	286	237	287
minecraft:stone	1	237	286	237	286
minecraft:acacia_wood	1	238	286	238	286
minecraft:stone	1	239	286	239	286
minecraft:grass_block	2	246	286	246	287
minecraft:pale_moss_block	1	255	286	255	286
minecraft:cyan_terracotta	4	265	286	265	289
minecraft:grass_block	1	278	286	278	286
minecraft:stone	7	278	286	281	287
minecraft:acacia_wood	1	289	286	289	286
minecraft:acacia_wood	7	293	286	294	289
minecraft:mud	21	309	286	320	291
minecraft:mud	1	312	286	312	286
minecraft:pale_moss_block	2	313	286	314	286
minecraft:basalt	1	320	286	320	286
minecraft:basalt	2	323	286	323	287
minecraft:light_gray_wool	1	348	286	348	286
minecraft:pale_moss_block	1	16	287	16	287
minecraft:stone	16	16	287	20	291
minecraft:cobblestone	2	25	287	26	287
minecraft:acacia_wood	1	36	287	36	287
minecraft:pale_oak_wood	1	44	287	44	287
minecraft:moss_block	7	47	287	48	291
minecraft:light_gray_wool	1	51	287	51	287
minecraft:cobblestone	1	59	287	59	287
minecraft:pale_moss_block	4	67	287	68	289
minecraft:cyan_terracotta	3	69	287	69	289
minecraft:stone	3	74	287	74	289
minecraft:moss_block	5	80	287	81	290
minecraft:acacia_wood	2	83	287	84	287
minecraft:grass_block	4	85	287	86	289
minecraft:cyan_terracotta	1	105	287	105	287
minecraft:pale_moss_block	1	107	287	107	287
minecraft:stone	1	125	287	125	287
minecraft:pale_oak_wood	2	126	287	127	287
minecraft:cobblestone	2	155	287	155	288
minecraft:acacia_wood	1	173	287	173	287
minecraft:mud	1	181	287	181	287
minecraft:basalt	6	181	287	183	289
minecraft:pale_moss_block	4	187	287	188	289
minecraft:pale_moss_block	7	201	287	203	290
minecraft:stone	1	203	287	203	287
minecraft:pale_moss_block	1	210	287	210	287
minecraft:pale_moss_block	3	238	287	239	288
minecraft:pale_moss_block	8	249	287	252	289
minecraft:moss_block	1	271	287	271	287
minecraft:stone	19	286	287	290	294
minecraft:acacia_wood	1	290	287	290	287
minecraft:acacia_wood	3	303	287	303	289
minecraft:mud	3	304	287	304	289
minecraft:moss_block	1	312	287	312	287
minecraft:pale_moss_block	1	315	287	315	287
minecraft:cyan_terracotta	2	326	287	326	288
minecraft:stone	1	22	288	22	288
minecraft:calcite	1	36	288	36	288
minecraft:pale_oak_wood	3	45	288	46	289
minecraft:blackstone	1	46	288	46	288
minecraft:pale_oak_wood	1	50	288	50	288
minecraft:stone	1	51	288	51	288
minecraft:grass_block	1	56	288	56	288
minecraft:stone	1	59	288	59	288
minecraft:acacia_wood	1	60	288	60	288
minecraft:cyan_terracotta	14	71	288	75	293
minecraft:stone	2	82	288	83	288
minecraft:mud	1	84	288	84	288
minecraft:pale_oak_wood	2	87	288	88	288
minecraft:grass_block	5	98	288	100	290
minecraft:grass_block	2	103	288	103	289
minecraft:pale_moss_block	3	105	288	106	289
minecraft:stone	1	107	288	107	288
minecraft:grass_block	151	83	288	110	330
minecraft:pale_moss_block	15	112	288	116	292
minecraft:cyan_terracotta	4	119	288	119	291
minecraft:pale_moss_block	4	120	288	120	291
minecraft:cobblestone	40	120	288	125	299
minecraft:andesite	1	125	288	125	288
minecraft:stone	3	126	288	127	289
minecraft:stone	2	135	288	135	289
minecraft:stone	1	149	288	149	288
minecraft:acacia_wood	3	158	288	159	289
minecraft:pale_moss_block	2	160	288	160	289
minecraft:grass_block	7	162	288	164	292
minecraft:pale_moss_block	26	174	288	181	294
minecraft:cyan_terracotta	1	198	288	198	288
minecraft:mud	1	199	288	199	288
minecraft:basalt	2	201	288	201	289
minecraft:stone	3	204	288	205	289
minecraft:stone	1	217	288	217	288
minecraft:acacia_wood	1	224	288	224	288
minecraft:stone	1	228	288	228	288
minecraft:moss_block	54	229	288	239	298
minecraft:stone	1	252	288	252	288
minecraft:pale_moss_block	60	263	288	273	301
minecraft:pale_moss_block	4	276	288	278	289
minecraft:acacia_wood	7	278	288	280	291
minecraft:acacia_wood	4	291	288	291	291
minecraft:moss_block	1	305	288	305	288
minecraft:grass_block	1	306	288	306	288
minecraft:pale_moss_block	7	309	288	312	290
minecraft:mud	1	316	288	316	288
minecraft:pale_moss_block	1	317	288	317	288
minecraft:pale_moss_block	36	320	288	334	292
minecraft:grass_block	1	0	289	0	289
minecraft:moss_block	4	0	289	2	290
minecraft:cobblestone	1	26	289	26	289
minecraft:acacia_wood	1	36	289	36	289
minecraft:stone	6	37	289	38	293
minecraft:andesite	2	41	289	41	290
minecraft:light_gray_wool	1	44	289	44	289
minecraft:blackstone	2	48	289	48	290
minecraft:pale_oak_wood	2	49	289	49	290
minecraft:stone	1	50	289	50	289
minecraft:stone	1	55	289	55	289
minecraft:acacia_wood	2	59	289	59	290
minecraft:blackstone	1	60	289	60	289
minecraft:acacia_wood	2	61	289	61	290
minecraft:stone	2	64	289	64	290
minecraft:stone	11	65	289	68	294
minecraft:cobblestone	1	82	289	82	289
minecraft:andesite	1	83	289	83	289
minecraft:acacia_wood	1	84	289	84	289
minecraft:pale_oak_wood	1	85	289	85	289
minecraft:acacia_wood	10	86	289	89	292
minecraft:pale_oak_wood	8	90	289	94	291
minecraft:stone	2	94	289	94	290
minecraft:acacia_wood	1	104	289	104	289
minecraft:cyan_terracotta	1	105	289	105	289
minecraft:cyan_terracotta	4	116	289	117	291
minecraft:mud	1	117	289	117	289
minecraft:smooth_basalt	2	118	289	118	290
minecraft:pale_oak_wood	1	127	289	127	289
minecraft:stone	2	128	289	128	290
minecraft:acacia_wood	33	138	289	144	296
minecraft:cobblestone	6	146	289	149	290
minecraft:stone	1	153	289	153	289
minecraft:stone	31	160	289	166	297
minecraft:cyan_terracotta	1	181	289	181	289
minecraft:blackstone	1	182	289	182	289
minecraft:cyan_terracotta	1	199	289	199	289
minecraft:moss_block	1	200	289	200	289
minecraft:stone	3	215	289	216	290
minecraft:pale_moss_block	1	217	289	217	289
minecraft:moss_block	132	210	289	224	304
minecraft:stone	1	227	289	227	289
minecraft:acacia_wood	17	237	289	240	295
minecraft:pale_moss_block	70	238	289	248	303
minecraft:grass_block	45	246	289	251	310
minecraft:acacia_wood	1	249	289	249	289
minecraft:acacia_wood	1	251	289	251	289
minecraft:pale_moss_block	1	252	289	252	289
minecraft:stone	1	253	289	253	289
minecraft:stone	1	262	289	262	289
minecraft:moss_block	1	281	289	281	289
minecraft:moss_block	2	287	289	287	290
minecraft:mud	1	289	289	289	289
minecraft:acacia_wood	11	304	289	306	294
minecraft:moss_block	1	306	289	306	289
minecraft:grass_block	1	307	289	307	289
minecraft:mud	1	319	289	319	289
minecraft:acacia_wood	1	329	289	329	289
minecraft:stone	1	330	289	330	289
minecraft:grass_block	1	2	290	2	290
minecraft:stone	1	23	290	23	290
minecraft:cobblestone	1	24	290	24	290
minecraft:andesite	1	44	290	44	290
minecraft:light_gray_wool	1	45	290	45	290
minecraft:blackstone	2	46	290	46	291
minecraft:andesite	1	50	290	50	290
minecraft:stone	3	54	290	55	291
minecraft:cobblestone	1	55	290	55	290
minecraft:stone	1	56	290	56	290
minecraft:stone	1	58	290	58	290
minecraft:mud	1	60	290	60	290
minecraft:blackstone	1	69	290	69	290
minecraft:pale_moss_block	1	74	290	74	290
minecraft:stone	6	82	290	85	292
minecraft:cobblestone	14	108	290	111	298
minecraft:stone	2	112	290	113	290
minecraft:stone	1	125	290	125	290
minecraft:acacia_wood	3	126	290	127	291
minecraft:light_gray_wool	2	134	290	135	290
minecraft:cobblestone	1	151	290	151	290
minecraft:cobblestone	1	154	290	154	290
minecraft:cobblestone	1	160	290	160	290
minecraft:grass_block	1	165	290	165	290
minecraft:blackstone	2	184	290	185	290
minecraft:pale_moss_block	1	189	290	189	290
minecraft:mud	1	200	290	200	290
minecraft:moss_block	1	201	290	201	290
minecraft:cyan_terracotta	1	203	290	203	290
minecraft:pale_moss_block	6	204	290	206	292
minecraft:cobblestone	1	215	290	215	290
minecraft:stone	55	220	290	229	307
minecraft:pale_oak_wood	3	236	290	236	292
minecraft:stone	1	239	290	239	290
minecraft:stone	1	249	290	249	290
minecraft:acacia_wood	3	250	290	250	292
minecraft:basalt	18	251	290	255	298
minecraft:pale_moss_block	2	253	290	253	291
minecraft:stone	2	254	290	254	291
minecraft:stone	2	263	290	263	291
minecraft:stone	1	294	290	294	290
minecraft:stone	1	329	290	329	290
minecraft:acacia_wood	1	330	290	330	290
minecraft:pale_moss_block	1	331	290	331	290
minecraft:acacia_wood	1	332	290	332	290
minecraft:grass_block	5	0	291	1	293
minecraft:stone	1	21	291	21	291
minecraft:andesite	1	26	291	26	291
minecraft:andesite	1	42	291	42	291
minecraft:light_gray_wool	1	44	291	44	291
minecraft:pale_oak_wood	2	45	291	45	292
minecraft:pale_oak_wood	1	48	291	48	291
minecraft:andesite	2	49	291	49	292
minecraft:acacia_wood	1	58	291	58	291
minecraft:blackstone	15	54	291	59	297
minecraft:acacia_wood	2	60	291	60	292
minecraft:stone	1	61	291	61	291
minecraft:mud	2	68	291	69	291
minecraft:basalt	11	69	291	71	295
minecraft:stone	2	75	291	75	292
minecraft:grass_block	2	82	291	82	292
minecraft:andesite	4	83	291	84	292
minecraft:stone	2	89	291	90	291
minecraft:grass_block	27	87	291	93	298
minecraft:stone	62	91	291	102	305
minecraft:stone	5	98	291	100	293
minecraft:grass_block	1	101	291	101	291
minecraft:acacia_wood	1	103	291	103	291
minecraft:grass_block	13	115	291	118	296
minecraft:stone	1	126	291	126	291
minecraft:pale_oak_wood	1	128	291	128	291
minecraft:cobblestone	14	129	291	132	295
minecraft:stone	11	133	291	136	294
minecraft:pale_moss_block	9	148	291	153	294
minecraft:cobblestone	63	152	291	162	308
minecraft:moss_block	1	165	291	165	291
minecraft:pale_moss_block	7	190	291	192	295
minecraft:basalt	3	199	291	201	291
minecraft:grass_block	30	197	291	205	299
minecraft:basalt	1	203	291	203	291
minecraft:pale_moss_block	25	206	291	213	303
minecraft:stone	4	214	291	215	293
minecraft:cobblestone	1	216	291	216	291
minecraft:pale_moss_block	6	249	291	250	295
minecraft:cyan_terracotta	1	252	291	252	291
minecraft:pale_moss_block	14	276	291	279	296
minecraft:cyan_terracotta	2	278	291	278	292
minecraft:pale_moss_block	1	287	291	287	291
minecraft:cyan_terracotta	1	294	291	294	291
minecraft:stone	2	295	291	295	292
minecraft:mud	1	301	291	301	291
minecraft:pale_moss_block	13	313	291	321	293
minecraft:cyan_terracotta	1	331	291	331	291
minecraft:stone	2	22	292	23	292
minecraft:andesite	1	24	292	24	292
minecraft:stone	2	41	292	42	292
minecraft:andesite	1	43	292	43	292
minecraft:stone	1	44	292	44	292
minecraft:moss_block	168	25	292	50	317
minecraft:blackstone	3	47	292	47	294
minecraft:light_gray_wool	3	48	292	48	294
minecraft:acacia_wood	2	57	292	57	293
minecraft:cyan_terracotta	19	66	292	71	299
minecraft:pale_moss_block	50	71	292	77	309
minecraft:andesite	1	76	292	76	292
minecraft:smooth_basalt	2	86	292	87	292
minecraft:andesite	1	98	292	98	292
minecraft:grass_block	4	99	292	100	294
minecraft:stone	2	101	292	101	293
minecraft:acacia_wood	2	102	292	102	293
minecraft:stone	5	102	292	103	295
minecraft:stone	1	111	292	111	292
minecraft:cyan_terracotta	2	115	292	116	292
minecraft:pale_moss_block	8	118	292	120	297
minecraft:stone	1	120	292	120	292
minecraft:stone	3	125	292	125	294
minecraft:acacia_wood	2	126	292	126	293
minecraft:smooth_basalt	3	127	292	128	293
minecraft:stone	1	129	292	129	292
minecraft:andesite	1	133	292	133	292
minecraft:cobblestone	6	146	292	148	295
minecraft:moss_block	1	162	292	162	292
minecraft:moss_block	1	164	292	164	292
minecraft:stone	226	164	292	196	315
minecraft:acacia_wood	34	186	292	194	300
minecraft:acacia_wood	1	199	292	199	292
minecraft:cyan_terracotta	1	200	292	200	292
minecraft:basalt	1	205	292	205	292
minecraft:cobblestone	1	215	292	215	292
minecraft:acacia_wood	1	243	292	243	292
minecraft:pale_moss_block	3	254	292	255	293
minecraft:stone	1	264	292	264	292
minecraft:acacia_wood	1	266	292	266	292
minecraft:cyan_terracotta	10	287	292	291	296
minecraft:cyan_terracotta	1	314	292	314	292
minecraft:mud	1	321	292	321	292
minecraft:stone	1	21	293	21	293
minecraft:andesite	2	22	293	23	293
minecraft:stone	1	24	293	24	293
minecraft:light_gray_wool	1	25	293	25	293
minecraft:stone	1	43	293	43	293
minecraft:pale_oak_wood	1	44	293	44	293
minecraft:calcite	4	44	293	45	295
minecraft:stone	1	53	293	53	293
minecraft:stone	1	56	293	56	293
minecraft:stone	1	60	293	60	293
minecraft:stone	1	76	293	76	293
minecraft:andesite	6	80	293	82	295
minecraft:grass_block	10	83	293	85	299
minecraft:cobblestone	3	84	293	85	294
minecraft:acacia_wood	2	86	293	86	294
minecraft:pale_oak_wood	1	93	293	93	293
minecraft:andesite	2	96	293	97	293
minecraft:stone	2	110	293	110	294
minecraft:pale_moss_block	96	105	293	113	317
minecraft:basalt	5	112	293	113	296
minecraft:acacia_wood	1	113	293	113	293
minecraft:basalt	1	114	293	114	293
minecraft:pale_moss_block	2	115	293	116	293
minecraft:stone	1	121	293	121	293
minecraft:acacia_wood	1	128	293	128	293
minecraft:cyan_terracotta	23	149	293	156	296
minecraft:grass_block	2	162	293	162	294
minecraft:moss_block	1	163	293	163	293
minecraft:acacia_wood	1	183	293	183	293
minecraft:blackstone	2	184	293	185	293
minecraft:cyan_terracotta	1	190	293	190	293
minecraft:pale_moss_block	4	199	293	200	294
minecraft:pale_oak_wood	6	228	293	229	297
minecraft:mud	1	234	293	234	293
minecraft:acacia_wood	6	251	293	252	297
minecraft:stone	2	255	293	256	293
minecraft:pale_moss_block	5	262	293	263	296
minecraft:acacia_wood	1	279	293	279	293
minecraft:cyan_terracotta	1	295	293	295	293
minecraft:stone	3	296	293	296	295
minecraft:mud	1	302	293	302	293
minecraft:stone	1	322	293	322	293
minecraft:mud	1	323	293	323	293
minecraft:stone	2	22	294	23	294
minecraft:stone	1	36	294	36	294
minecraft:stone	18	35	294	42	302
minecraft:pale_oak_wood	3	43	294	43	296
minecraft:andesite	2	49	294	49	295
minecraft:pale_oak_wood	1	56	294	56	294
minecraft:acacia_wood	1	59	294	59	294
minecraft:pale_moss_block	43	62	294	67	309
minecraft:cyan_terracotta	17	75	294	78	301
minecraft:stone	2	77	294	77	295
minecraft:stone	1	85	294	85	294
minecraft:smooth_basalt	1	87	294	87	294
minecraft:stone	1	93	294	93	294
minecraft:light_gray_wool	1	94	294	94	294
minecraft:andesite	1	98	294	98	294
minecraft:pale_oak_wood	1	101	294	101	294
minecraft:acacia_wood	1	114	294	114	294
minecraft:stone	1	120	294	120	294
minecraft:grass_block	23	122	294	128	301
minecraft:mud	1	126	294	126	294
minecraft:mud	2	128	294	128	295
minecraft:stone	2	129	294	129	295
minecraft:cobblestone	1	134	294	134	294
minecraft:acacia_wood	13	137	294	140	299
minecraft:smooth_basalt	1	138	294	138	294
minecraft:stone	2	147	294	147	295
minecraft:moss_block	1	179	294	179	294
minecraft:acacia_wood	3	184	294	185	295
minecraft:blackstone	1	186	294	186	294
minecraft:stone	2	213	294	213	295
minecraft:cobblestone	1	214	294	214	294
minecraft:pale_moss_block	5	223	294	224	297
minecraft:cyan_terracotta	1	254	294	254	294
minecraft:pale_moss_block	4	255	294	256	296
minecraft:stone	5	257	294	258	296
minecraft:pale_moss_block	3	273	294	274	295
minecraft:cyan_terracotta	1	307	294	307	294
minecraft:mud	2	326	294	327	294
minecraft:andesite	1	22	295	22	295
minecraft:light_gray_wool	1	23	295	23	295
minecraft:pale_oak_wood	4	47	295	48	296
minecraft:andesite	8	49	295	52	297
minecraft:stone	1	55	295	55	295
minecraft:acacia_wood	1	58	295	58	295
minecraft:stone	1	59	295	59	295
minecraft:stone	1	64	295	64	295
minecraft:mud	2	74	295	74	296
minecraft:cobblestone	3	85	295	86	296
minecraft:acacia_wood	1	87	295	87	295
minecraft:andesite	1	96	295	96	295
minecraft:acacia_wood	1	102	295	102	295
minecraft:pale_moss_block	16	113	295	117	302
minecraft:stone	1	124	295	124	295
minecraft:acacia_wood	2	125	295	126	295
minecraft:pale_moss_block	13	134	295	137	299
minecraft:mud	1	139	295	139	295
minecraft:acacia_wood	3	148	295	149	296
minecraft:mud	4	153	295	154	297
minecraft:mud	1	155	295	155	295
minecraft:cyan_terracotta	3	167	295	167	297
minecraft:cobblestone	9	170	295	173	299
minecraft:grass_block	14	178	295	183	302
minecraft:blackstone	1	185	295	185	295
minecraft:moss_block	3	271	295	272	296
minecraft:moss_block	1	282	295	282	295
minecraft:pale_moss_block	10	285	295	287	298
minecraft:light_gray_wool	3	326	295	327	296
minecraft:white_concrete	1	327	295	327	295
minecraft:light_gray_wool	1	328	295	328	295
minecraft:andesite	2	23	296	24	296
minecraft:andesite	6	26	296	29	297
minecraft:light_gray_wool	13	27	296	31	300
minecraft:stone	9	31	296	35	299
minecraft:acacia_wood	4	41	296	42	298
minecraft:stone	1	49	296	49	296
minecraft:stone	2	53	296	53	297
minecraft:pale_oak_wood	1	54	296	54	296
minecraft:stone	1	58	296	58	296
minecraft:stone	13	60	296	63	302
minecraft:basalt	1	71	296	71	296
minecraft:stone	1	78	296	78	296
minecraft:stone	2	86	296	87	296
minecraft:acacia_wood	1	88	296	88	296
minecraft:andesite	1	95	296	95	296
minecraft:stone	1	96	296	96	296
minecraft:andesite	1	97	296	97	296
minecraft:grass_block	3	98	296	99	297
minecraft:cyan_terracotta	1	111	296	111	296
minecraft:cyan_terracotta	4	113	296	114	298
minecraft:stone	1	125	296	125	296
minecraft:acacia_wood	3	128	296	129	297
minecraft:stone	97	127	296	135	327
minecraft:mud	1	140	296	140	296
minecraft:grass_block	17	141	296	145	302
minecraft:cyan_terracotta	4	143	296	144	297
minecraft:pale_moss_block	5	145	296	147	297
minecraft:mud	1	151	296	151	296
minecraft:cyan_terracotta	2	155	296	155	297
minecraft:pale_moss_block	5	155	296	156	299
minecraft:acacia_wood	3	185	296	185	298
minecraft:mud	36	186	296	193	307
minecraft:moss_block	3	200	296	201	297
minecraft:stone	7	211	296	212	300
minecraft:stone	6	230	296	233	298
minecraft:mud	1	232	296	232	296
minecraft:stone	1	233	296	233	296
minecraft:mud	1	234	296	234	296
minecraft:stone	2	250	296	250	297
minecraft:blackstone	1	254	296	254	296
minecraft:moss_block	2	283	296	283	297
minecraft:stone	1	297	296	297	296
minecraft:mud	8	302	296	304	298
minecraft:pale_moss_block	23	304	296	309	302
minecraft:acacia_wood	1	328	296	328	296
minecraft:andesite	1	25	297	25	297
minecraft:stone	1	26	297	26	297
minecraft:acacia_wood	1	33	297	33	297
minecraft:cobblestone	7	33	297	35	301
minecraft:acacia_wood	1	46	297	46	297
minecraft:stone	5	46	297	48	299
minecraft:acacia_wood	1	57	297	57	297
minecraft:mud	1	67	297	67	297
minecraft:smooth_basalt	4	69	297	69	300
minecraft:pale_moss_block	2	78	297	78	298
minecraft:stone	2	88	297	88	298
minecraft:andesite	1	96	297	96	297
minecraft:grass_block	27	92	297	98	308
minecraft:stone	1	98	297	98	297
minecraft:acacia_wood	1	101	297	101	297
minecraft:basalt	1	111	297	111	297
minecraft:blackstone	3	111	297	112	298
minecraft:cyan_terracotta	1	118	297	118	297
minecraft:pale_moss_block	2	130	297	130	298
minecraft:cyan_terracotta	1	147	297	147	297
minecraft:moss_block	78	143	297	152	313
minecraft:smooth_basalt	4	153	297	154	299
minecraft:acacia_wood	9	176	297	177	302
minecraft:mud	1	190	297	190	297
minecraft:cobblestone	24	194	297	201	301
minecraft:light_gray_wool	1	227	297	227	297
minecraft:acacia_wood	5	229	297	231	299
minecraft:mud	1	233	297	233	297
minecraft:stone	2	234	297	235	297
minecraft:pale_moss_block	3	235	297	236	298
minecraft:grass_block	2	239	297	239	298
minecraft:pale_moss_block	6	250	297	252	300
minecraft:mud	1	254	297	254	297
minecraft:cyan_terracotta	16	254	297	258	305
minecraft:basalt	1	256	297	256	297
minecraft:pale_moss_block	20	257	297	260	305
minecraft:stone	20	259	297	263	305
minecraft:cobblestone	1	262	297	262	297
minecraft:stone	5	263	297	264	299
minecraft:stone	30	267	297	272	305
minecraft:cyan_terracotta	1	286	297	286	297
minecraft:basalt	2	288	297	288	298
minecraft:cyan_terracotta	1	291	297	291	297
minecraft:acacia_wood	1	327	297	327	297
minecraft:pale_moss_block	4	39	298	41	299
minecraft:cobblestone	2	48	298	49	298
minecraft:cobblestone	2	51	298	51	299
minecraft:stone	5	51	298	52	301
minecraft:acacia_wood	2	53	298	53	299
minecraft:acacia_wood	6	56	298	56	303
minecraft:pale_moss_block	1	57	298	57	298
minecraft:basalt	41	66	298	73	310
minecraft:cyan_terracotta	1	74	298	74	298
minecraft:acacia_wood	1	89	298	89	298
minecraft:acacia_wood	1	91	298	91	298
minecraft:cobblestone	1	94	298	94	298
minecraft:acacia_wood	1	99	298	99	298
minecraft:basalt	1	113	298	113	298
minecraft:grass_block	28	117	298	123	312
minecraft:pale_moss_block	1	118	298	118	298
minecraft:stone	1	119	298	119	298
minecraft:acacia_wood	1	128	298	128	298
minecraft:cyan_terracotta	7	128	298	129	302
minecraft:cyan_terracotta	25	139	298	143	309
minecraft:moss_block	2	145	298	145	299
minecraft:grass_block	6	146	298	148	300
minecraft:grass_block	1	172	298	172	298
minecraft:cobblestone	2	173	298	174	298
minecraft:light_gray_wool	1	182	298	182	298
minecraft:stone	2	194	298	194	299
minecraft:light_gray_wool	2	228	298	228	299
minecraft:acacia_wood	1	234	298	234	298
minecraft:stone	9	241	298	244	301
minecraft:moss_block	1	262	298	262	298
minecraft:moss_block	4	266	298	266	301
minecraft:pale_moss_block	1	289	298	289	298
minecraft:pale_moss_block	1	291	298	291	298
minecraft:pale_moss_block	2	293	298	294	298
minecraft:light_gray_wool	4	324	298	325	300
minecraft:acacia_wood	1	326	298	326	298
minecraft:stone	2	28	299	29	299
minecraft:pale_moss_block	1	37	299	37	299
minecraft:acacia_wood	1	45	299	45	299
minecraft:cobblestone	1	47	299	47	299
minecraft:stone	81	50	299	62	320
minecraft:acacia_wood	4	65	299	66	301
minecraft:cyan_terracotta	1	72	299	72	299
minecraft:stone	1	79	299	79	299
minecraft:stone	1	89	299	89	299
minecraft:acacia_wood	13	89	299	93	303
minecraft:stone	2	99	299	99	300
minecraft:acacia_wood	2	100	299	100	300
minecraft:basalt	1	111	299	111	299
minecraft:mud	9	111	299	113	302
minecraft:basalt	2	114	299	114	300
minecraft:stone	1	118	299	118	299
minecraft:acacia_wood	1	119	299	119	299
minecraft:pale_moss_block	1	120	299	120	299
minecraft:stone	2	121	299	122	299
minecraft:cobblestone	1	125	299	125	299
minecraft:acacia_wood	20	136	299	139	307
minecraft:cyan_terracotta	2	138	299	139	299
minecraft:cyan_terracotta	1	154	299	154	299
minecraft:stone	24	152	299	158	305
minecraft:cyan_terracotta	6	163	299	165	302
minecraft:acacia_wood	2	186	299	186	300
minecraft:mud	1	191	299	191	299
minecraft:stone	42	194	299	206	308
minecraft:mud	1	229	299	229	299
minecraft:cyan_terracotta	6	231	299	235	300
minecraft:moss_block	1	236	299	236	299
minecraft:grass_block	79	231	299	238	314
minecraft:stone	8	250	299	253	302
minecraft:cyan_terracotta	2	253	299	253	300
minecraft:mud	2	254	299	254	300
minecraft:grass_block	2	255	299	255	300
minecraft:grass_block	1	262	299	262	299
minecraft:stone	3	284	299	285	300
minecraft:pale_moss_block	1	303	299	303	299
minecraft:grass_block	1	304	299	304	299
minecraft:white_concrete	8	320	299	323	302
minecraft:cyan_terracotta	1	325	299	325	299
minecraft:andesite	4	31	300	32	302
minecraft:cyan_terracotta	7	37	300	40	303
minecraft:stone	1	45	300	45	300
minecraft:cobblestone	5	48	300	50	302
minecraft:pale_moss_block	1	72	300	72	300
minecraft:cyan_terracotta	1	73	300	73	300
minecraft:pale_moss_block	1	76	300	76	300
minecraft:pale_moss_block	3	78	300	79	301
minecraft:cyan_terracotta	8	114	300	115	304
minecraft:stone	7	119	300	121	303
minecraft:cobblestone	12	120	300	122	305
minecraft:stone	2	123	300	123	301
minecraft:pale_moss_block	7	124	300	127	303
minecraft:pale_moss_block	3	138	300	139	301
minecraft:cyan_terracotta	2	153	300	153	301
minecraft:pale_moss_block	4	153	300	154	302
minecraft:basalt	1	167	300	167	300
minecraft:grass_block	7	172	300	172	306
minecraft:cobblestone	1	173	300	173	300
minecraft:light_gray_wool	1	183	300	183	300
minecraft:acacia_wood	1	191	300	191	300
minecraft:pale_moss_block	1	205	300	205	300
minecraft:grass_block	1	206	300	206	300
minecraft:pale_oak_wood	1	228	300	228	300
minecraft:blackstone	6	228	300	230	303
minecraft:cyan_terracotta	1	230	300	230	300
minecraft:blackstone	2	231	300	232	300
minecraft:moss_block	1	234	300	234	300
minecraft:moss_block	13	262	300	265	305
minecraft:stone	2	265	300	265	301
minecraft:cyan_terracotta	1	308	300	308	300
minecraft:light_gray_wool	1	321	300	321	300
minecraft:pale_moss_block	1	38	301	38	301
minecraft:stone	1	44	301	44	301
minecraft:acacia_wood	2	88	301	88	302
minecraft:pale_oak_wood	1	89	301	89	301
minecraft:acacia_wood	2	99	301	99	302
minecraft:stone	2	100	301	100	302
minecraft:stone	1	107	301	107	301
minecraft:basalt	1	110	301	110	301
minecraft:grass_block	15	123	301	127	306
minecraft:pale_moss_block	10	127	301	129	306
minecraft:stone	1	161	301	161	301
minecraft:pale_moss_block	1	173	301	173	301
minecraft:acacia_wood	1	187	301	187	301
minecraft:grass_block	1	207	301	207	301
minecraft:stone	1	211	301	211	301
minecraft:pale_moss_block	27	220	301	224	313
minecraft:moss_block	8	230	301	233	303
minecraft:stone	1	240	301	240	301
minecraft:grass_block	8	239	301	242	304
minecraft:acacia_wood	1	245	301	245	301
minecraft:pale_moss_block	1	253	301	253	301
minecraft:cyan_terracotta	4	254	301	254	304
minecraft:mud	1	255	301	255	301
minecraft:cobblestone	1	262	301	262	301
minecraft:pale_moss_block	1	274	301	274	301
minecraft:pale_moss_block	1	308	301	308	301
minecraft:mud	1	320	301	320	301
minecraft:cyan_terracotta	6	321	301	323	304
minecraft:stone	2	30	302	30	303
minecraft:cobblestone	17	29	302	35	305
minecraft:moss_block	1	33	302	33	302
minecraft:stone	2	49	302	50	302
minecraft:acacia_wood	1	66	302	66	302
minecraft:moss_block	48	68	302	74	318
minecraft:cyan_terracotta	1	78	302	78	302
minecraft:stone	2	79	302	79	303
minecraft:stone	37	80	302	87	311
minecraft:grass_block	14	87	302	90	307
minecraft:stone	5	98	302	99	305
minecraft:grass_block	28	112	302	117	316
minecraft:cobblestone	1	117	302	117	302
minecraft:cyan_terracotta	1	151	302	151	302
minecraft:smooth_basalt	1	152	302	152	302
minecraft:acacia_wood	2	168	302	168	303
minecraft:pale_moss_block	12	167	302	170	306
minecraft:mud	1	177	302	177	302
minecraft:acacia_wood	2	178	302	178	303
minecraft:acacia_wood	2	189	302	189	303
minecraft:acacia_wood	4	193	302	195	303
minecraft:pale_moss_block	19	215	302	220	311
minecraft:moss_block	2	225	302	225	303
minecraft:acacia_wood	1	228	302	228	302
minecraft:stone	1	239	302	239	302
minecraft:stone	2	242	302	242	303
minecraft:pale_moss_block	2	243	302	243	303
minecraft:cyan_terracotta	8	241	302	244	306
minecraft:smooth_basalt	1	255	302	255	302
minecraft:cobblestone	1	265	302	265	302
minecraft:stone	1	266	302	266	302
minecraft:moss_block	1	267	302	267	302
minecraft:stone	1	274	302	274	302
minecraft:light_gray_wool	4	319	302	320	304
minecraft:acacia_wood	2	337	302	337	303
minecraft:pale_moss_block	1	36	303	36	303
minecraft:cobblestone	1	47	303	47	303
minecraft:stone	6	46	303	48	306
minecraft:cobblestone	1	59	303	59	303
minecraft:moss_block	1	60	303	60	303
minecraft:smooth_basalt	1	69	303	69	303
minecraft:cyan_terracotta	10	72	303	74	307
minecraft:cyan_terracotta	3	76	303	77	304
minecraft:pale_moss_block	1	78	303	78	303
minecraft:cyan_terracotta	2	111	303	111	304
minecraft:mud	2	112	303	112	304
minecraft:stone	2	116	303	117	303
minecraft:pale_moss_block	1	134	303	134	303
minecraft:basalt	5	139	303	141	304
minecraft:pale_moss_block	2	147	303	148	303
minecraft:cyan_terracotta	4	147	303	149	304
minecraft:mud	2	151	303	151	304
minecraft:cyan_terracotta	1	152	303	152	303
minecraft:pale_moss_block	1	160	303	160	303
minecraft:cyan_terracotta	2	161	303	162	303
minecraft:cyan_terracotta	4	176	303	177	305
minecraft:pale_moss_block	2	188	303	188	304
minecraft:light_gray_wool	1	200	303	200	303
minecraft:pale_oak_wood	1	201	303	201	303
minecraft:pale_oak_wood	6	202	303	204	305
minecraft:stone	1	208	303	208	303
minecraft:grass_block	217	207	303	233	327
minecraft:pale_moss_block	1	237	303	237	303
minecraft:stone	2	238	303	238	304
minecraft:basalt	1	245	303	245	303
minecraft:stone	11	247	303	249	309
minecraft:cobblestone	1	252	303	252	303
minecraft:pale_moss_block	4	252	303	253	305
minecraft:mud	1	255	303	255	303
minecraft:cobblestone	1	263	303	263	303
minecraft:andesite	2	266	303	266	304
minecraft:pale_moss_block	5	296	303	297	305
minecraft:cyan_terracotta	2	304	303	304	304
minecraft:acacia_wood	1	311	303	311	303
minecraft:grass_block	2	312	303	313	303
minecraft:white_concrete	2	318	303	318	304
minecraft:light_gray_wool	21	328	303	337	305
minecraft:cobblestone	2	42	304	42	305
minecraft:cobblestone	1	46	304	46	304
minecraft:acacia_wood	2	55	304	55	305
minecraft:acacia_wood	9	65	304	66	309
minecraft:pale_moss_block	1	77	304	77	304
minecraft:stone	1	78	304	78	304
minecraft:pale_oak_wood	1	91	304	91	304
minecraft:stone	2	97	304	97	305
minecraft:acacia_wood	3	98	304	98	306
minecraft:pale_moss_block	67	115	304	125	322
minecraft:stone	1	118	304	118	304
minecraft:stone	1	159	304	159	304
minecraft:cyan_terracotta	2	160	304	160	305
minecraft:mud	2	161	304	161	305
minecraft:blackstone	1	162	304	162	304
minecraft:acacia_wood	2	167	304	167	305
minecraft:pale_moss_block	34	173	304	176	315
minecraft:smooth_basalt	1	177	304	177	304
minecraft:cyan_terracotta	1	178	304	178	304
minecraft:pale_moss_block	3	179	304	180	305
minecraft:cobblestone	2	181	304	182	304
minecraft:grass_block	5	184	304	186	306
minecraft:acacia_wood	2	190	304	190	305
minecraft:blackstone	19	193	304	200	310
minecraft:pale_oak_wood	19	195	304	200	308
minecraft:light_gray_wool	1	198	304	198	304
minecraft:light_gray_wool	1	201	304	201	304
minecraft:cobblestone	21	204	304	208	311
minecraft:acacia_wood	3	219	304	220	305
minecraft:grass_block	56	223	304	232	317
minecraft:acacia_wood	3	229	304	230	305
minecraft:stone	6	239	304	241	307
minecraft:pale_moss_block	1	242	304	242	304
minecraft:mud	4	244	304	245	306
minecraft:acacia_wood	2	246	304	246	305
minecraft:stone	2	251	304	252	304
minecraft:acacia_wood	2	255	304	256	304
minecraft:stone	1	275	304	275	304
minecraft:grass_block	4	275	304	276	306
minecraft:pale_moss_block	1	303	304	303	304
minecraft:stone	5	311	304	314	305
minecraft:grass_block	5	314	304	317	305
minecraft:moss_block	1	320	304	320	304
minecraft:cyan_terracotta	1	335	304	335	304
minecraft:stone	1	34	305	34	305
minecraft:stone	1	41	305	41	305
minecraft:moss_block	1	48	305	48	305
minecraft:cobblestone	23	57	305	60	313
minecraft:stone	1	106	305	106	305
minecraft:smooth_basalt	1	112	305	112	305
minecraft:cyan_terracotta	1	115	305	115	305
minecraft:stone	3	121	305	122	306
minecraft:pale_moss_block	4	125	305	126	307
minecraft:acacia_wood	1	127	305	127	305
minecraft:pale_moss_block	6	134	305	135	309
minecraft:acacia_wood	1	151	305	151	305
minecraft:pale_moss_block	1	159	305	159	305
minecraft:cyan_terracotta	4	162	305	162	308
minecraft:blackstone	18	176	305	181	309
minecraft:basalt	1	179	305	179	305
minecraft:stone	3	181	305	182	306
minecraft:cobblestone	31	183	305	193	314
minecraft:grass_block	2	201	305	201	306
minecraft:stone	10	213	305	217	309
minecraft:pale_moss_block	1	241	305	241	305
minecraft:acacia_wood	1	254	305	254	305
minecraft:smooth_basalt	1	255	305	255	305
minecraft:grass_block	1	256	305	256	305
minecraft:acacia_wood	1	257	305	257	305
minecraft:grass_block	1	266	305	266	305
minecraft:moss_block	1	269	305	269	305
minecraft:stone	1	278	305	278	305
minecraft:grass_block	12	278	305	281	309
minecraft:white_concrete	1	312	305	312	305
minecraft:stone	3	316	305	318	305
minecraft:cyan_terracotta	1	319	305	319	305
minecraft:grass_block	6	320	305	321	308
minecraft:mud	6	27	306	29	308
minecraft:mud	1	32	306	32	306
minecraft:diamond_block	1	33	306	33	306
minecraft:cyan_terracotta	1	55	306	55	306
minecraft:acacia_wood	1	84	306	84	306
minecraft:cobblestone	1	86	306	86	306
minecraft:stone	4	88	306	90	307
minecraft:pale_moss_block	240	70	306	98	327
minecraft:cobblestone	1	106	306	106	306
minecraft:grass_block	2	107	306	108	306
minecraft:cyan_terracotta	1	112	306	112	306
minecraft:smooth_basalt	1	113	306	113	306
minecraft:basalt	1	115	306	115	306
minecraft:pale_moss_block	3	122	306	123	307
minecraft:stone	17	124	306	129	311
minecraft:pale_moss_block	1	130	306	130	306
minecraft:smooth_basalt	1	149	306	149	306
minecraft:cyan_terracotta	1	150	306	150	306
minecraft:stone	10	149	306	151	313
minecraft:cyan_terracotta	1	159	306	159	306
minecraft:smooth_basalt	26	158	306	161	318
minecraft:pale_moss_block	1	181	306	181	306
minecraft:stone	1	185	306	185	306
minecraft:acacia_wood	1	191	306	191	306
minecraft:light_gray_wool	1	202	306	202	306
minecraft:cyan_terracotta	4	219	306	221	307
minecraft:cyan_terracotta	4	230	306	231	308
minecraft:pale_moss_block	13	237	306	241	313
minecraft:grass_block	54	238	306	244	320
minecraft:smooth_basalt	1	244	306	244	306
minecraft:pale_moss_block	4	246	306	246	309
minecraft:cobblestone	173	245	306	263	321
minecraft:mud	17	264	306	267	312
minecraft:moss_block	3	266	306	266	308
minecraft:grass_block	11	267	306	269	311
minecraft:mud	5	268	306	270	308
minecraft:diamond_block	7	271	306	273	308
minecraft:diamond_block	75	314	306	330	314
minecraft:moss_block	1	319	306	319	306
minecraft:white_concrete	16	329	306	336	309
minecraft:diamond_block	1	334	306	334	306
minecraft:mud	1	31	307	31	307
minecraft:diamond_block	1	32	307	32	307
minecraft:cyan_terracotta	1	54	307	54	307
minecraft:pale_moss_block	1	55	307	55	307
minecraft:smooth_basalt	1	70	307	70	307
minecraft:cyan_terracotta	3	71	307	71	309
minecraft:basalt	1	72	307	72	307
minecraft:stone	6	97	307	100	309
minecraft:cobblestone	2	104	307	105	307
minecraft:mud	2	113	307	113	308
minecraft:cyan_terracotta	1	115	307	115	307
minecraft:stone	1	124	307	124	307
minecraft:pale_moss_block	1	129	307	129	307
minecraft:stone	1	130	307	130	307
minecraft:pale_moss_block	7	130	307	132	310
minecraft:pale_moss_block	11	138	307	141	311
minecraft:cyan_terracotta	4	148	307	149	309
minecraft:andesite	19	149	307	152	316
minecraft:stone	1	158	307	158	307
minecraft:mud	2	159	307	159	308
minecraft:cyan_terracotta	50	177	307	184	323
minecraft:stone	1	183	307	183	307
minecraft:acacia_wood	1	192	307	192	307
minecraft:light_gray_wool	2	200	307	201	307
minecraft:stone	31	223	307	227	319
minecraft:pale_moss_block	1	228	307	228	307
minecraft:pale_moss_block	31	229	307	237	318
minecraft:cyan_terracotta	2	244	307	245	307
minecraft:grass_block	1	270	307	270	307
minecraft:white_concrete	1	314	307	314	307
minecraft:grass_block	4	317	307	319	308
minecraft:diamond_block	1	319	307	319	307
minecraft:mud	1	336	307	336	307
minecraft:pale_moss_block	1	54	308	54	308
minecraft:moss_block	4	58	308	59	310
minecraft:smooth_basalt	2	68	308	68	309
minecraft:basalt	2	70	308	70	309
minecraft:stone	1	90	308	90	308
minecraft:stone	7	103	308	105	311
minecraft:grass_block	2	108	308	109	308
minecraft:basalt	1	115	308	115	308
minecraft:cyan_terracotta	3	116	308	118	308
minecraft:pale_moss_block	1	124	308	124	308
minecraft:moss_block	91	136	308	144	325
minecraft:pale_moss_block	1	149	308	149	308
minecraft:moss_block	30	146	308	155	324
minecraft:andesite	1	156	308	156	308
minecraft:acacia_wood	1	158	308	158	308
minecraft:basalt	31	177	308	181	315
minecraft:moss_block	3	181	308	181	310
minecraft:acacia_wood	1	193	308	193	308
minecraft:mud	1	194	308	194	308
minecraft:moss_block	1	196	308	196	308
minecraft:cyan_terracotta	5	219	308	221	310
minecraft:grass_block	1	220	308	220	308
minecraft:mud	1	245	308	245	308
minecraft:grass_block	1	256	308	256	308
minecraft:diamond_block	1	270	308	270	308
minecraft:mud	1	271	308	271	308
minecraft:diamond_block	1	276	308	276	308
minecraft:diamond_block	16	290	308	293	313
minecraft:diamond_block	1	320	308	320	308
minecraft:moss_block	101	324	308	335	327
minecraft:moss_block	2	336	308	336	309
minecraft:mud	1	22	309	22	309
minecraft:pale_moss_block	3	52	309	53	310
minecraft:stone	1	75	309	75	309
minecraft:stone	4	78	309	80	310
minecraft:acacia_wood	1	81	309	81	309
minecraft:acacia_wood	1	84	309	84	309
minecraft:pale_moss_block	1	85	309	85	309
minecraft:acacia_wood	1	92	309	92	309
minecraft:cyan_terracotta	2	113	309	113	310
minecraft:cyan_terracotta	1	115	309	115	309
minecraft:basalt	1	116	309	116	309
minecraft:grass_block	1	117	309	117	309
minecraft:pale_moss_block	1	123	309	123	309
minecraft:pale_moss_block	4	126	309	128	310
minecraft:acacia_wood	7	127	309	130	312
minecraft:basalt	1	131	309	131	309
minecraft:blackstone	1	142	309	142	309
minecraft:mud	1	143	309	143	309
minecraft:mud	4	147	309	148	311
minecraft:andesite	1	155	309	155	309
minecraft:stone	101	144	309	157	337
minecraft:cyan_terracotta	1	158	309	158	309
minecraft:cyan_terracotta	1	161	309	161	309
minecraft:pale_moss_block	7	162	309	162	315
minecraft:stone	2	163	309	163	310
minecraft:cobblestone	24	162	309	166	319
minecraft:pale_moss_block	1	184	309	184	309
minecraft:andesite	2	188	309	188	310
minecraft:pale_oak_wood	1	194	309	194	309
minecraft:moss_block	8	197	309	200	312
minecraft:acacia_wood	7	200	309	203	311
minecraft:cyan_terracotta	2	232	309	232	310
minecraft:cyan_terracotta	5	244	309	245	312
minecraft:mud	1	270	309	270	309
minecraft:white_concrete	1	315	309	315	309
minecraft:calcite	2	320	309	321	309
minecraft:pale_moss_block	18	60	310	64	319
minecraft:cyan_terracotta	2	62	310	63	310
minecraft:moss_block	27	64	310	66	321
minecraft:pale_moss_block	12	66	310	68	316
minecraft:cyan_terracotta	2	70	310	70	311
minecraft:pale_moss_block	3	71	310	71	312
minecraft:stone	1	72	310	72	310
minecraft:pale_moss_block	10	74	310	77	312
minecraft:pale_moss_block	1	80	310	80	310
minecraft:acacia_wood	1	83	310	83	310
minecraft:basalt	1	130	310	130	310
minecraft:mud	1	131	310	131	310
minecraft:cyan_terracotta	1	142	310	142	310
minecraft:blackstone	3	143	310	144	311
minecraft:mud	1	158	310	158	310
minecraft:basalt	1	161	310	161	310
minecraft:pale_moss_block	4	167	310	168	311
minecraft:smooth_basalt	1	176	310	176	310
minecraft:stone	2	185	310	185	311
minecraft:pale_oak_wood	1	195	310	195	310
minecraft:mud	1	196	310	196	310
minecraft:stone	1	203	310	203	310
minecraft:stone	13	206	310	211	316
minecraft:cobblestone	1	238	310	238	310
minecraft:cyan_terracotta	1	240	310	240	310
minecraft:diamond_block	1	271	310	271	310
minecraft:diamond_block	1	274	310	274	310
minecraft:mud	1	289	310	289	310
minecraft:mud	1	43	311	43	311
minecraft:pale_moss_block	6	50	311	51	315
minecraft:cobblestone	1	78	311	78	311
minecraft:moss_block	8	77	311	79	315
minecraft:acacia_wood	5	92	311	94	313
minecraft:pale_moss_block	38	95	311	103	324
minecraft:grass_block	9	108	311	110	315
minecraft:mud	1	113	311	113	311
minecraft:cyan_terracotta	7	116	311	118	314
minecraft:stone	9	120	311	122	314
minecraft:basalt	2	129	311	129	312
minecraft:smooth_basalt	2	130	311	130	312
minecraft:basalt	10	130	311	132	315
minecraft:cyan_terracotta	1	132	311	132	311
minecraft:pale_moss_block	4	133	311	133	314
minecraft:stone	13	140	311	144	316
minecraft:cyan_terracotta	3	143	311	144	312
minecraft:acacia_wood	3	148	311	148	313
minecraft:andesite	1	154	311	154	311
minecraft:cyan_terracotta	1	157	311	157	311
minecraft:cyan_terracotta	1	161	311	161	311
minecraft:cyan_terracotta	3	176	311	176	313
minecraft:acacia_wood	1	196	311	196	311
minecraft:grass_block	101	197	311	210	327
minecraft:cyan_terracotta	1	203	311	203	311
minecraft:pale_moss_block	2	204	311	204	312
minecraft:cobblestone	1	208	311	208	311
minecraft:dirt	1	349	311	349	311
minecraft:mud	8	23	312	26	315
minecraft:moss_block	4	55	312	56	314
minecraft:stone	1	86	312	86	312
minecraft:stone	1	89	312	89	312
minecraft:acacia_wood	5	103	312	105	314
minecraft:stone	1	107	312	107	312
minecraft:cyan_terracotta	21	113	312	118	320
minecraft:stone	1	123	312	123	312
minecraft:pale_moss_block	15	122	312	127	315
minecraft:blackstone	1	145	312	145	312
minecraft:light_gray_wool	1	154	312	154	312
minecraft:acacia_wood	1	156	312	156	312
minecraft:mud	2	157	312	157	313
minecraft:basalt	1	161	312	161	312
minecraft:stone	7	165	312	168	314
minecraft:cobblestone	48	169	312	173	327
minecraft:grass_block	5	172	312	173	315
minecraft:pale_moss_block	2	183	312	184	312
minecraft:cyan_terracotta	1	185	312	185	312
minecraft:stone	1	186	312	186	312
minecraft:andesite	1	191	312	191	312
minecraft:mud	1	197	312	197	312
minecraft:blackstone	5	198	312	200	313
minecraft:acacia_wood	1	203	312	203	312
minecraft:stone	1	205	312	205	312
minecraft:cobblestone	6	206	312	208	315
minecraft:stone	1	214	312	214	312
minecraft:cyan_terracotta	2	221	312	222	312
minecraft:basalt	1	239	312	239	312
minecraft:pale_moss_block	1	245	312	245	312
minecraft:grass_block	20	261	312	267	316
minecraft:grass_block	2	269	312	269	313
minecraft:grass_block	1	293	312	293	312
minecraft:diamond_block	1	294	312	294	312
minecraft:diamond_block	4	330	312	332	313
minecraft:white_concrete	2	332	312	333	312
minecraft:dirt	1	339	312	339	312
minecraft:grass_block	3693	0	313	122	379
minecraft:diamond_block	96	23	313	36	327
minecraft:grass_block	2	26	313	27	313
minecraft:pale_moss_block	1	49	313	49	313
minecraft:stone	3	50	313	50	315
minecraft:pale_moss_block	2	59	313	59	314
minecraft:cyan_terracotta	12	60	313	62	320
minecraft:cobblestone	2	67	313	67	314
minecraft:pale_moss_block	5	73	313	74	315
minecraft:stone	1	74	313	74	313
minecraft:cobblestone	11	74	313	77	317
minecraft:acacia_wood	3	126	313	127	314
minecraft:basalt	1	128	313	128	313
minecraft:moss_block	38	125	313	129	325
minecraft:acacia_wood	1	144	313	144	313
minecraft:cyan_terracotta	1	145	313	145	313
minecraft:blackstone	3	146	313	146	315
minecraft:light_gray_wool	1	153	313	153	313
minecraft:cyan_terracotta	1	156	313	156	313
minecraft:mud	1	160	313	160	313
minecraft:cyan_terracotta	4	161	313	161	316
minecraft:acacia_wood	1	168	313	168	313
minecraft:stone	1	169	313	169	313
minecraft:mud	1	185	313	185	313
minecraft:cyan_terracotta	1	186	313	186	313
minecraft:pale_moss_block	1	187	313	187	313
minecraft:acacia_wood	1	197	313	197	313
minecraft:mud	1	203	313	203	313
minecraft:cyan_terracotta	1	204	313	204	313
minecraft:pale_moss_block	2	205	313	205	314
minecraft:acacia_wood	2	244	313	245	313
minecraft:stone	1	246	313	246	313
minecraft:grass_block	94	245	313	258	329
minecraft:grass_block	5	293	313	295	315
minecraft:white_concrete	3	319	313	320	314
minecraft:grass_block	1	25	314	25	314
minecraft:moss_block	5	48	314	49	316
minecraft:mud	3	60	314	61	315
minecraft:stone	2	85	314	85	315
minecraft:stone	1	89	314	89	314
minecraft:stone	1	107	314	107	314
minecraft:pale_moss_block	1	108	314	108	314
minecraft:acacia_wood	1	145	314	145	314
minecraft:mud	1	147	314	147	314
minecraft:stone	18	143	314	149	321
minecraft:light_gray_wool	1	149	314	149	314
minecraft:acacia_wood	3	155	314	155	316
minecraft:mud	2	156	314	156	315
minecraft:smooth_basalt	3	157	314	157	316
minecraft:moss_block	6	158	314	159	317
minecraft:grass_block	6	165	314	167	316
minecraft:stone	18	167	314	169	324
minecraft:smooth_basalt	6	183	314	186	316
minecraft:cyan_terracotta	1	187	314	187	314
minecraft:pale_moss_block	1	188	314	188	314
minecraft:stone	36	189	314	199	324
minecraft:moss_block	7	194	314	197	317
minecraft:pale_moss_block	13	197	314	201	317
minecraft:cyan_terracotta	4	199	314	201	315
minecraft:acacia_wood	2	204	314	204	315
minecraft:stone	10	205	314	210	318
minecraft:stone	3	213	314	214	315
minecraft:pale_moss_block	1	216	314	216	314
minecraft:pale_moss_block	1	220	314	220	314
minecraft:stone	2	222	314	223	314
minecraft:pale_moss_block	1	224	314	224	314
minecraft:cyan_terracotta	1	235	314	235	314
minecraft:cyan_terracotta	2	237	314	238	314
minecraft:cyan_terracotta	1	244	314	244	314
minecraft:stone	11	244	314	247	319
minecraft:mud	1	287	314	287	314
minecraft:white_concrete	16	328	314	332	319
minecraft:stone	3	339	314	340	315
minecraft:acacia_wood	1	52	315	52	315
minecraft:pale_moss_block	1	58	315	58	315
minecraft:cyan_terracotta	5	58	315	59	318
minecraft:stone	2	64	315	64	316
minecraft:cyan_terracotta	1	72	315	72	315
minecraft:basalt	4	103	315	104	316
minecraft:stone	9	107	315	109	319
minecraft:stone	1	122	315	122	315
minecraft:cyan_terracotta	1	131	315	131	315
minecraft:pale_moss_block	9	129	315	132	319
minecraft:cobblestone	1	140	315	140	315
minecraft:moss_block	3	144	315	145	316
minecraft:acacia_wood	1	147	315	147	315
minecraft:cobblestone	1	173	315	173	315
minecraft:cyan_terracotta	1	176	315	176	315
minecraft:mud	4	185	315	187	316
minecraft:cyan_terracotta	1	188	315	188	315
minecraft:pale_moss_block	19	188	315	192	321
minecraft:pale_moss_block	1	207	315	207	315
minecraft:cobblestone	1	213	315	213	315
minecraft:pale_moss_block	1	215	315	215	315
minecraft:acacia_wood	1	222	315	222	315
minecraft:pale_oak_wood	1	223	315	223	315
minecraft:cobblestone	10	226	315	229	318
minecraft:cyan_terracotta	2	243	315	243	316
minecraft:pale_moss_block	2	244	315	244	316
minecraft:diamond_block	61	279	315	294	323
minecraft:mud	1	285	315	285	315
minecraft:mud	2	289	315	290	315
minecraft:diamond_block	1	331	315	331	315
minecraft:acacia_wood	2	50	316	51	316
minecraft:pale_moss_block	7	55	316	58	318
minecraft:acacia_wood	3	90	316	91	317
minecraft:acacia_wood	1	102	316	102	316
minecraft:acacia_wood	3	105	316	106	317
minecraft:stone	4	120	316	122	317
minecraft:pale_moss_block	1	122	316	122	316
minecraft:stone	2	123	316	124	316
minecraft:cyan_terracotta	1	130	316	130	316
minecraft:acacia_wood	4	141	316	143	317
minecraft:pale_oak_wood	4	145	316	146	318
minecraft:cyan_terracotta	1	156	316	156	316
minecraft:stone	1	162	316	162	316
minecraft:moss_block	707	135	316	179	368
minecraft:grass_block	4	172	316	173	318
minecraft:stone	25	174	316	177	323
minecraft:mud	4	183	316	183	319
minecraft:moss_block	25	184	316	187	324
minecraft:basalt	2	188	316	188	317
minecraft:cobblestone	4	209	316	210	317
minecraft:stone	5	215	316	217	317
minecraft:stone	1	219	316	219	316
minecraft:basalt	3	237	316	238	317
minecraft:cobblestone	10	262	316	263	321
minecraft:mud	141	264	316	292	337
minecraft:mud	1	292	316	292	316
minecraft:grass_block	1	332	316	332	316
minecraft:dirt	1	335	316	335	316
minecraft:pale_moss_block	2	50	317	50	318
minecraft:moss_block	414	23	317	56	347
minecraft:cobblestone	1	67	317	67	317
minecraft:mud	1	103	317	103	317
minecraft:cyan_terracotta	18	100	317	104	322
minecraft:pale_moss_block	13	104	317	107	322
minecraft:pale_moss_block	1	109	317	109	317
minecraft:stone	1	110	317	110	317
minecraft:acacia_wood	5	111	317	112	319
minecraft:cyan_terracotta	1	132	317	132	317
minecraft:pale_moss_block	2	133	317	133	318
minecraft:blackstone	2	143	317	144	317
minecraft:acacia_wood	2	156	317	156	318
minecraft:mud	2	157	317	157	318
minecraft:acacia_wood	1	161	317	161	317
minecraft:acacia_wood	2	177	317	177	318
minecraft:cyan_terracotta	3	187	317	187	319
minecraft:light_gray_wool	1	221	317	221	317
minecraft:light_gray_wool	1	223	317	223	317
minecraft:acacia_wood	1	236	317	236	317
minecraft:cyan_terracotta	2	238	317	238	318
minecraft:pale_moss_block	5	242	317	243	320
minecraft:moss_block	446	222	317	274	337
minecraft:mud	3	280	317	281	318
minecraft:calcite	6	286	317	289	319
minecraft:dirt	1	343	317	343	317
minecraft:stone	2	63	318	63	319
minecraft:stone	5	66	318	69	319
minecraft:cobblestone	1	68	318	68	318
minecraft:stone	2	71	318	72	318
minecraft:cyan_terracotta	1	76	318	76	318
minecraft:stone	6	90	318	92	321
minecraft:acacia_wood	1	98	318	98	318
minecraft:acacia_wood	3	100	318	101	319
minecraft:pale_moss_block	14	110	318	115	324
minecraft:stone	1	120	318	120	318
minecraft:stone	1	123	318	123	318
minecraft:acacia_wood	1	132	318	132	318
minecraft:light_gray_wool	1	148	318	148	318
minecraft:mud	1	160	318	160	318
minecraft:stone	3	161	318	161	320
minecraft:pale_oak_wood	2	222	318	223	318
minecraft:stone	21	228	318	234	322
minecraft:grass_block	8	234	318	236	322
minecraft:pale_moss_block	2	236	318	236	319
minecraft:acacia_wood	2	237	318	237	319
minecraft:cyan_terracotta	2	242	318	242	319
minecraft:cobblestone	1	256	318	256	318
minecraft:white_concrete	1	295	318	295	318
minecraft:grass_block	1	27	319	27	319
minecraft:stone	2	53	319	53	320
minecraft:pale_moss_block	1	54	319	54	319
minecraft:moss_block	53	54	319	61	333
minecraft:cyan_terracotta	14	72	319	75	324
minecraft:stone	2	87	319	87	320
minecraft:pale_moss_block	1	101	319	101	319
minecraft:stone	14	105	319	109	324
minecraft:smooth_basalt	1	113	319	113	319
minecraft:moss_block	16	115	319	119	326
minecraft:blackstone	2	143	319	144	319
minecraft:acacia_wood	1	157	319	157	319
minecraft:mud	2	158	319	159	319
minecraft:acacia_wood	5	158	319	160	321
minecraft:light_gray_wool	1	167	319	167	319
minecraft:smooth_basalt	1	182	319	182	319
minecraft:stone	1	189	319	189	319
minecraft:stone	1	191	319	191	319
minecraft:pale_moss_block	1	208	319	208	319
minecraft:cobblestone	13	209	319	214	321
minecraft:pale_moss_block	8	226	319	228	322
minecraft:basalt	1	238	319	238	319
minecraft:stone	2	247	319	247	320
minecraft:diamond_block	1	281	319	281	319
minecraft:moss_block	19	288	319	294	323
minecraft:white_concrete	1	321	319	321	319
minecraft:pale_moss_block	1	49	320	49	320
minecraft:stone	2	62	320	62	321
minecraft:cobblestone	2	63	320	63	321
minecraft:pale_moss_block	25	65	320	67	334
minecraft:cyan_terracotta	4	68	320	70	321
minecraft:pale_moss_block	1	74	320	74	320
minecraft:cyan_terracotta	1	78	320	78	320
minecraft:stone	1	82	320	82	320
minecraft:stone	5	88	320	90	322
minecraft:pale_moss_block	1	90	320	90	320
minecraft:moss_block	2	95	320	96	320
minecraft:acacia_wood	1	98	320	98	320
minecraft:moss_block	46	108	320	118	331
minecraft:cyan_terracotta	1	124	320	124	320
minecraft:cobblestone	4	133	320	134	322
minecraft:pale_oak_wood	1	143	320	143	320
minecraft:andesite	1	162	320	162	320
minecraft:andesite	1	169	320	169	320
minecraft:basalt	30	179	320	184	329
minecraft:cyan_terracotta	4	182	320	183	322
minecraft:stone	4	190	320	192	321
minecraft:pale_moss_block	10	193	320	195	326
minecraft:stone	3	209	320	210	321
minecraft:stone	1	220	320	220	320
minecraft:pale_moss_block	1	234	320	234	320
minecraft:pale_moss_block	2	237	320	238	320
minecraft:cobblestone	2	244	320	244	321
minecraft:moss_block	1	281	320	281	320
minecraft:white_concrete	5	323	320	324	322
minecraft:dirt	1	349	320	349	320
minecraft:stone	2	40	321	41	321
minecraft:pale_moss_block	1	48	321	48	321
minecraft:stone	1	49	321	49	321
minecraft:stone	1	52	321	52	321
minecraft:pale_moss_block	1	53	321	53	321
minecraft:pale_moss_block	1	61	321	61	321
minecraft:cobblestone	2	66	321	66	322
minecraft:cobblestone	38	78	321	88	331
minecraft:cyan_terracotta	1	90	321	90	321
minecraft:moss_block	17	93	321	98	329
minecraft:pale_moss_block	1	95	321	95	321
minecraft:stone	3	95	321	96	322
minecraft:stone	1	111	321	111	321
minecraft:cyan_terracotta	4	118	321	119	323
minecraft:stone	2	125	321	125	322
minecraft:stone	1	128	321	128	321
minecraft:cobblestone	11	129	321	131	324
minecraft:moss_block	2	132	321	132	322
minecraft:pale_oak_wood	1	142	321	142	321
minecraft:andesite	5	145	321	146	324
minecraft:acacia_wood	6	151	321	153	324
minecraft:cobblestone	2	161	321	162	321
minecraft:andesite	2	170	321	170	322
minecraft:grass_block	2741	124	321	217	379
minecraft:cyan_terracotta	1	188	321	188	321
minecraft:pale_moss_block	1	198	321	198	321
minecraft:stone	1	199	321	199	321
minecraft:stone	4	214	321	215	323
minecraft:cobblestone	1	215	321	215	321
minecraft:pale_moss_block	5	230	321	232	323
minecraft:acacia_wood	1	242	321	242	321
minecraft:stone	1	243	321	243	321
minecraft:diamond_block	2	265	321	266	321
minecraft:mud	15	285	321	293	325
minecraft:andesite	20	34	322	40	326
minecraft:diamond_block	1	39	322	39	322
minecraft:pale_moss_block	1	52	322	52	322
minecraft:pale_moss_block	23	62	322	64	337
minecraft:stone	7	63	322	64	327
minecraft:pale_moss_block	1	65	322	65	322
minecraft:moss_block	1	73	322	73	322
minecraft:stone	8	81	322	83	325
minecraft:stone	1	86	322	86	322
minecraft:cobblestone	1	105	322	105	322
minecraft:cyan_terracotta	3	115	322	116	323
minecraft:cyan_terracotta	1	122	322	122	322
minecraft:acacia_wood	23	117	322	123	328
minecraft:grass_block	1	128	322	128	322
minecraft:acacia_wood	1	142	322	142	322
minecraft:cobblestone	33	140	322	145	334
minecraft:light_gray_wool	2	148	322	148	323
minecraft:stone	1	161	322	161	322
minecraft:stone	1	164	322	164	322
minecraft:grass_block	3	186	322	187	323
minecraft:pale_moss_block	8	188	322	189	328
minecraft:cyan_terracotta	1	189	322	189	322
minecraft:pale_moss_block	1	190	322	190	322
minecraft:moss_block	2	191	322	192	322
minecraft:cyan_terracotta	3	194	322	195	323
minecraft:pale_moss_block	2	199	322	199	323
minecraft:pale_moss_block	70	207	322	216	333
minecraft:cobblestone	11	215	322	219	324
minecraft:diamond_block	4	232	322	234	323
minecraft:grass_block	1	242	322	242	322
minecraft:mud	1	243	322	243	322
minecraft:mud	1	258	322	258	322
minecraft:diamond_block	3	262	322	264	322
minecraft:mud	6	265	322	265	327
minecraft:diamond_block	5	276	322	278	324
minecraft:moss_block	254	277	322	306	340
minecraft:pale_moss_block	2	51	323	51	324
minecraft:moss_block	8	64	323	65	327
minecraft:cyan_terracotta	4	96	323	98	324
minecraft:acacia_wood	17	99	323	105	326
minecraft:stone	1	113	323	113	323
minecraft:cyan_terracotta	1	121	323	121	323
minecraft:stone	1	122	323	122	323
minecraft:stone	1	124	323	124	323
minecraft:cobblestone	1	125	323	125	323
minecraft:cobblestone	6	133	323	135	326
minecraft:acacia_wood	1	141	323	141	323
minecraft:pale_moss_block	11	176	323	178	328
minecraft:smooth_basalt	1	180	323	180	323
minecraft:cyan_terracotta	2	184	323	184	324
minecraft:grass_block	8	190	323	192	325
minecraft:blackstone	6	194	323	196	325
minecraft:pale_moss_block	1	196	323	196	323
minecraft:pale_moss_block	1	208	323	208	323
minecraft:diamond_block	1	266	323	266	323
minecraft:diamond_block	2	279	323	280	323
minecraft:dirt	1	335	323	335	323
minecraft:andesite	1	32	324	32	324
minecraft:pale_moss_block	1	55	324	55	324
minecraft:stone	1	66	324	66	324
minecraft:stone	4	90	324	92	325
minecraft:mud	1	99	324	99	324
minecraft:cyan_terracotta	1	100	324	100	324
minecraft:cobblestone	9	106	324	109	326
minecraft:cobblestone	1	113	324	113	324
minecraft:mud	2	116	324	116	325
minecraft:cobblestone	10	124	324	126	329
minecraft:stone	2	125	324	125	325
minecraft:stone	2	141	324	141	325
minecraft:andesite	1	147	324	147	324
minecraft:blackstone	13	151	324	153	329
minecraft:acacia_wood	1	154	324	154	324
minecraft:stone	2	155	324	155	325
minecraft:grass_block	3	167	324	168	325
minecraft:cyan_terracotta	2	180	324	181	324
minecraft:stone	4	189	324	189	327
minecraft:cyan_terracotta	1	196	324	196	324
minecraft:acacia_wood	1	197	324	197	324
minecraft:pale_moss_block	5	199	324	200	326
minecraft:acacia_wood	3	207	324	208	325
minecraft:stone	4	208	324	211	324
minecraft:grass_block	1	212	324	212	324
minecraft:mud	2	234	324	235	324
minecraft:mud	1	246	324	246	324
minecraft:moss_block	1	253	324	253	324
minecraft:diamond_block	4	264	324	264	327
minecraft:mud	4	270	324	272	325
minecraft:calcite	5	278	324	280	326
minecraft:diamond_block	13	280	324	287	327
minecraft:diamond_block	4	294	324	295	326
minecraft:dirt	1	340	324	340	324
minecraft:dirt	1	2	325	2	325
minecraft:diamond_block	1	36	325	36	325
minecraft:diamond_block	14	33	325	39	328
minecraft:pale_moss_block	28	40	325	44	336
minecraft:pale_moss_block	1	50	325	50	325
minecraft:cyan_terracotta	2	72	325	72	326
minecraft:mud	2	76	325	76	326
minecraft:grass_block	1	92	325	92	325
minecraft:pale_moss_block	1	96	325	96	325
minecraft:mud	1	97	325	97	325
minecraft:moss_block	1	98	325	98	325
minecraft:cyan_terracotta	1	99	325	99	325
minecraft:mud	1	102	325	102	325
minecraft:stone	9	106	325	109	330
minecraft:cobblestone	2	114	325	114	326
minecraft:stone	2	115	325	115	326
minecraft:cobblestone	1	128	325	128	325
minecraft:stone	11	134	325	137	330
minecraft:cobblestone	2	136	325	136	326
minecraft:grass_block	13	137	325	139	330
minecraft:moss_block	1	145	325	145	325
minecraft:andesite	3	146	325	147	326
minecraft:acacia_wood	5	150	325	150	329
minecraft:cyan_terracotta	2	154	325	154	326
minecraft:mud	1	184	325	184	325
minecraft:moss_block	1	192	325	192	325
minecraft:cyan_terracotta	1	197	325	197	325
minecraft:acacia_wood	1	198	325	198	325
minecraft:stone	6	217	325	221	326
minecraft:stone	1	231	325	231	325
minecraft:diamond_block	11	232	325	237	329
minecraft:mud	1	245	325	245	325
minecraft:diamond_block	12	244	325	248	328
minecraft:moss_block	1	247	325	247	325
minecraft:diamond_block	1	248	325	248	325
minecraft:diamond_block	1	276	325	276	325
minecraft:mud	1	277	325	277	325
minecraft:andesite	3	33	326	34	327
minecraft:diamond_block	1	34	326	34	326
minecraft:pale_moss_block	1	49	326	49	326
minecraft:cyan_terracotta	1	80	326	80	326
minecraft:moss_block	1	92	326	92	326
minecraft:stone	12	90	326	94	329
minecraft:pale_moss_block	1	97	326	97	326
minecraft:blackstone	11	98	326	104	328
minecraft:mud	9	104	326	106	331
minecraft:acacia_wood	1	116	326	116	326
minecraft:mud	1	117	326	117	326
minecraft:mud	3	118	326	119	327
minecraft:stone	52	109	326	124	336
minecraft:acacia_wood	14	128	326	131	331
minecraft:acacia_wood	1	132	326	132	326
minecraft:pale_oak_wood	2	140	326	141	326
minecraft:acacia_wood	1	155	326	155	326
minecraft:stone	2	156	326	156	327
minecraft:stone	1	167	326	167	326
minecraft:light_gray_wool	1	168	326	168	326
minecraft:stone	11	166	326	171	328
minecraft:stone	26	171	326	176	336
minecraft:acacia_wood	19	177	326	181	332
minecraft:moss_block	10	189	326	192	329
minecraft:grass_block	1	192	326	192	326
minecraft:cyan_terracotta	1	194	326	194	326
minecraft:moss_block	2	195	326	196	326
minecraft:blackstone	4	195	326	197	327
minecraft:cyan_terracotta	7	195	326	198	329
minecraft:stone	1	216	326	216	326
minecraft:cobblestone	1	217	326	217	326
minecraft:pale_moss_block	5	218	326	220	327
minecraft:cobblestone	1	221	326	221	326
minecraft:moss_block	1	233	326	233	326
minecraft:mud	1	244	326	244	326
minecraft:diamond_block	29	274	326	278	337
minecraft:calcite	1	280	326	280	326
minecraft:mud	1	294	326	294	326
minecraft:cyan_terracotta	1	44	327	44	327
minecraft:stone	2	74	327	75	327
minecraft:acacia_wood	12	74	327	77	331
minecraft:stone	12	75	327	78	333
minecraft:stone	1	81	327	81	327
minecraft:pale_moss_block	1	98	327	98	327
minecraft:moss_block	8	101	327	105	329
minecraft:pale_oak_wood	1	106	327	106	327
minecraft:andesite	1	110	327	110	327
minecraft:cobblestone	1	115	327	115	327
minecraft:stone	2	116	327	116	328
minecraft:cobblestone	2	132	327	132	328
minecraft:grass_block	208	117	327	136	350
minecraft:acacia_wood	3	140	327	140	329
minecraft:stone	9	139	327	142	332
minecraft:moss_block	2	145	327	145	328
minecraft:cobblestone	2	146	327	146	328
minecraft:light_gray_wool	1	148	327	148	327
minecraft:blackstone	1	154	327	154	327
minecraft:cyan_terracotta	1	155	327	155	327
minecraft:cobblestone	1	157	327	157	327
minecraft:andesite	2	166	327	167	327
minecraft:mud	4	183	327	184	329
minecraft:stone	1	193	327	193	327
minecraft:pale_moss_block	2	194	327	194	328
minecraft:stone	6	199	327	201	329
minecraft:pale_moss_block	1	201	327	201	327
minecraft:moss_block	7	204	327	207	328
minecraft:stone	2	215	327	215	328
minecraft:moss_block	46	216	327	225	336
minecraft:stone	1	221	327	221	327
minecraft:pale_moss_block	7	221	327	222	331
minecraft:mud	1	243	327	243	327
minecraft:grass_block	1	250	327	250	327
minecraft:moss_block	2	61	328	61	329
minecraft:cyan_terracotta	5	72	328	73	331
minecraft:pale_moss_block	8	95	328	97	331
minecraft:stone	3	99	328	100	329
minecraft:pale_oak_wood	3	107	328	107	330
minecraft:andesite	2	109	328	109	329
minecraft:moss_block	4	125	328	126	329
minecraft:grass_block	4	127	328	128	329
minecraft:andesite	1	142	328	142	328
minecraft:blackstone	1	155	328	155	328
minecraft:cyan_terracotta	2	156	328	156	329
minecraft:stone	2	157	328	158	328
minecraft:andesite	1	165	328	165	328
minecraft:acacia_wood	1	171	328	171	328
minecraft:cobblestone	1	173	328	173	328
minecraft:pale_moss_block	14	201	328	205	331
minecraft:stone	1	205	328	205	328
minecraft:stone	1	208	328	208	328
minecraft:stone	2	223	328	224	328
minecraft:mud	1	248	328	248	328
minecraft:diamond_block	1	265	328	265	328
minecraft:mud	4	268	328	270	329
minecraft:diamond_block	1	271	328	271	328
minecraft:mud	2	283	328	284	328
minecraft:calcite	1	287	328	287	328
minecraft:diamond_block	6	288	328	290	330
minecraft:dirt	1	334	328	334	328
minecraft:stone	2	88	329	88	330
minecraft:pale_moss_block	12	86	329	92	331
minecraft:pale_moss_block	1	94	329	94	329
minecraft:stone	1	95	329	95	329
minecraft:blackstone	2	101	329	102	329
minecraft:andesite	1	112	329	112	329
minecraft:cobblestone	3	113	329	114	330
minecraft:acacia_wood	1	123	329	123	329
minecraft:stone	1	131	329	131	329
minecraft:acacia_wood	2	135	329	135	330
minecraft:grass_block	7	144	329	145	332
minecraft:pale_moss_block	1	157	329	157	329
minecraft:cobblestone	4	162	329	164	330
minecraft:stone	6	164	329	166	332
minecraft:acacia_wood	16	166	329	170	332
minecraft:cyan_terracotta	10	182	329	184	333
minecraft:stone	27	205	329	212	337
minecraft:stone	12	214	329	217	335
minecraft:cobblestone	3	223	329	225	329
minecraft:mud	4	237	329	238	331
minecraft:diamond_block	1	264	329	264	329
minecraft:mud	2	265	329	266	329
minecraft:diamond_block	1	269	329	269	329
minecraft:dirt	1	349	329	349	329
minecraft:cyan_terracotta	2	45	330	45	331
minecraft:grass_block	1	61	330	61	330
minecraft:stone	2	63	330	63	331
minecraft:moss_block	8	83	330	85	333
minecraft:moss_block	1	85	330	85	330
minecraft:cobblestone	1	87	330	87	330
minecraft:moss_block	228	91	330	108	353
minecraft:stone	3	97	330	98	331
minecraft:stone	2	101	330	102	330
minecraft:blackstone	2	103	330	104	330
minecraft:moss_block	1	109	330	109	330
minecraft:cobblestone	2	110	330	111	330
minecraft:cobblestone	2	125	330	126	330
minecraft:stone	2	127	330	127	331
minecraft:cobblestone	1	131	330	131	330
minecraft:acacia_wood	1	139	330	139	330
minecraft:andesite	1	146	330	146	330
minecraft:pale_moss_block	10	150	330	154	335
minecraft:cyan_terracotta	7	151	330	154	333
minecraft:blackstone	1	153	330	153	330
minecraft:stone	1	160	330	160	330
minecraft:cyan_terracotta	4	171	330	172	332
minecraft:pale_moss_block	1	172	330	172	330
minecraft:mud	1	183	330	183	330
minecraft:pale_moss_block	1	219	330	219	330
minecraft:stone	42	222	330	231	337
minecraft:diamond_block	2	237	330	237	331
minecraft:diamond_block	1	272	330	272	330
minecraft:diamond_block	1	283	330	283	330
minecraft:grass_block	1	85	331	85	331
minecraft:acacia_wood	5	88	331	90	333
minecraft:cobblestone	1	96	331	96	331
minecraft:stone	1	103	331	103	331
minecraft:pale_oak_wood	1	106	331	106	331
minecraft:moss_block	4	107	331	108	332
minecraft:cobblestone	1	121	331	121	331
minecraft:cobblestone	7	120	331	124	333
minecraft:stone	1	125	331	125	331
minecraft:pale_moss_block	1	126	331	126	331
minecraft:stone	2	129	331	130	331
minecraft:acacia_wood	7	136	331	138	333
minecraft:stone	1	161	331	161	331
minecraft:moss_block	1	195	331	195	331
minecraft:acacia_wood	13	198	331	202	337
minecraft:moss_block	1	224	331	224	331
minecraft:cobblestone	1	225	331	225	331
minecraft:cobblestone	2	228	331	229	331
minecraft:cyan_terracotta	1	44	332	44	332
minecraft:acacia_wood	1	73	332	73	332
minecraft:pale_moss_block	3	73	332	74	333
minecraft:cobblestone	5	76	332	78	333
minecraft:stone	1	87	332	87	332
minecraft:stone	2	91	332	91	333
minecraft:stone	12	95	332	101	334
minecraft:cobblestone	2	97	332	98	332
minecraft:stone	14	104	332	109	336
minecraft:acacia_wood	3	109	332	111	332
minecraft:pale_oak_wood	3	112	332	113	333
minecraft:pale_oak_wood	1	118	332	118	332
minecraft:stone	1	124	332	124	332
minecraft:pale_moss_block	4	129	332	130	334
minecraft:cobblestone	1	145	332	145	332
minecraft:pale_moss_block	4	172	332	174	333
minecraft:pale_moss_block	13	179	332	183	335
minecraft:basalt	4	184	332	185	334
minecraft:pale_moss_block	2	200	332	200	333
minecraft:pale_moss_block	1	202	332	202	332
minecraft:blackstone	1	203	332	203	332
minecraft:cyan_terracotta	16	202	332	205	337
minecraft:pale_moss_block	1	205	332	205	332
minecraft:cobblestone	1	224	332	224	332
minecraft:diamond_block	1	238	332	238	332
minecraft:diamond_block	2	244	332	244	333
minecraft:diamond_block	1	273	332	273	332
minecraft:dirt	1	341	332	341	332
minecraft:acacia_wood	3	45	333	45	335
minecraft:cyan_terracotta	2	67	333	67	334
minecraft:cyan_terracotta	1	72	333	72	333
minecraft:pale_moss_block	1	76	333	76	333
minecraft:moss_block	3	89	333	89	335
minecraft:acacia_wood	2	94	333	95	333
minecraft:mud	2	109	333	110	333
minecraft:blackstone	2	111	333	112	333
minecraft:acacia_wood	12	114	333	117	338
minecraft:pale_moss_block	1	124	333	124	333
minecraft:cyan_terracotta	1	129	333	129	333
minecraft:pale_moss_block	2	139	333	139	334
minecraft:cobblestone	1	144	333	144	333
minecraft:acacia_wood	8	147	333	149	337
minecraft:pale_moss_block	1	150	333	150	333
minecraft:pale_moss_block	2	206	333	206	334
minecraft:acacia_wood	14	212	333	217	337
minecraft:moss_block	1	229	333	229	333
minecraft:cobblestone	2	230	333	230	334
minecraft:mud	177	232	333	270	349
minecraft:diamond_block	2	247	333	248	333
minecraft:mud	1	271	333	271	333
minecraft:diamond_block	1	283	333	283	333
minecraft:mud	5	282	333	284	335
minecraft:dirt	1	345	333	345	333
minecraft:cyan_terracotta	1	44	334	44	334
minecraft:stone	1	64	334	64	334
minecraft:cyan_terracotta	1	71	334	71	334
minecraft:pale_moss_block	4	71	334	72	336
minecraft:stone	10	71	334	74	337
minecraft:cobblestone	3	75	334	76	335
minecraft:stone	1	81	334	81	334
minecraft:stone	4	90	334	90	337
minecraft:cobblestone	1	101	334	101	334
minecraft:stone	1	102	334	102	334
minecraft:acacia_wood	2	108	334	109	334
minecraft:moss_block	10	110	334	113	337
minecraft:pale_oak_wood	2	114	334	114	335
minecraft:stone	1	131	334	131	334
minecraft:cyan_terracotta	6	137	334	138	338
minecraft:stone	9	138	334	140	339
minecraft:cyan_terracotta	4	155	334	156	336
minecraft:pale_moss_block	3	176	334	176	336
minecraft:stone	2	177	334	177	335
minecraft:blackstone	1	203	334	203	334
minecraft:cobblestone	2	210	334	210	335
minecraft:cobblestone	11	217	334	222	337
minecraft:moss_block	1	227	334	227	334
minecraft:andesite	1	228	334	228	334
minecraft:stone	1	231	334	231	334
minecraft:diamond_block	1	250	334	250	334
minecraft:diamond_block	1	273	334	273	334
minecraft:basalt	1	46	335	46	335
minecraft:stone	1	66	335	66	335
minecraft:pale_moss_block	3	66	335	67	336
minecraft:cyan_terracotta	7	68	335	70	337
minecraft:mud	2	108	335	109	335
minecraft:acacia_wood	3	110	335	111	336
minecraft:pale_moss_block	6	118	335	120	337
minecraft:acacia_wood	2	121	335	121	336
minecraft:stone	1	130	335	130	335
minecraft:pale_moss_block	1	138	335	138	335
minecraft:blackstone	1	149	335	149	335
minecraft:mud	2	154	335	154	336
minecraft:pale_moss_block	2	174	335	174	336
minecraft:acacia_wood	8	181	335	184	337
minecraft:basalt	3	200	335	201	336
minecraft:blackstone	1	202	335	202	335
minecraft:stone	1	206	335	206	335
minecraft:cobblestone	5	207	335	209	337
minecraft:moss_block	1	209	335	209	335
minecraft:cobblestone	2	231	335	231	336
minecraft:diamond_block	1	237	335	237	335
minecraft:diamond_block	1	246	335	246	335
minecraft:moss_block	1	247	335	247	335
minecraft:diamond_block	1	267	335	267	335
minecraft:mud	1	272	335	272	335
minecraft:moss_block	1	273	335	273	335
minecraft:dirt	1	327	335	327	335
minecraft:dirt	1	348	335	348	335
minecraft:stone	1	64	336	64	336
minecraft:pale_oak_wood	1	112	336	112	336
minecraft:mud	1	114	336	114	336
minecraft:stone	2	117	336	117	337
minecraft:pale_moss_block	6	121	336	124	337
minecraft:basalt	2	184	336	184	337
minecraft:blackstone	1	201	336	201	336
minecraft:blackstone	1	205	336	205	336
minecraft:acacia_wood	2	206	336	206	337
minecraft:stone	3	207	336	207	338
minecraft:moss_block	6	209	336	211	338
minecraft:stone	3	217	336	218	337
minecraft:diamond_block	1	242	336	242	336
minecraft:diamond_block	4	249	336	252	336
minecraft:mud	1	285	336	285	336
minecraft:dirt	1	3	337	3	337
minecraft:dirt	1	11	337	11	337
minecraft:pale_moss_block	1	70	337	70	337
minecraft:pale_oak_wood	1	89	337	89	337
minecraft:pale_moss_block	1	109	337	109	337
minecraft:stone	1	110	337	110	337
minecraft:mud	1	111	337	111	337
minecraft:pale_oak_wood	2	114	337	115	337
minecraft:cyan_terracotta	1	120	337	120	337
minecraft:pale_moss_block	1	139	337	139	337
minecraft:pale_moss_block	2	155	337	156	337
minecraft:cyan_terracotta	1	174	337	174	337
minecraft:pale_moss_block	1	175	337	175	337
minecraft:stone	2	176	337	177	337
minecraft:pale_moss_block	1	178	337	178	337
minecraft:cyan_terracotta	2	200	337	201	337
minecraft:moss_block	2	202	337	203	337
minecraft:mud	1	215	337	215	337
minecraft:diamond_block	3	239	337	241	337
minecraft:mud	1	279	337	279	337
minecraft:mud	1	286	337	286	337
minecraft:acacia_wood	2	62	338	62	339
minecraft:basalt	1	63	338	63	338
minecraft:andesite	2	68	338	69	338
minecraft:basalt	1	70	338	70	338
minecraft:smooth_basalt	5	70	338	73	339
minecraft:acacia_wood	1	89	338	89	338
minecraft:mud	1	90	338	90	338
minecraft:grass_block	12	108	338	112	341
minecraft:basalt	5	109	338	112	339
minecraft:stone	1	112	338	112	338
minecraft:mud	1	113	338	113	338
minecraft:stone	3	114	338	115	339
minecraft:dirt	1	117	338	117	338
minecraft:pale_oak_wood	1	118	338	118	338
minecraft:basalt	1	119	338	119	338
minecraft:smooth_basalt	10	120	338	123	341
minecraft:tuff	1	136	338	136	338
minecraft:basalt	1	145	338	145	338
minecraft:tuff	4	146	338	146	341
minecraft:stone	1	147	338	147	338
minecraft:mud	1	148	338	148	338
minecraft:acacia_wood	1	175	338	175	338
minecraft:basalt	1	176	338	176	338
minecraft:smooth_basalt	1	177	338	177	338
minecraft:basalt	2	181	338	182	338
minecraft:pale_oak_wood	1	183	338	183	338
minecraft:cyan_terracotta	2	198	338	198	339
minecraft:tuff	7	199	338	201	341
minecraft:pale_moss_block	14	200	338	204	342
minecraft:mud	1	205	338	205	338
minecraft:blackstone	2	206	338	206	339
minecraft:cyan_terracotta	1	208	338	208	338
minecraft:cobblestone	12	209	338	212	343
minecraft:smooth_basalt	1	212	338	212	338
minecraft:pale_moss_block	2	213	338	214	338
minecraft:stone	3	215	338	217	338
minecraft:pale_oak_wood	1	218	338	218	338
minecraft:smooth_basalt	1	219	338	219	338
minecraft:mud	22	220	338	225	343
minecraft:pale_oak_wood	5	225	338	228	339
minecraft:acacia_wood	1	229	338	229	338
minecraft:pale_oak_wood	1	230	338	230	338
minecraft:basalt	1	231	338	231	338
minecraft:cyan_terracotta	3	237	338	238	339
minecraft:pale_oak_wood	6	238	338	240	340
minecraft:smooth_basalt	1	241	338	241	338
minecraft:basalt	1	242	338	242	338
minecraft:cyan_terracotta	2	245	338	246	338
minecraft:smooth_basalt	1	248	338	248	338
minecraft:basalt	2	249	338	250	338
minecraft:smooth_basalt	1	255	338	255	338
minecraft:basalt	4	255	338	256	340
minecraft:cyan_terracotta	3	257	338	258	339
minecraft:pale_oak_wood	1	259	338	259	338
minecraft:smooth_basalt	2	260	338	261	338
minecraft:basalt	2	262	338	263	338
minecraft:cyan_terracotta	1	264	338	264	338
minecraft:cyan_terracotta	1	266	338	266	338
minecraft:smooth_basalt	16	270	338	274	341
minecraft:basalt	3	274	338	276	338
minecraft:pale_oak_wood	2	277	338	278	338
minecraft:dirt	1	337	338	337	338
minecraft:dirt	1	348	338	348	338
minecraft:cyan_terracotta	1	63	339	63	339
minecraft:acacia_wood	1	67	339	67	339
minecraft:cyan_terracotta	1	68	339	68	339
minecraft:pale_oak_wood	1	69	339	69	339
minecraft:stone	5	72	339	74	340
minecraft:pale_moss_block	1	113	339	113	339
minecraft:tuff	1	115	339	115	339
minecraft:cyan_terracotta	2	116	339	116	340
minecraft:pale_oak_wood	1	117	339	117	339
minecraft:basalt	6	116	339	118	342
minecraft:cyan_terracotta	2	119	339	119	340
minecraft:tuff	2	135	339	135	340
minecraft:pale_oak_wood	1	136	339	136	339
minecraft:smooth_basalt	2	137	339	137	340
minecraft:basalt	1	144	339	144	339
minecraft:cyan_terracotta	1	145	339	145	339
minecraft:pale_moss_block	1	147	339	147	339
minecraft:stone	1	148	339	148	339
minecraft:pale_oak_wood	1	176	339	176	339
minecraft:moss_block	1	177	339	177	339
minecraft:basalt	2	197	339	197	340
minecraft:cyan_terracotta	1	205	339	205	339
minecraft:pale_moss_block	1	207	339	207	339
minecraft:acacia_wood	1	208	339	208	339
minecraft:cyan_terracotta	1	213	339	213	339
minecraft:tuff	1	214	339	214	339
minecraft:moss_block	1	215	339	215	339
minecraft:diamond_block	2	216	339	217	339
minecraft:acacia_wood	1	218	339	218	339
minecraft:cyan_terracotta	1	219	339	219	339
minecraft:smooth_basalt	2	224	339	224	340
minecraft:acacia_wood	4	226	339	228	340
minecraft:tuff	2	229	339	230	339
minecraft:pale_oak_wood	3	230	339	231	340
minecraft:basalt	2	240	339	241	339
minecraft:cyan_terracotta	10	239	339	242	342
minecraft:smooth_basalt	2	246	339	247	339
minecraft:basalt	1	248	339	248	339
minecraft:cyan_terracotta	5	248	339	250	341
minecraft:smooth_basalt	6	251	339	254	340
minecraft:smooth_basalt	1	258	339	258	339
minecraft:basalt	4	258	339	259	341
minecraft:cyan_terracotta	5	260	339	263	340
minecraft:smooth_basalt	4	264	339	267	339
minecraft:cyan_terracotta	1	275	339	275	339
minecraft:tuff	1	276	339	276	339
minecraft:cyan_terracotta	1	277	339	277	339
minecraft:pale_oak_wood	1	283	339	283	339
minecraft:dirt	1	11	340	11	340
minecraft:diamond_block	3	35	340	36	341
minecraft:smooth_basalt	2	68	340	69	340
minecraft:mud	2	70	340	71	340
minecraft:smooth_basalt	1	74	340	74	340
minecraft:cyan_terracotta	2	75	340	76	340
minecraft:stone	1	113	340	113	340
minecraft:tuff	1	114	340	114	340
minecraft:acacia_wood	1	115	340	115	340
minecraft:pale_moss_block	2	134	340	134	341
minecraft:basalt	1	136	340	136	340
minecraft:cyan_terracotta	3	144	340	145	341
minecraft:pale_oak_wood	1	145	340	145	340
minecraft:mud	1	147	340	147	340
minecraft:cyan_terracotta	1	177	340	177	340
minecraft:pale_oak_wood	1	198	340	198	340
minecraft:acacia_wood	2	199	340	199	341
minecraft:mud	2	205	340	205	341
minecraft:moss_block	14	205	340	208	345
minecraft:blackstone	1	207	340	207	340
minecraft:pale_moss_block	1	208	340	208	340
minecraft:moss_block	1	211	340	211	340
minecraft:smooth_basalt	1	213	340	213	340
minecraft:acacia_wood	1	214	340	214	340
minecraft:stone	1	215	340	215	340
minecraft:moss_block	70	212	340	223	351
minecraft:stone	1	217	340	217	340
minecraft:tuff	1	218	340	218	340
minecraft:pale_oak_wood	1	219	340	219	340
minecraft:smooth_basalt	1	220	340	220	340
minecraft:cyan_terracotta	1	225	340	225	340
minecraft:tuff	3	227	340	228	341
minecraft:pale_moss_block	1	229	340	229	340
minecraft:basalt	1	232	340	232	340
minecraft:smooth_basalt	2	236	340	237	340
minecraft:smooth_basalt	4	243	340	245	341
minecraft:basalt	2	246	340	247	340
minecraft:pale_oak_wood	1	250	340	250	340
minecraft:basalt	2	253	340	254	340
minecraft:cyan_terracotta	1	255	340	255	340
minecraft:smooth_basalt	2	257	340	257	341
minecraft:pale_oak_wood	2	261	340	262	340
minecraft:basalt	3	263	340	265	340
minecraft:cyan_terracotta	1	266	340	266	340
minecraft:acacia_wood	1	267	340	267	340
minecraft:cyan_terracotta	1	268	340	268	340
minecraft:basalt	2	274	340	275	340
minecraft:acacia_wood	2	276	340	277	340
minecraft:moss_block	19	275	340	282	344
minecraft:acacia_wood	2	281	340	282	340
minecraft:cyan_terracotta	1	283	340	283	340
minecraft:cyan_terracotta	1	71	341	71	341
minecraft:acacia_wood	1	72	341	72	341
minecraft:basalt	1	73	341	73	341
minecraft:pale_oak_wood	3	74	341	74	343
minecraft:basalt	2	75	341	75	342
minecraft:cobblestone	6	75	341	77	344
minecraft:pale_oak_wood	6	106	341	109	343
minecraft:pale_moss_block	1	113	341	113	341
minecraft:acacia_wood	1	114	341	114	341
minecraft:cyan_terracotta	1	115	341	115	341
minecraft:cyan_terracotta	1	118	341	118	341
minecraft:smooth_basalt	1	119	341	119	341
minecraft:basalt	1	120	341	120	341
minecraft:tuff	1	133	341	133	341
minecraft:pale_oak_wood	1	135	341	135	341
minecraft:cyan_terracotta	1	136	341	136	341
minecraft:stone	1	137	341	137	341
minecraft:pale_moss_block	1	147	341	147	341
minecraft:cyan_terracotta	7	196	341	199	343
minecraft:stone	4	203	341	204	342
minecraft:stone	2	208	341	208	342
minecraft:cyan_terracotta	1	209	341	209	341
minecraft:cobblestone	1	213	341	213	341
minecraft:cyan_terracotta	1	214	341	214	341
minecraft:tuff	1	215	341	215	341
minecraft:pale_moss_block	1	218	341	218	341
minecraft:tuff	1	219	341	219	341
minecraft:basalt	1	220	341	220	341
minecraft:pale_oak_wood	1	226	341	226	341
minecraft:pale_moss_block	1	228	341	228	341
minecraft:acacia_wood	3	229	341	231	341
minecraft:cyan_terracotta	1	232	341	232	341
minecraft:basalt	2	237	341	238	341
minecraft:mud	6	244	341	247	342
minecraft:smooth_basalt	2	249	341	250	341
minecraft:basalt	2	251	341	252	341
minecraft:mud	1	253	341	253	341
minecraft:cyan_terracotta	1	259	341	259	341
minecraft:pale_oak_wood	1	260	341	260	341
minecraft:acacia_wood	1	261	341	261	341
minecraft:basalt	1	262	341	262	341
minecraft:cyan_terracotta	1	263	341	263	341
minecraft:pale_oak_wood	3	264	341	266	341
minecraft:pale_moss_block	1	267	341	267	341
minecraft:acacia_wood	1	268	341	268	341
minecraft:basalt	1	269	341	269	341
minecraft:pale_oak_wood	1	274	341	274	341
minecraft:tuff	2	275	341	276	341
minecraft:mud	2	283	341	283	342
minecraft:cyan_terracotta	1	284	341	284	341
minecraft:dirt	1	332	341	332	341
minecraft:dirt	1	347	341	347	341
minecraft:acacia_wood	3	73	342	73	344
minecraft:smooth_basalt	1	77	342	77	342
minecraft:moss_block	3	109	342	110	343
minecraft:pale_moss_block	2	111	342	112	342
minecraft:pale_oak_wood	1	113	342	113	342
minecraft:cyan_terracotta	2	114	342	114	343
minecraft:basalt	1	115	342	115	342
minecraft:smooth_basalt	1	116	342	116	342
minecraft:grass_block	1	118	342	118	342
minecraft:basalt	1	119	342	119	342
minecraft:smooth_basalt	1	120	342	120	342
minecraft:pale_moss_block	1	133	342	133	342
minecraft:acacia_wood	1	134	342	134	342
minecraft:smooth_basalt	27	132	342	137	351
minecraft:basalt	1	144	342	144	342
minecraft:tuff	2	145	342	145	343
minecraft:stone	1	146	342	146	342
minecraft:basalt	2	196	342	197	342
minecraft:pale_oak_wood	5	199	342	201	343
minecraft:acacia_wood	1	209	342	209	342
minecraft:smooth_basalt	1	210	342	210	342
minecraft:cyan_terracotta	1	215	342	215	342
minecraft:pale_moss_block	1	219	342	219	342
minecraft:pale_oak_wood	1	220	342	220	342
minecraft:smooth_basalt	1	221	342	221	342
minecraft:basalt	1	225	342	225	342
minecraft:acacia_wood	2	226	342	227	342
minecraft:tuff	1	229	342	229	342
minecraft:pale_moss_block	1	230	342	230	342
minecraft:tuff	1	231	342	231	342
minecraft:pale_oak_wood	3	232	342	233	343
minecraft:smooth_basalt	2	233	342	234	342
minecraft:pale_oak_wood	2	241	342	242	342
minecraft:basalt	1	243	342	243	342
minecraft:smooth_basalt	5	244	342	246	344
minecraft:grass_block	4	247	342	248	343
minecraft:basalt	1	249	342	249	342
minecraft:cyan_terracotta	3	249	342	250	343
minecraft:mud	22	251	342	260	346
minecraft:smooth_basalt	1	253	342	253	342
minecraft:acacia_wood	2	265	342	266	342
minecraft:tuff	2	267	342	268	342
minecraft:acacia_wood	1	269	342	269	342
minecraft:cyan_terracotta	3	270	342	272	342
minecraft:tuff	2	273	342	274	342
minecraft:dirt	1	280	342	280	342
minecraft:dirt	1	335	342	335	342
minecraft:moss_block	1	107	343	107	343
minecraft:mud	1	108	343	108	343
minecraft:pale_moss_block	1	110	343	110	343
minecraft:tuff	1	111	343	111	343
minecraft:pale_oak_wood	1	112	343	112	343
minecraft:acacia_wood	1	113	343	113	343
minecraft:smooth_basalt	1	115	343	115	343
minecraft:moss_block	253	101	343	122	365
minecraft:acacia_wood	1	132	343	132	343
minecraft:tuff	1	133	343	133	343
minecraft:cyan_terracotta	1	134	343	134	343
minecraft:cyan_terracotta	1	144	343	144	343
minecraft:pale_moss_block	1	146	343	146	343
minecraft:basalt	2	194	343	195	343
minecraft:mud	5	202	343	204	344
minecraft:pale_moss_block	1	209	343	209	343
minecraft:cyan_terracotta	1	210	343	210	343
minecraft:smooth_basalt	2	212	343	212	344
minecraft:tuff	1	220	343	220	343
minecraft:cyan_terracotta	1	221	343	221	343
minecraft:smooth_basalt	1	223	343	223	343
minecraft:smooth_basalt	1	225	343	225	343
minecraft:pale_oak_wood	1	226	343	226	343
minecraft:acacia_wood	2	230	343	231	343
minecraft:basalt	2	234	343	235	343
minecraft:pale_oak_wood	1	240	343	240	343
minecraft:basalt	1	242	343	242	343
minecraft:cyan_terracotta	1	243	343	243	343
minecraft:pale_oak_wood	1	251	343	251	343
minecraft:moss_block	2	269	343	270	343
minecraft:acacia_wood	1	271	343	271	343
minecraft:moss_block	5	271	343	273	344
minecraft:moss_block	14	308	343	313	346
minecraft:spruce_log	1	5	344	5	344
minecraft:dirt	1	27	344	27	344
minecraft:andesite	1	62	344	62	344
minecraft:stone	2	74	344	74	345
minecraft:smooth_basalt	1	75	344	75	344
minecraft:basalt	1	76	344	76	344
minecraft:cyan_terracotta	1	104	344	104	344
minecraft:pale_oak_wood	1	105	344	105	344
minecraft:mud	2	106	344	107	344
minecraft:blackstone	5	107	344	108	347
minecraft:tuff	1	109	344	109	344
minecraft:pale_oak_wood	4	109	344	111	345
minecraft:basalt	1	112	344	112	344
minecraft:cyan_terracotta	1	113	344	113	344
minecraft:basalt	3	114	344	115	345
minecraft:moss_block	10	120	344	123	348
minecraft:tuff	1	132	344	132	344
minecraft:pale_moss_block	4	132	344	133	346
minecraft:pale_oak_wood	3	134	344	134	346
minecraft:pale_oak_wood	3	144	344	144	346
minecraft:acacia_wood	1	145	344	145	344
minecraft:pale_oak_wood	2	192	344	193	344
minecraft:acacia_wood	3	194	344	195	345
minecraft:pale_oak_wood	1	196	344	196	344
minecraft:tuff	1	197	344	197	344
minecraft:acacia_wood	1	198	344	198	344
minecraft:pale_oak_wood	1	199	344	199	344
minecraft:acacia_wood	1	200	344	200	344
minecraft:tuff	1	201	344	201	344
minecraft:pale_moss_block	3	202	344	203	345
minecraft:tuff	2	209	344	210	344
minecraft:cyan_terracotta	1	211	344	211	344
minecraft:cobblestone	3	213	344	214	345
minecraft:stone	1	220	344	220	344
minecraft:acacia_wood	1	221	344	221	344
minecraft:basalt	1	222	344	222	344
minecraft:mud	1	223	344	223	344
minecraft:grass_block	2	224	344	225	344
minecraft:basalt	1	226	344	226	344
minecraft:tuff	1	232	344	232	344
minecraft:cyan_terracotta	2	233	344	234	344
minecraft:cyan_terracotta	1	240	344	240	344
minecraft:cyan_terracotta	1	242	344	242	344
minecraft:pale_oak_wood	1	243	344	243	344
minecraft:mud	7	245	344	248	346
minecraft:smooth_basalt	1	249	344	249	344
minecraft:basalt	2	250	344	251	344
minecraft:smooth_basalt	1	254	344	254	344
minecraft:smooth_basalt	1	260	344	260	344
minecraft:mud	1	261	344	261	344
minecraft:dirt	1	344	344	344	344
minecraft:dirt	1	12	345	12	345
minecraft:smooth_basalt	1	73	345	73	345
minecraft:smooth_basalt	1	76	345	76	345
minecraft:basalt	3	77	345	78	346
minecraft:cobblestone	3	78	345	79	346
minecraft:pale_moss_block	1	104	345	104	345
minecraft:mud	1	105	345	105	345
minecraft:basalt	1	111	345	111	345
minecraft:cyan_terracotta	1	112	345	112	345
minecraft:smooth_basalt	1	113	345	113	345
minecraft:cyan_terracotta	1	115	345	115	345
minecraft:tuff	1	145	345	145	345
minecraft:cyan_terracotta	1	193	345	193	345
minecraft:tuff	1	199	345	199	345
minecraft:pale_oak_wood	1	200	345	200	345
minecraft:acacia_wood	1	201	345	201	345
minecraft:stone	2	204	345	204	346
minecraft:acacia_wood	3	205	345	205	347
minecraft:acacia_wood	1	210	345	210	345
minecraft:basalt	2	211	345	212	345
minecraft:pale_oak_wood	2	221	345	222	345
minecraft:smooth_basalt	5	223	345	225	346
minecraft:pale_oak_wood	1	234	345	234	345
minecraft:smooth_basalt	1	235	345	235	345
minecraft:basalt	1	243	345	243	345
minecraft:cyan_terracotta	1	244	345	244	345
minecraft:smooth_basalt	2	245	345	246	345
minecraft:grass_block	42	249	345	260	352
minecraft:cyan_terracotta	1	251	345	251	345
minecraft:smooth_basalt	1	252	345	252	345
minecraft:smooth_basalt	1	258	345	258	345
minecraft:smooth_basalt	1	261	345	261	345
minecraft:basalt	1	262	345	262	345
minecraft:dirt	1	327	345	327	345
minecraft:stone	1	76	346	76	346
minecraft:basalt	1	80	346	80	346
minecraft:cobblestone	1	81	346	81	346
minecraft:cyan_terracotta	1	104	346	104	346
minecraft:smooth_basalt	2	109	346	109	347
minecraft:basalt	2	110	346	110	347
minecraft:smooth_basalt	1	111	346	111	346
minecraft:grass_block	7	112	346	114	348
minecraft:pale_moss_block	1	130	346	130	346
minecraft:tuff	1	131	346	131	346
minecraft:tuff	1	133	346	133	346
minecraft:cyan_terracotta	1	192	346	192	346
minecraft:acacia_wood	1	200	346	200	346
minecraft:pale_oak_wood	3	201	346	202	347
minecraft:tuff	3	203	346	204	347
minecraft:stone	3	206	346	206	348
minecraft:moss_block	5	210	346	212	348
minecraft:acacia_wood	1	211	346	211	346
minecraft:pale_oak_wood	2	212	346	212	347
minecraft:smooth_basalt	4	213	346	214	348
minecraft:tuff	1	221	346	221	346
minecraft:cyan_terracotta	1	222	346	222	346
minecraft:cyan_terracotta	1	235	346	235	346
minecraft:pale_oak_wood	1	243	346	243	346
minecraft:basalt	3	244	346	246	346
minecraft:smooth_basalt	1	248	346	248	346
minecraft:basalt	2	250	346	251	346
minecraft:cyan_terracotta	1	252	346	252	346
minecraft:smooth_basalt	2	254	346	255	346
minecraft:basalt	2	256	346	257	346
minecraft:cyan_terracotta	1	258	346	258	346
minecraft:smooth_basalt	1	259	346	259	346
minecraft:basalt	2	260	346	261	346
minecraft:mud	1	262	346	262	346
minecraft:smooth_basalt	1	263	346	263	346
minecraft:dirt	1	21	347	21	347
minecraft:pale_oak_wood	1	77	347	77	347
minecraft:acacia_wood	1	78	347	78	347
minecraft:cyan_terracotta	1	79	347	79	347
minecraft:pale_oak_wood	2	80	347	80	348
minecraft:basalt	1	81	347	81	347
minecraft:cobblestone	2	82	347	83	347
minecraft:andesite	1	84	347	84	347
minecraft:basalt	1	108	347	108	347
minecraft:pale_moss_block	1	129	347	129	347
minecraft:tuff	1	130	347	130	347
minecraft:pale_moss_block	1	131	347	131	347
minecraft:tuff	1	132	347	132	347
minecraft:pale_oak_wood	1	133	347	133	347
minecraft:basalt	2	134	347	134	348
minecraft:acacia_wood	1	154	347	154	347
minecraft:acacia_wood	2	202	347	202	348
minecraft:moss_block	1	207	347	207	347
minecraft:cyan_terracotta	1	213	347	213	347
minecraft:acacia_wood	1	222	347	222	347
minecraft:basalt	1	236	347	236	347
minecraft:cyan_terracotta	1	245	347	245	347
minecraft:pale_oak_wood	1	246	347	246	347
minecraft:smooth_basalt	3	247	347	248	348
minecraft:mud	1	248	347	248	347
minecraft:pale_oak_wood	1	252	347	252	347
minecraft:basalt	1	253	347	253	347
minecraft:cyan_terracotta	3	254	347	256	347
minecraft:pale_oak_wood	1	257	347	257	347
minecraft:smooth_basalt	1	258	347	258	347
minecraft:cyan_terracotta	2	259	347	260	347
minecraft:smooth_basalt	2	261	347	262	347
minecraft:mud	2	263	347	264	347
minecraft:moss_block	8	279	347	283	348
minecraft:dirt	1	317	347	317	347
minecraft:dirt	1	324	347	324	347
minecraft:acacia_wood	1	79	348	79	348
minecraft:acacia_wood	1	81	348	81	348
minecraft:basalt	1	82	348	82	348
minecraft:cyan_terracotta	3	83	348	84	349
minecraft:smooth_basalt	2	84	348	85	348
minecraft:stone	2	106	348	107	348
minecraft:cyan_terracotta	1	108	348	108	348
minecraft:basalt	17	103	348	109	354
minecraft:tuff	5	127	348	129	350
minecraft:pale_moss_block	1	130	348	130	348
minecraft:acacia_wood	1	131	348	131	348
minecraft:pale_oak_wood	1	132	348	132	348
minecraft:acacia_wood	1	155	348	155	348
minecraft:pale_moss_block	1	156	348	156	348
minecraft:pale_oak_wood	3	203	348	204	349
minecraft:pale_moss_block	1	205	348	205	348
minecraft:pale_moss_block	2	207	348	207	349
minecraft:pale_oak_wood	1	213	348	213	348
minecraft:smooth_basalt	1	236	348	236	348
minecraft:cyan_terracotta	1	246	348	246	348
minecraft:pale_oak_wood	2	253	348	254	348
minecraft:acacia_wood	3	255	348	257	348
minecraft:pale_oak_wood	2	258	348	259	348
minecraft:basalt	1	260	348	260	348
minecraft:cyan_terracotta	1	261	348	261	348
minecraft:mud	1	262	348	262	348
minecraft:smooth_basalt	2	263	348	264	348
minecraft:dirt	1	338	348	338	348
minecraft:spruce_log	1	4	349	4	349
minecraft:pale_oak_wood	1	81	349	81	349
minecraft:acacia_wood	1	82	349	82	349
minecraft:acacia_wood	1	85	349	85	349
minecraft:basalt	1	87	349	87	349
minecraft:pale_moss_block	5	105	349	107	350
minecraft:pale_moss_block	1	126	349	126	349
minecraft:acacia_wood	1	127	349	127	349
minecraft:acacia_wood	1	130	349	130	349
minecraft:tuff	1	131	349	131	349
minecraft:cyan_terracotta	1	155	349	155	349
minecraft:acacia_wood	2	156	349	156	350
minecraft:tuff	1	157	349	157	349
minecraft:acacia_wood	2	204	349	205	349
minecraft:tuff	1	206	349	206	349
minecraft:moss_block	1	213	349	213	349
minecraft:cyan_terracotta	1	214	349	214	349
minecraft:cyan_terracotta	2	247	349	248	349
minecraft:mud	1	249	349	249	349
minecraft:moss_block	5	254	349	257	350
minecraft:acacia_wood	1	258	349	258	349
minecraft:tuff	1	259	349	259	349
minecraft:cyan_terracotta	1	260	349	260	349
minecraft:pale_oak_wood	1	261	349	261	349
minecraft:basalt	2	262	349	263	349
minecraft:mud	1	264	349	264	349
minecraft:smooth_basalt	1	265	349	265	349
minecraft:dirt	1	335	349	335	349
minecraft:dirt	1	344	349	344	349
minecraft:pale_oak_wood	1	89	350	89	350
minecraft:tuff	3	103	350	104	351
minecraft:tuff	1	124	350	124	350
minecraft:pale_oak_wood	1	125	350	125	350
minecraft:acacia_wood	1	126	350	126	350
minecraft:acacia_wood	1	129	350	129	350
minecraft:tuff	1	130	350	130	350
minecraft:pale_oak_wood	1	131	350	131	350
minecraft:smooth_basalt	2	139	350	139	351
minecraft:cyan_terracotta	5	139	350	140	353
minecraft:dirt	1	193	350	193	350
minecraft:pale_oak_wood	4	204	350	206	351
minecraft:acacia_wood	4	206	350	207	352
minecraft:basalt	2	215	350	216	350
minecraft:basalt	1	248	350	248	350
minecraft:cyan_terracotta	1	249	350	249	350
minecraft:mud	1	250	350	250	350
minecraft:acacia_wood	1	260	350	260	350
minecraft:tuff	1	261	350	261	350
minecraft:cyan_terracotta	2	262	350	262	351
minecraft:smooth_basalt	1	263	350	263	350
minecraft:basalt	1	264	350	264	350
minecraft:mud	2	265	350	265	351
minecraft:moss_block	1	52	351	52	351
minecraft:acacia_wood	1	102	351	102	351
minecraft:pale_moss_block	1	104	351	104	351
minecraft:tuff	1	105	351	105	351
minecraft:tuff	1	123	351	123	351
minecraft:pale_oak_wood	1	124	351	124	351
minecraft:acacia_wood	1	125	351	125	351
minecraft:cyan_terracotta	1	126	351	126	351
minecraft:pale_oak_wood	1	127	351	127	351
minecraft:basalt	18	126	351	131	354
minecraft:tuff	1	141	351	141	351
minecraft:tuff	2	208	351	208	352
minecraft:smooth_basalt	1	216	351	216	351
minecraft:moss_block	1	224	351	224	351
minecraft:mud	2	227	351	228	351
minecraft:smooth_basalt	1	236	351	236	351
minecraft:basalt	1	237	351	237	351
minecraft:pale_oak_wood	1	248	351	248	351
minecraft:basalt	1	250	351	250	351
minecraft:pale_oak_wood	2	261	351	261	352
minecraft:pale_oak_wood	1	263	351	263	351
minecraft:smooth_basalt	1	264	351	264	351
minecraft:dirt	1	271	351	271	351
minecraft:dirt	1	341	351	341	351
minecraft:spruce_log	1	16	352	16	352
minecraft:basalt	1	101	352	101	352
minecraft:pale_oak_wood	1	102	352	102	352
minecraft:grass_block	1	114	352	114	352
minecraft:acacia_wood	4	122	352	124	353
minecraft:cyan_terracotta	1	125	352	125	352
minecraft:smooth_basalt	34	132	352	138	359
minecraft:mud	1	137	352	137	352
minecraft:smooth_basalt	2	237	352	238	352
minecraft:mud	1	239	352	239	352
minecraft:pale_oak_wood	1	250	352	250	352
minecraft:acacia_wood	1	262	352	262	352
minecraft:basalt	1	263	352	263	352
minecraft:mud	1	264	352	264	352
minecraft:smooth_basalt	1	265	352	265	352
minecraft:moss_block	1	270	352	270	352
minecraft:stone	97	334	352	348	366
minecraft:grass_block	1	6	353	6	353
minecraft:moss_block	1	65	353	65	353
minecraft:moss_block	1	69	353	69	353
minecraft:basalt	3	100	353	100	355
minecraft:cyan_terracotta	1	101	353	101	353
minecraft:smooth_basalt	9	101	353	103	356
minecraft:acacia_wood	1	121	353	121	353
minecraft:cyan_terracotta	1	122	353	122	353
minecraft:cyan_terracotta	1	124	353	124	353
minecraft:pale_oak_wood	1	125	353	125	353
minecraft:dirt	3	157	353	158	354
minecraft:cyan_terracotta	1	158	353	158	353
minecraft:dirt	1	159	353	159	353
minecraft:basalt	1	239	353	239	353
minecraft:mud	1	240	353	240	353
minecraft:smooth_basalt	1	241	353	241	353
minecraft:cyan_terracotta	1	250	353	250	353
minecraft:pale_oak_wood	1	251	353	251	353
minecraft:cyan_terracotta	1	252	353	252	353
minecraft:pale_oak_wood	1	253	353	253	353
minecraft:mud	5	254	353	257	354
minecraft:cyan_terracotta	2	257	353	258	353
minecraft:pale_oak_wood	1	259	353	259	353
minecraft:acacia_wood	1	260	353	260	353
minecraft:tuff	1	261	353	261	353
minecraft:pale_oak_wood	1	262	353	262	353
minecraft:acacia_wood	1	263	353	263	353
minecraft:basalt	3	264	353	264	355
minecraft:mud	1	265	353	265	353
minecraft:moss_block	10	267	353	269	357
minecraft:dirt	1	316	353	316	353
minecraft:dirt	1	325	353	325	353
minecraft:tuff	7	97	354	98	357
minecraft:smooth_basalt	6	99	354	100	358
minecraft:tuff	6	120	354	124	355
minecraft:smooth_basalt	1	125	354	125	354
minecraft:tuff	1	138	354	138	354
minecraft:andesite	1	139	354	139	354
minecraft:grass_block	1	240	354	240	354
minecraft:cyan_terracotta	2	241	354	242	354
minecraft:cyan_terracotta	1	253	354	253	354
minecraft:pale_oak_wood	2	254	354	255	354
minecraft:basalt	1	258	354	258	354
minecraft:cyan_terracotta	1	259	354	259	354
minecraft:calcite	1	260	354	260	354
minecraft:andesite	4	261	354	262	356
minecraft:pale_oak_wood	1	263	354	263	354
minecraft:cyan_terracotta	1	265	354	265	354
minecraft:dirt	1	313	354	313	354
minecraft:dirt	1	319	354	319	354
minecraft:dirt	1	324	354	324	354
minecraft:spruce_log	1	1	355	1	355
minecraft:spruce_log	1	20	355	20	355
minecraft:dirt	1	57	355	57	355
minecraft:tuff	3	118	355	119	356
minecraft:basalt	1	120	355	120	355
minecraft:smooth_basalt	20	119	355	127	358
minecraft:basalt	2	124	355	125	355
minecraft:moss_block	1	128	355	128	355
minecraft:andesite	1	138	355	138	355
minecraft:cyan_terracotta	1	157	355	157	355
minecraft:dirt	1	161	355	161	355
minecraft:andesite	6	254	355	259	355
minecraft:tuff	1	262	355	262	355
minecraft:cyan_terracotta	2	263	355	263	356
minecraft:dirt	1	330	355	330	355
minecraft:grass_block	1	1	356	1	356
minecraft:grass_block	2	4	356	5	356
minecraft:spruce_log	1	7	356	7	356
minecraft:dirt	1	60	356	60	356
minecraft:mud	1	101	356	101	356
minecraft:moss_block	1	127	356	127	356
minecraft:grass_block	1	135	356	135	356
minecraft:basalt	5	135	356	136	359
minecraft:basalt	4	139	356	140	358
minecraft:andesite	1	140	356	140	356
minecraft:acacia_wood	2	262	356	262	357
minecraft:dirt	1	317	356	317	356
minecraft:dirt	1	335	356	335	356
minecraft:iron_ore	1	339	356	339	356
minecraft:grass_block	1	2	357	2	357
minecraft:dirt	1	32	357	32	357
minecraft:diamond_block	1	82	357	82	357
minecraft:mud	3	100	357	100	359
minecraft:smooth_basalt	2	101	357	101	358
minecraft:smooth_basalt	2	117	357	118	357
minecraft:mud	79	118	357	127	371
minecraft:moss_block	60	123	357	135	371
minecraft:basalt	1	132	357	132	357
minecraft:tuff	1	141	357	141	357
minecraft:dirt	1	175	357	175	357
minecraft:andesite	1	260	357	260	357
minecraft:pale_oak_wood	1	261	357	261	357
minecraft:basalt	1	263	357	263	357
minecraft:spruce_log	1	23	358	23	358
minecraft:dirt	1	75	358	75	358
minecraft:tuff	1	117	358	117	358
minecraft:basalt	1	133	358	133	358
minecraft:grass_block	2	140	358	140	359
minecraft:cyan_terracotta	1	261	358	261	358
minecraft:moss_block	2	32	359	33	359
minecraft:andesite	3	117	359	118	360
minecraft:smooth_basalt	1	136	359	136	359
minecraft:grass_block	1	137	359	137	359
minecraft:dirt	1	250	359	250	359
minecraft:moss_block	1	254	359	254	359
minecraft:tuff	1	261	359	261	359
minecraft:spruce_log	1	12	360	12	360
minecraft:spruce_log	1	27	360	27	360
minecraft:moss_block	2	31	360	31	361
minecraft:moss_block	1	35	360	35	360
minecraft:mud	1	101	360	101	360
minecraft:grass_block	1	117	360	117	360
minecraft:mud	3	261	360	261	362
minecraft:dirt	1	341	360	341	360
minecraft:dirt	1	309	361	309	361
minecraft:dirt	1	324	361	324	361
minecraft:coal_ore	1	336	361	336	361
minecraft:spruce_log	1	5	362	5	362
minecraft:moss_block	3	33	362	34	363
minecraft:andesite	1	118	362	118	362
minecraft:dirt	1	169	362	169	362
minecraft:dirt	1	305	362	305	362
minecraft:spruce_log	1	13	363	13	363
minecraft:spruce_log	1	19	363	19	363
minecraft:dirt	1	337	363	337	363
minecraft:spruce_log	1	5	364	5	364
minecraft:dirt	1	25	364	25	364
minecraft:moss_block	7	122	364	124	366
minecraft:dirt	1	155	364	155	364
minecraft:dirt	1	174	364	174	364
minecraft:dirt	2	179	364	179	365
minecraft:dirt	1	183	364	183	364
minecraft:dirt	1	209	364	209	364
minecraft:dirt	1	316	364	316	364
minecraft:dirt	1	328	364	328	364
minecraft:dirt	1	344	364	344	364
minecraft:spruce_log	1	15	365	15	365
minecraft:smooth_basalt	5	111	365	115	365
minecraft:dirt	1	165	365	165	365
minecraft:dirt	1	310	365	310	365
minecraft:dirt	1	320	365	320	365
minecraft:stone	8	337	365	340	367
minecraft:spruce_log	1	3	366	3	366
minecraft:dirt	1	114	366	114	366
minecraft:basalt	1	119	366	119	366
minecraft:dirt	1	120	366	120	366
minecraft:dirt	1	206	366	206	366
minecraft:stone	31	297	366	300	378
minecraft:stone	23	311	366	315	372
minecraft:spruce_log	1	21	367	21	367
minecraft:moss_block	4	29	367	31	368
minecraft:dirt	1	170	367	170	367
minecraft:dirt	1	303	367	303	367
minecraft:dirt	1	318	367	318	367
minecraft:dirt	1	331	367	331	367
minecraft:moss_block	1	32	368	32	368
minecraft:moss_block	2	18	369	18	370
minecraft:dirt	1	154	369	154	369
minecraft:dirt	1	307	369	307	369
minecraft:moss_block	1	12	370	12	370
minecraft:moss_block	1	30	370	30	370
minecraft:dirt	1	191	370	191	370
minecraft:dirt	1	324	370	324	370
minecraft:dirt	1	330	370	330	370
minecraft:stone	1	334	370	334	370
minecraft:dirt	1	348	370	348	370
minecraft:spruce_log	1	15	371	15	371
minecraft:moss_block	1	23	371	23	371
minecraft:dirt	1	174	371	174	371
minecraft:dirt	1	197	371	197	371
minecraft:dirt	1	208	371	208	371
minecraft:dirt	1	276	371	276	371
minecraft:dirt	1	319	371	319	371
minecraft:stone	40	334	371	340	379
minecraft:moss_block	1	10	372	10	372
minecraft:moss_block	4	11	372	13	373
minecraft:moss_block	1	19	372	19	372
minecraft:moss_block	1	21	372	21	372
minecraft:dirt	1	179	372	179	372
minecraft:dirt	1	291	372	291	372
minecraft:spruce_log	1	6	373	6	373
minecraft:spruce_log	1	10	373	10	373
minecraft:moss_block	1	20	373	20	373
minecraft:dirt	1	89	373	89	373
minecraft:dirt	1	310	373	310	373
minecraft:dirt	1	315	373	315	373
minecraft:grass_block	1	337	373	337	373
minecraft:moss_block	1	3	374	3	374
minecraft:moss_block	2	47	374	47	375
minecraft:dirt	1	56	374	56	374
minecraft:dirt	7	145	374	146	379
minecraft:dirt	1	150	374	150	374
minecraft:dirt	1	188	374	188	374
minecraft:dirt	1	208	374	208	374
minecraft:dirt	1	342	374	342	374
minecraft:moss_block	1	2	375	2	375
minecraft:moss_block	2	4	375	4	376
minecraft:spruce_log	1	19	375	19	375
minecraft:moss_block	1	49	375	49	375
minecraft:dirt	1	129	375	129	375
minecraft:dirt	1	157	375	157	375
minecraft:dirt	1	172	375	172	375
minecraft:dirt	1	200	375	200	375
minecraft:dirt	1	315	375	315	375
minecraft:dirt	1	329	375	329	375
minecraft:moss_block	1	48	376	48	376
minecraft:dirt	1	142	376	142	376
minecraft:dirt	1	290	376	290	376
minecraft:dirt	1	348	376	348	376
minecraft:spruce_log	1	75	377	75	377
minecraft:stone	12	102	377	106	379
minecraft:dirt	1	167	377	167	377
minecraft:stone	1	179	377	179	377
minecraft:dirt	1	206	377	206	377
minecraft:dirt	1	214	377	214	377
minecraft:stone	1	334	377	334	377
minecraft:grass_block	1	50	378	50	378
minecraft:dirt	1	60	378	60	378
minecraft:grass_block	2	101	378	101	379
minecraft:spruce_log	1	106	378	106	378
minecraft:grass_block	5	106	378	108	379
minecraft:dirt	1	184	378	184	378
minecraft:dirt	1	187	378	187	378
minecraft:dirt	1	200	378	200	378
minecraft:dirt	1	314	378	314	378
minecraft:dirt	1	333	378	333	378
minecraft:grass_block	1	339	378	339	378
minecraft:dirt	2	340	378	341	378
minecraft:spruce_log	1	21	379	21	379
minecraft:grass_block	1	49	379	49	379
minecraft:moss_block	1	53	379	53	379
minecraft:stone	1	109	379	109	379
minecraft:dirt	1	134	379	134	379
minecraft:dirt	1	156	379	156	379
minecraft:dirt	1	159	379	159	379
minecraft:dirt	1	162	379	162	379
minecraft:dirt	1	173	379	173	379
minecraft:stone	1	180	379	180	379
minecraft:dirt	1	277	379	277	379
minecraft:dirt	1	287	379	287	379
minecraft:dirt	1	306	379	306	379
minecraft:dirt	1	311	379	311	379
minecraft:dirt	1	328	379	328	379
